,Experiment,Well,Target,lg10_Copies,Outlier,WellPosition,Copies,Reporter,Sample,Task,Comments,Reaction,Blocker,Blocker μM,WellName,lg10_Blocker,CT,ΔCT,Cycle,Fluorescence,Corr_Fluorescence
7,JG075A,8,S075_WT,8.0,False,A8,100000000.0,EVAGREEN,JG075A_008,STANDARD,,7,L-MMMMx,3.1622776601683795,A8,0.5,17.666266626662665,7.889588958895889,"[3, 4, 5, 6, 7, 8, 9, 10, 11, 12, 13, 14, 15, 16, 17, 18, 19, 20, 21, 22, 23, 24, 25, 26, 27, 28, 29, 30, 31, 32, 33, 34, 35, 36, 37, 38, 39, 40, 41, 42, 43, 44, 45, 46, 47, 48, 49]","[-0.004075891058357021, -0.0045491825201485, -0.003908879393426184, -0.0013421071705982184, 0.0008853021931992206, 0.001854894634231449, 0.00404476215376955, 0.007091101161329704, 0.01037414094647806, 0.014824555938675947, 0.017526192558036724, 0.023187579737714344, 0.03166840345862222, 0.04353542446635294, 0.062141812032251914, 0.08798799563749457, 0.1256865027835805, 0.17452772655797724, 0.23542494663532804, 0.30712722692942546, 0.37992350518952006, 0.44893664446344567, 0.5037919946228189, 0.5553672224717443, 0.5961409681389331, 0.6242535341662366, 0.6434959862635383, 0.6568101297694123, 0.6689655403989534, 0.6740997454049189, 0.6837581279709818, 0.6926655635584731, 0.6950640580424435, 0.6992314229419999, 0.7031787111650918, 0.705720767423004, 0.7078112206159551, 0.7117981424576199, 0.7148251600761257, 0.7177132398428565, 0.7223051248346828, 0.7248050153261689, 0.7235833090336591, 0.7265712435005166, 0.731083751161812, 0.7357829772039398, 0.7383007028237839]","[0.17824041843414307, 0.1313180774450302, 0.08680734783411026, 0.0464685782790184, 0.005394885782152414, -0.0384027399122715, -0.07955773174762726, -0.11885794997215271, -0.1576455682516098, -0.19390511512756348, -0.23395180702209473, -0.26758888363838196, -0.29512014985084534, -0.3153182566165924, -0.3209215998649597, -0.31084638833999634, -0.27510377764701843, -0.21523043513298035, -0.12924860417842865, -0.019867300987243652, 0.09188316762447357, 0.1954408586025238, 0.2683384120464325, 0.33413249254226685, 0.3765348792076111, 0.39151814579963684, 0.3872922956943512, 0.3702280819416046, 0.3506544828414917, 0.315875768661499, 0.29089459776878357, 0.26428720355033875, 0.22358401119709015, 0.18671149015426636, 0.14936237037181854, 0.10897008329629898, 0.06759979575872421, 0.03033651039004326, -0.009005547501146793, -0.048648491501808167, -0.08460167050361633, -0.1250852793455124, -0.17362837493419647, -0.2130550742149353, -0.2491801530122757, -0.28490087389945984, -0.32534584403038025]"
8,JG075A,9,S075_WT,8.0,False,A9,100000000.0,EVAGREEN,JG075A_009,STANDARD,,8,L-MMMMx,1.7782794100389228,A9,0.25,17.077407740774078,7.300730073007301,"[3, 4, 5, 6, 7, 8, 9, 10, 11, 12, 13, 14, 15, 16, 17, 18, 19, 20, 21, 22, 23, 24, 25, 26, 27, 28, 29, 30, 31, 32, 33, 34, 35, 36, 37, 38, 39, 40, 41, 42, 43, 44, 45, 46, 47, 48, 49]","[-0.0067040885091364365, -0.005730450136208224, -0.004549946293006415, -0.0024531902537684174, 0.0006859024305908342, 0.003657598123172011, 0.0064634381313640596, 0.008630736506992588, 0.012162807528840717, 0.017038072893463197, 0.024312273115595865, 0.03246666995020187, 0.04329694155209626, 0.060010493550984104, 0.08335073152856973, 0.11649594141424559, 0.16283694441700136, 0.2228007377302677, 0.2923391325436693, 0.3702431383506549, 0.4461643072484535, 0.5153992846930024, 0.5760829786502917, 0.6249364778371076, 0.6652709508984467, 0.6955764670600662, 0.7162009214183281, 0.7297003520910305, 0.7406525521167291, 0.751716827208281, 0.757107769987891, 0.7603049919794905, 0.767396657369418, 0.7715867015062688, 0.7751656172634024, 0.7785087129900272, 0.7823986425595733, 0.7841136773099309, 0.7859188785425419, 0.7904196062116504, 0.7930452233487206, 0.7968768034242566, 0.8022502413556635, 0.8026995324595414, 0.8043285842762729, 0.8077930029130848, 0.81382722134081]","[0.152790829539299, 0.10572558641433716, 0.059108324348926544, 0.014475304633378983, -0.02790042757987976, -0.07063867896795273, -0.1137361004948616, -0.15821635723114014, -0.19974105060100555, -0.23835691809654236, -0.2717776596546173, -0.3032922148704529, -0.3290119171142578, -0.34199076890945435, -0.3406188189983368, -0.3180132210254669, -0.26683077216148376, -0.18614675104618073, -0.084727942943573, 0.03480745479464531, 0.15004882216453552, 0.25081053376197815, 0.3330535888671875, 0.38967710733413696, 0.4278517961502075, 0.44430777430534363, 0.43979838490486145, 0.41985902190208435, 0.3944033980369568, 0.3691904544830322, 0.33169132471084595, 0.2894414961338043, 0.255625456571579, 0.21552567183971405, 0.17410242557525635, 0.1321684718132019, 0.09141875803470612, 0.04595908522605896, 0.0006946719950065017, -0.03873229771852493, -0.08222001791000366, -0.12309609353542328, -0.1606331169605255, -0.20883390307426453, -0.2544797658920288, -0.29615098237991333, -0.3322570323944092]"
9,JG075A,10,S075_WT,8.0,False,A10,100000000.0,EVAGREEN,JG075A_010,STANDARD,,9,L-MMMMx,1.0,A10,0.0,16.420342034203422,6.643664366436646,"[3, 4, 5, 6, 7, 8, 9, 10, 11, 12, 13, 14, 15, 16, 17, 18, 19, 20, 21, 22, 23, 24, 25, 26, 27, 28, 29, 30, 31, 32, 33, 34, 35, 36, 37, 38, 39, 40, 41, 42, 43, 44, 45, 46, 47, 48]","[-0.0075953770301409405, -0.005981270390413024, -0.0043631453421353545, -0.0021239009394585055, 0.0010127696904324017, 0.003838206321141055, 0.0060324225293836835, 0.009180295161190684, 0.014528851987604641, 0.02165943538910298, 0.02913130828386803, 0.0395542618848871, 0.0543432989452517, 0.07580754564371966, 0.10701169905978736, 0.14906046374113588, 0.2038899970017443, 0.2712997362176259, 0.34738252220449395, 0.42744656022370314, 0.5047470891412238, 0.5761647229885983, 0.6375533999362532, 0.6868482635032324, 0.7266990963245971, 0.7554192677433001, 0.776741714161985, 0.7911289378907206, 0.8035264438737112, 0.8124817700836446, 0.8213685081147701, 0.8273714600211768, 0.8310860108285376, 0.8319840425693688, 0.837553116445787, 0.8414627527312345, 0.8461103449758326, 0.8522044542049569, 0.8545237915451666, 0.8556773500324081, 0.8595705824035018, 0.8640610713878123, 0.8659498334995812, 0.8696160533109601, 0.8740152748791681, 0.8785590490617821]","[0.16385215520858765, 0.11321809887886047, 0.0625927522778511, 0.013312498107552528, -0.03402428701519966, -0.08203507959842682, -0.13141284883022308, -0.17872536182403564, -0.2212720811367035, -0.2599596381187439, -0.29790809750556946, -0.32946568727493286, -0.3515680730342865, -0.3592146039009094, -0.3457683324813843, -0.308836966753006, -0.24422752857208252, -0.15237435698509216, -0.041738808155059814, 0.07751855999231339, 0.1907912641763687, 0.2913239300251007, 0.37013787031173706, 0.4227614402770996, 0.45493295788764954, 0.4629998803138733, 0.45504626631736755, 0.432073712348938, 0.4047922194004059, 0.3700563311576843, 0.3351719081401825, 0.2940423786640167, 0.2479570358991623, 0.19577226042747498, 0.15370309352874756, 0.10804024338722229, 0.0639755129814148, 0.023043371737003326, -0.026063432916998863, -0.0776948481798172, -0.1233932226896286, -0.16779817640781403, -0.21783742308616638, -0.2640274167060852, -0.3086300194263458, -0.3529195785522461]"
10,JG075A,11,S075_WT,8.0,False,A11,100000000.0,EVAGREEN,JG075A_011,STANDARD,,10,L-MMMMx,0.5623413251903491,A11,-0.25,13.579057905790581,3.8023802380238045,"[3, 4, 5, 6, 7, 8, 9, 10, 11, 12, 13, 14, 15, 16, 17, 18, 19, 20, 21, 22, 23, 24, 25, 26, 27, 28, 29, 30, 31, 32, 33, 34, 35, 36, 37, 38, 39, 40, 41, 42, 43, 44]","[-0.013439801343092507, -0.010795165573776515, -0.007534612362499039, -0.004075643348240941, -0.0004018821399946657, 0.004483759526156971, 0.011335448860294702, 0.020427896381151996, 0.03310713133616502, 0.050423334524130906, 0.0739108499273996, 0.10536422724359068, 0.14644634448195373, 0.1974960966046333, 0.2574826792485791, 0.3258418638160517, 0.3971575511889858, 0.46833947509923646, 0.5363046904887558, 0.5974579327327492, 0.6525693601054574, 0.6988298848438331, 0.7346546025784999, 0.7643900551929791, 0.788604654833637, 0.8062099082037228, 0.8183079601797181, 0.8306311531278845, 0.8390912792924266, 0.8461587241376705, 0.8527091704473079, 0.8578587885271629, 0.8613768226424331, 0.8672814611561019, 0.8700197038259502, 0.8745230737362969, 0.879997137021525, 0.8841026294387537, 0.8887432858001015, 0.8932158295626693, 0.8975595640648751, 0.9042155899306553]","[0.09495454281568527, 0.04151223227381706, -0.010596239939332008, -0.06227502226829529, -0.11348865181207657, -0.16207782924175262, -0.20640932023525238, -0.24588823318481445, -0.277599573135376, -0.29926908016204834, -0.30757400393486023, -0.2986280024051666, -0.26882997155189514, -0.21744601428508759, -0.1467084139585495, -0.05783909186720848, 0.037432849407196045, 0.13241510093212128, 0.22043125331401825, 0.2936953604221344, 0.3538753092288971, 0.3948877155780792, 0.4133003056049347, 0.41852593421936035, 0.41179561614990234, 0.39075207710266113, 0.35778212547302246, 0.3252997100353241, 0.2844514548778534, 0.24058720469474792, 0.19560332596302032, 0.14758582413196564, 0.0960349515080452, 0.04965251684188843, -0.003587073413655162, -0.053004100918769836, -0.10031899064779282, -0.15059766173362732, -0.19971737265586853, -0.24920116364955902, -0.29896390438079834, -0.34371912479400635]"
11,JG075A,12,S075_WT,8.0,False,A12,100000000.0,EVAGREEN,JG075A_012,STANDARD,,11,L-MMMMx,0.3162277660168379,A12,-0.5000000000000001,13.644664466446645,3.867986798679869,"[3, 4, 5, 6, 7, 8, 9, 10, 11, 12, 13, 14, 15, 16, 17, 18, 19, 20, 21, 22, 23, 24, 25, 26, 27, 28, 29, 30, 31, 32, 33, 34, 35, 36, 37, 38, 39, 40, 41, 42, 43, 44]","[-0.011559678121621897, -0.009774376268336002, -0.00730386694895161, -0.0041463611459636954, 0.00031804946779275136, 0.004393183634128416, 0.01015280163650514, 0.017920247746446898, 0.02904921646331524, 0.04423313097205867, 0.06528207789924427, 0.09563479659965021, 0.1367904011724505, 0.1882482419496999, 0.2508733501800983, 0.32232172760521305, 0.3962326463409782, 0.47077698736690793, 0.5416336403713984, 0.6046787823886309, 0.6600055524222519, 0.7058520709866183, 0.7440882742246766, 0.775552523262629, 0.7979789861453392, 0.8164019030852612, 0.8306353263552568, 0.840730669566086, 0.8487015407280225, 0.8554175674885868, 0.8622448986613098, 0.8677500082810868, 0.8720294482464965, 0.8759409561194879, 0.880074962723412, 0.8841412618956075, 0.8876340846257299, 0.8913099926549822, 0.8935150530616399, 0.8978511911202859, 0.9028439261266231, 0.9092789945688594]","[0.10605620592832565, 0.0500728115439415, -0.004426694940775633, -0.0574384406208992, -0.10761994868516922, -0.15864446759223938, -0.20602107048034668, -0.24904951453208923, -0.2847982347011566, -0.31176555156707764, -0.32603153586387634, -0.3201492428779602, -0.290872186422348, -0.23928457498550415, -0.16351309418678284, -0.06863391399383545, 0.03157815337181091, 0.13316196203231812, 0.22675970196723938, 0.30344080924987793, 0.3634069859981537, 0.4028427004814148, 0.4257974922657013, 0.4340869188308716, 0.4228040874004364, 0.4028511643409729, 0.37382546067237854, 0.33583831787109375, 0.2932504117488861, 0.24794501066207886, 0.2028806507587433, 0.15495288372039795, 0.10437081009149551, 0.05299193412065506, 0.0020949013996869326, -0.048948757350444794, -0.10123433917760849, -0.1531234234571457, -0.20819778740406036, -0.2586570978164673, -0.3076944649219513, -0.35360831022262573]"
12,JG075A,13,S075_WT,8.0,False,A13,100000000.0,EVAGREEN,JG075A_013,STANDARD,,12,L-MMMMx,0.1778279410038923,A13,-0.75,12.735373537353736,2.9586958695869594,"[3, 4, 5, 6, 7, 8, 9, 10, 11, 12, 13, 14, 15, 16, 17, 18, 19, 20, 21, 22, 23, 24, 25, 26, 27, 28, 29, 30, 31, 32, 33, 34, 35, 36, 37, 38, 39, 40, 41, 42]","[-0.013879154798771793, -0.01099132274215704, -0.008164372327405672, -0.005428909515526766, -0.0009580446770791063, 0.004787426325334788, 0.012222583076227434, 0.022411794659378155, 0.038258856672215784, 0.06051512894350548, 0.09315528542583908, 0.13768888532828533, 0.1945316687956663, 0.2626657674376603, 0.338600175064996, 0.4157866472357347, 0.48994967982297755, 0.5579037207339271, 0.6183115757152874, 0.6669982834239423, 0.707589384165541, 0.7389468976668088, 0.7647180526302252, 0.7837699881249146, 0.7992236864734161, 0.8113698492586235, 0.8213484934814326, 0.8293771636704546, 0.8351437450794278, 0.8396245458458649, 0.843094469151923, 0.8475030486578495, 0.8518233332690663, 0.8541184500645925, 0.8569436665085313, 0.8595535402915573, 0.8628717549131891, 0.866773574568307, 0.8706122006204781, 0.8754713923509015]","[0.055515218526124954, 0.001846536761149764, -0.0519539900124073, -0.10595264285802841, -0.1561931073665619, -0.20367327332496643, -0.24749425053596497, -0.285351037979126, -0.3109551668167114, -0.3226794898509979, -0.31191644072532654, -0.2753969132900238, -0.21222059428691864, -0.12459176033735275, -0.020070545375347137, 0.08716214448213577, 0.18784725666046143, 0.2750861644744873, 0.34598302841186523, 0.39149653911590576, 0.419478178024292, 0.4274635314941406, 0.4233510494232178, 0.40468737483024597, 0.37823137640953064, 0.34461256861686707, 0.30629977583885193, 0.2637641131877899, 0.2163296639919281, 0.16611072421073914, 0.11370261758565903, 0.06332727521657944, 0.012760716490447521, -0.04219155013561249, -0.09599582850933075, -0.15026645362377167, -0.20300310850143433, -0.2544758915901184, -0.3060855269432068, -0.3554850220680237]"
13,JG075A,14,S075_WT,8.0,False,A14,100000000.0,EVAGREEN,JG075A_014,STANDARD,,13,L-MMMMx,0.1,A14,-1.0,11.42874287428743,1.6520652065206534,"[3, 4, 5, 6, 7, 8, 9, 10, 11, 12, 13, 14, 15, 16, 17, 18, 19, 20, 21, 22, 23, 24, 25, 26, 27, 28, 29, 30, 31, 32, 33, 34, 35, 36, 37, 38, 39, 40, 41, 42]","[-0.01728432255198448, -0.015639169577707786, -0.012729057372318888, -0.008598821466828388, -0.003190772927535722, 0.005110392150848084, 0.017085263390785702, 0.03524648835474147, 0.06384405702765779, 0.10491656861818614, 0.1616238821754172, 0.23406645791309486, 0.31784628529024533, 0.40663225154334753, 0.4932777822067429, 0.5715619404718737, 0.6402601576182221, 0.6974819100398603, 0.7402595754994493, 0.7723000533140978, 0.7989735336603575, 0.8190288052185586, 0.8312125098480253, 0.8414962228404608, 0.851449765771507, 0.8589453637907233, 0.8639156397465358, 0.8678958458917202, 0.8720250083867076, 0.8738029064598574, 0.876274392858033, 0.8797552154091987, 0.8811351258958453, 0.8831680002484807, 0.88739712753698, 0.8903258317627479, 0.8913492598690084, 0.8939395370295178, 0.8981947564502442, 0.9019055640825175]","[-0.07540760189294815, -0.13132698833942413, -0.18450698256492615, -0.2350446730852127, -0.2828151285648346, -0.3243202567100525, -0.35786956548690796, -0.3780216872692108, -0.3755728602409363, -0.34610822796821594, -0.2827848494052887, -0.18538512289524078, -0.06343340128660202, 0.06935962289571762, 0.19751732051372528, 0.3075675964355469, 0.3968585133552551, 0.4612959921360016, 0.4944532811641693, 0.5043581128120422, 0.5026401281356812, 0.4865897595882416, 0.4534927010536194, 0.41628098487854004, 0.3783542811870575, 0.3351046144962311, 0.2863861322402954, 0.2355235368013382, 0.1849835216999054, 0.12935160100460052, 0.0752217173576355, 0.023277655243873596, -0.033216144889593124, -0.08829589188098907, -0.13861942291259766, -0.1917591542005539, -0.24902495741844177, -0.302897572517395, -0.3531646132469177, -0.40461060404777527]"
22,JG075A,32,S075_WT,7.0,False,B8,10000000.0,EVAGREEN,JG075A_032,STANDARD,,22,L-MMMMx,3.1622776601683795,B8,0.5,21.499549954995498,8.546554655465545,"[3, 4, 5, 6, 7, 8, 9, 10, 11, 12, 13, 14, 15, 16, 17, 18, 19, 20, 21, 22, 23, 24, 25, 26, 27, 28, 29, 30, 31, 32, 33, 34, 35, 36, 37, 38, 39, 40, 41, 42, 43, 44, 45, 46, 47, 48, 49, 50, 51, 52, 53, 54]","[-0.003910207394881839, -0.0030759197239221213, -0.001973334473900801, -0.0005562124231494847, 0.0006905401144307891, 0.002168874087200264, 0.0026558171287224103, 0.004000442685500783, 0.007302803859703431, 0.009919833712749541, 0.01069984534494136, 0.011526261338878957, 0.012848262705055295, 0.01565845140195187, 0.018987455175306308, 0.02496932419849986, 0.03214328439365855, 0.04385232139402226, 0.06321053668557232, 0.09241313731701568, 0.13655012580027054, 0.1959816726441182, 0.2709375427428966, 0.3532038337874479, 0.43195407239765765, 0.49679489256970527, 0.5524985122599236, 0.5945640937058194, 0.6214035398298532, 0.6428759334388056, 0.6592773156447392, 0.6715031860406322, 0.6766041428443504, 0.6843268635166665, 0.6886316249606089, 0.6924382138377669, 0.6943329209923218, 0.7002928263852228, 0.7024245645975207, 0.7038663475664951, 0.7072947656664366, 0.7109089113067462, 0.7138230832057041, 0.7139305343493907, 0.7186895410995326, 0.7208448392962044, 0.7237769564169051, 0.7248877986707958, 0.7285675599685204, 0.7318183974385783, 0.7334681468116756, 0.739042835450725]","[0.002451722975820303, 0.0009613152360543609, 5.193359174882062e-05, -0.00017628617933951318, -0.0007734586833976209, -0.0008691177354194224, -0.003111736150458455, -0.0034969544503837824, 0.00035750551614910364, 0.002727809827774763, 0.0011198617285117507, -0.0003875928814522922, -0.0008218063157983124, 0.0019668033346533775, 0.0058789607137441635, 0.01553617138415575, 0.027774978429079056, 0.0498349629342556, 0.0884600281715393, 0.14840413630008698, 0.2406901866197586, 0.36609819531440735, 0.5251256823539734, 0.6999847292900085, 0.8672293424606323, 1.0043516159057617, 1.1216864585876465, 1.2094866037368774, 1.2643131017684937, 1.3075166940689087, 1.339738368988037, 1.3629176616668701, 1.3706670999526978, 1.3840943574905396, 1.3901195526123047, 1.3950660228729248, 1.3958719968795776, 1.4054816961288452, 1.4068011045455933, 1.4066262245178223, 1.4107537269592285, 1.4152833223342896, 1.4182971715927124, 1.4152326583862305, 1.4222416877746582, 1.4236119985580444, 1.4266647100448608, 1.4257732629776, 1.4304449558258057, 1.434187889099121, 1.434463381767273, 1.4432388544082642]"
23,JG075A,33,S075_WT,7.0,False,B9,10000000.0,EVAGREEN,JG075A_033,STANDARD,,23,L-MMMMx,1.7782794100389228,B9,0.25,20.836783678367837,7.883788378837885,"[3, 4, 5, 6, 7, 8, 9, 10, 11, 12, 13, 14, 15, 16, 17, 18, 19, 20, 21, 22, 23, 24, 25, 26, 27, 28, 29, 30, 31, 32, 33, 34, 35, 36, 37, 38, 39, 40, 41, 42, 43, 44, 45, 46, 47, 48, 49, 50, 51, 52, 53]","[-0.006026972906829909, -0.004405352393580878, -0.0033496118788450373, -0.0012035615265069848, 0.0010253340979869384, 0.0028172140310220866, 0.00446327527572441, 0.0066796753010293745, 0.009140042267327574, 0.011341799872437547, 0.013632237699104403, 0.01642508668787533, 0.01922327520581511, 0.021902287634573855, 0.026570687528922738, 0.03258415335358969, 0.042866214945251314, 0.0586694597908889, 0.08450331293701999, 0.12233002382985078, 0.17660942044599023, 0.24953786581468698, 0.3339966666200146, 0.42291969913734817, 0.5047621306499391, 0.5716601558126906, 0.6276492476500188, 0.6671477816396244, 0.6929701850737233, 0.7149511000276431, 0.7314667591671287, 0.7422454520181858, 0.7535778045020295, 0.7605835970517156, 0.7618391020133974, 0.7673401381779322, 0.7705124790645387, 0.7726328776581893, 0.7770333102536313, 0.7797930211335399, 0.7825097955933279, 0.7857666881995566, 0.7888548076466957, 0.7898874835972898, 0.7906553849571399, 0.7948727322534521, 0.7964433244827885, 0.7968061922795004, 0.8005512389544855, 0.8036053395456828, 0.8043306347655671]","[0.0030124664772301912, 0.0018713694298639894, -0.0004951990558765829, -0.0005005891434848309, -0.00032656925031915307, -0.0010989519068971276, -0.0021871200297027826, -0.0020401605870574713, -0.0013648656895384192, -0.0012496159179136157, -0.0009423200972378254, 0.0004529989673756063, 0.0018598813330754638, 0.003008675528690219, 0.008465693332254887, 0.016835590824484825, 0.03444957360625267, 0.06402024626731873, 0.11531323194503784, 0.19257798790931702, 0.305472731590271, 0.45875394344329834, 0.6370052695274353, 0.8249244093894958, 0.9975097179412842, 1.1377314329147339, 1.254328727722168, 1.3352140188217163, 1.3864821195602417, 1.4294312000274658, 1.4605447053909302, 1.479234218597412, 1.4991227388381958, 1.5096415281295776, 1.5077075958251953, 1.5149677991867065, 1.5171849727630615, 1.5171239376068115, 1.5220006704330444, 1.5233242511749268, 1.5245548486709595, 1.5269551277160645, 1.5289897918701172, 1.5265733003616333, 1.5235834121704102, 1.5280636548995972, 1.526811957359314, 1.5229449272155762, 1.5264023542404175, 1.5283634662628174, 1.525281310081482]"
24,JG075A,34,S075_WT,7.0,False,B10,10000000.0,EVAGREEN,JG075A_034,STANDARD,,24,L-MMMMx,1.0,B10,0.0,20.256725672567256,7.303730373037304,"[3, 4, 5, 6, 7, 8, 9, 10, 11, 12, 13, 14, 15, 16, 17, 18, 19, 20, 21, 22, 23, 24, 25, 26, 27, 28, 29, 30, 31, 32, 33, 34, 35, 36, 37, 38, 39, 40, 41, 42, 43, 44, 45, 46, 47, 48, 49, 50, 51, 52, 53]","[-0.007474845416158018, -0.005812132546985827, -0.003557089743572277, -0.00152996777029918, 0.0012195869948500929, 0.0037881757585293166, 0.005830958515807959, 0.007535314207827934, 0.009513417101463289, 0.012194356164458214, 0.014619658387657882, 0.0171502924568843, 0.020959358435203086, 0.026451311895481524, 0.03257833904669835, 0.04141399374721868, 0.056176856105317426, 0.0769821113249721, 0.10882117329190079, 0.15667725393464468, 0.22123205149265782, 0.30183884989954596, 0.393095366757052, 0.48550698340918835, 0.5702286872177162, 0.6406001586748433, 0.6934547817499792, 0.7356064562228861, 0.7648340480527074, 0.786047281833547, 0.8020006940562219, 0.8139054220482893, 0.8225433490294849, 0.8274960100437094, 0.8329520180138099, 0.8362558104020166, 0.8395734745567238, 0.8441289186381399, 0.8453697811796267, 0.849933592358297, 0.8535570959363252, 0.8566583164962703, 0.8572074623002749, 0.8595904336169711, 0.8638006248432631, 0.8664622425172038, 0.8695201963768735, 0.8688508285965311, 0.8708055366458699, 0.8738758209646512, 0.8774682782081306]","[0.2761825621128082, 0.22732773423194885, 0.17975567281246185, 0.13169001042842865, 0.0851888582110405, 0.03829580545425415, -0.009735936298966408, -0.05850057676434517, -0.10667238384485245, -0.15332213044166565, -0.20052549242973328, -0.2475007325410843, -0.2917073965072632, -0.3322696089744568, -0.371456503868103, -0.4047775864601135, -0.4252626895904541, -0.43266233801841736, -0.41616716980934143, -0.36498549580574036, -0.27764102816581726, -0.1555342823266983, -0.010364477522671223, 0.137306809425354, 0.2683247923851013, 0.36826589703559875, 0.4302724301815033, 0.46910062432289124, 0.47994038462638855, 0.4734242260456085, 0.45551741123199463, 0.4288427233695984, 0.3950934410095215, 0.3533633351325989, 0.312723308801651, 0.2674224078655243, 0.22215154767036438, 0.17956122756004333, 0.12979285418987274, 0.08722066134214401, 0.04261213168501854, -0.0031274515204131603, -0.054393816739320755, -0.10168884694576263, -0.14502683281898499, -0.1917184293270111, -0.2375517040491104, -0.2914568781852722, -0.3396793603897095, -0.3854859471321106, -0.430161714553833]"
25,JG075A,35,S075_WT,7.0,False,B11,10000000.0,EVAGREEN,JG075A_035,STANDARD,,25,L-MMMMx,0.5623413251903491,B11,-0.25,18.636963696369634,5.683968396839681,"[3, 4, 5, 6, 7, 8, 9, 10, 11, 12, 13, 14, 15, 16, 17, 18, 19, 20, 21, 22, 23, 24, 25, 26, 27, 28, 29, 30, 31, 32, 33, 34, 35, 36, 37, 38, 39, 40, 41, 42, 43, 44, 45, 46, 47, 48, 49]","[-0.00808268475600065, -0.006228877293945333, -0.003760418463855165, -0.0016593963059513333, 0.0005565082991214699, 0.0030559308937217226, 0.006498055620086335, 0.009620882006822954, 0.012936729620678884, 0.01635320258835603, 0.019400945286573976, 0.02399514223948358, 0.029760622714607547, 0.038419907812478435, 0.05019676233795578, 0.06867816638861894, 0.09436474210906695, 0.1329683269726192, 0.186883699811505, 0.25627038594048024, 0.3370694624441395, 0.4252875670177999, 0.5131873916156429, 0.5931609879191364, 0.6613265182225263, 0.7146656072380235, 0.7579782164549619, 0.7898106177721026, 0.8150652696201447, 0.8308288808472093, 0.8412494399171063, 0.8505807350365578, 0.8559928157460733, 0.8637889687061342, 0.8683471651221735, 0.8731988705024221, 0.8773629326004306, 0.8818735686741824, 0.8838546991359032, 0.8860632825308785, 0.8900673789405914, 0.8934876501300485, 0.8949881128731878, 0.8947498707882107, 0.8985388447237808, 0.9012398758295244, 0.9062442807346636]","[0.24782110750675201, 0.19666987657546997, 0.14684975147247314, 0.09623390436172485, 0.045866839587688446, -0.003886232851073146, -0.05159778892993927, -0.10000081360340118, -0.14798583090305328, -0.19575294852256775, -0.24431857466697693, -0.28953519463539124, -0.332215279340744, -0.36862853169441223, -0.39829036593437195, -0.4134328365325928, -0.41297173500061035, -0.3845375180244446, -0.3229440450668335, -0.22784584760665894, -0.1080329492688179, 0.027846623212099075, 0.16303692758083344, 0.28106215596199036, 0.3735158145427704, 0.43386128544807434, 0.47249338030815125, 0.4862639009952545, 0.48578962683677673, 0.46476152539253235, 0.43216249346733093, 0.39720451831817627, 0.35375910997390747, 0.315476655960083, 0.2701820731163025, 0.22552311420440674, 0.17937497794628143, 0.13397739827632904, 0.08310191333293915, 0.032718997448682785, -0.013775549829006195, -0.06153443083167076, -0.11345085501670837, -0.16913262009620667, -0.216093048453331, -0.2654094994068146, -0.30973780155181885]"
26,JG075A,36,S075_WT,7.0,False,B12,10000000.0,EVAGREEN,JG075A_036,STANDARD,,26,L-MMMMx,0.3162277660168379,B12,-0.5000000000000001,18.176917691769177,5.223922392239224,"[3, 4, 5, 6, 7, 8, 9, 10, 11, 12, 13, 14, 15, 16, 17, 18, 19, 20, 21, 22, 23, 24, 25, 26, 27, 28, 29, 30, 31, 32, 33, 34, 35, 36, 37, 38, 39, 40, 41, 42, 43, 44, 45, 46, 47, 48, 49]","[-0.008550058698352424, -0.006738389479377053, -0.004094331700331916, -0.0014764899085719851, 0.0012059629384656558, 0.003967242649109414, 0.006495151907058945, 0.009190912291999363, 0.012412423636647903, 0.016339771195395213, 0.02010058874777073, 0.0256369648888663, 0.03223919637443767, 0.04160054698797366, 0.05623329272676447, 0.0780982793463585, 0.10991083633086657, 0.15493049852775556, 0.213873781209462, 0.28628266837135263, 0.3690791141110091, 0.4549853126479423, 0.5355815420898776, 0.6083542603655984, 0.672184203077267, 0.7224062180853899, 0.7628607479829894, 0.7929912156625786, 0.8142695146339086, 0.8294064743139816, 0.8420743696503474, 0.8524298635297538, 0.8581581324407732, 0.864143359312207, 0.8683755692154841, 0.873481149941369, 0.8777689570040331, 0.8817025936473942, 0.8858389122124019, 0.8893314046623695, 0.8914086466491297, 0.8928371083185281, 0.8968652050861547, 0.9005784347728966, 0.9046347154470639, 0.9045228605679803, 0.906286116220935]","[0.2311018705368042, 0.18002831935882568, 0.1307573914527893, 0.08142967522144318, 0.03224189206957817, -0.016775183379650116, -0.06629765033721924, -0.11545661091804504, -0.16347701847553253, -0.20996885001659393, -0.25682133436203003, -0.2998286485671997, -0.34052774310112, -0.3752516806125641, -0.3985598683357239, -0.4062058925628662, -0.3923094570636749, -0.3498116433620453, -0.27716079354286194, -0.17534878849983215, -0.05104146525263786, 0.08000035583972931, 0.19954289495944977, 0.30214279890060425, 0.3853762149810791, 0.439140260219574, 0.4717518091201782, 0.4820055067539215, 0.47308894991874695, 0.4508726894855499, 0.42330941557884216, 0.3907383978366852, 0.3481466472148895, 0.30611133575439453, 0.26027971506118774, 0.21633946895599365, 0.17062824964523315, 0.12415003031492233, 0.07811073958873749, 0.030677178874611855, -0.019821250811219215, -0.07172468304634094, -0.11799833923578262, -0.16495387256145477, -0.21116648614406586, -0.2664056420326233, -0.3175840377807617]"
27,JG075A,37,S075_WT,7.0,False,B13,10000000.0,EVAGREEN,JG075A_037,STANDARD,,27,L-MMMMx,0.1778279410038923,B13,-0.75,16.717371737173718,3.764376437643765,"[3, 4, 5, 6, 7, 8, 9, 10, 11, 12, 13, 14, 15, 16, 17, 18, 19, 20, 21, 22, 23, 24, 25, 26, 27, 28, 29, 30, 31, 32, 33, 34, 35, 36, 37, 38, 39, 40, 41, 42, 43, 44, 45, 46, 47, 48]","[-0.009065894372580758, -0.006899518029050975, -0.005523887422743171, -0.0025599670754723044, 0.0004333894905928161, 0.004492890396269166, 0.008085939391692488, 0.011037047621292737, 0.014098634562664969, 0.018760649040688217, 0.02522161695172803, 0.03478432836629137, 0.04735726815815955, 0.06663124824856906, 0.09474250691692654, 0.1340835523193972, 0.1885441626471228, 0.2572850960268219, 0.3344949630418571, 0.4154216377786441, 0.4969043391559936, 0.5712228236027501, 0.6351601073647204, 0.688104346455185, 0.7301542946404215, 0.7632242006508088, 0.787978147784213, 0.8069917157342562, 0.821336113136256, 0.830399000583261, 0.8384531023442006, 0.8467208953652791, 0.8512112742562046, 0.8554830076846697, 0.859821567797784, 0.8644372329607539, 0.8658541348247354, 0.8679703498697589, 0.8712313159312298, 0.8745069244128957, 0.8775794105993755, 0.8795618621817154, 0.8814563491495004, 0.8835254442257761, 0.8862066585222332, 0.8903123711262318]","[0.17928041517734528, 0.12856890261173248, 0.07614493370056152, 0.02716057002544403, -0.021760040894150734, -0.06837181001901627, -0.11599372327327728, -0.16500583291053772, -0.21377868950366974, -0.25908565521240234, -0.30049678683280945, -0.3351907730102539, -0.3633658289909363, -0.37702906131744385, -0.37155425548553467, -0.34176021814346313, -0.27922317385673523, -0.18576063215732574, -0.07395774126052856, 0.04589428752660751, 0.16695044934749603, 0.2724917531013489, 0.35555151104927063, 0.4148046672344208, 0.4504651427268982, 0.4666784107685089, 0.46488258242607117, 0.45065540075302124, 0.42631661891937256, 0.390540212392807, 0.35257917642593384, 0.3150808811187744, 0.26940223574638367, 0.22325007617473602, 0.17724265158176422, 0.13183531165122986, 0.0795007199048996, 0.02868056856095791, -0.019660506397485733, -0.06796987354755402, -0.11671911925077438, -0.16782894730567932, -0.219129279255867, -0.2700514793395996, -0.31964805722236633, -0.3661597669124603]"
28,JG075A,38,S075_WT,7.0,False,B14,10000000.0,EVAGREEN,JG075A_038,STANDARD,,28,L-MMMMx,0.1,B14,-1.0,15.31983198319832,2.3668366836683674,"[3, 4, 5, 6, 7, 8, 9, 10, 11, 12, 13, 14, 15, 16, 17, 18, 19, 20, 21, 22, 23, 24, 25, 26, 27, 28, 29, 30, 31, 32, 33, 34, 35, 36, 37, 38, 39, 40, 41, 42, 43, 44, 45]","[-0.010585257053535234, -0.0076001850146857, -0.0050520598589293645, -0.0021472183743437385, 0.0013303288986204103, 0.004215972849209783, 0.00766632705609752, 0.012172091497566324, 0.017250437872355612, 0.02493194233369049, 0.03490703604483569, 0.05076031833392158, 0.07555235777850981, 0.11228961205747155, 0.16412537590182136, 0.23268091202130725, 0.31419377898612605, 0.4030781136786586, 0.4897499016143585, 0.5715941496678008, 0.6421048892568577, 0.7020066999944113, 0.7489860794896533, 0.7844827189372443, 0.8079036553659797, 0.8276971248548298, 0.8439949091855493, 0.8545524244262928, 0.8622023733711736, 0.8688516835404734, 0.8748376810656016, 0.8783055125973461, 0.8818422625880535, 0.8857777708189584, 0.8892562814090407, 0.8912602012014409, 0.894001526486067, 0.8952579121948282, 0.8982092956578908, 0.9002036373258026, 0.9040887227864118, 0.9054834958800234, 0.9060227332793849]","[0.10392279922962189, 0.0534060038626194, 0.0019429493695497513, -0.04874759912490845, -0.09819789230823517, -0.14893001317977905, -0.19843919575214386, -0.24566277861595154, -0.29164639115333557, -0.33199256658554077, -0.3673717677593231, -0.39002111554145813, -0.3933126926422119, -0.37073564529418945, -0.31546124815940857, -0.2239784449338913, -0.10443519800901413, 0.03107171319425106, 0.16178712248802185, 0.2820480167865753, 0.3777649998664856, 0.4505072832107544, 0.4952646791934967, 0.515155017375946, 0.5088942050933838, 0.49477773904800415, 0.4730909764766693, 0.438973069190979, 0.3985585570335388, 0.35597702860832214, 0.31195905804634094, 0.2624877095222473, 0.21316564083099365, 0.16470710933208466, 0.11525889486074448, 0.06261730939149857, 0.01157265156507492, -0.0426877960562706, -0.09327755123376846, -0.1459398865699768, -0.19450761377811432, -0.24846836924552917, -0.3042818605899811]"
37,JG075A,56,S075_WT,6.0,False,C8,1000000.0,EVAGREEN,JG075A_056,STANDARD,,37,L-MMMMx,3.1622776601683795,C8,0.5,24.78037803780378,8.624662466246622,"[3, 4, 5, 6, 7, 8, 9, 10, 11, 12, 13, 14, 15, 16, 17, 18, 19, 20, 21, 22, 23, 24, 25, 26, 27, 28, 29, 30, 31, 32, 33, 34, 35, 36, 37, 38, 39, 40, 41, 42, 43, 44, 45, 46, 47, 48, 49, 50, 51, 52, 53, 54, 55, 56, 57]","[-0.006246189478724749, -0.004219150075490346, -0.0028265788495772477, -0.0001372726893280413, 0.0010673691285185175, 0.0023344338956174065, 0.004458135290815736, 0.005569252778168724, 0.0093831628654242, 0.011397651622777182, 0.012515760040072892, 0.0143512920002307, 0.017692240905849473, 0.01943815685067854, 0.020960803410880222, 0.021829275077859076, 0.024416799903745352, 0.027160106869300146, 0.03077375708937751, 0.03665934944745437, 0.04534494686432228, 0.06009718521077578, 0.08171110386604893, 0.11671870849780425, 0.16997131915944305, 0.24280387318987037, 0.32820441280984425, 0.4141467219770328, 0.4918213482165278, 0.5574304000285802, 0.6065717934169743, 0.6406208149461898, 0.6646353749064395, 0.6824243741359648, 0.6935892745813379, 0.7046330723032939, 0.713787887726711, 0.7191006642030244, 0.7222001232688108, 0.7230089793678529, 0.7227677647614827, 0.7284091699917965, 0.7317094393916856, 0.7362725900100464, 0.7376100044501123, 0.7393290025623273, 0.7392310194497442, 0.7436660213680526, 0.7451189237689044, 0.7486768116895175, 0.752068568692279, 0.7510525168428085, 0.7522195067230109, 0.7564986164082658, 0.7595561298943958]","[0.0009224819368682802, 0.0010766630293801427, -0.00014316203305497766, 0.001445226138457656, -0.000181579525815323, -0.001673201797530055, -0.0013096891343593597, -0.0031390313524752855, 0.0008848025463521481, 0.0010118039790540934, -0.0008023986010812223, -0.0010629466269165277, 0.0019366410560905933, 0.0014820204814895988, 0.0005438868538476527, -0.001810929854400456, -0.0004429597465787083, 0.0012623727088794112, 0.004852523095905781, 0.01336279883980751, 0.027936773374676704, 0.05564868450164795, 0.09822027385234833, 0.16979727149009705, 0.2808856964111328, 0.4343765377998352, 0.6150846481323242, 0.7969659566879272, 0.960942804813385, 1.0987904071807861, 1.2009755373001099, 1.2704766988754272, 1.3182470798492432, 1.352535367012024, 1.3724786043167114, 1.3921594619750977, 1.4077495336532593, 1.4150193929672241, 1.4174959659576416, 1.4150121212005615, 1.4102541208267212, 1.4182355403900146, 1.421147108078003, 1.4267934560775757, 1.4254541397094727, 1.4249413013458252, 1.420493483543396, 1.425862431526184, 1.4247732162475586, 1.428242564201355, 1.4313522577285767, 1.4249162673950195, 1.4232078790664673, 1.4282392263412476, 1.4306249618530273]"
38,JG075A,57,S075_WT,6.0,False,C9,1000000.0,EVAGREEN,JG075A_057,STANDARD,,38,L-MMMMx,1.7782794100389228,C9,0.25,24.299729972997298,8.144014401440142,"[3, 4, 5, 6, 7, 8, 9, 10, 11, 12, 13, 14, 15, 16, 17, 18, 19, 20, 21, 22, 23, 24, 25, 26, 27, 28, 29, 30, 31, 32, 33, 34, 35, 36, 37, 38, 39, 40, 41, 42, 43, 44, 45, 46, 47, 48, 49, 50, 51, 52, 53, 54, 55, 56, 57]","[-0.006987338146038132, -0.005078594084905367, -0.004106689682789719, -0.0020110070540547372, 0.0009126879226992509, 0.003646471810458054, 0.005587638373451156, 0.008036830861179494, 0.009993575638139447, 0.012094212469196043, 0.015081651515821458, 0.01595804990651489, 0.016297577905622803, 0.01902701310467708, 0.02179855902346507, 0.02351926358314637, 0.02602207154933306, 0.029479884583049447, 0.03440001300202876, 0.040640436339718075, 0.05047216094034503, 0.06911856745166416, 0.09972876705606284, 0.14628423197265203, 0.21100433474812966, 0.29545322714881406, 0.38946472087067685, 0.4827243318201961, 0.5645121570138645, 0.6302307517439171, 0.6800903943755602, 0.7163201456733651, 0.7385787161440651, 0.7548733077666218, 0.7681884421129601, 0.7770455650235408, 0.7835148725084886, 0.7911651517335242, 0.793375936996198, 0.7963511006304044, 0.8024648064820453, 0.8040914362443083, 0.8101810316446508, 0.8108387295261912, 0.8098464578478645, 0.8100906449756275, 0.8136959831451431, 0.8148114493212006, 0.8168978290589095, 0.8202841914858098, 0.8227296958451431, 0.8237750325350035, 0.8269477037017648, 0.8321133954158187, 0.8380707686608666]","[0.0007387915393337607, 0.00032624031882733107, -0.0021151339169591665, -0.002122850390151143, -0.00033742067171260715, 0.0010367368813604116, 0.0006943999323993921, 0.0014522455167025328, 0.0011436447966843843, 0.0011466570431366563, 0.003070131177082658, 0.00042192882392555475, -0.003388921730220318, -0.00202418165281415, -0.0005682464106939733, -0.0013880166225135326, -0.0005140611901879311, 0.0024280562065541744, 0.008536968380212784, 0.017505114898085594, 0.034250594675540924, 0.07008517533540726, 0.13182859122753143, 0.22810311615467072, 0.3637150526046753, 0.5420516729354858, 0.7410971522331238, 0.9385142922401428, 1.1110881567001343, 1.248862385749817, 1.352292537689209, 1.4262056350708008, 1.469862699508667, 1.5006041526794434, 1.5248934030532837, 1.539528250694275, 1.5489920377731323, 1.5610133409500122, 1.5612549781799316, 1.5631518363952637, 1.571845531463623, 1.57082200050354, 1.5794636011123657, 1.5763417482376099, 1.5696467161178589, 1.565629482269287, 1.5688910484313965, 1.566760540008545, 1.56673264503479, 1.569520115852356, 1.5702699422836304, 1.5679875612258911, 1.5703121423721313, 1.5769529342651367, 1.5853080749511719]"
39,JG075A,58,S075_WT,6.0,False,C10,1000000.0,EVAGREEN,JG075A_058,STANDARD,,39,L-MMMMx,1.0,C10,0.0,23.809880988098808,7.654165416541652,"[3, 4, 5, 6, 7, 8, 9, 10, 11, 12, 13, 14, 15, 16, 17, 18, 19, 20, 21, 22, 23, 24, 25, 26, 27, 28, 29, 30, 31, 32, 33, 34, 35, 36, 37, 38, 39, 40, 41, 42, 43, 44, 45, 46, 47, 48, 49, 50, 51, 52, 53, 54, 55, 56]","[-0.006712266383385378, -0.005141233780509268, -0.0031898010093719333, -0.0008686196049648428, 0.001110914502674533, 0.0029025742489398316, 0.004787097765389153, 0.007111334261227905, 0.009814236954515318, 0.01258768198419326, 0.01461279475319148, 0.01677090033117879, 0.01832753822397599, 0.020339687496899322, 0.0227020713506145, 0.025462635454256248, 0.02871292245738949, 0.03303455571257166, 0.03849023340251739, 0.04748758776214594, 0.06143837378969353, 0.08433997219839273, 0.1209313527423292, 0.17500212239403626, 0.25008790268702585, 0.3423694440048737, 0.4386339438025289, 0.5314601170955995, 0.6122518723891612, 0.6772922918680774, 0.7249028367390928, 0.7590201161669617, 0.7805507491765393, 0.7969333054136509, 0.8090260729071698, 0.8188148060409837, 0.8246747466403731, 0.829616618502875, 0.8329110529533631, 0.8382130402779538, 0.8435269176881165, 0.8470785302857888, 0.8466865978354567, 0.8487731977599354, 0.8515814598225958, 0.8547299104446736, 0.8573030130371347, 0.858579876115492, 0.8607105133939406, 0.8626720472331447, 0.8663053491224312, 0.8687439175985143, 0.8699177332685819, 0.873196094084871]","[0.33124029636383057, 0.28639909625053406, 0.24238167703151703, 0.1991649866104126, 0.15520843863487244, 0.11084501445293427, 0.06668270379304886, 0.02347264066338539, -0.01891738548874855, -0.061154644936323166, -0.10501249134540558, -0.1485823392868042, -0.19345471262931824, -0.23734064400196075, -0.2804681062698364, -0.3227332532405853, -0.3639378547668457, -0.402822345495224, -0.43925097584724426, -0.46800971031188965, -0.48604127764701843, -0.484688937664032, -0.4536899924278259, -0.3848375976085663, -0.27047502994537354, -0.11887327581644058, 0.0413539819419384, 0.19413518905639648, 0.32085463404655457, 0.41346293687820435, 0.46832501888275146, 0.49396607279777527, 0.49234944581985474, 0.47958412766456604, 0.4575287997722626, 0.430483877658844, 0.39493075013160706, 0.3573894500732422, 0.31628042459487915, 0.2795189917087555, 0.2427833080291748, 0.2022312432527542, 0.15313903987407684, 0.10941434651613235, 0.06725248694419861, 0.02582733891904354, -0.016843782737851143, -0.062322042882442474, -0.10595136880874634, -0.1499469131231308, -0.19032205641269684, -0.23328453302383423, -0.2789859473705292, -0.32012975215911865]"
40,JG075A,59,S075_WT,6.0,False,C11,1000000.0,EVAGREEN,JG075A_059,STANDARD,,40,L-MMMMx,0.5623413251903491,C11,-0.25,23.029702970297027,6.873987398739871,"[3, 4, 5, 6, 7, 8, 9, 10, 11, 12, 13, 14, 15, 16, 17, 18, 19, 20, 21, 22, 23, 24, 25, 26, 27, 28, 29, 30, 31, 32, 33, 34, 35, 36, 37, 38, 39, 40, 41, 42, 43, 44, 45, 46, 47, 48, 49, 50, 51, 52, 53, 54]","[-0.009155393413688017, -0.006305516051526071, -0.00347061138971389, -0.0013833233815794199, 0.0006738816091243636, 0.0037234133248473353, 0.006652860680963641, 0.009264688621572058, 0.011045861972923275, 0.012287330028027161, 0.014391599940786273, 0.017807990338424725, 0.02057196733699914, 0.022892378087711756, 0.0243527668387385, 0.027663467586849195, 0.03272693759300053, 0.03972469332558716, 0.04852561356316373, 0.06274056866783825, 0.0858087383679286, 0.12189311135094037, 0.17443336276542362, 0.24646374886994302, 0.3363660069994897, 0.4350424326740763, 0.5311683799468037, 0.6164254678862207, 0.6851674471530765, 0.737888086578759, 0.7766121136054189, 0.8042894804821149, 0.824382734258115, 0.8384965961120824, 0.8477798905157067, 0.8554691427990057, 0.8619265601983817, 0.8674790099736762, 0.8724672311512315, 0.874498564196478, 0.8761467722621864, 0.8810395424750118, 0.8848746455388653, 0.8867702334404997, 0.8901984313536713, 0.8937697506672451, 0.8939799189390664, 0.8975098431399084, 0.8996035991344072, 0.9018596327782852, 0.9027594260132751, 0.9054058508000961]","[-0.001324107521213591, -0.0003447414201218635, 0.0006021997542120516, -6.990003021201119e-05, -0.0008071477059274912, 0.0006045905174687505, 0.0017562736757099628, 0.0022201191168278456, 0.000885096553247422, -0.0016187136061489582, -0.0022540371865034103, -4.782878386322409e-05, 0.0007455112063325942, 0.0005782627849839628, -0.0014514520298689604, 0.0005258746678009629, 0.006299003958702087, 0.01626102812588215, 0.03012799099087715, 0.05571960657835007, 0.10048376768827438, 0.17343586683273315, 0.2820248603820801, 0.43282175064086914, 0.6223220229148865, 0.8308236598968506, 1.0338020324707031, 1.2132426500320435, 1.356918215751648, 1.465897798538208, 1.5445663928985596, 1.59931218624115, 1.6376339197158813, 1.6630065441131592, 1.6779181957244873, 1.6893776655197144, 1.6981695890426636, 1.7050015926361084, 1.7106118202209473, 1.7098184823989868, 1.7081955671310425, 1.7135989665985107, 1.7167119979858398, 1.7156246900558472, 1.717856526374817, 1.720398187637329, 1.7156610488891602, 1.7181130647659302, 1.7174550294876099, 1.7171483039855957, 1.713904619216919, 1.7144434452056885]"
41,JG075A,60,S075_WT,6.0,False,C12,1000000.0,EVAGREEN,JG075A_060,STANDARD,,41,L-MMMMx,0.3162277660168379,C12,-0.5000000000000001,22.244224422442244,6.088508850885088,"[3, 4, 5, 6, 7, 8, 9, 10, 11, 12, 13, 14, 15, 16, 17, 18, 19, 20, 21, 22, 23, 24, 25, 26, 27, 28, 29, 30, 31, 32, 33, 34, 35, 36, 37, 38, 39, 40, 41, 42, 43, 44, 45, 46, 47, 48, 49, 50, 51, 52, 53, 54]","[-0.009506335000436177, -0.007117638827723986, -0.004540504065039979, -0.0017397008292082375, 0.0012646650753493577, 0.0039045393057673536, 0.007518024385767331, 0.010216949955524336, 0.012240521417133611, 0.014310208245353237, 0.01725480720356981, 0.019933131548672774, 0.02200513033797582, 0.02463433927172923, 0.028059949990355132, 0.032621352876230275, 0.038406746492352505, 0.04542524106632434, 0.05805542941835339, 0.07752112337693623, 0.10670365948897706, 0.14933454294311518, 0.20987971189882285, 0.2876158803404908, 0.37719484924520597, 0.471978427875546, 0.5616770682896743, 0.6386392251886288, 0.7034876968509287, 0.75231493876544, 0.7872171840278224, 0.8154258615801652, 0.832745752896526, 0.8458659118581626, 0.8557184991552328, 0.8632646300381296, 0.8692649397032981, 0.8739473214575324, 0.8776530647940993, 0.8798467855821097, 0.8853897673263008, 0.8887915428270905, 0.8900066435165049, 0.8921008398845434, 0.8939299313816831, 0.8964428128925904, 0.8988790694075901, 0.900855686040529, 0.904107624444436, 0.9066200655818037, 0.9070320350281921, 0.9112166845891817]","[0.3093564212322235, 0.26339223980903625, 0.21783612668514252, 0.17276440560817719, 0.12813350558280945, 0.08271327614784241, 0.03940149024128914, -0.005890861619263887, -0.052645765244960785, -0.0993008017539978, -0.1440611183643341, -0.18939809501171112, -0.2360481172800064, -0.2814914584159851, -0.3252100944519043, -0.36646905541419983, -0.40507733821868896, -0.44101524353027344, -0.4648004174232483, -0.47378259897232056, -0.4617219567298889, -0.420537531375885, -0.34055790305137634, -0.22334936261177063, -0.08049401640892029, 0.07363244146108627, 0.21674694120883942, 0.3322792649269104, 0.42157816886901855, 0.4761814475059509, 0.5006287097930908, 0.5105803608894348, 0.4969511926174164, 0.47422710061073303, 0.4444267451763153, 0.40963152050971985, 0.37148866057395935, 0.33049166202545166, 0.2873796820640564, 0.24099326133728027, 0.2018599957227707, 0.158089742064476, 0.1095840111374855, 0.06298205256462097, 0.015805985778570175, -0.029889265075325966, -0.0757504552602768, -0.1226070448756218, -0.1667017936706543, -0.2123979926109314, -0.2626429796218872, -0.30471786856651306]"
42,JG075A,61,S075_WT,6.0,False,C13,1000000.0,EVAGREEN,JG075A_061,STANDARD,,42,L-MMMMx,0.1778279410038923,C13,-0.75,20.626762676267628,4.471047104710472,"[3, 4, 5, 6, 7, 8, 9, 10, 11, 12, 13, 14, 15, 16, 17, 18, 19, 20, 21, 22, 23, 24, 25, 26, 27, 28, 29, 30, 31, 32, 33, 34, 35, 36, 37, 38, 39, 40, 41, 42, 43, 44, 45, 46, 47, 48, 49, 50, 51, 52, 53]","[-0.009032179993656695, -0.006791875942149945, -0.003939796712289503, -0.000706285188684167, 0.0014135629380417963, 0.0033865877742974967, 0.006559080039308293, 0.009110907085132723, 0.01182956689413749, 0.014520469408468106, 0.016921151998463977, 0.01982079157061191, 0.022682008551421103, 0.02750284649887141, 0.032278174593328456, 0.03933104582674304, 0.05045375298234379, 0.06818078339782947, 0.09331857111777388, 0.1313806066208813, 0.18512712373063875, 0.2548345944599385, 0.335815737898917, 0.4230803236657442, 0.5102307425924044, 0.5888656033352131, 0.6568923609269054, 0.711085114049109, 0.7531808610824742, 0.782681264320139, 0.8041597130652622, 0.8219388038901443, 0.835562089620887, 0.8449796979541195, 0.8484615113457494, 0.8548648728931274, 0.8618739682443612, 0.8660043417665829, 0.8678978378939036, 0.8710134806872739, 0.8745107071527933, 0.8786834666282111, 0.8830897341730541, 0.8847981633203164, 0.8859838690759558, 0.8859752817919316, 0.8873013566133502, 0.8893023038843575, 0.892481910934369, 0.8971091359027561, 0.9003464318864681]","[0.27662044763565063, 0.22957009077072144, 0.18384459614753723, 0.13894513249397278, 0.09163392335176468, 0.04400474950671196, -0.0010268517071381211, -0.04740256816148758, -0.09341699630022049, -0.13949152827262878, -0.18619456887245178, -0.23181705176830292, -0.2775227725505829, -0.3189846873283386, -0.36054518818855286, -0.3971734344959259, -0.4249880313873291, -0.4385002851486206, -0.43596377968788147, -0.40543848276138306, -0.3409467935562134, -0.2418900579214096, -0.11841899901628494, 0.018659500405192375, 0.15549075603485107, 0.2738806903362274, 0.36929768323898315, 0.43475571274757385, 0.4740164577960968, 0.486000657081604, 0.48061248660087585, 0.467212975025177, 0.44481363892555237, 0.41330647468566895, 0.3689447343349457, 0.33090993762016296, 0.29418689012527466, 0.2512296736240387, 0.2034282684326172, 0.15827354788780212, 0.11394519358873367, 0.07107977569103241, 0.028720038011670113, -0.019482145085930824, -0.06881634145975113, -0.12073689699172974, -0.1697671115398407, -0.21733582019805908, -0.26235201954841614, -0.30423322319984436, -0.3491244912147522]"
43,JG075A,62,S075_WT,6.0,False,C14,1000000.0,EVAGREEN,JG075A_062,STANDARD,,43,L-MMMMx,0.1,C14,-1.0,19.019201920192017,2.8634863486348614,"[3, 4, 5, 6, 7, 8, 9, 10, 11, 12, 13, 14, 15, 16, 17, 18, 19, 20, 21, 22, 23, 24, 25, 26, 27, 28, 29, 30, 31, 32, 33, 34, 35, 36, 37, 38, 39, 40, 41, 42, 43, 44, 45, 46, 47, 48, 49, 50]","[-0.0076033209559469165, -0.005973126920346872, -0.004274303420919365, -0.0019218830185398774, 0.001253953333038008, 0.003321286915154868, 0.006260972956069175, 0.00893642111149098, 0.011270731152050345, 0.014632790464228437, 0.01739430412331516, 0.020640187391051414, 0.02523160448599167, 0.0319944209351489, 0.04186352223995781, 0.057221976048826305, 0.08116520925731786, 0.11724685742905276, 0.1682922333396816, 0.23693207346867362, 0.3203829693350152, 0.4115816596420894, 0.5022059101899726, 0.5855038863446537, 0.6566583970020581, 0.7139110856648601, 0.7584141896996822, 0.7918281925846518, 0.818963900007518, 0.8371536391581693, 0.8474015718005042, 0.8587437225956063, 0.8678543905716686, 0.8723154846222042, 0.8762581489231291, 0.8811235058831084, 0.8845261621309775, 0.8889184478159351, 0.8923825361725922, 0.893529709243508, 0.8958020367083548, 0.8985566832925568, 0.9016863079458125, 0.9023649235704887, 0.904219336546161, 0.9079654841549953, 0.9096435275280184, 0.9104386219539449]","[0.2443656027317047, 0.19335472583770752, 0.14249245822429657, 0.09304563701152802, 0.04538200423121452, -0.004682205151766539, -0.05285724624991417, -0.10160452127456665, -0.1510905623435974, -0.1983509063720703, -0.24691180884838104, -0.2944237291812897, -0.33902180194854736, -0.3789174556732178, -0.4120861291885376, -0.4333670437335968, -0.4360567331314087, -0.41245943307876587, -0.3564566373825073, -0.26235121488571167, -0.13617093861103058, 0.0067879934795200825, 0.148502916097641, 0.2743520438671112, 0.3739032447338104, 0.44334861636161804, 0.485183447599411, 0.5030036568641663, 0.5072275996208191, 0.49207812547683716, 0.4597298502922058, 0.4297512173652649, 0.3949400782585144, 0.3500598073005676, 0.3040568232536316, 0.26005202531814575, 0.21287958323955536, 0.1678503006696701, 0.12081090360879898, 0.06875398755073547, 0.019133713096380234, -0.02944204956293106, -0.07720575481653214, -0.1302773803472519, -0.18080268800258636, -0.2272312492132187, -0.27813851833343506, -0.33095788955688477]"
51,JG075A,80,S075_WT,5.0,False,D8,100000.0,EVAGREEN,JG075A_080,STANDARD,,52,L-MMMMx,3.1622776601683795,D8,0.5,28.626962696269626,9.33983398339834,"[3, 4, 5, 6, 7, 8, 9, 10, 11, 12, 13, 14, 15, 16, 17, 18, 19, 20, 21, 22, 23, 24, 25, 26, 27, 28, 29, 30, 31, 32, 33, 34, 35, 36, 37, 38, 39, 40, 41, 42, 43, 44, 45, 46, 47, 48, 49, 50, 51, 52, 53, 54, 55, 56, 57, 58, 59, 60, 61]","[-0.005183382344844051, -0.003990740705954289, -0.0032618674510600156, -0.0019951329641159006, -0.00034246611631809246, 0.002490622004642831, 0.005717459116787104, 0.0065655084608624145, 0.008858313295305151, 0.009347513251218256, 0.010174699898850326, 0.011060511273954824, 0.014359624693302193, 0.015613037880670413, 0.01689931394343867, 0.01906897932684308, 0.021179414469157977, 0.02203005100777902, 0.02410756822800142, 0.025359495154673155, 0.026163452098086105, 0.02916410235090249, 0.033660151051151686, 0.03871074013126682, 0.04726774847454262, 0.06361474454832351, 0.08918855711926237, 0.12880720299182077, 0.18887217212583293, 0.2655243610995318, 0.35180113397012175, 0.4376968736354871, 0.5122025718833082, 0.5727293827670797, 0.6174400678791774, 0.6491499352588969, 0.6707230643150555, 0.6840321435252229, 0.6939935030865988, 0.7023766739750784, 0.7113131742161898, 0.7167342825832692, 0.7207028188296515, 0.7225435802255932, 0.726186570332753, 0.7269169298483438, 0.7300466645949844, 0.7330240300968892, 0.7331118846180591, 0.7359488810541849, 0.7397060380015117, 0.7411841517875113, 0.7430421978448862, 0.7441256268459306, 0.7499529798033823, 0.7498933091887531, 0.7482365138390206, 0.7514564150679146, 0.7563530385492125]","[0.0012076315470039845, 0.0002308752154931426, -0.0017502193804830313, -0.0025665201246738434, -0.0025470443069934845, 2.8755286621162668e-05, 0.0034572589211165905, 0.0017342525534331799, 0.0031400129664689302, 0.0006398811237886548, -0.0011283056810498238, -0.002769534708932042, 0.000815490901004523, -2.9658409403054975e-05, -0.0008036397630348802, 0.00033544955658726394, 0.0013462697388604283, -0.0003711339959409088, 0.0005683989729732275, -0.0002799689827952534, -0.002098462078720331, 0.0008402106468565762, 0.007017322815954685, 0.014395349659025669, 0.029366888105869293, 0.06120844930410385, 0.11303163319826126, 0.1952703595161438, 0.32178768515586853, 0.48422637581825256, 0.667508065700531, 0.8499646186828613, 1.0077548027038574, 1.1352723836898804, 1.2285383939743042, 1.2936497926712036, 1.3368091583251953, 1.3620717525482178, 1.3800846338272095, 1.3946796655654907, 1.4104729890823364, 1.4186534881591797, 1.4236881732940674, 1.4241149425506592, 1.428444743156433, 1.4264668226242065, 1.429685115814209, 1.4325733184814453, 1.429203987121582, 1.4317883253097534, 1.4363652467727661, 1.4360066652297974, 1.4364709854125977, 1.4352576732635498, 1.4443179368972778, 1.4406291246414185, 1.4334815740585327, 1.4368951320648193, 1.4439396858215332]"
52,JG075A,81,S075_WT,5.0,False,D9,100000.0,EVAGREEN,JG075A_081,STANDARD,,53,L-MMMMx,1.7782794100389228,D9,0.25,28.014101410141016,8.72697269726973,"[3, 4, 5, 6, 7, 8, 9, 10, 11, 12, 13, 14, 15, 16, 17, 18, 19, 20, 21, 22, 23, 24, 25, 26, 27, 28, 29, 30, 31, 32, 33, 34, 35, 36, 37, 38, 39, 40, 41, 42, 43, 44, 45, 46, 47, 48, 49, 50, 51, 52, 53, 54, 55, 56, 57, 58, 59, 60]","[-0.00696120472879162, -0.004752070866891689, -0.003580319447791398, -0.0004872182749844586, 0.0021797114047787934, 0.0029658607431801657, 0.004632894777710653, 0.006002346392789555, 0.00801366996532595, 0.010536542450915174, 0.012123566117951604, 0.01513376697191021, 0.016688313090393838, 0.017646098015892887, 0.0192927647742123, 0.021999273025855994, 0.02379054744527406, 0.02501940980780406, 0.026539909546999713, 0.02885616427243142, 0.030369562988299428, 0.03358676692926278, 0.03870021933216995, 0.04607779724274696, 0.058754665189984095, 0.07947192827173767, 0.11481091399211646, 0.1688935737293954, 0.24348773201200355, 0.33096870632690034, 0.4266904457368766, 0.5156693506470594, 0.5918950378475598, 0.6507606496462018, 0.6924324270542218, 0.7190155757781507, 0.7379530691992109, 0.7505980651115123, 0.7602272729305701, 0.769913509123019, 0.7725403372873235, 0.7785562802131513, 0.7854773008564453, 0.7867822377479583, 0.788320352428742, 0.7933967584076219, 0.798560908814287, 0.799852524406224, 0.8008552549561186, 0.8039227869402769, 0.7995038586561674, 0.8036374248865519, 0.8092746465682386, 0.8115674514026813, 0.8134928746116301, 0.8140501673261191, 0.8129893074689843, 0.8163074119972312]","[-0.0009471823577769101, -0.00022353969688992947, -0.0017464556731283665, 0.0008915093494579196, 0.0026065560523420572, 0.0002485789591446519, -0.00020175146346446127, -0.0012965273344889283, -0.0010012632701545954, 0.00040181278018280864, -0.00022178834478836507, 0.00223664753139019, 0.0015427129110321403, -0.00044356961734592915, -0.0009380074916407466, 0.0008627506904304028, 0.0006814756779931486, -0.0007177607039920986, -0.0014854262117296457, -0.000529802346136421, -0.001312845852226019, 0.0015938765136525035, 0.008607120253145695, 0.020523561164736748, 0.043916162103414536, 0.08472106605768204, 0.15719081461429596, 0.27025192975997925, 0.42773282527923584, 0.6131213903427124, 0.8163562417030334, 1.0049887895584106, 1.166002869606018, 1.2894220352172852, 1.3756060600280762, 1.4291141033172607, 1.4660648107528687, 1.489388346672058, 1.5061808824539185, 1.523097038269043, 1.5247251987457275, 1.5336928367614746, 1.5446206331253052, 1.5433861017227173, 1.542656660079956, 1.5495896339416504, 1.5567126274108887, 1.555449366569519, 1.5535603761672974, 1.5561429262161255, 1.5425128936767578, 1.5474040508270264, 1.555551528930664, 1.556456446647644, 1.5565656423568726, 1.553712010383606, 1.5473542213439941, 1.5504794120788574]"
53,JG075A,82,S075_WT,5.0,False,D10,100000.0,EVAGREEN,JG075A_082,STANDARD,,54,L-MMMMx,1.0,D10,0.0,27.421242124212423,8.134113411341136,"[3, 4, 5, 6, 7, 8, 9, 10, 11, 12, 13, 14, 15, 16, 17, 18, 19, 20, 21, 22, 23, 24, 25, 26, 27, 28, 29, 30, 31, 32, 33, 34, 35, 36, 37, 38, 39, 40, 41, 42, 43, 44, 45, 46, 47, 48, 49, 50, 51, 52, 53, 54, 55, 56, 57, 58, 59, 60]","[-0.007763296965497407, -0.004524955094628498, -0.0032725877944170625, -0.0013212651166646526, 0.0010318984160630762, 0.0036608458780272913, 0.0049684525341247175, 0.007220908142992536, 0.010045271363198173, 0.012533629572613489, 0.01440794192761104, 0.01709405537969743, 0.019415622110951755, 0.02066496184307776, 0.023488609456281388, 0.025481272200073037, 0.027684213309070952, 0.03015074550492494, 0.031794357171812684, 0.034577407849325316, 0.037423734699823435, 0.04117376310047633, 0.04726583560197955, 0.05757371409240603, 0.07363556829923183, 0.10106693150731344, 0.1455502187328491, 0.2108436328103223, 0.2968826039694748, 0.39798295569994946, 0.5022995755776156, 0.5954757907880543, 0.6712009934606868, 0.7272667102939228, 0.7685951064343625, 0.7969750892936481, 0.8182769482493522, 0.8332021983502148, 0.8437908700188919, 0.847625092335666, 0.853825001307703, 0.8594479108493495, 0.8619572693719392, 0.8697320642153246, 0.8740864777758681, 0.8749202149799032, 0.8752889177260161, 0.8789446786658273, 0.8815491578729919, 0.8818570890706264, 0.8839889373763092, 0.8855344283138827, 0.8865454158676467, 0.8894243578834288, 0.8932005609863476, 0.8961782567684071, 0.8990892359592023, 0.8992984133905593]","[-0.00010891936108237132, 0.002090889262035489, -1.013480232359143e-05, -0.0005974989617243409, -0.00031463528284803033, 0.0005654669366776943, -0.001415930688381195, -0.0013511603465303779, -4.78651600133162e-05, 0.0005277765449136496, -0.0002263614151161164, 0.0007775396225042641, 0.0009919771691784263, -0.0011156033724546432, 0.000186142060556449, -0.00031169591238722205, -0.0003541543846949935, 0.00017422081145923585, -0.0010795232374221087, 0.00013430535909719765, 0.001485165092162788, 0.004793083760887384, 0.013172940351068974, 0.030682560056447983, 0.06065300852060318, 0.11524529755115509, 0.2067652940750122, 0.3433517515659332, 0.5248648524284363, 0.7389949560165405, 0.9600902199745178, 1.1570597887039185, 1.3162373304367065, 1.4328402280807495, 1.5175280570983887, 1.5741746425628662, 1.615492820739746, 1.643001914024353, 1.6611195802688599, 1.6646097898483276, 1.6732232570648193, 1.6805870532989502, 1.6812081336975098, 1.6932321786880493, 1.697848916053772, 1.6948412656784058, 1.690826654434204, 1.6939303874969482, 1.6947574615478516, 1.6906112432479858, 1.6904147863388062, 1.6889485120773315, 1.6863248348236084, 1.687746286392212, 1.6911108493804932, 1.6927462816238403, 1.6942371129989624, 1.689876914024353]"
54,JG075A,83,S075_WT,5.0,False,D11,100000.0,EVAGREEN,JG075A_083,STANDARD,,55,L-MMMMx,0.5623413251903491,D11,-0.25,26.606360636063606,7.319231923192319,"[3, 4, 5, 6, 7, 8, 9, 10, 11, 12, 13, 14, 15, 16, 17, 18, 19, 20, 21, 22, 23, 24, 25, 26, 27, 28, 29, 30, 31, 32, 33, 34, 35, 36, 37, 38, 39, 40, 41, 42, 43, 44, 45, 46, 47, 48, 49, 50, 51, 52, 53, 54, 55, 56, 57, 58, 59]","[-0.006989414438469447, -0.006166714096273059, -0.004501358985862675, -0.001173841473204722, 0.0017398074821748833, 0.0034642139319242785, 0.006111257994035498, 0.007516049585675243, 0.009991719532477981, 0.01228199221906745, 0.014084441117055374, 0.016314905572284474, 0.018703601744996665, 0.02079215582705777, 0.022188800508213084, 0.024347043702931552, 0.02613518046087926, 0.02858142795056086, 0.03134215719427999, 0.034711620286594275, 0.03896650942716581, 0.04546746876027954, 0.055103089519009295, 0.07011335923638017, 0.09523262374431098, 0.13676127975192878, 0.197216034515267, 0.27995680052549776, 0.378173531271331, 0.47933025081488717, 0.5733186249259158, 0.6513273845886574, 0.7121223829581055, 0.7560500839166184, 0.7872174110954288, 0.808755860735336, 0.8227348581927706, 0.8342881681001583, 0.8415320926414366, 0.848288743861038, 0.8522970238193781, 0.8550850286992124, 0.8594494607577841, 0.8640660066678334, 0.8673753037252863, 0.8699347547380167, 0.8725625737427855, 0.8738985569688473, 0.8774276004226099, 0.8791013501536209, 0.8804803798931882, 0.8835757655037324, 0.8840776812456043, 0.8864484321965738, 0.8876760835318696, 0.8904652994389379, 0.8923815848969381]","[0.0012848700862377882, -0.0016195049975067377, -0.0026990242768079042, -0.00017895946803037077, 0.0014448303263634443, 0.0004931928124278784, 0.001539622200652957, -0.00010417428711662069, 0.0005711267585866153, 0.0008449309389106929, 6.230240251170471e-05, 0.00020658568246290088, 0.0006935360725037754, 0.0005304978112690151, -0.001130941673181951, -0.0011430609738454223, -0.0019566838163882494, -0.001345100230537355, -5.247382432571612e-05, 0.0025584285613149405, 0.007086812052875757, 0.016479292884469032, 0.03266020491719246, 0.060480475425720215, 0.11019281297922134, 0.1954413801431656, 0.3216763734817505, 0.49617400765419006, 0.7041864395141602, 0.9185657501220703, 1.117421269416809, 1.2816712856292725, 1.408643126487732, 1.4990869760513306, 1.5618970394134521, 1.603854775428772, 1.629441738128662, 1.6497756242752075, 1.6607770919799805, 1.6707231998443604, 1.6747175455093384, 1.6760692596435547, 1.6808348894119263, 1.6861464977264404, 1.6886271238327026, 1.6894837617874146, 1.690488576889038, 1.6886957883834839, 1.6916522979736328, 1.6905909776687622, 1.6888914108276367, 1.690908670425415, 1.6873096227645874, 1.6877577304840088, 1.6857303380966187, 1.687084674835205, 1.6865485906600952]"
55,JG075A,84,S075_WT,5.0,False,D12,100000.0,EVAGREEN,JG075A_084,STANDARD,,56,L-MMMMx,0.3162277660168379,D12,-0.5000000000000001,25.772277227722775,6.485148514851488,"[3, 4, 5, 6, 7, 8, 9, 10, 11, 12, 13, 14, 15, 16, 17, 18, 19, 20, 21, 22, 23, 24, 25, 26, 27, 28, 29, 30, 31, 32, 33, 34, 35, 36, 37, 38, 39, 40, 41, 42, 43, 44, 45, 46, 47, 48, 49, 50, 51, 52, 53, 54, 55, 56, 57, 58]","[-0.007549758803971888, -0.006006524780789277, -0.003971943980687529, -0.0014771453082541154, 0.0010421216189788224, 0.003544158931471038, 0.005942102948516907, 0.008476989374736043, 0.011133928079817374, 0.013319557004035872, 0.015361293874157729, 0.017248734865307556, 0.019939252052790932, 0.02246505577475378, 0.02438796059752249, 0.02658797047014678, 0.028598372010584433, 0.03151990640465927, 0.035245920685725456, 0.03862031045701512, 0.04421667373122156, 0.05346480706003556, 0.06777934163137452, 0.09007449062921576, 0.12558346053591835, 0.17827176002977915, 0.25138469438826355, 0.34224900356197513, 0.44126440676874495, 0.5384333787702494, 0.6241825290935875, 0.6949165931139643, 0.7467429990205955, 0.7861622657730551, 0.8139812127427644, 0.8325426271609215, 0.8461331050629567, 0.8546624799666164, 0.8617899257066444, 0.8660676041778953, 0.8726517390633197, 0.8763322710147389, 0.881079277585924, 0.8830113063979683, 0.8860859944521466, 0.8895823401705867, 0.890743495101388, 0.8914708820955858, 0.8937517968444566, 0.8961758329937296, 0.8993268157636608, 0.901548610364827, 0.9020492049860799, 0.9041012355876922, 0.9074609554154406, 0.9097406591370774]","[0.38254493474960327, 0.3372252881526947, 0.2929697036743164, 0.24971076846122742, 0.20650483667850494, 0.16326157748699188, 0.1197928935289383, 0.07662077248096466, 0.033712971955537796, -0.010215498507022858, -0.054455582052469254, -0.09902980923652649, -0.14186489582061768, -0.1850566864013672, -0.22955411672592163, -0.27345144748687744, -0.3177593946456909, -0.36009418964385986, -0.40068677067756653, -0.4420408606529236, -0.47858303785324097, -0.5072169303894043, -0.5248790383338928, -0.5252582430839539, -0.4970215857028961, -0.4315813183784485, -0.3219093978404999, -0.17379502952098846, -0.00802864320576191, 0.1537391096353531, 0.2907760739326477, 0.3952963054180145, 0.4588700532913208, 0.49557486176490784, 0.5071579813957214, 0.49869295954704285, 0.4794628620147705, 0.44927242398262024, 0.4160459637641907, 0.37664803862571716, 0.3422450125217438, 0.3015539050102234, 0.26317235827445984, 0.21869468688964844, 0.17669156193733215, 0.13560158014297485, 0.08945450186729431, 0.04236805811524391, -0.0013540619984269142, -0.04476623982191086, -0.08660413324832916, -0.13045428693294525, -0.17803187668323517, -0.22224967181682587, -0.263635516166687, -0.3073602616786957]"
56,JG075A,85,S075_WT,5.0,False,D13,100000.0,EVAGREEN,JG075A_085,STANDARD,,57,L-MMMMx,0.1778279410038923,D13,-0.75,24.345234523452344,5.058105810581058,"[3, 4, 5, 6, 7, 8, 9, 10, 11, 12, 13, 14, 15, 16, 17, 18, 19, 20, 21, 22, 23, 24, 25, 26, 27, 28, 29, 30, 31, 32, 33, 34, 35, 36, 37, 38, 39, 40, 41, 42, 43, 44, 45, 46, 47, 48, 49, 50, 51, 52, 53, 54, 55, 56]","[-0.008557488281625704, -0.006525838717897577, -0.0036641951252217985, -0.00156266378541269, 0.0008154909456929562, 0.003791686705382932, 0.006665564425458473, 0.009037443833623409, 0.0117536540648136, 0.01442321222414193, 0.015921707048025747, 0.017982187316931044, 0.020482765892073006, 0.023040111368816788, 0.025446147249654626, 0.02773263547613731, 0.02979896445611673, 0.03328398431758264, 0.03830526103396156, 0.04606058310988849, 0.057854336969951785, 0.07512834686814526, 0.10168965581683972, 0.14259050429692416, 0.20062727804716024, 0.27388176497531164, 0.361823067255925, 0.45547339962854216, 0.5450788459923317, 0.6224415226256425, 0.6858284495563739, 0.7366056104579798, 0.7743205215184196, 0.8000458225870148, 0.8189179205374296, 0.8312737011275337, 0.8410423972652913, 0.8486386206383288, 0.8549957429640385, 0.8609076476411123, 0.8656183233952723, 0.8676801523081429, 0.8695244366924022, 0.8706961605881562, 0.8749791235418837, 0.8800219510383616, 0.8824817675377351, 0.8827455512880148, 0.8822627917951198, 0.8838951464133991, 0.8884672145959388, 0.8925636793556037, 0.8940109669938243, 0.895954115237746]","[0.3633714020252228, 0.3182733952999115, 0.2749728262424469, 0.23002617061138153, 0.18567855656147003, 0.1426260620355606, 0.09935197979211807, 0.05499077960848808, 0.01137525960803032, -0.03234129026532173, -0.0785938948392868, -0.12362946569919586, -0.16771195828914642, -0.21167151629924774, -0.25595876574516296, -0.3005048930644989, -0.3455277681350708, -0.3874783515930176, -0.42610201239585876, -0.45880481600761414, -0.4827619791030884, -0.49485108256340027, -0.4868275821208954, -0.4477503299713135, -0.37156346440315247, -0.2624210715293884, -0.12147287279367447, 0.03183882683515549, 0.1763909012079239, 0.2944300174713135, 0.38220319151878357, 0.442668616771698, 0.47484639286994934, 0.4810594320297241, 0.47243115305900574, 0.44969111680984497, 0.4213484823703766, 0.38830113410949707, 0.35257038474082947, 0.31587547063827515, 0.2765791714191437, 0.2315465211868286, 0.18604275584220886, 0.13908249139785767, 0.09885993599891663, 0.06028294563293457, 0.016112180426716805, -0.03281432390213013, -0.0833575427532196, -0.12932026386260986, -0.1689167320728302, -0.2095431685447693, -0.2559066712856293, -0.3011963367462158]"
57,JG075A,86,S075_WT,5.0,False,D14,100000.0,EVAGREEN,JG075A_086,STANDARD,,58,L-MMMMx,0.1,D14,-1.0,22.86138613861386,3.574257425742573,"[3, 4, 5, 6, 7, 8, 9, 10, 11, 12, 13, 14, 15, 16, 17, 18, 19, 20, 21, 22, 23, 24, 25, 26, 27, 28, 29, 30, 31, 32, 33, 34, 35, 36, 37, 38, 39, 40, 41, 42, 43, 44, 45, 46, 47, 48, 49, 50, 51, 52, 53, 54]","[-0.00876041963359738, -0.006525386302893902, -0.0039072555159985435, -0.001158801684698518, 0.0015228117002790715, 0.0037264408929327656, 0.00632765858356906, 0.008774951960407446, 0.010970860854443293, 0.014122091334490498, 0.015762193774733767, 0.018119527094415524, 0.020313068980675485, 0.022622525439588093, 0.025865890321144194, 0.029284124782980134, 0.03403309927342082, 0.04050844813286642, 0.05031607604386797, 0.06505649311311519, 0.08858918808922238, 0.12506001637666625, 0.1786083378702129, 0.2498171520897314, 0.33460361833194124, 0.4260024584128087, 0.5176612014521372, 0.600396490316468, 0.6696208437493717, 0.7231972390560741, 0.7648398417170891, 0.7966991608668439, 0.8184410630820921, 0.8341265080058602, 0.8472349970686949, 0.8571205022878575, 0.8620368324850569, 0.8675394099569806, 0.8712568231923495, 0.8756853296009474, 0.8785604183482572, 0.8811406770107384, 0.8842676594227559, 0.887038269547772, 0.8877558582307115, 0.8893903046233043, 0.8916489805084203, 0.8935598713905591, 0.8950938025227156, 0.8971387871476927, 0.8975586833177958, 0.9008798704608205]","[0.3271498382091522, 0.28114885091781616, 0.23597747087478638, 0.19108833372592926, 0.1460544466972351, 0.09998544305562973, 0.05477745085954666, 0.009236120618879795, -0.03684961050748825, -0.0808664932847023, -0.1281558722257614, -0.17389202117919922, -0.21998287737369537, -0.26582270860671997, -0.3096400797367096, -0.3530787229537964, -0.3936355412006378, -0.43045368790626526, -0.4600554406642914, -0.47897475957870483, -0.4788534641265869, -0.4507133364677429, -0.3855901062488556, -0.2822212874889374, -0.14944864809513092, -0.0023562260903418064, 0.145299032330513, 0.27362963557243347, 0.37270092964172363, 0.4378849267959595, 0.47722509503364563, 0.4953785240650177, 0.4916216731071472, 0.4747489094734192, 0.4522955119609833, 0.42286238074302673, 0.38266801834106445, 0.3437432050704956, 0.3009524643421173, 0.2597016394138336, 0.21508675813674927, 0.16983337700366974, 0.12576398253440857, 0.08092282712459564, 0.031635645776987076, -0.015665989369153976, -0.06161579117178917, -0.1083187535405159, -0.15583807229995728, -0.2022506445646286, -0.2521825134754181, -0.2958313226699829]"
66,JG075A,104,S075_WT,4.0,False,E8,10000.0,EVAGREEN,JG075A_104,STANDARD,,67,L-MMMMx,3.1622776601683795,E8,0.5,31.58745874587459,10.055605560556057,"[3, 4, 5, 6, 7, 8, 9, 10, 11, 12, 13, 14, 15, 16, 17, 18, 19, 20, 21, 22, 23, 24, 25, 26, 27, 28, 29, 30, 31, 32, 33, 34, 35, 36, 37, 38, 39, 40, 41, 42, 43, 44, 45, 46, 47, 48, 49, 50, 51, 52, 53, 54, 55, 56, 57, 58, 59, 60, 61, 62, 63, 64]","[-0.007078963365641751, -0.006633250296773921, -0.0034248538266045425, 0.0004610573343917161, 0.0019263452410476084, 0.0023264796485565936, 0.00426726088470246, 0.008155924380321837, 0.010826789898596149, 0.01187625509039128, 0.013612482817346968, 0.01581346976876247, 0.01689475194880085, 0.017634029028570513, 0.019795162174643256, 0.02099314334270187, 0.021625629839094527, 0.023174808905063075, 0.02468562042638535, 0.026294580200368033, 0.027538745543402576, 0.02981988047904329, 0.030678003367839216, 0.03206204235642065, 0.03487140535293028, 0.039498024807700226, 0.0437196657460245, 0.05419807888969941, 0.06996752506616509, 0.09377610030322057, 0.13382735813184077, 0.19129599496917268, 0.26751072787787306, 0.3507554188342506, 0.4333002461426615, 0.5072225595437664, 0.5647074902020672, 0.6045499559261776, 0.6335177273675765, 0.6566120167232402, 0.6724783450784397, 0.6822080681579339, 0.6865737112437397, 0.6953528880377936, 0.7000631234184139, 0.705061913560922, 0.7057723461738413, 0.7076368877409268, 0.7094556304598836, 0.7130938865514916, 0.7166463798962434, 0.7181838340167174, 0.7213017887711711, 0.724078564125743, 0.7220809196562835, 0.7222994550253591, 0.7242537227011583, 0.7286696784638748, 0.731077310698794, 0.7331748098683802, 0.7346180240513587, 0.7349782496068324]","[-0.004326224327087402, -0.007008067332208157, -0.0037070345133543015, 0.0010612261248752475, 0.0005873775226064026, -0.0021931708324700594, -0.0016372895333915949, 0.003136931685730815, 0.0052738855592906475, 0.0038995302747935057, 0.004012429621070623, 0.005131813231855631, 0.003826360683888197, 0.0017802608199417591, 0.002813336905092001, 0.0017606079345569015, -0.000516757951118052, -0.0008089315961115062, -0.001184194115921855, -0.0013469064142554998, -0.002299618674442172, -0.001006666454486549, -0.002795393578708172, -0.003445195034146309, -0.001008310355246067, 0.005364030599594116, 0.010859348811209202, 0.029904352501034737, 0.06040763482451439, 0.10832047462463379, 0.19140852987766266, 0.3122157156467438, 0.4736194908618927, 0.6502473950386047, 0.8253596425056458, 0.9817989468574524, 1.1026414632797241, 1.1852773427963257, 1.2443629503250122, 1.2907289266586304, 1.3214420080184937, 1.3388656377792358, 1.3446727991104126, 1.360037922859192, 1.3665913343429565, 1.3737696409225464, 1.3716610670089722, 1.3720518350601196, 1.3723434209823608, 1.3765753507614136, 1.3806216716766357, 1.3803040981292725, 1.3834092617034912, 1.3857755661010742, 1.3778023719787598, 1.3746285438537598, 1.375213623046875, 1.3811297416687012, 1.3826966285705566, 1.383591890335083, 1.3830702304840088, 1.3802032470703125]"
67,JG075A,105,S075_WT,4.0,False,E9,10000.0,EVAGREEN,JG075A_105,STANDARD,,68,L-MMMMx,1.7782794100389228,E9,0.25,30.838983898389838,9.307130713071306,"[3, 4, 5, 6, 7, 8, 9, 10, 11, 12, 13, 14, 15, 16, 17, 18, 19, 20, 21, 22, 23, 24, 25, 26, 27, 28, 29, 30, 31, 32, 33, 34, 35, 36, 37, 38, 39, 40, 41, 42, 43, 44, 45, 46, 47, 48, 49, 50, 51, 52, 53, 54, 55, 56, 57, 58, 59, 60, 61, 62]","[-0.008524269322933802, -0.005329304245725242, -0.0036927660788189094, -0.0010915896732019614, 0.0014594391955817653, 0.0030508941213614155, 0.005663245005548225, 0.00846435099818851, 0.011202978994884002, 0.012967831001920125, 0.015062412696805859, 0.016331183911371082, 0.0180819990118293, 0.019441211942110202, 0.02218837217613736, 0.023809882596001464, 0.026095035940191934, 0.02724666779319723, 0.028497548832712178, 0.029989204105057548, 0.03233628497826819, 0.034235120634757726, 0.03551941501659733, 0.03766271303431227, 0.04098257905671795, 0.04587402814892437, 0.05364485963045256, 0.06614976171043725, 0.0867292429209575, 0.12130016214140882, 0.1754375933376878, 0.25020669000894136, 0.3417931016943743, 0.43776695495582824, 0.526707987741597, 0.602533485487896, 0.6588883075499442, 0.7005815531680245, 0.7278505836800346, 0.7455122048632019, 0.7612329897635308, 0.7711563671071077, 0.7780357724509002, 0.7835406618839073, 0.7884437808749157, 0.7916893338624972, 0.7956711914084553, 0.8003685458630394, 0.8030906048053038, 0.8067019981109902, 0.8083944637174383, 0.809056014867451, 0.8100143777832209, 0.8146940072028321, 0.8149258638714837, 0.8151385642911583, 0.8170044269788629, 0.8177962186032417, 0.8204809558880165, 0.821754516164826]","[-0.004816324915736914, -0.002150231972336769, -0.0028590732254087925, -0.0014788908883929253, -0.00020730825781356543, -0.001013781875371933, 0.0003905998601112515, 0.0022037504240870476, 0.0038815983571112156, 0.0034506337251514196, 0.003733732970431447, 0.002228454453870654, 0.0017670918023213744, 0.0004576740902848542, 0.0021539994049817324, 0.0014126140158623457, 0.0021084158215671778, 0.00034945993684232235, -0.0011945615988224745, -0.002217161701992154, -0.001387249561958015, -0.0015280585503205657, -0.0029997199308127165, -0.0026111204642802477, 0.0003254582406952977, 0.006665462162345648, 0.01924106664955616, 0.042068786919116974, 0.08238284289836884, 0.15299679338932037, 0.26598405838012695, 0.4236513078212738, 0.6177381873130798, 0.8213265538215637, 1.0096845626831055, 1.1696395874023438, 1.287428855895996, 1.373466968536377, 1.4282678365707397, 1.4622629880905151, 1.492055058479309, 1.5092922449111938, 1.5199373960494995, 1.5276058912277222, 1.5339710712432861, 1.5367467403411865, 1.5411169528961182, 1.5470366477966309, 1.5486786365509033, 1.5522464513778687, 1.5516587495803833, 1.548838496208191, 1.5466610193252563, 1.5525423288345337, 1.5487914085388184, 1.544999122619629, 1.5447869300842285, 1.5422487258911133, 1.5438098907470703, 1.542314887046814]"
68,JG075A,106,S075_WT,4.0,False,E10,10000.0,EVAGREEN,JG075A_106,STANDARD,,69,L-MMMMx,1.0,E10,0.0,30.51275127512751,8.980898089808978,"[3, 4, 5, 6, 7, 8, 9, 10, 11, 12, 13, 14, 15, 16, 17, 18, 19, 20, 21, 22, 23, 24, 25, 26, 27, 28, 29, 30, 31, 32, 33, 34, 35, 36, 37, 38, 39, 40, 41, 42, 43, 44, 45, 46, 47, 48, 49, 50, 51, 52, 53, 54, 55, 56, 57, 58, 59, 60, 61, 62, 63]","[-0.007207810470604771, -0.005478023206667178, -0.00403255210929774, -0.0013247777837274077, 0.0013966205982273616, 0.0026721900793116875, 0.005290430959591971, 0.008683921933166076, 0.010899221024621793, 0.012783359214223878, 0.014900124726171948, 0.016255291724556864, 0.017409923622301357, 0.019803023530410538, 0.022092800796767845, 0.024210254392371695, 0.025514668340306305, 0.027422173850858666, 0.028999344159944332, 0.031719696654742315, 0.034417012108744795, 0.03544847703210473, 0.03655664952141098, 0.039845138929113115, 0.04416842358506915, 0.04863323328734595, 0.05784015040517875, 0.07314847043888714, 0.09931706252188192, 0.14177628286557614, 0.20530445960916602, 0.29148154291970657, 0.39227611027355275, 0.49730608023883877, 0.5924054617438355, 0.669335966794624, 0.7263980287614289, 0.7659170401206304, 0.7934354321494951, 0.8113225245849882, 0.8227428416833867, 0.8319538047331155, 0.8392430877489829, 0.8470975902030539, 0.8517228334905123, 0.8535413560226992, 0.858101534119667, 0.8617467260945254, 0.8641924506406286, 0.8671808254810258, 0.8686515630102355, 0.8709378723349677, 0.8730976843604213, 0.8756936863769469, 0.878904670041662, 0.880434857998731, 0.8830335022564947, 0.8853554818379424, 0.8859481145289924, 0.8870767919112409, 0.8905710458553673]","[-0.0009770083706825972, -0.0016283822478726506, -0.0028954721055924892, -0.0014289142563939095, 6.71480011078529e-05, -0.0015678813215345144, -0.0002952173526864499, 0.0026563305873423815, 0.0030563827604055405, 0.002739271614700556, 0.0029259389266371727, 0.0014632863458245993, -0.00043364588054828346, 0.0003514521522447467, 0.00091279431944713, 0.0011009518057107925, -0.00047161185648292303, -0.0007381186005659401, -0.0017200002912431955, -0.0002262030029669404, 0.0012177051976323128, -0.0009459577850066125, -0.0029435025062412024, -0.00021934628603048623, 0.004745766054838896, 0.010017365217208862, 0.025558486580848694, 0.054312825202941895, 0.10658620297908783, 0.19413861632347107, 0.3273180425167084, 0.5095459818840027, 0.7234296202659607, 0.9464854598045349, 1.1480355262756348, 1.3102390766143799, 1.4294154644012451, 1.5106005668640137, 1.5657970905303955, 1.6001360416412354, 1.620470404624939, 1.636020302772522, 1.6474086046218872, 1.6600209474563599, 1.6656399965286255, 1.6651808023452759, 1.6706589460372925, 1.674155592918396, 1.6750545501708984, 1.677128791809082, 1.6759164333343506, 1.6764702796936035, 1.6767501831054688, 1.6779747009277344, 1.6805310249328613, 1.6794474124908447, 1.6806776523590088, 1.681308627128601, 1.6781946420669556, 1.6762415170669556, 1.6794112920761108]"
69,JG075A,107,S075_WT,4.0,False,E11,10000.0,EVAGREEN,JG075A_107,STANDARD,,70,L-MMMMx,0.5623413251903491,E11,-0.25,28.356135613561356,6.8242824282428245,"[3, 4, 5, 6, 7, 8, 9, 10, 11, 12, 13, 14, 15, 16, 17, 18, 19, 20, 21, 22, 23, 24, 25, 26, 27, 28, 29, 30, 31, 32, 33, 34, 35, 36, 37, 38, 39, 40, 41, 42, 43, 44, 45, 46, 47, 48, 49, 50, 51, 52, 53, 54, 55, 56, 57, 58, 59, 60]","[-0.007992268843422063, -0.006693166901310074, -0.0036472820289627345, -0.0007755924149125728, 0.0013966326396913377, 0.0037552182716266104, 0.005942388503234055, 0.008014070774055443, 0.011000684120293923, 0.01331041581266884, 0.01592956496337475, 0.0180133024598454, 0.020178976958046286, 0.022055986600974496, 0.023470824213988623, 0.025408082461816896, 0.027296073919891348, 0.02933541625889109, 0.031183141061429314, 0.032595198816474096, 0.03555698610441204, 0.039376566000991146, 0.04413926087952807, 0.05054410868760249, 0.06136061861638129, 0.08001784180276927, 0.11002613334843815, 0.15753079590650226, 0.22807500388457627, 0.31799983115803254, 0.41971186173514907, 0.5211420532468583, 0.6108523085130962, 0.6818367248907918, 0.73629717007844, 0.7723444966374247, 0.8001162135450011, 0.8185261394655019, 0.8297512609924288, 0.8368998446623623, 0.8453033828270531, 0.8517247996895587, 0.8554819566368854, 0.8602630921573973, 0.863072455153907, 0.8660282423523664, 0.8688235133956057, 0.8714776447193715, 0.8744425696687798, 0.8770895449225254, 0.8792613571269359, 0.8801218470235077, 0.8819955263415419, 0.8837400661190594, 0.8864717031858121, 0.8873544319461388, 0.8875328933231018, 0.8910105231661046]","[-0.0014676330611109734, -0.003394543193280697, -0.001538614509627223, -5.992380465613678e-05, -9.599570330465212e-05, 0.00027151545509696007, 0.00026780887856148183, 1.4001201634528115e-05, 0.001741571119055152, 0.002003283938392997, 0.0029350724071264267, 0.002707371488213539, 0.002657113829627633, 0.0019817224238067865, 0.0003054498811252415, -0.00023946685541886836, -0.0008910759352147579, -0.0012149190297350287, -0.001953729661181569, -0.0036360223311930895, -0.0019622156396508217, 0.0015692291781306267, 0.00714308675378561, 0.016273196786642075, 0.03495721518993378, 0.07062110304832458, 0.1308669000864029, 0.2290029078722, 0.37703341245651245, 0.5670346617698669, 0.7825623154640198, 0.9974795579910278, 1.1870161294937134, 1.3359999656677246, 1.4491994380950928, 1.5225234031677246, 1.577925682067871, 1.6130540370941162, 1.6326229572296143, 1.64336359500885, 1.6568220853805542, 1.6659880876541138, 1.6693843603134155, 1.674998164176941, 1.6763418912887573, 1.6780027151107788, 1.6793159246444702, 1.6803234815597534, 1.6820040941238403, 1.682996153831482, 1.6829590797424316, 1.6800823211669922, 1.6793997287750244, 1.6784374713897705, 1.6796128749847412, 1.6767842769622803, 1.6724305152893066, 1.6752214431762695]"
70,JG075A,108,S075_WT,4.0,False,E12,10000.0,EVAGREEN,JG075A_108,STANDARD,,71,L-MMMMx,0.3162277660168379,E12,-0.5000000000000001,28.042604260426042,6.51075107510751,"[3, 4, 5, 6, 7, 8, 9, 10, 11, 12, 13, 14, 15, 16, 17, 18, 19, 20, 21, 22, 23, 24, 25, 26, 27, 28, 29, 30, 31, 32, 33, 34, 35, 36, 37, 38, 39, 40, 41, 42, 43, 44, 45, 46, 47, 48, 49, 50, 51, 52, 53, 54, 55, 56, 57, 58, 59, 60]","[-0.010138444771027296, -0.006814340153302011, -0.0038497317223753643, -0.0007268090039269348, 0.0017206082279694914, 0.00475672231240476, 0.006183298632586489, 0.008868696477670867, 0.01222212722080548, 0.01483260651744857, 0.01672335031014614, 0.018565515396745665, 0.02111841585307311, 0.023028136992997085, 0.02473955242332536, 0.02681621641981459, 0.029115145198793768, 0.03141754191939807, 0.03326466120831921, 0.03574814778545161, 0.03838443021918644, 0.04183916063812493, 0.04702277005057539, 0.05471403153814922, 0.06738443149902203, 0.08743400572455326, 0.12132025418415758, 0.17204492806450064, 0.24272413805583862, 0.33301499831082343, 0.43409151482346187, 0.5342061454320128, 0.6209542280834656, 0.6903771899827735, 0.7410084221026617, 0.7771547226146936, 0.80277609552792, 0.8213423540550139, 0.833019408927057, 0.8431384222156451, 0.849372129856854, 0.8541692289181799, 0.8618472516762166, 0.8660182496574754, 0.867724697123809, 0.8699097205344104, 0.8717617114556144, 0.8760977394208755, 0.8790745544558557, 0.8813613041541275, 0.8837483489260659, 0.8862938180789109, 0.8895671145994934, 0.8886259262517717, 0.889194668678293, 0.8931891869635176, 0.8979246337292855, 0.8975408481894379]","[0.4000012278556824, 0.36083850264549255, 0.3208972215652466, 0.28129878640174866, 0.24023748934268951, 0.2004510760307312, 0.15717902779579163, 0.1166331022977829, 0.07753386348485947, 0.03682569041848183, -0.00544114550575614, -0.047813184559345245, -0.0886460542678833, -0.13087178766727448, -0.17352698743343353, -0.21539118885993958, -0.25677406787872314, -0.2981494069099426, -0.3405107259750366, -0.3814939260482788, -0.422146201133728, -0.46102607250213623, -0.49616187810897827, -0.5258671045303345, -0.5447894930839539, -0.5477314591407776, -0.5207087397575378, -0.4572206735610962, -0.35051900148391724, -0.2013462632894516, -0.028816087171435356, 0.14163103699684143, 0.28313151001930237, 0.38711267709732056, 0.45039838552474976, 0.4823154807090759, 0.4914397597312927, 0.4852854907512665, 0.46421191096305847, 0.43976423144340515, 0.406902551651001, 0.3709297180175781, 0.34119582176208496, 0.3038671314716339, 0.2612011730670929, 0.21957162022590637, 0.17722086608409882, 0.14024955034255981, 0.10033470392227173, 0.058925461024045944, 0.017733415588736534, -0.023115545511245728, -0.06238831952214241, -0.11078799515962601, -0.15591776371002197, -0.19362865388393402, -0.22973500192165375, -0.27692756056785583]"
71,JG075A,109,S075_WT,4.0,False,E13,10000.0,EVAGREEN,JG075A_109,STANDARD,,72,L-MMMMx,0.1778279410038923,E13,-0.75,26.85278527852785,5.3209320932093185,"[3, 4, 5, 6, 7, 8, 9, 10, 11, 12, 13, 14, 15, 16, 17, 18, 19, 20, 21, 22, 23, 24, 25, 26, 27, 28, 29, 30, 31, 32, 33, 34, 35, 36, 37, 38, 39, 40, 41, 42, 43, 44, 45, 46, 47, 48, 49, 50, 51, 52, 53, 54, 55, 56, 57, 58, 59]","[-0.00882640685618665, -0.005410332977029855, -0.0037978777380758095, -0.0007144923064884789, 0.0011176267587366636, 0.0030311461204405392, 0.005818531724984578, 0.008781805273619011, 0.011209859831441798, 0.012783176872055097, 0.01580207510342276, 0.017464609070844447, 0.019740487047355003, 0.021344767852478387, 0.022959067155629922, 0.025668644260378397, 0.028192122259584704, 0.03027917631927621, 0.0329733265884621, 0.036085845482035146, 0.040123162570649164, 0.046826074456734215, 0.05521404816913118, 0.06887382985697645, 0.09137156444475233, 0.12679642300537244, 0.17806473802047387, 0.2468002493009655, 0.33246093958951656, 0.42823106504216724, 0.522296614616028, 0.6060449828084363, 0.6744529387454306, 0.7271425868832567, 0.7652463477792506, 0.7928512181619736, 0.8132217971745992, 0.8259871251566233, 0.8345447940602087, 0.8424348566776103, 0.8494007954219538, 0.854193050374343, 0.857168654382089, 0.8615276918647993, 0.8648146399651125, 0.8679334754666456, 0.8689179305146427, 0.8703034557639205, 0.8716589255191141, 0.8721719606928634, 0.874773687565405, 0.880280008212416, 0.8833974124999451, 0.8840709638289147, 0.8848331403327487, 0.8865978271997075, 0.8883486423001656]","[0.38586270809173584, 0.346506804227829, 0.3032449781894684, 0.263168603181839, 0.22038249671459198, 0.1777726709842682, 0.13705527782440186, 0.09671879559755325, 0.055223241448402405, 0.011876665987074375, -0.028339356184005737, -0.07149272412061691, -0.1133178323507309, -0.15659736096858978, -0.19985517859458923, -0.2407410740852356, -0.28202998638153076, -0.3242639899253845, -0.3651832938194275, -0.40519657731056213, -0.44320711493492126, -0.4754450023174286, -0.5040337443351746, -0.5212058424949646, -0.5192384123802185, -0.4892760217189789, -0.42500293254852295, -0.3229028582572937, -0.18414956331253052, -0.02350323088467121, 0.1334516555070877, 0.26806363463401794, 0.36945435404777527, 0.43680545687675476, 0.4725693464279175, 0.48559677600860596, 0.4829576015472412, 0.4638484716415405, 0.4356272518634796, 0.40596023201942444, 0.37429192662239075, 0.3379162847995758, 0.297606498003006, 0.2602927088737488, 0.22065716981887817, 0.18065756559371948, 0.13603575527668, 0.0922824889421463, 0.04846414551138878, 0.002821417758241296, -0.03829803317785263, -0.07312728464603424, -0.11312998086214066, -0.15842509269714355, -0.2035282850265503, -0.246460422873497, -0.2894226014614105]"
72,JG075A,110,S075_WT,4.0,False,E14,10000.0,EVAGREEN,JG075A_110,STANDARD,,73,L-MMMMx,0.1,E14,-1.0,25.172717271727173,3.640864086408641,"[3, 4, 5, 6, 7, 8, 9, 10, 11, 12, 13, 14, 15, 16, 17, 18, 19, 20, 21, 22, 23, 24, 25, 26, 27, 28, 29, 30, 31, 32, 33, 34, 35, 36, 37, 38, 39, 40, 41, 42, 43, 44, 45, 46, 47, 48, 49, 50, 51, 52, 53, 54, 55, 56, 57, 58]","[-0.009590069620717142, -0.007048976679922873, -0.004531526293541194, -0.001455255646954625, 0.0018728398559741824, 0.005051772584003076, 0.007146890984140318, 0.008554324817018257, 0.010943186129807835, 0.01388028497617641, 0.016006559804247356, 0.018789748098491137, 0.019813437676540764, 0.021807517872663322, 0.02498159273008241, 0.027535346410143026, 0.029945373176184384, 0.033503646423644604, 0.037582179723239816, 0.04267050331103791, 0.04907614929615304, 0.06027857782411242, 0.07850570744061876, 0.10656409376086613, 0.1494216594945643, 0.20997447994052426, 0.28895748348981115, 0.3786971612131702, 0.47235773227058536, 0.562050812968775, 0.6400394255420754, 0.7013214219997381, 0.7490047936448814, 0.7846308478664514, 0.8102925700052527, 0.8313561868759796, 0.845330780598017, 0.8534608467945547, 0.8605722189003837, 0.8662805609087317, 0.8696802446352079, 0.8711057337832134, 0.8753637055385629, 0.8799072595344071, 0.8810359369166556, 0.8841328638345887, 0.8864421826767701, 0.8889211554251206, 0.8917782989506876, 0.8949418323665002, 0.8946487637758305, 0.8956927793450717, 0.8987865135548421, 0.9011737785135502, 0.9031343215122901, 0.9090511803916855]","[0.36390113830566406, 0.320989727973938, 0.27802708745002747, 0.23627465963363647, 0.19506756961345673, 0.15353745222091675, 0.10966022312641144, 0.0642937496304512, 0.02105265110731125, -0.0210011787712574, -0.06481093168258667, -0.1071980744600296, -0.15339559316635132, -0.1974916309118271, -0.23903225362300873, -0.2819162607192993, -0.3251115083694458, -0.36582013964653015, -0.4054020643234253, -0.4427972137928009, -0.4773395359516144, -0.5014939308166504, -0.5104356408119202, -0.49808672070503235, -0.45368868112564087, -0.3709697127342224, -0.24833829700946808, -0.10241219401359558, 0.05200501158833504, 0.1978302001953125, 0.31830817461013794, 0.40260621905326843, 0.4574550688266754, 0.4861925542354584, 0.4933512210845947, 0.49055224657058716, 0.4724012315273285, 0.44159331917762756, 0.4085793197154999, 0.3725268840789795, 0.33147484064102173, 0.28614744544029236, 0.24695411324501038, 0.20837922394275665, 0.16240906715393066, 0.120701365172863, 0.07728800922632217, 0.03424206003546715, -0.007984921336174011, -0.04954838380217552, -0.09859747439622879, -0.14475096762180328, -0.18646559119224548, -0.2297101467847824, -0.273878812789917, -0.30947965383529663]"
125,JG075A,200,S075_SNV,8.0,False,I8,100000000.0,EVAGREEN,JG075A_200,STANDARD,,126,L-MMMMx,3.1622776601683795,I8,0.5,10.652565256525651,0.5888588858885875,"[3, 4, 5, 6, 7, 8, 9, 10, 11, 12, 13, 14, 15, 16, 17, 18, 19, 20, 21, 22, 23, 24, 25, 26, 27, 28, 29, 30, 31, 32, 33, 34, 35, 36, 37, 38, 39, 40, 41, 42]","[-0.020416625570870324, -0.018827757839636406, -0.015281980191365147, -0.010300089383443053, -0.004296807196881638, 0.0038453692719977216, 0.01925959914200372, 0.04601829176819513, 0.0854472467385282, 0.13889197035686068, 0.20859176207256191, 0.2873426612430812, 0.36596177863184554, 0.4369333691301974, 0.49611715081127195, 0.5424398232654378, 0.577143239874646, 0.6052566866490289, 0.6252718842151174, 0.6397623755389122, 0.6481588677269678, 0.6539394309958264, 0.6602415066290737, 0.6642712547974741, 0.6690148484737265, 0.6739596928576215, 0.6759956498250348, 0.6753894756476392, 0.6790789251632372, 0.6827728885076172, 0.6821930266492185, 0.6839966865744406, 0.6864104840389157, 0.6893347845292868, 0.6921638542416979, 0.6932438703478097, 0.6930423994533974, 0.6968761813966318, 0.6998463908285164, 0.7027767464550584]","[-0.175050288438797, -0.21560025215148926, -0.25191232562065125, -0.2851143181324005, -0.3161044120788574, -0.3424625098705292, -0.35307222604751587, -0.33911430835723877, -0.2977176606655121, -0.22596842050552368, -0.11901713907718658, 0.007535241078585386, 0.13380223512649536, 0.2435077279806137, 0.32768550515174866, 0.3840112090110779, 0.4151742160320282, 0.4320659637451172, 0.43142014741897583, 0.4188099801540375, 0.39300262928009033, 0.36153021454811096, 0.3311872184276581, 0.29592323303222656, 0.2622051537036896, 0.22892291843891144, 0.18934117257595062, 0.1440376341342926, 0.10803670436143875, 0.07204554975032806, 0.02679898776113987, -0.013285813853144646, -0.05204929783940315, -0.08970724046230316, -0.12757140398025513, -0.1692233383655548, -0.21365045011043549, -0.24933882057666779, -0.28689733147621155, -0.32454216480255127]"
126,JG075A,201,S075_SNV,8.0,False,I9,100000000.0,EVAGREEN,JG075A_201,STANDARD,,127,L-MMMMx,1.7782794100389228,I9,0.25,10.49054905490549,0.42684268426842564,"[3, 4, 5, 6, 7, 8, 9, 10, 11, 12, 13, 14, 15, 16, 17, 18, 19, 20, 21, 22, 23, 24, 25, 26, 27, 28, 29, 30, 31, 32, 33, 34, 35, 36, 37, 38, 39, 40, 41]","[-0.021730934161775045, -0.019651600400701387, -0.017354556970939048, -0.013338130102114504, -0.006502266692059706, 0.004663184220238073, 0.023092651716562985, 0.05082165239078863, 0.09489027288200523, 0.15827312635749444, 0.2386315540879924, 0.32697345867300065, 0.41675340305189595, 0.49799698159718886, 0.5607648534244885, 0.6115465281548763, 0.6511576876772598, 0.6800587425273943, 0.6980397446202282, 0.7107110528515267, 0.7194376050075866, 0.7274773946284859, 0.7343154048595468, 0.7392766531577954, 0.7439814939625544, 0.7487941161911548, 0.7519435576536969, 0.7525360802513619, 0.754516770339543, 0.7573318581920687, 0.7587024107409969, 0.761870898359131, 0.7628345457573773, 0.7637232195604898, 0.7667507876459203, 0.7682984804511924, 0.7709188131057862, 0.7729140355207774, 0.7761922862436815]","[-0.1795080602169037, -0.22527848184108734, -0.27057740092277527, -0.3121528625488281, -0.34762251377105713, -0.37371599674224854, -0.3840785026550293, -0.3743019104003906, -0.32914021611213684, -0.24215152859687805, -0.11840048432350159, 0.022639598697423935, 0.16679389774799347, 0.2924618124961853, 0.37811869382858276, 0.4378182291984558, 0.4733268618583679, 0.4856416583061218, 0.47430795431137085, 0.4514755308628082, 0.4201003611087799, 0.38723793625831604, 0.3517729341983795, 0.31224361062049866, 0.27215898036956787, 0.2323077917098999, 0.18885481357574463, 0.13986456394195557, 0.09388052672147751, 0.04970346391201019, 0.0023981123231351376, -0.041013624519109726, -0.08920016884803772, -0.13754908740520477, -0.18126599490642548, -0.22818772494792938, -0.27278655767440796, -0.318739116191864, -0.36191314458847046]"
127,JG075A,202,S075_SNV,8.0,False,I10,100000000.0,EVAGREEN,JG075A_202,STANDARD,,128,L-MMMMx,1.0,I10,0.0,10.510351035103511,0.44664466446644724,"[3, 4, 5, 6, 7, 8, 9, 10, 11, 12, 13, 14, 15, 16, 17, 18, 19, 20, 21, 22, 23, 24, 25, 26, 27, 28, 29, 30, 31, 32, 33, 34, 35, 36, 37, 38, 39]","[-0.02464139728982839, -0.020925552885194633, -0.017047981298106422, -0.01187937210935196, -0.004433095926581914, 0.00575288166338664, 0.0216196503921258, 0.05155486745355088, 0.09824563714021259, 0.16511944175828053, 0.2517450455190045, 0.34810686786893325, 0.4451492875244667, 0.5343104520333924, 0.6093042493032774, 0.6685503438402194, 0.7123549603943864, 0.743577554452429, 0.7677918238129322, 0.7860781148621625, 0.7953151700441184, 0.8035512561703386, 0.8103003109463802, 0.8161493523006621, 0.8194119697629069, 0.8240640758362869, 0.8268193829807985, 0.8295323041721141, 0.83277862781339, 0.8361603663181234, 0.840200132984552, 0.8438524810294304, 0.8459973203545342, 0.8461699467820962, 0.8479734966139334, 0.8525226653724088, 0.8585283696134386]","[-0.10942652821540833, -0.16342444717884064, -0.21707212924957275, -0.2679239511489868, -0.3138432204723358, -0.35382941365242004, -0.3815132677555084, -0.3787304162979126, -0.33966171741485596, -0.25688454508781433, -0.13133284449577332, 0.015303654596209526, 0.16341406106948853, 0.2944567799568176, 0.39481863379478455, 0.46107718348503113, 0.49389562010765076, 0.4994664192199707, 0.489859938621521, 0.46741583943367004, 0.4253746569156647, 0.3811657726764679, 0.3337365984916687, 0.28435832262039185, 0.22937889397144318, 0.17740854620933533, 0.12133048474788666, 0.06516062468290329, 0.01014590822160244, -0.04457555338740349, -0.09787198901176453, -0.15200741589069366, -0.2094075083732605, -0.2710786461830139, -0.3292178213596344, -0.3814111053943634, -0.43045011162757874]"
128,JG075A,203,S075_SNV,8.0,False,I11,100000000.0,EVAGREEN,JG075A_203,STANDARD,,129,L-MMMMx,0.5623413251903491,I11,-0.25,9.688468846884689,-0.37523752375237507,"[3, 4, 5, 6, 7, 8, 9, 10, 11, 12, 13, 14, 15, 16, 17, 18, 19, 20, 21, 22, 23, 24, 25, 26, 27, 28, 29, 30, 31, 32, 33, 34, 35, 36, 37]","[-0.03671801373973701, -0.03442668140431764, -0.02965162854332291, -0.023221817060216803, -0.011563973483843101, 0.00807153952098616, 0.03931441828520112, 0.08819615642525018, 0.15952444949075822, 0.24734886011992774, 0.3470619251069657, 0.44812600106710765, 0.5371006673819709, 0.6118545711661049, 0.6694416684856158, 0.7127334700528034, 0.7463279159956647, 0.768708800217016, 0.7832228515251849, 0.7944485235190365, 0.8032051311691809, 0.8102020061546881, 0.8169516113976544, 0.8180723620561883, 0.8218100324743833, 0.8278228927854332, 0.8299599154802074, 0.8319767161986439, 0.835392583652704, 0.8406520749307138, 0.8427110414155763, 0.8451903444440816, 0.8466908071872209, 0.8503445864461033, 0.8530785354739395]","[-0.18524052202701569, -0.2427522838115692, -0.2948852777481079, -0.34343472123146057, -0.38066235184669495, -0.4006134867668152, -0.3954276740550995, -0.352043092250824, -0.2600482106208801, -0.13232925534248352, 0.02113579958677292, 0.17752660810947418, 0.3077365458011627, 0.4071499705314636, 0.46938690543174744, 0.5006659030914307, 0.5109442472457886, 0.4969384968280792, 0.4658963084220886, 0.42773276567459106, 0.38422223925590515, 0.33690083026885986, 0.28904393315315247, 0.2289971560239792, 0.17461758852005005, 0.125165194272995, 0.06731925904750824, 0.00921297911554575, -0.04586347937583923, -0.09694737941026688, -0.15496234595775604, -0.21206703782081604, -0.27129149436950684, -0.32585272192955017, -0.38240596652030945]"
129,JG075A,204,S075_SNV,8.0,False,I12,100000000.0,EVAGREEN,JG075A_204,STANDARD,,130,L-MMMMx,0.3162277660168379,I12,-0.5000000000000001,10.007700770077008,-0.05600560056005577,"[3, 4, 5, 6, 7, 8, 9, 10, 11, 12, 13, 14, 15, 16, 17, 18, 19, 20, 21, 22, 23, 24, 25, 26, 27, 28, 29, 30, 31, 32, 33, 34, 35, 36, 37, 38]","[-0.03212732945389016, -0.02804230064458438, -0.023701538663771542, -0.017862639662575886, -0.00845498101900593, 0.007249991718913202, 0.031227174974980933, 0.07171162274993376, 0.1319983474845306, 0.21394052360386348, 0.3141145220702351, 0.417378924421483, 0.5135187434607109, 0.5987503447815178, 0.6664104914014107, 0.7182391542224329, 0.7577459452159078, 0.78594812725854, 0.8058097445526584, 0.8190092808448258, 0.8274833888692533, 0.836437063678413, 0.8429715464472363, 0.8476539282014706, 0.8519575887115638, 0.8553228132085584, 0.859601042146734, 0.864139091473332, 0.8679894975176901, 0.8690068704877796, 0.8689769250870801, 0.8717173696246269, 0.8737103901719195, 0.8780293536625172, 0.8799838415250862, 0.8845396158866571]","[-0.17120419442653656, -0.225578173995018, -0.2793983519077301, -0.32997414469718933, -0.3728214204311371, -0.40203121304512024, -0.4133266806602478, -0.38887399435043335, -0.32153740525245667, -0.2073037028312683, -0.053587112575769424, 0.10682206600904465, 0.2518022060394287, 0.3731594979763031, 0.4564639925956726, 0.5054837465286255, 0.5278192758560181, 0.5256734490394592, 0.5054653286933899, 0.47082972526550293, 0.4259607493877411, 0.38213032484054565, 0.3330608904361725, 0.27998054027557373, 0.2260800153017044, 0.17014721035957336, 0.11619162559509277, 0.06279870122671127, 0.007916617207229137, -0.053100693970918655, -0.11638607829809189, -0.1736719012260437, -0.23257634043693542, -0.28644371032714844, -0.3454315960407257, -0.39878615736961365]"
130,JG075A,205,S075_SNV,8.0,False,I13,100000000.0,EVAGREEN,JG075A_205,STANDARD,,131,L-MMMMx,0.1778279410038923,I13,-0.75,10.107110711071106,0.04340434043404251,"[3, 4, 5, 6, 7, 8, 9, 10, 11, 12, 13, 14, 15, 16, 17, 18, 19, 20, 21, 22, 23, 24, 25, 26, 27, 28, 29, 30, 31, 32, 33, 34, 35, 36, 37, 38, 39]","[-0.029115341302635666, -0.02705704913975575, -0.022759787807661296, -0.01669046335181815, -0.008279755355434222, 0.006040435263555238, 0.03002086627447825, 0.0678410954192716, 0.12555546069175555, 0.20502953578449926, 0.3015627184880633, 0.405026389866025, 0.504607673071308, 0.5928741636876429, 0.6641689333174413, 0.7153763391673332, 0.7568660221166876, 0.7874922403085929, 0.8082682932578963, 0.8232807373196194, 0.8326508954039493, 0.841452421155143, 0.8428020559609355, 0.846543359460833, 0.8511144368029084, 0.8556513851956572, 0.8587715418178093, 0.8625194509208025, 0.8655232388350892, 0.8683774098392633, 0.8703132919197799, 0.8720359231136975, 0.8745833739474711, 0.878077077424673, 0.8814617884507994, 0.8813062264979007, 0.8820113746283437]","[-0.23848719894886017, -0.29109930992126465, -0.33886268734931946, -0.3827884793281555, -0.42164379358291626, -0.44770148396492004, -0.4528389275074005, -0.4280048608779907, -0.3600880205631256, -0.24504825472831726, -0.09306523203849792, 0.07392647117376328, 0.23251046240329742, 0.36659109592437744, 0.46391773223876953, 0.5177431106567383, 0.5505237579345703, 0.5597784519195557, 0.5477015376091003, 0.5231429934501648, 0.48636549711227417, 0.448356568813324, 0.3942098021507263, 0.345242440700531, 0.2980720102787018, 0.25082769989967346, 0.20051518082618713, 0.15156210958957672, 0.10099757462739944, 0.050109028816223145, -0.0027681654319167137, -0.05610717833042145, -0.1076599583029747, -0.15716353058815002, -0.2069031298160553, -0.2643095850944519, -0.3198520541191101]"
131,JG075A,206,S075_SNV,8.0,False,I14,100000000.0,EVAGREEN,JG075A_206,STANDARD,,132,L-MMMMx,0.1,I14,-1.0,10.049504950495049,-0.014201420142015309,"[3, 4, 5, 6, 7, 8, 9, 10, 11, 12, 13, 14, 15, 16, 17, 18, 19, 20, 21, 22, 23, 24, 25, 26, 27, 28, 29, 30, 31, 32, 33, 34, 35, 36, 37, 38, 39]","[-0.03126887628493946, -0.027321285305039113, -0.022581476088893417, -0.017965122842267707, -0.008947635154871049, 0.006099268136333538, 0.03140849877995199, 0.07057662875972522, 0.13175725673321853, 0.21458879473931972, 0.31612616216125317, 0.42271890772554593, 0.5260931832749487, 0.6161109293652814, 0.6885221560116018, 0.7474544844015082, 0.7888435419970414, 0.8185581869617697, 0.8379977062180868, 0.85471428578506, 0.8662366594512838, 0.8750709930311851, 0.8799809378120589, 0.8836208453044407, 0.8876454190837497, 0.8929022681205214, 0.8936911973168921, 0.8976483939446271, 0.9001851657200631, 0.9014332944249549, 0.9058852507245417, 0.9096114714307046, 0.9128751898267987, 0.9161978081838276, 0.9156919290800983, 0.9166975220580009, 0.9200038465940609]","[-0.16854391992092133, -0.22590190172195435, -0.2815442681312561, -0.3374539613723755, -0.38383257389068604, -0.41715386509895325, -0.4282509982585907, -0.40933528542518616, -0.3427492082118988, -0.2292758822441101, -0.0752931460738182, 0.08963753283023834, 0.2475982904434204, 0.3766340911388397, 0.4675411880016327, 0.5292583107948303, 0.5529837012290955, 0.551426887512207, 0.5276182889938354, 0.49791285395622253, 0.4569588601589203, 0.4101836085319519, 0.3549096882343292, 0.2968854010105133, 0.23969411849975586, 0.1851714700460434, 0.12097307294607162, 0.06363589316606522, 0.0032226310577243567, -0.059981320053339005, -0.11624705046415329, -0.17408443987369537, -0.23292341828346252, -0.29163485765457153, -0.358637273311615, -0.4223664700984955, -0.4811131954193115]"
140,JG075A,224,S075_SNV,7.0,False,J8,10000000.0,EVAGREEN,JG075A_224,STANDARD,,141,L-MMMMx,3.1622776601683795,J8,0.5,14.105910591059105,1.0209020902090202,"[3, 4, 5, 6, 7, 8, 9, 10, 11, 12, 13, 14, 15, 16, 17, 18, 19, 20, 21, 22, 23, 24, 25, 26, 27, 28, 29, 30, 31, 32, 33, 34, 35, 36, 37, 38, 39, 40, 41, 42, 43, 44, 45]","[-0.006446807149403866, -0.004598724543364636, -0.003589608577144423, -0.0024761240820155533, 0.000872641453932875, 0.0032726221985998516, 0.005667153320713054, 0.007298847378682698, 0.014108673703202793, 0.025200141860831145, 0.043453404894584, 0.07150470395317685, 0.11542018454596312, 0.17767568175982293, 0.25309289818812847, 0.33278080215774225, 0.4082903318893072, 0.47719789160709, 0.5324878904501461, 0.5734431801090758, 0.6051317994655049, 0.6280492788449795, 0.6447175274159708, 0.6560609993316918, 0.6637828392569286, 0.6704744252860395, 0.6747036626679236, 0.6825623486706217, 0.6861707694549152, 0.683619685539439, 0.6870821224953222, 0.6905952024082708, 0.6917899358214741, 0.694462893114062, 0.6965716218089105, 0.6983226570961386, 0.7005500664599361, 0.7017989658185224, 0.703759729004032, 0.7054365613498209, 0.7048627546275931, 0.7048120015771427, 0.7090152569201846]","[-0.00974397175014019, -0.04958014190196991, -0.09123318642377853, -0.13266021013259888, -0.16924649477005005, -0.2078874707221985, -0.24654024839401245, -0.28684502840042114, -0.31593602895736694, -0.3357546925544739, -0.34006378054618835, -0.32315418124198914, -0.2718890607357025, -0.180906742811203, -0.061421360820531845, 0.06731262803077698, 0.1869979202747345, 0.2923859655857086, 0.36828377842903137, 0.4131383001804352, 0.437924861907959, 0.4437166452407837, 0.4359750747680664, 0.41670215129852295, 0.3895862102508545, 0.3602391481399536, 0.3255596160888672, 0.298740029335022, 0.26271605491638184, 0.2133530229330063, 0.17701290547847748, 0.1407824605703354, 0.099531389772892, 0.06148156896233559, 0.022209851071238518, -0.01783648505806923, -0.056851185858249664, -0.09798494726419449, -0.1375771015882492, -0.17778412997722626, -0.22286514937877655, -0.2668134570121765, -0.3015492558479309]"
141,JG075A,225,S075_SNV,7.0,False,J9,10000000.0,EVAGREEN,JG075A_225,STANDARD,,142,L-MMMMx,1.7782794100389228,J9,0.25,13.67906790679068,0.5940594059405946,"[3, 4, 5, 6, 7, 8, 9, 10, 11, 12, 13, 14, 15, 16, 17, 18, 19, 20, 21, 22, 23, 24, 25, 26, 27, 28, 29, 30, 31, 32, 33, 34, 35, 36, 37, 38, 39, 40, 41]","[-0.010108231017702012, -0.0076968005610028615, -0.004647929405589438, -0.001932751299882917, 0.00011977472196156466, 0.0034638612890506913, 0.008020901724548194, 0.012781174548616778, 0.02004029197701476, 0.031829642101681065, 0.052715623295831814, 0.08678528733472075, 0.13895430385523777, 0.20860648018195904, 0.2927051655251978, 0.38283515182146133, 0.46870380851413523, 0.5421657113794849, 0.6030430596008567, 0.6481379706263418, 0.6829011679435641, 0.7071643187669739, 0.7248555550706859, 0.7383433158445862, 0.7447166218978798, 0.7516946709145649, 0.7568830418659134, 0.763596866758779, 0.768231578077341, 0.7689138267837196, 0.7710363171516837, 0.7720109738884225, 0.7746656556791129, 0.7783057833582646, 0.781964076445929, 0.7851028388501335, 0.7902352823619402, 0.7916772855176845, 0.7947898456962769]","[0.10561072826385498, 0.05230359360575676, 0.0003769024333450943, -0.052272435277700424, -0.10635681450366974, -0.15764418244361877, -0.20630478858947754, -0.25452524423599243, -0.297334223985672, -0.33033251762390137, -0.3436310887336731, -0.3283790647983551, -0.27393102645874023, -0.18162138760089874, -0.05802634358406067, 0.07863009721040726, 0.20605818927288055, 0.30661818385124207, 0.379925012588501, 0.4190533757209778, 0.43580731749534607, 0.42982232570648193, 0.4096052050590515, 0.38028499484062195, 0.3355576992034912, 0.29214006662368774, 0.2448466718196869, 0.20085681974887848, 0.15236443281173706, 0.09531257301568985, 0.04137970879673958, -0.015038909390568733, -0.0678192600607872, -0.11846552044153214, -0.1690724492073059, -0.22080446779727936, -0.2682189643383026, -0.32362550497055054, -0.37541428208351135]"
142,JG075A,226,S075_SNV,7.0,False,J10,10000000.0,EVAGREEN,JG075A_226,STANDARD,,143,L-MMMMx,1.0,J10,0.0,14.042404240424043,0.9573957395739576,"[3, 4, 5, 6, 7, 8, 9, 10, 11, 12, 13, 14, 15, 16, 17, 18, 19, 20, 21, 22, 23, 24, 25, 26, 27, 28, 29, 30, 31, 32, 33, 34, 35, 36, 37, 38, 39, 40, 41, 42, 43, 44]","[-0.008090329365416362, -0.0069755512730146265, -0.004216666093492982, -0.002196259816700294, 0.00012013252546257008, 0.0032346193382911414, 0.006745937757080956, 0.011378116927789598, 0.019785948734492367, 0.03228328189426348, 0.05028588981388892, 0.08253160922138339, 0.13261347535049708, 0.20391996992579003, 0.29296548133385236, 0.39108081607216993, 0.48596259800186287, 0.5723216106309915, 0.6428280015313439, 0.6961383011266833, 0.7390179130607126, 0.7707057617634472, 0.7883469055770185, 0.8027158538038565, 0.813622695354966, 0.8201856923104849, 0.8272342010935219, 0.8326253640599016, 0.8376374755019855, 0.8405774092530159, 0.8441872612513134, 0.846427551541147, 0.8504692998885043, 0.8521793804365404, 0.8543960006486152, 0.8563764705500264, 0.8591408053521018, 0.859278091803103, 0.8621933646359102, 0.863843774569317, 0.8653174846199198, 0.8692662040570156]","[0.0020713272970169783, -0.0008717392338439822, -0.00025432236725464463, -0.001236157724633813, -0.0015770047903060913, -0.0001894959423225373, 0.002057392615824938, 0.006731620989739895, 0.019582414999604225, 0.041289445012807846, 0.0749187171459198, 0.1393929123878479, 0.24249312281608582, 0.3915574550628662, 0.5790374875068665, 0.786159098148346, 0.9862781763076782, 1.1679402589797974, 1.3152718544006348, 1.4253636598587036, 1.5128666162490845, 1.5761326551437378, 1.6089791059494019, 1.6347393989562988, 1.6530020236968994, 1.6618576049804688, 1.6717647314071655, 1.6780825853347778, 1.6835795640945435, 1.6845890283584595, 1.687049388885498, 1.6865437030792236, 1.689939260482788, 1.6882853507995605, 1.6877285242080688, 1.6866601705551147, 1.6872893571853638, 1.6822293996810913, 1.6831855773925781, 1.6814024448394775, 1.679236650466919, 1.6824308633804321]"
143,JG075A,227,S075_SNV,7.0,False,J11,10000000.0,EVAGREEN,JG075A_227,STANDARD,,144,L-MMMMx,0.5623413251903491,J11,-0.25,13.52105210521052,0.4360436043604352,"[3, 4, 5, 6, 7, 8, 9, 10, 11, 12, 13, 14, 15, 16, 17, 18, 19, 20, 21, 22, 23, 24, 25, 26, 27, 28, 29, 30, 31, 32, 33, 34, 35, 36, 37, 38, 39, 40, 41, 42, 43]","[-0.011071334829860238, -0.008501617608985535, -0.0049071786845775395, -0.002345002860570182, 0.0005610771745958469, 0.00335310046297984, 0.007865800787698904, 0.015045155558718906, 0.025052038734761133, 0.041930373007535084, 0.0686710653652913, 0.11137700498460186, 0.1757038541891283, 0.2594507911675325, 0.358508415187421, 0.46020739969842395, 0.5532050984852073, 0.6308110264525092, 0.6932560494285169, 0.7421036035725469, 0.7772228428966158, 0.7984774717901871, 0.8157793077914203, 0.828953522605055, 0.8376070828469098, 0.8423733557604568, 0.8458881971675641, 0.8515712176973795, 0.8569116276133091, 0.8617094973283295, 0.8646203664257397, 0.8678891491175402, 0.8701795318975146, 0.8719951920016936, 0.8728105436104462, 0.8746210293255336, 0.8773745749758864, 0.8827285263781617, 0.8830355768287168, 0.8839192964295077, 0.8845342780776974]","[5.1455837819958106e-05, -0.0006868498749099672, 0.0007939849747344851, 3.9347582060145214e-05, 2.9470238587236963e-05, -0.00022740874555893242, 0.003242015838623047, 0.012486355379223824, 0.02785399928689003, 0.058102481067180634, 0.10970891267061234, 0.19588974118232727, 0.32889285683631897, 0.5039522051811218, 0.7121683955192566, 0.9261047840118408, 1.1211975812911987, 1.282957911491394, 1.4118857383728027, 1.511366844177246, 1.581117868423462, 1.620843768119812, 1.65200936794281, 1.6742361783981323, 1.6866730451583862, 1.690691590309143, 1.6920000314712524, 1.6980040073394775, 1.703265905380249, 1.707352876663208, 1.7073533535003662, 1.7081289291381836, 1.7067856788635254, 1.7044143676757812, 1.6998767852783203, 1.697494387626648, 1.69715416431427, 1.702445387840271, 1.6968070268630981, 1.6924175024032593, 1.6874459981918335]"
144,JG075A,228,S075_SNV,7.0,False,J12,10000000.0,EVAGREEN,JG075A_228,STANDARD,,145,L-MMMMx,0.3162277660168379,J12,-0.5000000000000001,13.22102210221022,0.13601360136013518,"[3, 4, 5, 6, 7, 8, 9, 10, 11, 12, 13, 14, 15, 16, 17, 18, 19, 20, 21, 22, 23, 24, 25, 26, 27, 28, 29, 30, 31, 32, 33, 34, 35, 36, 37, 38, 39, 40, 41, 42, 43]","[-0.011380566505604173, -0.009041522449493043, -0.0069142980659771215, -0.003257092150488905, 0.0010299717818268931, 0.004824725620105463, 0.009359596000213747, 0.01537918576941714, 0.024353448041557722, 0.04145700585654147, 0.070135438120685, 0.11440018997714503, 0.18059210369233533, 0.26609981922253345, 0.36565966174110237, 0.46877846559078734, 0.5665675936295729, 0.6491331184943496, 0.7125398622343675, 0.7614102607557693, 0.7948334013916877, 0.8196330372798357, 0.836308772201002, 0.8489466120432833, 0.8569306944114107, 0.8637474566191811, 0.8715785091822631, 0.8793170833020083, 0.8839851529162024, 0.8854440003598403, 0.8860189080159172, 0.8887791693627505, 0.8937364542991418, 0.8974146742894776, 0.8986208574147131, 0.8999601434423227, 0.9019636228611831, 0.9047935733206737, 0.9067376023116749, 0.9086368232950116, 0.9094544868648476]","[0.0028270897455513477, 0.0003208667039871216, -0.002644073683768511, -0.002295681508257985, -0.0005832665483467281, 6.299997767200693e-05, 0.0023120653349906206, 0.0077764433808624744, 0.01963946968317032, 0.049107324331998825, 0.10364176332950592, 0.19192998111248016, 0.3277037441730499, 0.5053078532218933, 0.7133432626724243, 0.9290860295295715, 1.1332868337631226, 1.3045192956924438, 1.434261441230774, 1.53252375125885, 1.597333312034607, 1.6434677839279175, 1.6720091104507446, 1.6918060779571533, 1.7015247344970703, 1.7087154388427734, 1.7181028127670288, 1.7272897958755493, 1.7298272848129272, 1.7254148721694946, 1.7190883159637451, 1.717494249343872, 1.7206580638885498, 1.7210519313812256, 1.7160924673080444, 1.7114211320877075, 1.7081881761550903, 1.7067451477050781, 1.703383445739746, 1.6999247074127197, 1.6941237449645996]"
145,JG075A,229,S075_SNV,7.0,False,J13,10000000.0,EVAGREEN,JG075A_229,STANDARD,,146,L-MMMMx,0.1778279410038923,J13,-0.75,13.245024502450246,0.1600160016001606,"[3, 4, 5, 6, 7, 8, 9, 10, 11, 12, 13, 14, 15, 16, 17, 18, 19, 20, 21, 22, 23, 24, 25, 26, 27, 28, 29, 30, 31, 32, 33, 34, 35, 36, 37, 38, 39, 40, 41, 42, 43]","[-0.01124073758549491, -0.008024689625073262, -0.005174289319332922, -0.0035919446211557953, 0.000269594616752748, 0.00461788423275982, 0.008767551620689536, 0.014376630680854787, 0.024282365559497403, 0.042250638104699444, 0.06933014285456156, 0.11204007335907565, 0.17704749234586062, 0.26335060505879376, 0.3630349081490202, 0.46637103634054655, 0.561715760953848, 0.6422747237849864, 0.7072068113731366, 0.7561292290189153, 0.7921012517026114, 0.8159604698967323, 0.8314282601985041, 0.8432757396304107, 0.8519171895999238, 0.8569927148317243, 0.8612572921901693, 0.8692562371652616, 0.8729376498637601, 0.8738286356279561, 0.8766407509590889, 0.8795002064457392, 0.8845811262534011, 0.8864201261551841, 0.8850815006878842, 0.8871685409859025, 0.8909016975753157, 0.8940153586877573, 0.8979612156968451, 0.8996499381282057, 0.8984164518435089]","[-0.006449384614825249, -0.057888999581336975, -0.11012046039104462, -0.16509802639484406, -0.21513976156711578, -0.2641274034976959, -0.3135451674461365, -0.3598024249076843, -0.39675483107566833, -0.4162469804286957, -0.4160078167915344, -0.38191935420036316, -0.2995433807373047, -0.17104937136173248, -0.013577034696936607, 0.15180371701717377, 0.29987823963165283, 0.41593268513679504, 0.49814552068710327, 0.5456877946853638, 0.5651845932006836, 0.558449923992157, 0.5335426926612854, 0.5007953643798828, 0.46110498905181885, 0.41369226574897766, 0.36452335119247437, 0.32344159483909607, 0.2730097770690918, 0.21653500199317932, 0.1642206311225891, 0.11200878024101257, 0.06460773944854736, 0.010185984894633293, -0.051117245107889175, -0.10500183701515198, -0.15532159805297852, -0.20698294043540955, -0.25684207677841187, -0.3115892708301544, -0.37266480922698975]"
146,JG075A,230,S075_SNV,7.0,False,J14,10000000.0,EVAGREEN,JG075A_230,STANDARD,,147,L-MMMMx,0.1,J14,-1.0,13.397039703970398,0.31203120312031274,"[3, 4, 5, 6, 7, 8, 9, 10, 11, 12, 13, 14, 15, 16, 17, 18, 19, 20, 21, 22, 23, 24, 25, 26, 27, 28, 29, 30, 31, 32, 33, 34, 35, 36, 37, 38, 39, 40, 41, 42, 43]","[-0.012066071567883795, -0.009724784359054823, -0.006059142537946747, -0.0029838764934976164, 0.0004156420929011194, 0.004396274849952006, 0.00995140815150413, 0.016070549864025726, 0.026452645057564596, 0.045345302947614144, 0.07554795060269454, 0.1245498143873696, 0.19473954918933217, 0.2880264632983128, 0.3952871179055978, 0.5013801495957171, 0.599492897139489, 0.6839473492561121, 0.7518095722840343, 0.8033811670512573, 0.8390454787240886, 0.8649875536676008, 0.8825149710145448, 0.8935419244486072, 0.9032764916370382, 0.9100885198292568, 0.9171235972193329, 0.9229294819667242, 0.925266103968367, 0.9270137263606624, 0.9309893085836798, 0.9342115217736573, 0.9354644945874858, 0.9376690045272189, 0.9407449036086314, 0.9431218197891565, 0.9444751977700365, 0.9471460632883107, 0.948488652117468, 0.9512784184914611, 0.953948403262656]","[-0.012893405742943287, -0.06960664689540863, -0.1234518513083458, -0.17857559025287628, -0.2329971194267273, -0.2861601710319519, -0.3359135091304779, -0.3844453990459442, -0.42374545335769653, -0.444614976644516, -0.4409915804862976, -0.39665651321411133, -0.3064369261264801, -0.16619804501533508, 0.004302431363612413, 0.17227429151535034, 0.32296404242515564, 0.4440753161907196, 0.5292544364929199, 0.5791544914245605, 0.5946056842803955, 0.5890024304389954, 0.5651763081550598, 0.5272727608680725, 0.48657044768333435, 0.4395390748977661, 0.39299070835113525, 0.34378042817115784, 0.2870570719242096, 0.2290581911802292, 0.1758842021226883, 0.12107869237661362, 0.06200860068202019, 0.004999157506972551, -0.05012320354580879, -0.10675927996635437, -0.16561193764209747, -0.22161144018173218, -0.28048744797706604, -0.33622947335243225, -0.3922308683395386]"
155,JG075A,248,S075_SNV,6.0,False,K8,1000000.0,EVAGREEN,JG075A_248,STANDARD,,156,L-MMMMx,3.1622776601683795,K8,0.5,17.146414641464148,0.8340834083408346,"[3, 4, 5, 6, 7, 8, 9, 10, 11, 12, 13, 14, 15, 16, 17, 18, 19, 20, 21, 22, 23, 24, 25, 26, 27, 28, 29, 30, 31, 32, 33, 34, 35, 36, 37, 38, 39, 40, 41, 42, 43, 44, 45, 46, 47, 48, 49]","[-0.007153751178188441, -0.005865493434491539, -0.0032451607798976855, -0.0014678131736726037, 0.00026412091127102084, 0.004073627263129507, 0.006207292109663525, 0.007187178282186218, 0.008228386470111992, 0.012592102921681643, 0.017144959808552008, 0.021293223505823935, 0.030442203979840085, 0.04479887679425898, 0.0687199124240151, 0.10620748064458521, 0.160245002094045, 0.23239167433639113, 0.3122300759631971, 0.39401713050317094, 0.46643931144129125, 0.5278906865716607, 0.5762312606781123, 0.6111150102518272, 0.6367668790326777, 0.6549402142689752, 0.6702806265243891, 0.6798274844915233, 0.6849798549060013, 0.6911623691232203, 0.6952229434393996, 0.6983222924118011, 0.6993970240354365, 0.7022525161602295, 0.7077853693130075, 0.7115183057156508, 0.712610872467644, 0.7117732819951366, 0.7090901961111356, 0.7136557687839648, 0.7189567652680913, 0.721461499868514, 0.7225591309162138, 0.7256527550325992, 0.72740698302799, 0.7255246063325468, 0.7278518703964709]","[0.092871755361557, 0.052428778260946274, 0.014870546758174896, -0.024513255804777145, -0.06399540603160858, -0.09897835552692413, -0.13759051263332367, -0.17870131134986877, -0.21967929601669312, -0.2534620463848114, -0.2868351936340332, -0.32108452916145325, -0.34450429677963257, -0.3566462993621826, -0.34807565808296204, -0.31012529134750366, -0.23633429408073425, -0.12332606315612793, 0.006339395418763161, 0.1402248591184616, 0.2538297474384308, 0.3436761796474457, 0.4051298499107361, 0.4374413788318634, 0.4497603178024292, 0.44588372111320496, 0.4358721375465393, 0.41331401467323303, 0.3812391757965088, 0.3513951897621155, 0.31695595383644104, 0.28043508529663086, 0.23952969908714294, 0.2024807333946228, 0.17122986912727356, 0.13608108460903168, 0.09521432965993881, 0.05016760528087616, 0.0011242743348702788, -0.032221339643001556, -0.06397431343793869, -0.101782888174057, -0.1426386833190918, -0.17917194962501526, -0.21860583126544952, -0.2659151256084442, -0.30410805344581604]"
156,JG075A,249,S075_SNV,6.0,False,K9,1000000.0,EVAGREEN,JG075A_249,STANDARD,,157,L-MMMMx,1.7782794100389228,K9,0.25,17.072607260726073,0.7602760276027603,"[3, 4, 5, 6, 7, 8, 9, 10, 11, 12, 13, 14, 15, 16, 17, 18, 19, 20, 21, 22, 23, 24, 25, 26, 27, 28, 29, 30, 31, 32, 33, 34, 35, 36, 37, 38, 39, 40, 41, 42, 43, 44, 45, 46, 47]","[-0.008878618643987209, -0.0060985955345600135, -0.003076036698143604, -0.0012795878896340789, 0.0012225595162430611, 0.0029980905816168846, 0.006082466853668538, 0.009029721814796422, 0.011598530765245495, 0.01525561282567567, 0.017810219729469452, 0.025057557165680484, 0.03497977852871558, 0.05008827906878556, 0.07540260153145678, 0.1167088689015266, 0.17733580971888713, 0.25711619213183773, 0.3460435733378758, 0.43510323174590093, 0.5167919178464446, 0.5833440295937624, 0.6328219784598714, 0.6720672976641501, 0.7036702643671076, 0.7245840441409519, 0.7366689950041411, 0.745717460217721, 0.7568652961884308, 0.7628199170988554, 0.7649146639338186, 0.7716718656203446, 0.7770155783378219, 0.7800929086332383, 0.779692609085652, 0.7828546011940756, 0.7877208389011342, 0.7878767311341877, 0.7913044886738196, 0.7950702329051705, 0.7957033799618727, 0.7961932955247879, 0.7994883905355855, 0.7996687235000922, 0.80291956097015]","[0.17611928284168243, 0.1294780671596527, 0.08336208760738373, 0.034590836614370346, -0.012652145698666573, -0.061468690633773804, -0.10745079815387726, -0.1537298560142517, -0.20082847774028778, -0.2455703318119049, -0.2926997244358063, -0.32966649532318115, -0.3608405590057373, -0.38078317046165466, -0.3786240518093109, -0.34183269739151, -0.26320046186447144, -0.1430894434452057, -0.0031696713995188475, 0.13703656196594238, 0.2612801790237427, 0.3527440130710602, 0.4072319567203522, 0.4395601153373718, 0.4553379416465759, 0.4479672610759735, 0.421476811170578, 0.3884105682373047, 0.35989072918891907, 0.32012441754341125, 0.27199918031692505, 0.23397094011306763, 0.19288165867328644, 0.14688429236412048, 0.09335575997829437, 0.04754173755645752, 0.005418435670435429, -0.04690560698509216, -0.09214408695697784, -0.13665062189102173, -0.18794111907482147, -0.23954179883003235, -0.2850675582885742, -0.3373386859893799, -0.3829602897167206]"
157,JG075A,250,S075_SNV,6.0,False,K10,1000000.0,EVAGREEN,JG075A_250,STANDARD,,158,L-MMMMx,1.0,K10,0.0,16.888788878887887,0.5764576457645738,"[3, 4, 5, 6, 7, 8, 9, 10, 11, 12, 13, 14, 15, 16, 17, 18, 19, 20, 21, 22, 23, 24, 25, 26, 27, 28, 29, 30, 31, 32, 33, 34, 35, 36, 37, 38, 39, 40, 41, 42, 43, 44, 45, 46, 47, 48, 49]","[-0.009724500524546813, -0.0077749393409531995, -0.004294199359826233, -0.0009554247985597254, 0.002489837589275242, 0.004914616868896517, 0.007044043120110933, 0.008300566445603279, 0.012117201344135641, 0.016500872221722904, 0.02214266277888392, 0.028966663626713074, 0.03847829171067134, 0.05456772431042079, 0.08074347246343568, 0.12540758807371022, 0.189807098912287, 0.2734297955058036, 0.3689110909631042, 0.4655226051100423, 0.5541266420445564, 0.6285523574482297, 0.6875899351141241, 0.730511162347655, 0.760719355957001, 0.7831643145283785, 0.7977236142177515, 0.8090482601646505, 0.8175665156364327, 0.8251147382936431, 0.8313268676314067, 0.8366136620688779, 0.8388885216815779, 0.8403608005181765, 0.8423661515245807, 0.8440748008586128, 0.846225034759578, 0.8497366834585226, 0.8530758158232901, 0.855953656905223, 0.8576422692431986, 0.8603489151115735, 0.8617112106566324, 0.8606809567605066, 0.8615806399021115, 0.8647376778082135, 0.8690566412988113]","[0.1267772763967514, 0.07825885713100433, 0.033056359738111496, -0.012453577481210232, -0.057732902467250824, -0.105222187936306, -0.1533510982990265, -0.2033703625202179, -0.24784544110298157, -0.29109254479408264, -0.33161506056785583, -0.3695773780345917, -0.4017193615436554, -0.4196164309978485, -0.4156705439090729, -0.3716862201690674, -0.28496283292770386, -0.1566096395254135, -0.002575448714196682, 0.15390634536743164, 0.29304713010787964, 0.40148329734802246, 0.47659486532211304, 0.5168048143386841, 0.5294833779335022, 0.5253498554229736, 0.5041391253471375, 0.47592341899871826, 0.44163018465042114, 0.40523624420166016, 0.3659488260746002, 0.32465752959251404, 0.2768435776233673, 0.22729156911373138, 0.17889395356178284, 0.12985381484031677, 0.08176997303962708, 0.0366344153881073, -0.008874746039509773, -0.05538288131356239, -0.10446641594171524, -0.15134529769420624, -0.20113550126552582, -0.25610700249671936, -0.3068990409374237, -0.352802574634552, -0.39618980884552]"
158,JG075A,251,S075_SNV,6.0,False,K11,1000000.0,EVAGREEN,JG075A_251,STANDARD,,159,L-MMMMx,0.5623413251903491,K11,-0.25,16.586858685868588,0.274527452745275,"[3, 4, 5, 6, 7, 8, 9, 10, 11, 12, 13, 14, 15, 16, 17, 18, 19, 20, 21, 22, 23, 24, 25, 26, 27, 28, 29, 30, 31, 32, 33, 34, 35, 36, 37, 38, 39, 40, 41, 42, 43, 44, 45, 46, 47, 48]","[-0.009396735315534453, -0.006783118357421009, -0.004717394891058674, -0.0013642531430594867, 0.0007611822229514074, 0.004805077391314675, 0.007211608692384674, 0.009483633400422867, 0.013074934663360507, 0.017076526448566443, 0.021773633193034454, 0.029721522360867867, 0.04109028823177542, 0.0609015378022908, 0.09239069546858242, 0.1417398625976757, 0.21330292980653578, 0.3026303078033517, 0.40149730512724296, 0.498482641362693, 0.5840654405814097, 0.6560350276141045, 0.7096862864225558, 0.7491107275641069, 0.7778229722590955, 0.7963018166385591, 0.8100544620965884, 0.8217697193732004, 0.8304100684088642, 0.8374116774099232, 0.8407305525918646, 0.8448907614214008, 0.8486235877306593, 0.8522258432853969, 0.8542337264396543, 0.856620330838053, 0.8591501667302387, 0.860791108632542, 0.862041989672057, 0.8645631281868337, 0.8667199676908943, 0.8684749663399797, 0.8697527101654162, 0.8723221796761749, 0.8742125931887177, 0.8774089344332379]","[0.0013548817951232195, 0.0007406964432448149, -0.0010600087698549032, -7.267703040270135e-05, -0.001744069973938167, 0.0007391595281660557, -0.00032349120010621846, -0.0016774298856034875, -0.00017433907487429678, 0.002217278117313981, 0.006115104537457228, 0.01705283671617508, 0.035398829728364944, 0.07202789187431335, 0.13394667208194733, 0.23454312980175018, 0.3832460939884186, 0.5704194903373718, 0.7782519459724426, 0.9820094704627991, 1.1610735654830933, 1.3106569051742554, 1.4205700159072876, 1.4996734857559204, 1.5555784702301025, 1.5893220901489258, 1.612830638885498, 1.6319270133972168, 1.644364356994629, 1.6532528400421143, 1.6541659832000732, 1.6569010019302368, 1.6587105989456177, 1.660237431526184, 1.6583114862442017, 1.6572057008743286, 1.6564100980758667, 1.6536893844604492, 1.6501240730285645, 1.6493096351623535, 1.6477062702178955, 1.6452326774597168, 1.6417255401611328, 1.641015648841858, 1.6388353109359741, 1.639483094215393]"
159,JG075A,252,S075_SNV,6.0,False,K12,1000000.0,EVAGREEN,JG075A_252,STANDARD,,160,L-MMMMx,0.3162277660168379,K12,-0.5000000000000001,16.55085508550855,0.23852385238523865,"[3, 4, 5, 6, 7, 8, 9, 10, 11, 12, 13, 14, 15, 16, 17, 18, 19, 20, 21, 22, 23, 24, 25, 26, 27, 28, 29, 30, 31, 32, 33, 34, 35, 36, 37, 38, 39, 40, 41, 42, 43, 44, 45, 46, 47, 48]","[-0.009292310019724193, -0.007213017543669883, -0.0044703436150784065, -0.0018209325451913046, 0.0016732663522427116, 0.004511996759181028, 0.006958918570845293, 0.009652422041394755, 0.013416005690066506, 0.01689931910406609, 0.021305793074005888, 0.02969459248678979, 0.04123809032124603, 0.061842328781701233, 0.09605938033965819, 0.1474734865197462, 0.22082312165581883, 0.31423174400183373, 0.4166343903825832, 0.5174841145222766, 0.6081849900660674, 0.6823783533808571, 0.737852373316815, 0.7807286274026041, 0.8115577477029257, 0.8325670885348845, 0.8483168279954487, 0.8579991008260403, 0.8651875383013166, 0.8704328275326711, 0.8755527203985964, 0.8796387262866934, 0.8831559897482691, 0.8870416256758031, 0.8897383631395347, 0.8917020988464374, 0.8936417241020416, 0.8939778392062168, 0.8973438343569059, 0.9010757799190849, 0.901232332712448, 0.9026775285763551, 0.9038109399741553, 0.9059529168712511, 0.9084787894015796, 0.9113328503123687]","[0.14025942981243134, 0.08811697363853455, 0.03741114214062691, -0.013496657833456993, -0.06257498264312744, -0.11307279020547867, -0.16441909968852997, -0.21523141860961914, -0.2637263536453247, -0.31282827258110046, -0.35993096232414246, -0.39840951561927795, -0.43005627393722534, -0.4420810341835022, -0.42462584376335144, -0.3699286878108978, -0.2677278518676758, -0.12208721786737442, 0.04303089901804924, 0.2047860026359558, 0.34456273913383484, 0.4485907256603241, 0.5120800733566284, 0.5482876300811768, 0.5584059357643127, 0.5472584366798401, 0.5247207283973694, 0.48904332518577576, 0.44796526432037354, 0.40267911553382874, 0.35712137818336487, 0.3093246817588806, 0.2602963149547577, 0.2120656818151474, 0.16126036643981934, 0.10886766761541367, 0.05642275512218475, 0.0005052731139585376, -0.048850689083337784, -0.09741415083408356, -0.15372049808502197, -0.2072361409664154, -0.26142698526382446, -0.3134337067604065, -0.364609032869339, -0.4150736331939697]"
160,JG075A,253,S075_SNV,6.0,False,K13,1000000.0,EVAGREEN,JG075A_253,STANDARD,,161,L-MMMMx,0.1778279410038923,K13,-0.75,16.546354635463548,0.23402340234023455,"[3, 4, 5, 6, 7, 8, 9, 10, 11, 12, 13, 14, 15, 16, 17, 18, 19, 20, 21, 22, 23, 24, 25, 26, 27, 28, 29, 30, 31, 32, 33, 34, 35, 36, 37, 38, 39, 40, 41, 42, 43, 44, 45, 46, 47, 48]","[-0.009834903547116658, -0.006671108659514918, -0.004351441039150542, -0.001773453052733369, 0.0016045973236050416, 0.004902857519219243, 0.006775201954961264, 0.00934824950072994, 0.012483144874788936, 0.016953706956428054, 0.02313916617169369, 0.029496563730865545, 0.04141714517036215, 0.06221030387934822, 0.09416361525648256, 0.14657368124329231, 0.22034901997552267, 0.3146373985604712, 0.4158144303335459, 0.5145466733542894, 0.6035417069453637, 0.6779218436876782, 0.7336875560469941, 0.7736009769576885, 0.8014475573670138, 0.8209654631133971, 0.8358928049885734, 0.8458510819351714, 0.8542684918663627, 0.8607902038025347, 0.8647164641891059, 0.8689568210028673, 0.872902898198725, 0.8771420439852523, 0.8787655911327374, 0.8795559515431123, 0.8808749803878956, 0.8837143988784897, 0.8870036589398863, 0.8898872248778352, 0.8911645283297321, 0.8916169020483878, 0.8933231293279515, 0.8963214125729921, 0.8967312902450669, 0.9001447356446586]","[0.13498379290103912, 0.08592075854539871, 0.035029683262109756, -0.015301978215575218, -0.06390102207660675, -0.11267285794019699, -0.16453266143798828, -0.2148750275373459, -0.26400065422058105, -0.3102337419986725, -0.35275304317474365, -0.39489999413490295, -0.42499932646751404, -0.43588414788246155, -0.42260050773620605, -0.3650156855583191, -0.261162132024765, -0.1128854751586914, 0.050309259444475174, 0.2082095593214035, 0.34502291679382324, 0.45018622279167175, 0.5150380730628967, 0.5455601215362549, 0.5499502420425415, 0.536303699016571, 0.5127158164978027, 0.4783669412136078, 0.4406811594963074, 0.39889004826545715, 0.3514781892299652, 0.3047465682029724, 0.25737765431404114, 0.21064339578151703, 0.158244788646698, 0.10404184460639954, 0.05098377913236618, 0.0012182715581730008, -0.04757305607199669, -0.09724295884370804, -0.1503913849592209, -0.20532627403736115, -0.2575458288192749, -0.30696728825569153, -0.3619942367076874, -0.410516619682312]"
161,JG075A,254,S075_SNV,6.0,False,K14,1000000.0,EVAGREEN,JG075A_254,STANDARD,,162,L-MMMMx,0.1,K14,-1.0,16.370837083708373,0.058505850585060415,"[3, 4, 5, 6, 7, 8, 9, 10, 11, 12, 13, 14, 15, 16, 17, 18, 19, 20, 21, 22, 23, 24, 25, 26, 27, 28, 29, 30, 31, 32, 33, 34, 35, 36, 37, 38, 39, 40, 41, 42, 43, 44, 45, 46, 47, 48]","[-0.00939706043506181, -0.007614758626515113, -0.0050261328667795865, -0.0016205453825368745, 0.001915557809534123, 0.00459514822856372, 0.007301037204917217, 0.009846754067878324, 0.012921304505325444, 0.017706334579328978, 0.024154160092543397, 0.03286096424768243, 0.04610585901443879, 0.06818120656927779, 0.10405289289428807, 0.16069728808203465, 0.24226068791053393, 0.3421454160080158, 0.45000572175963965, 0.5553335493778396, 0.6488511641749299, 0.7232564572556998, 0.7842849636945732, 0.8294731238170896, 0.8588393232185311, 0.8777356417136294, 0.891309275327771, 0.9014737571843331, 0.9108651632919536, 0.9166090654636322, 0.9213554114745078, 0.9245746521430923, 0.9278443155819723, 0.9294995696243158, 0.9316273444747564, 0.9356225233202904, 0.9418701027279999, 0.9450128284940617, 0.9443979569392569, 0.9437333231744662, 0.9459717418767561, 0.9465664663421196, 0.9491888907710271, 0.9528078805202732, 0.9554643238051225, 0.9577787069430104]","[0.14063751697540283, 0.08508490771055222, 0.031278472393751144, -0.020758749917149544, -0.07251332700252533, -0.12612277269363403, -0.17967526614665985, -0.23357462882995605, -0.2863287329673767, -0.33537864685058594, -0.38082757592201233, -0.42138445377349854, -0.45211365818977356, -0.46371957659721375, -0.4454481303691864, -0.3821912109851837, -0.2649696469306946, -0.10807132720947266, 0.06609891355037689, 0.2347848117351532, 0.37789449095726013, 0.4796144366264343, 0.5523656010627747, 0.5908128619194031, 0.5949960350990295, 0.5765055418014526, 0.5464882850646973, 0.5090881586074829, 0.470013827085495, 0.4230404794216156, 0.37390682101249695, 0.32146602869033813, 0.2691344618797302, 0.2133067101240158, 0.1585022509098053, 0.10774184763431549, 0.06185925006866455, 0.009252774529159069, -0.05149116739630699, -0.11234287172555923, -0.16690771281719208, -0.22503215074539185, -0.27876541018486023, -0.3303404748439789, -0.3840000331401825, -0.43840038776397705]"
170,JG075A,272,S075_SNV,5.0,False,L8,100000.0,EVAGREEN,JG075A_272,STANDARD,,171,L-MMMMx,3.1622776601683795,L8,0.5,20.563356335633564,1.1493149314931514,"[3, 4, 5, 6, 7, 8, 9, 10, 11, 12, 13, 14, 15, 16, 17, 18, 19, 20, 21, 22, 23, 24, 25, 26, 27, 28, 29, 30, 31, 32, 33, 34, 35, 36, 37, 38, 39, 40, 41, 42, 43, 44, 45, 46, 47, 48, 49, 50, 51, 52]","[-0.004943179221447931, -0.004532145568831396, -0.003714867325842552, -0.001559183802323584, 0.001643102484982471, 0.0029595991819125708, 0.004647661052963685, 0.005499013198586737, 0.006721049771251405, 0.008178576094270104, 0.011508900988243637, 0.014889428465742854, 0.016120052322431654, 0.017737048913513843, 0.02115698982281612, 0.02979321035654527, 0.04074519019547397, 0.05676730069034194, 0.08665820516433481, 0.13281353567341503, 0.19504360131535722, 0.2709226044467296, 0.35170968077143205, 0.42883582176723195, 0.49491111906444074, 0.5506480970502914, 0.5928918095929954, 0.6219663716177712, 0.6399586032358675, 0.6553030889465237, 0.6687239129423898, 0.6738294936682748, 0.680147642935721, 0.6830757966945644, 0.6872489965435219, 0.6921553082426931, 0.694999350655454, 0.6998496248216987, 0.7011915530905464, 0.7000378845099199, 0.6987933888867306, 0.7051344375782411, 0.7083803208459774, 0.7076780351435424, 0.7081298583952735, 0.7144321542152906, 0.7142309035076482, 0.7154698944615913, 0.7197956837420544, 0.7201382943559401]","[0.18037091195583344, 0.14052541553974152, 0.10155969113111496, 0.0654924139380455, 0.03169166296720505, -0.0061929598450660706, -0.043272919952869415, -0.08216486126184464, -0.1202540472149849, -0.1578332483768463, -0.19135671854019165, -0.22477146983146667, -0.262842059135437, -0.3000759184360504, -0.3334053158760071, -0.35543832182884216, -0.37245631217956543, -0.37849441170692444, -0.3544982075691223, -0.29527971148490906, -0.20124971866607666, -0.07766154408454895, 0.056555572897195816, 0.18284454941749573, 0.2852017879486084, 0.36517032980918884, 0.4159178137779236, 0.4381461441516876, 0.4363745450973511, 0.42886897921562195, 0.4171975255012512, 0.3875185549259186, 0.36046552658081055, 0.3260711133480072, 0.2943729758262634, 0.26426246762275696, 0.2296859174966812, 0.19945405423641205, 0.1616245061159134, 0.11839048564434052, 0.07495976984500885, 0.04795633256435394, 0.014249996282160282, -0.028006507083773613, -0.06776367127895355, -0.09485103189945221, -0.13602249324321747, -0.1740749627351761, -0.2054426521062851, -0.24543632566928864]"
171,JG075A,273,S075_SNV,5.0,False,L9,100000.0,EVAGREEN,JG075A_273,STANDARD,,172,L-MMMMx,1.7782794100389228,L9,0.25,20.33793379337934,0.9238923892389259,"[3, 4, 5, 6, 7, 8, 9, 10, 11, 12, 13, 14, 15, 16, 17, 18, 19, 20, 21, 22, 23, 24, 25, 26, 27, 28, 29, 30, 31, 32, 33, 34, 35, 36, 37, 38, 39, 40, 41, 42, 43, 44, 45, 46, 47, 48, 49, 50, 51, 52]","[-0.008587910180256862, -0.006534228177870671, -0.0043125436700893185, -0.0011672857561742813, 0.0012578513269479996, 0.004141417264896918, 0.006772263837751085, 0.00843043535479513, 0.010031413358370772, 0.012952796374041339, 0.016012456681177387, 0.017929347652794584, 0.02064992033436242, 0.024438123616237966, 0.028876263196016744, 0.03697164997630309, 0.0487776792487855, 0.06803873712813946, 0.1014402994606126, 0.15203162272846554, 0.22225931222488093, 0.30752151950669687, 0.3984792429175171, 0.4849356881923042, 0.5612104770424811, 0.6241706820132441, 0.6710113438434809, 0.7050129151237939, 0.7291784131147754, 0.7451759727848052, 0.7571837481851622, 0.7664797033280528, 0.7738859055187103, 0.779224553940481, 0.7856606132231816, 0.7905759525799166, 0.7932669651876322, 0.7954291992675542, 0.7996814461668875, 0.7983070403494871, 0.7980198067082184, 0.8006543414094676, 0.8039221332608039, 0.808038635016525, 0.8097407888408464, 0.8104503407066864, 0.8127654944982688, 0.8166410018343897, 0.8183216874486509, 0.820267257747041]","[0.22933292388916016, 0.18555407226085663, 0.1421390324831009, 0.10072410106658936, 0.057749662548303604, 0.015768000856041908, -0.026760948821902275, -0.07139632850885391, -0.11615556478500366, -0.15805533528327942, -0.19965563714504242, -0.24373073875904083, -0.28606536984443665, -0.32608795166015625, -0.3647030293941498, -0.39539793133735657, -0.41805708408355713, -0.42457160353660583, -0.40046340227127075, -0.3391290009021759, -0.23527000844478607, -0.09885221719741821, 0.049899790436029434, 0.1889038234949112, 0.30585843324661255, 0.39397892355918884, 0.44719088077545166, 0.47259846329689026, 0.47670501470565796, 0.463123083114624, 0.4409008324146271, 0.41280585527420044, 0.3806184232234955, 0.34395352005958557, 0.30966514348983765, 0.27208349108695984, 0.22968482971191406, 0.18614105880260468, 0.14712341129779816, 0.09592068195343018, 0.04707232490181923, 0.004551360849291086, -0.036598220467567444, -0.07590983062982559, -0.120449960231781, -0.1671396791934967, -0.21035228669643402, -0.2501857876777649, -0.2947724163532257, -0.33878540992736816]"
172,JG075A,274,S075_SNV,5.0,False,L10,100000.0,EVAGREEN,JG075A_274,STANDARD,,173,L-MMMMx,1.0,L10,0.0,20.46044604460446,1.046404640464047,"[3, 4, 5, 6, 7, 8, 9, 10, 11, 12, 13, 14, 15, 16, 17, 18, 19, 20, 21, 22, 23, 24, 25, 26, 27, 28, 29, 30, 31, 32, 33, 34, 35, 36, 37, 38, 39, 40, 41, 42, 43, 44, 45, 46, 47, 48, 49, 50, 51, 52]","[-0.009563289404834198, -0.007484396017300239, -0.004156520701141282, -0.0012901843779330856, 0.0014848019591338034, 0.004570747061920634, 0.007281824189038709, 0.009157017291115658, 0.01070256327538169, 0.013428833289619378, 0.016151552792193245, 0.019258883535001707, 0.02254580411196866, 0.025290432198142553, 0.030021227518397534, 0.037249271088900505, 0.04919671531431875, 0.06972211314949472, 0.10405457009819903, 0.1555618978519721, 0.22851302245796334, 0.32006035099174807, 0.419991400880937, 0.5175395345001222, 0.6018340209284497, 0.6723830730154604, 0.7254585434207553, 0.7628257795716027, 0.7900592499202821, 0.8097349194872626, 0.8210917127025597, 0.831431243041152, 0.8415679813647129, 0.847880405776143, 0.8527103126661765, 0.8568817510209751, 0.8603093984672221, 0.8631571840550705, 0.864571113397659, 0.8676531777086272, 0.8696497212442375, 0.8722415397121358, 0.8759956140446846, 0.8793575357401316, 0.8797318532488757, 0.8825906481752166, 0.8842311497039802, 0.8855436830390531, 0.8855642705020339, 0.8880178116784668]","[0.25438767671585083, 0.20646323263645172, 0.16124358773231506, 0.11502443999052048, 0.06860745698213577, 0.022863896563649178, -0.023691482841968536, -0.07205705344676971, -0.12113651633262634, -0.1676589846611023, -0.21418915688991547, -0.25988641381263733, -0.3051947355270386, -0.35167744755744934, -0.393858939409256, -0.4306323528289795, -0.45718541741371155, -0.465162068605423, -0.4432380795478821, -0.3841201364994049, -0.2785634696483612, -0.1327347755432129, 0.031249724328517914, 0.19007377326488495, 0.32019567489624023, 0.4205504357814789, 0.48306432366371155, 0.5115604400634766, 0.5181108117103577, 0.5082940459251404, 0.48046183586120605, 0.4504266679286957, 0.4199523329734802, 0.3811960220336914, 0.33922919631004333, 0.2958363890647888, 0.25083279609680176, 0.20457348227500916, 0.1552089899778366, 0.10945703089237213, 0.06135425344109535, 0.01454060710966587, -0.029756054282188416, -0.07490196079015732, -0.12651783227920532, -0.17275331914424896, -0.2216271460056305, -0.2712112069129944, -0.3235931098461151, -0.3707062304019928]"
173,JG075A,275,S075_SNV,5.0,False,L11,100000.0,EVAGREEN,JG075A_275,STANDARD,,174,L-MMMMx,0.5623413251903491,L11,-0.25,20.176217621762177,0.7621762176217644,"[3, 4, 5, 6, 7, 8, 9, 10, 11, 12, 13, 14, 15, 16, 17, 18, 19, 20, 21, 22, 23, 24, 25, 26, 27, 28, 29, 30, 31, 32, 33, 34, 35, 36, 37, 38, 39, 40, 41, 42, 43, 44, 45, 46, 47, 48, 49, 50, 51, 52]","[-0.009207918279551959, -0.00709957491155063, -0.0045571058034448025, -0.0006498365257731435, 0.0010082248978859772, 0.003960076257834469, 0.006217623685755057, 0.010328510678845031, 0.013629881012583358, 0.016657228911243993, 0.01843055810891932, 0.021870921341125137, 0.02584097137155013, 0.028641526897265793, 0.03413934283029147, 0.04128355028817425, 0.054769136717722336, 0.078533922310924, 0.11691107260503229, 0.17466160355446403, 0.25286085229647165, 0.34819071430280824, 0.4472240076846284, 0.5403107720198158, 0.6240828102899828, 0.6892066805546719, 0.7366708012237375, 0.7690542199324266, 0.7929678242587003, 0.8091776439748649, 0.8221532503220954, 0.8318893588179153, 0.8388278843094124, 0.8455801317936168, 0.8501352455948781, 0.8521983956283679, 0.853864328729049, 0.8580965386323262, 0.8621390576333778, 0.863494857668726, 0.8669614781732364, 0.8697483821192215, 0.8692218054591264, 0.8713720393600916, 0.873165020226976, 0.8750749202686504, 0.8766841552760954, 0.8800400218353714, 0.880937613202663, 0.8844726016992116]","[0.23680202662944794, 0.1894242912530899, 0.1429866999387741, 0.09950472414493561, 0.05115186423063278, 0.0056008328683674335, -0.041453782469034195, -0.08449479937553406, -0.129288911819458, -0.17467644810676575, -0.22277969121932983, -0.26727280020713806, -0.3106188178062439, -0.35649749636650085, -0.3965349793434143, -0.43300700187683105, -0.4557461440563202, -0.45622462034225464, -0.425058513879776, -0.35193735361099243, -0.23453238606452942, -0.08002930879592896, 0.08249393105506897, 0.23213934898376465, 0.3616127669811249, 0.45070165395736694, 0.5015465617179871, 0.5197325944900513, 0.5195764303207397, 0.5027368664741516, 0.47889333963394165, 0.4480343163013458, 0.4111168384552002, 0.3737959563732147, 0.33171695470809937, 0.28424134850502014, 0.23590552806854248, 0.19312724471092224, 0.14993816614151, 0.10093072801828384, 0.05649448558688164, 0.01058624591678381, -0.042497679591178894, -0.08978468924760818, -0.13784538209438324, -0.18565285205841064, -0.2341114580631256, -0.2787875533103943, -0.32878729701042175, -0.3730754852294922]"
174,JG075A,276,S075_SNV,5.0,False,L12,100000.0,EVAGREEN,JG075A_276,STANDARD,,175,L-MMMMx,0.3162277660168379,L12,-0.5000000000000001,19.931093109310932,0.5170517051705197,"[3, 4, 5, 6, 7, 8, 9, 10, 11, 12, 13, 14, 15, 16, 17, 18, 19, 20, 21, 22, 23, 24, 25, 26, 27, 28, 29, 30, 31, 32, 33, 34, 35, 36, 37, 38, 39, 40, 41, 42, 43, 44, 45, 46, 47, 48, 49, 50]","[-0.008720211465171896, -0.00651087117817523, -0.004624132032354299, -0.0028418439854807193, 0.0013466588439812008, 0.004309808537557595, 0.007263944335243275, 0.009776646944400074, 0.01195500970521354, 0.014994949534774944, 0.01810477114041733, 0.021040191062665803, 0.0242686382905646, 0.02871133298414464, 0.03413281291639812, 0.043126217675842494, 0.05775311470355918, 0.08246167583902822, 0.1237231627247799, 0.18437077357516005, 0.26683261799468394, 0.3637092370125208, 0.46733705762740524, 0.5641088126961012, 0.6439534345991554, 0.7078295614858, 0.7586777326206824, 0.7930111253631585, 0.8154538820668377, 0.8326396796403601, 0.8461972396203028, 0.8554422215259733, 0.8600153906423623, 0.866244914734944, 0.8718242272961603, 0.8761857969267239, 0.8789121495110003, 0.8800203495236527, 0.8844924529126809, 0.888190489712303, 0.8892831665576811, 0.8897823299649299, 0.8918852237103775, 0.8952254570089943, 0.8953519543082727, 0.8971272101401843, 0.8986382418482763, 0.899851581043532]","[0.0028057056479156017, 0.0014195776311680675, -0.0006651763687841594, -0.0029761299956589937, -7.617735536769032e-05, 0.00017014669720083475, 0.0003969502286054194, -0.0003322153352200985, -0.001785428263247013, -0.001372807309962809, -0.0008088501053862274, -0.0006225777324289083, 0.0001982755056815222, 0.0036487069446593523, 0.009218798950314522, 0.022524261847138405, 0.04802963510155678, 0.09536788612604141, 0.17855320870876312, 0.30372118949890137, 0.4761301279067993, 0.6797557473182678, 0.8980017900466919, 1.101400375366211, 1.2681413888931274, 1.4003010988235474, 1.5042473077774048, 1.5724291801452637, 1.6148606538772583, 1.6459075212478638, 1.6690971851348877, 1.6829473972320557, 1.6866804361343384, 1.6940003633499146, 1.6999123096466064, 1.703187108039856, 1.7029205560684204, 1.6991498470306396, 1.7026638984680176, 1.704501748085022, 1.7006973028182983, 1.6956076622009277, 1.69399094581604, 1.6950539350509644, 1.689157247543335, 1.686830997467041, 1.6839326620101929, 1.6803895235061646]"
175,JG075A,277,S075_SNV,5.0,False,L13,100000.0,EVAGREEN,JG075A_277,STANDARD,,176,L-MMMMx,0.1778279410038923,L13,-0.75,19.982798279827982,0.5687568756875692,"[3, 4, 5, 6, 7, 8, 9, 10, 11, 12, 13, 14, 15, 16, 17, 18, 19, 20, 21, 22, 23, 24, 25, 26, 27, 28, 29, 30, 31, 32, 33, 34, 35, 36, 37, 38, 39, 40, 41, 42, 43, 44, 45, 46, 47, 48, 49, 50]","[-0.008490286591383985, -0.006788999752468786, -0.0042623152834265435, -0.001662363666716883, 0.0017522239517434271, 0.00417438851347274, 0.006705641857989359, 0.00857171097079067, 0.011594338615572656, 0.014300915675581933, 0.01668490535608859, 0.018463670414644577, 0.021064310115010018, 0.025051287003367194, 0.03131916487892212, 0.040289353695820485, 0.05546567176100411, 0.08088788574090158, 0.12089185846069658, 0.1823655825482058, 0.2647111133065567, 0.363492513023669, 0.46562713705881914, 0.5617851215065597, 0.6452891374311275, 0.7085205024089603, 0.7561515796962642, 0.7901722521788617, 0.8162839810285427, 0.8370905298454703, 0.8499587951423991, 0.8541783443064098, 0.8584482061473311, 0.866734494857077, 0.8733295289876088, 0.8763524731508725, 0.8789178692063889, 0.8831925751562469, 0.8851724945907335, 0.8835052403694332, 0.8834357714435457, 0.8875016302422014, 0.8919769263393923, 0.8940987561470469, 0.8965668296502899, 0.897337483344763, 0.896432075347142, 0.8970170015012472]","[0.2437008023262024, 0.19414466619491577, 0.14637601375579834, 0.0987660214304924, 0.05292021483182907, 0.00492520909756422, -0.04283355176448822, -0.09203284233808517, -0.13872748613357544, -0.18610656261444092, -0.23418423533439636, -0.28357258439064026, -0.3311810791492462, -0.37578731775283813, -0.41545405983924866, -0.449268639087677, -0.4696432054042816, -0.46782922744750977, -0.43443694710731506, -0.35454970598220825, -0.2294624298810959, -0.06878156960010529, 0.0991610437631607, 0.254160612821579, 0.3817567229270935, 0.46545031666755676, 0.5153598785400391, 0.5357946753501892, 0.5391018986701965, 0.530920147895813, 0.505547285079956, 0.4614446759223938, 0.41745105385780334, 0.3821554183959961, 0.34319719672203064, 0.2965032458305359, 0.24881842732429504, 0.20483528077602386, 0.1558825522661209, 0.0990314930677414, 0.04564059525728226, 0.0012051801895722747, -0.04234355688095093, -0.09098896384239197, -0.1388845443725586, -0.1904560774564743, -0.245657280087471, -0.29763102531433105]"
176,JG075A,278,S075_SNV,5.0,False,L14,100000.0,EVAGREEN,JG075A_278,STANDARD,,177,L-MMMMx,0.1,L14,-1.0,19.808880888088808,0.3948394839483953,"[3, 4, 5, 6, 7, 8, 9, 10, 11, 12, 13, 14, 15, 16, 17, 18, 19, 20, 21, 22, 23, 24, 25, 26, 27, 28, 29, 30, 31, 32, 33, 34, 35, 36, 37, 38, 39, 40, 41, 42, 43, 44, 45, 46, 47, 48, 49, 50]","[-0.010892907857080015, -0.007193481128473159, -0.004076310789387048, -0.0015538098689719451, 0.0014471431406529829, 0.004241547198485973, 0.007958107210121744, 0.010069712094651467, 0.013000384239675061, 0.015919895667801907, 0.018851737555040327, 0.02191910439912111, 0.02556967718816761, 0.030458029903923017, 0.036814615524381054, 0.0462764538750071, 0.06181145618827554, 0.08846425273984246, 0.13230462212076383, 0.19757004495511996, 0.2848998610525151, 0.3870192646771994, 0.4931795083788153, 0.5912925311560495, 0.6783618663047126, 0.7485497019957853, 0.7979247135469897, 0.831378570237302, 0.8576780083082799, 0.8760118596997977, 0.8885255142038838, 0.8957807783638094, 0.9029677846250818, 0.9083074238873168, 0.9126689935178804, 0.9135682362859457, 0.9172936863384141, 0.9217594043111166, 0.9222350077339915, 0.9280047818511276, 0.9298812135037848, 0.9303996432533955, 0.9311360579051571, 0.9337119128322414, 0.9376049250165652, 0.9406971179189466, 0.9390926169270534, 0.938281228680158]","[-0.0010913931764662266, 0.0005255421856418252, 0.0008815412293188274, -5.0277663831366226e-05, 5.404078183346428e-05, -0.00028894381830468774, 0.0013650953769683838, -0.0004565612762235105, -0.0005044433055445552, -0.0005764949601143599, -0.0006218437920324504, -0.0003736993530765176, 0.0011374377645552158, 0.005329114850610495, 0.012700402177870274, 0.026796434074640274, 0.05404452979564667, 0.10536935180425644, 0.19391563534736633, 0.3288600742816925, 0.5115872621536255, 0.7263427972793579, 0.9498491883277893, 1.1559284925460815, 1.3380916118621826, 1.4836959838867188, 1.5842281579971313, 1.6502814292907715, 1.700840950012207, 1.7341502904891968, 1.7548552751541138, 1.7641727924346924, 1.7733423709869385, 1.77851140499115, 1.781562328338623, 1.7771151065826416, 1.778788447380066, 1.7820647954940796, 1.7767002582550049, 1.7828007936477661, 1.7804697751998901, 1.775197982788086, 1.7703981399536133, 1.769581913948059, 1.771618127822876, 1.7719199657440186, 1.762050747871399, 1.7538989782333374]"
185,JG075A,296,S075_SNV,4.0,False,M8,10000.0,EVAGREEN,JG075A_296,STANDARD,,186,L-MMMMx,3.1622776601683795,M8,0.5,22.835883588358836,2.282328232823282,"[3, 4, 5, 6, 7, 8, 9, 10, 11, 12, 13, 14, 15, 16, 17, 18, 19, 20, 21, 22, 23, 24, 25, 26, 27, 28, 29, 30, 31, 32, 33, 34, 35, 36, 37, 38, 39, 40, 41, 42, 43, 44, 45, 46, 47, 48, 49, 50, 51, 52, 53, 54]","[-0.006830895446060069, -0.005206412504802996, -0.00282756969004157, -0.000612821065510477, 0.0019294003324792702, 0.002932846489375858, 0.004573292971447019, 0.006042158913112966, 0.00844929572780005, 0.010425361893814298, 0.010880047573553493, 0.013265771224872715, 0.01566316477499396, 0.017805637092321958, 0.019556782472934953, 0.02216357364118306, 0.02428353186129395, 0.029608638796718937, 0.03796566250627893, 0.05327315683960039, 0.079044091616247, 0.11589141175678726, 0.17025767205363232, 0.2419854389663398, 0.32361836276741907, 0.404382759854827, 0.47332676048301986, 0.529956926100765, 0.5759768417463877, 0.6101155893843169, 0.6333569635022401, 0.6478885196586119, 0.6597518525379477, 0.668994302295765, 0.6753114607227468, 0.6784246814616488, 0.6814900115781084, 0.6856564957305854, 0.6899481560617218, 0.6943580566882674, 0.6970324451948593, 0.6955294503038667, 0.6963876282393551, 0.7026965296624675, 0.7047008898284075, 0.7051909154847076, 0.7094594562050097, 0.7075891897819082, 0.7090165505174575, 0.7111875920681735, 0.7138044017344497, 0.7135540493771309]","[-0.00025566419935785234, -0.0008238442824222147, 0.0002416196948615834, 0.0009517208090983331, 0.002370998030528426, 0.00045789865544065833, -7.571075548185036e-05, -0.0009808954782783985, 0.00014584204473067075, 0.00033905167947523296, -0.002762445015832782, -0.0016820798628032207, -0.0005764423403888941, -2.2863056074129418e-05, -0.0003167425747960806, 0.001242367085069418, 0.0017471897881478071, 0.009193092584609985, 0.023204924538731575, 0.05226871743798256, 0.10399216413497925, 0.17970266938209534, 0.29335224628448486, 0.4445999562740326, 0.6172983050346375, 0.7881157994270325, 0.9333349466323853, 1.0518872737884521, 1.147462010383606, 1.2173067331314087, 1.263552188873291, 1.2909356355667114, 1.3125407695770264, 1.32846999168396, 1.3380643129348755, 1.3407201766967773, 1.34327232837677, 1.348209023475647, 1.353416919708252, 1.358880877494812, 1.360586404800415, 1.3532452583312988, 1.3510175943374634, 1.3605940341949463, 1.3608485460281372, 1.3578236103057861, 1.3629813194274902, 1.3548449277877808, 1.3538498878479004, 1.354465365409851, 1.3560460805892944, 1.3514177799224854]"
186,JG075A,297,S075_SNV,4.0,False,M9,10000.0,EVAGREEN,JG075A_297,STANDARD,,187,L-MMMMx,1.7782794100389228,M9,0.25,22.407440744074407,1.8538853885388527,"[3, 4, 5, 6, 7, 8, 9, 10, 11, 12, 13, 14, 15, 16, 17, 18, 19, 20, 21, 22, 23, 24, 25, 26, 27, 28, 29, 30, 31, 32, 33, 34, 35, 36, 37, 38, 39, 40, 41, 42, 43, 44, 45, 46, 47, 48, 49, 50, 51, 52, 53, 54]","[-0.00840442579260666, -0.006701996734822867, -0.003638593252599377, -0.001107161006332255, 0.00157515422397423, 0.003631093140751379, 0.00596644906846753, 0.008679480353168019, 0.010306385348893436, 0.012744073077897138, 0.015130842616373145, 0.017432014548070165, 0.019255876609425952, 0.021346219708992083, 0.022589118978099988, 0.02601472969672589, 0.030756892158974352, 0.03721997936767397, 0.04682309505450469, 0.06454135928421574, 0.09554503264633547, 0.1426613683124238, 0.20932247251081712, 0.2928508741201457, 0.38387850683039315, 0.4728473932425479, 0.5528132830090966, 0.6177468018112509, 0.664907284924694, 0.7002832620224075, 0.7267232893459342, 0.7466310357683361, 0.7602790925106869, 0.7712274392679132, 0.7750046332112962, 0.7781190649774323, 0.7828158689650918, 0.7873292573734666, 0.7915468248565487, 0.7949034620695192, 0.7962526565017719, 0.7995604122518359, 0.8024980340417829, 0.8061269321956723, 0.8048199035298458, 0.8058562125621423, 0.8066271965367704, 0.8082673677853792, 0.8117414746400645, 0.815345271502191, 0.8178024457603265, 0.8186400362328339]","[0.2798137962818146, 0.2366810441017151, 0.1964956372976303, 0.15515819191932678, 0.11414749920368195, 0.07178032398223877, 0.03001824952661991, -0.010925926268100739, -0.054222218692302704, -0.09576267749071121, -0.1374134123325348, -0.17924951016902924, -0.2221192717552185, -0.26441195607185364, -0.30853983759880066, -0.3479408621788025, -0.3844907283782959, -0.4173137843608856, -0.44333675503730774, -0.4517855644226074, -0.43146345019340515, -0.37624767422676086, -0.2787057161331177, -0.144635871052742, 0.005674337036907673, 0.15152610838413239, 0.2778809666633606, 0.37168166041374207, 0.4269930422306061, 0.45678383111953735, 0.4672229290008545, 0.46351566910743713, 0.4462524354457855, 0.423142671585083, 0.3845030665397644, 0.344428151845932, 0.30778002738952637, 0.2707347273826599, 0.23304876685142517, 0.1934983879327774, 0.14960068464279175, 0.10994444787502289, 0.06948664784431458, 0.030525876209139824, -0.01912415400147438, -0.06369944661855698, -0.10884932428598404, -0.15211689472198486, -0.19141288101673126, -0.23042801022529602, -0.27192628383636475, -0.31693190336227417]"
187,JG075A,298,S075_SNV,4.0,False,M10,10000.0,EVAGREEN,JG075A_298,STANDARD,,188,L-MMMMx,1.0,M10,0.0,22.366636663666366,1.813081308130812,"[3, 4, 5, 6, 7, 8, 9, 10, 11, 12, 13, 14, 15, 16, 17, 18, 19, 20, 21, 22, 23, 24, 25, 26, 27, 28, 29, 30, 31, 32, 33, 34, 35, 36, 37, 38, 39, 40, 41, 42, 43, 44, 45, 46, 47, 48, 49, 50, 51, 52, 53, 54]","[-0.008152662863793441, -0.0065353084692102445, -0.004285219868118309, -0.0017477049623340942, 0.0012931018526335914, 0.003519685516044095, 0.006649888159570673, 0.00925822063520773, 0.01208404259276362, 0.013734122246015697, 0.016191902017768163, 0.018888832144923408, 0.022137302607205395, 0.02498016151607839, 0.027188689864361234, 0.02956387207407391, 0.03407293931709046, 0.040535503582211675, 0.05151437373040824, 0.06940121845578533, 0.10009448351910973, 0.14840569021513253, 0.21595772513102937, 0.303632023429854, 0.40146342732845064, 0.49762873298628874, 0.5828267558246936, 0.653737464681182, 0.708460042218336, 0.7460938144540862, 0.7735686095025206, 0.7919280025593409, 0.8061413888332802, 0.8153844991514071, 0.8229272171393712, 0.8299778176967217, 0.8345291883228956, 0.8385350462267673, 0.843039957444503, 0.8472937456512253, 0.8495899633806007, 0.850032758974768, 0.8516241588538552, 0.8540961957189555, 0.8572418940064102, 0.858549913512701, 0.8607408819660884, 0.8603190041150568, 0.8625742671052402, 0.8660479335863858, 0.8653246200474302, 0.8682307551292886]","[0.28398045897483826, 0.2386035919189453, 0.19459696114063263, 0.15121279656887054, 0.10891854763031006, 0.06486101448535919, 0.022760367020964622, -0.020470445975661278, -0.06323026120662689, -0.10853627324104309, -0.15209312736988068, -0.1951320618391037, -0.23697659373283386, -0.27969950437545776, -0.3237961530685425, -0.3675318658351898, -0.4066464304924011, -0.4415305256843567, -0.466634064912796, -0.47677770256996155, -0.45918768644332886, -0.40344420075416565, -0.3060327470302582, -0.16504442691802979, -0.002059859922155738, 0.15731659531593323, 0.2929422855377197, 0.3976272940635681, 0.46725526452064514, 0.49987566471099854, 0.5104957222938538, 0.5013754963874817, 0.4832766056060791, 0.4544140696525574, 0.4218691885471344, 0.38825857639312744, 0.3492355942726135, 0.30903127789497375, 0.269907683134079, 0.23024028539657593, 0.1863335520029068, 0.13841305673122406, 0.09297996759414673, 0.049453992396593094, 0.007386900018900633, -0.038659874349832535, -0.08279453217983246, -0.13258758187294006, -0.17658299207687378, -0.2179398387670517, -0.2683856785297394, -0.31097155809402466]"
188,JG075A,299,S075_SNV,4.0,False,M11,10000.0,EVAGREEN,JG075A_299,STANDARD,,189,L-MMMMx,0.5623413251903491,M11,-0.25,22.152415241524153,1.598859885988599,"[3, 4, 5, 6, 7, 8, 9, 10, 11, 12, 13, 14, 15, 16, 17, 18, 19, 20, 21, 22, 23, 24, 25, 26, 27, 28, 29, 30, 31, 32, 33, 34, 35, 36, 37, 38, 39, 40, 41, 42, 43, 44, 45, 46, 47, 48, 49, 50, 51, 52, 53, 54]","[-0.009984059441180014, -0.007778228380827826, -0.003993685704001026, -0.0013959221933167454, 0.0017431429676962752, 0.003901661395877055, 0.00707122242451423, 0.010435868931238053, 0.012007727234501098, 0.013177964869558674, 0.016323608110320947, 0.0196776030820533, 0.02169498179076056, 0.024126614383593398, 0.02681881049519688, 0.03063679403769457, 0.03593055188176224, 0.04323147727308539, 0.05504804798717434, 0.07507579619914423, 0.10970481720348958, 0.16339290224919822, 0.2386099964270568, 0.33130114018351714, 0.4302294595228115, 0.5263285990563098, 0.6112852421482671, 0.6795736917159255, 0.7321894121457747, 0.7693800585072028, 0.7920013866812298, 0.8094355549311426, 0.8215688367903138, 0.8319062753545926, 0.8376270579154371, 0.8453996508911241, 0.8505869209086233, 0.8532476578354845, 0.8573496272643956, 0.861514019642559, 0.8637723652475203, 0.8635975369522598, 0.8653497832667221, 0.8673865108878298, 0.8677558741942523, 0.8690816187355161, 0.871637546759929, 0.8758947478615839, 0.8768825057111288, 0.878283664221066, 0.8809554104864197, 0.8812440753416924]","[0.2918456792831421, 0.24610529839992523, 0.20378378033638, 0.1588921695947647, 0.11517280340194702, 0.06932996213436127, 0.02567664347589016, -0.017554203048348427, -0.06466751545667648, -0.11265058070421219, -0.15635569393634796, -0.19960960745811462, -0.24575810134410858, -0.29100948572158813, -0.33569657802581787, -0.3779456913471222, -0.41699883341789246, -0.45170527696609497, -0.47663259506225586, -0.483777791261673, -0.4593023955821991, -0.39355266094207764, -0.28117960691452026, -0.1309647113084793, 0.03275743126869202, 0.1903526932001114, 0.32381772994995117, 0.42118608951568604, 0.4846135079860687, 0.5146363377571106, 0.5131078362464905, 0.5003460049629211, 0.4761045277118683, 0.44797399640083313, 0.40984559059143066, 0.3761606216430664, 0.33687686920166016, 0.29212161898612976, 0.2504875361919403, 0.20898860692977905, 0.16336196660995483, 0.11246601492166519, 0.0657433569431305, 0.019636763259768486, -0.030080676078796387, -0.07772697508335114, -0.12270918488502502, -0.16400711238384247, -0.212385356426239, -0.259868323802948, -0.30459973216056824, -0.3544919192790985]"
189,JG075A,300,S075_SNV,4.0,False,M12,10000.0,EVAGREEN,JG075A_300,STANDARD,,190,L-MMMMx,0.3162277660168379,M12,-0.5000000000000001,21.94329432943294,1.389738973897387,"[3, 4, 5, 6, 7, 8, 9, 10, 11, 12, 13, 14, 15, 16, 17, 18, 19, 20, 21, 22, 23, 24, 25, 26, 27, 28, 29, 30, 31, 32, 33, 34, 35, 36, 37, 38, 39, 40, 41, 42, 43, 44, 45, 46, 47, 48, 49, 50, 51, 52, 53, 54]","[-0.008133456728751492, -0.005979369559313933, -0.00412020880641665, -0.0021274634925863047, 0.0010535197247368124, 0.003734156030923195, 0.0062493495029139175, 0.009323473328494454, 0.012130276653804594, 0.01445299936560063, 0.016562333574066283, 0.019432206647265186, 0.02182104043670853, 0.02463893567054984, 0.027987866346575654, 0.03121709798984204, 0.035848781740318525, 0.04367416449407693, 0.057980689771662604, 0.08162563871537369, 0.11979798779017571, 0.1794569049972392, 0.2596687984324023, 0.35520811310355827, 0.4565555694364965, 0.5528953731094403, 0.6362884149020038, 0.7017768043641789, 0.7512381841758566, 0.7868443665414478, 0.8106103356385375, 0.8270306539066782, 0.8388462062569566, 0.8504432232381594, 0.8571032124657969, 0.8608594886660442, 0.8656980929334869, 0.8707355258541034, 0.8720063337962898, 0.872739005272964, 0.8765036485704656, 0.8794061505706215, 0.8827764393633228, 0.8854426809594302, 0.8881699142907861, 0.8913308054653604, 0.892536878497211, 0.8934113502536682, 0.8950599986929163, 0.8966635088443452, 0.8973899049980787, 0.9003002236285643]","[0.0022242001723498106, 0.0012078008148819208, -0.00044729214278049767, -0.0018130938988178968, -0.0006056439597159624, -0.00048174685798585415, -0.0007161332760006189, 0.0002599016297608614, 0.0006570264231413603, 5.8247323977411725e-06, -0.001107491785660386, -0.0005737829487770796, -0.0010818142909556627, -0.0006606687675230205, 0.0009104887139983475, 0.002222425537183881, 0.006571517325937748, 0.01783689297735691, 0.04313785210251808, 0.08866213262081146, 0.1656469851732254, 0.2891632318496704, 0.45718905329704285, 0.658407986164093, 0.8722050786018372, 1.0751575231552124, 1.2500724792480469, 1.3862130641937256, 1.4876455068588257, 1.5590730905532837, 1.6048593521118164, 1.6347379684448242, 1.65464448928833, 1.6740777492523193, 1.6828193664550781, 1.6852726936340332, 1.6900697946548462, 1.6952975988388062, 1.6923683881759644, 1.6882737874984741, 1.690745234489441, 1.6913495063781738, 1.6929669380187988, 1.6930596828460693, 1.693284511566162, 1.694448471069336, 1.6913790702819824, 1.6875914335250854, 1.6854804754257202, 1.6832717657089233, 1.6791635751724243, 1.679784893989563]"
190,JG075A,301,S075_SNV,4.0,False,M13,10000.0,EVAGREEN,JG075A_301,STANDARD,,191,L-MMMMx,0.1778279410038923,M13,-0.75,21.978997899789977,1.4254425442544232,"[3, 4, 5, 6, 7, 8, 9, 10, 11, 12, 13, 14, 15, 16, 17, 18, 19, 20, 21, 22, 23, 24, 25, 26, 27, 28, 29, 30, 31, 32, 33, 34, 35, 36, 37, 38, 39, 40, 41, 42, 43, 44, 45, 46, 47, 48, 49, 50, 51, 52, 53, 54]","[-0.009668242804850269, -0.007038455880826002, -0.004649209241189189, -0.0016080033377011507, 0.00155891544969783, 0.004286038687668687, 0.007155044775461307, 0.009963912351738788, 0.012319208943799433, 0.014984913834655396, 0.017668687802312136, 0.020322158565768335, 0.023324418934339244, 0.02528253987861076, 0.02824472625506906, 0.032602222430390466, 0.03824665522878967, 0.04631336268230312, 0.05924094079036014, 0.08136016055909163, 0.11813047037687704, 0.1749911715426545, 0.2533758175448754, 0.34802420149852786, 0.4504505179570361, 0.5476545547016392, 0.6328946882597777, 0.6987090091880224, 0.749103155203475, 0.7829448708888773, 0.8077125796953972, 0.8272287239476218, 0.8383197517317105, 0.8468795124096093, 0.8546802892918371, 0.8602041147870513, 0.8637276535715677, 0.8688594365230649, 0.8715441738078397, 0.8731597942316103, 0.8756687123806604, 0.8781920527631355, 0.8795478527984837, 0.8808252663437656, 0.8830200880656253, 0.8858650112254656, 0.8881352469159988, 0.8884910687360755, 0.8897322615577171, 0.8915014622534577, 0.8928632073315919, 0.8955777799236814]","[0.2907532751560211, 0.24518442153930664, 0.19909466803073883, 0.15441679954528809, 0.11001116782426834, 0.06465311348438263, 0.019602328538894653, -0.025578698143363, -0.0717419758439064, -0.1172330379486084, -0.16268496215343475, -0.2082025110721588, -0.25296473503112793, -0.29998815059661865, -0.34483712911605835, -0.3866644501686096, -0.4257047474384308, -0.45949938893318176, -0.4827673137187958, -0.4861297607421875, -0.45776379108428955, -0.38589000701904297, -0.26740387082099915, -0.11369696259498596, 0.056853871792554855, 0.21609532833099365, 0.3494277000427246, 0.4406914710998535, 0.498561292886734, 0.5205851197242737, 0.5229582190513611, 0.5139585137367249, 0.48671334981918335, 0.4539864957332611, 0.4196159541606903, 0.380314439535141, 0.3366811275482178, 0.2965306043624878, 0.2510807514190674, 0.2033156454563141, 0.15748503804206848, 0.11168567836284637, 0.0633578822016716, 0.014860338531434536, -0.03165046498179436, -0.0767534077167511, -0.1231008991599083, -0.17359425127506256, -0.22217023372650146, -0.26960277557373047, -0.31791767477989197, -0.36330291628837585]"
191,JG075A,302,S075_SNV,4.0,False,M14,10000.0,EVAGREEN,JG075A_302,STANDARD,,192,L-MMMMx,0.1,M14,-1.0,21.771877187718772,1.2183218321832179,"[3, 4, 5, 6, 7, 8, 9, 10, 11, 12, 13, 14, 15, 16, 17, 18, 19, 20, 21, 22, 23, 24, 25, 26, 27, 28, 29, 30, 31, 32, 33, 34, 35, 36, 37, 38, 39, 40, 41, 42, 43, 44, 45, 46, 47, 48, 49, 50, 51, 52, 53]","[-0.008576696136876793, -0.006453641540314897, -0.004321050104283895, -0.0017076395712671843, 0.0012901344918680416, 0.004032175383496201, 0.006436573625233283, 0.009300143852145245, 0.012009665910201257, 0.01416654669928128, 0.01674011718862835, 0.01924695732503791, 0.021617446804218166, 0.024468122343420818, 0.028025046946915707, 0.03246720493524424, 0.037850454939582605, 0.04734183960238783, 0.06184361549813754, 0.08705037672373729, 0.12865710270293984, 0.1891503351043093, 0.27286253761976975, 0.3744838787710545, 0.48169380785123544, 0.5825925235472205, 0.670495155526379, 0.739305007365041, 0.7922650999029348, 0.8313301962360916, 0.8583081398383606, 0.8764681537750822, 0.8882783115494993, 0.8964148732557475, 0.9039692611425136, 0.9098698262009403, 0.9117332668341765, 0.9152068232219371, 0.919627953373745, 0.923955394054982, 0.9244832918356961, 0.9278982785426768, 0.9292800606168673, 0.931371064276743, 0.9336393182863475, 0.9352385347957644, 0.9364518739910199, 0.937770022088724, 0.9401872324481316, 0.9418406149029315, 0.9451413246763603]","[0.328441321849823, 0.27780744433403015, 0.22719423472881317, 0.17762227356433868, 0.12888270616531372, 0.07958931475877762, 0.02956472523510456, -0.019465479999780655, -0.06882929056882858, -0.11938990652561188, -0.16904813051223755, -0.21885088086128235, -0.26894891262054443, -0.3180070221424103, -0.365535706281662, -0.4111473262310028, -0.4547208845615387, -0.48939788341522217, -0.5132243633270264, -0.5138680934906006, -0.4789959788322449, -0.4032232165336609, -0.2771673798561096, -0.11232743412256241, 0.0646151602268219, 0.22789017856121063, 0.3630208373069763, 0.456804096698761, 0.5162630677223206, 0.5456309914588928, 0.5488229393959045, 0.5329188108444214, 0.5032633543014526, 0.46565234661102295, 0.4267805814743042, 0.3843272924423218, 0.33313122391700745, 0.2854219973087311, 0.23976485431194305, 0.1939048022031784, 0.13981646299362183, 0.09198040515184402, 0.039741236716508865, -0.010962042026221752, -0.061281464993953705, -0.11304976046085358, -0.16565370559692383, -0.21803069114685059, -0.26802754402160645, -0.31967851519584656, -0.3677620589733124]"
