,Experiment,Well,Target,lg10_Copies,Outlier,WellPosition,Copies,Reporter,Sample,Task,Comments,Reaction,Blocker,Blocker μM,Configuration,WellName,lg10_Blocker,Cycle,Fluorescence,Corr_Fluorescence
0,JG075B,1,S075_WT,8.0,False,A1,100000000.0,FAM,JG075B_001,STANDARD,,0,L-MMMMx,3.1622776601683795,2+2,A1,0.5,1,0.001097022117616353,0.003484511049464345
1,JG075B,1,S075_WT,8.0,False,A1,100000000.0,HEX,JG075B_001,STANDARD,,1,L-MMMMx,3.1622776601683795,2+2,A1,0.5,1,-0.0006949109952413713,0.0017121318960562348
2,JG075B,1,S075_WT,8.0,False,A1,100000000.0,FAM,JG075B_001,STANDARD,,0,L-MMMMx,3.1622776601683795,2+2,A1,0.5,2,0.00066744168002414,0.002776217879727483
3,JG075B,1,S075_WT,8.0,False,A1,100000000.0,HEX,JG075B_001,STANDARD,,1,L-MMMMx,3.1622776601683795,2+2,A1,0.5,2,-0.0005527154305061106,0.0014080731198191643
4,JG075B,1,S075_WT,8.0,False,A1,100000000.0,FAM,JG075B_001,STANDARD,,0,L-MMMMx,3.1622776601683795,2+2,A1,0.5,3,-0.0020525409938345444,0.0002960573183372617
5,JG075B,1,S075_WT,8.0,False,A1,100000000.0,HEX,JG075B_001,STANDARD,,1,L-MMMMx,3.1622776601683795,2+2,A1,0.5,3,-0.0009656063825204044,0.0015793165657669306
6,JG075B,1,S075_WT,8.0,False,A1,100000000.0,FAM,JG075B_001,STANDARD,,0,L-MMMMx,3.1622776601683795,2+2,A1,0.5,4,-0.002595497382268286,-0.0004999441443942487
7,JG075B,1,S075_WT,8.0,False,A1,100000000.0,HEX,JG075B_001,STANDARD,,1,L-MMMMx,3.1622776601683795,2+2,A1,0.5,4,-0.00011123222382775698,0.0006654426688328385
8,JG075B,1,S075_WT,8.0,False,A1,100000000.0,FAM,JG075B_001,STANDARD,,0,L-MMMMx,3.1622776601683795,2+2,A1,0.5,5,-0.0009689011293352749,0.0003824317827820778
9,JG075B,1,S075_WT,8.0,False,A1,100000000.0,HEX,JG075B_001,STANDARD,,1,L-MMMMx,3.1622776601683795,2+2,A1,0.5,5,-0.00015889758324641798,0.000523955503012985
10,JG075B,1,S075_WT,8.0,False,A1,100000000.0,FAM,JG075B_001,STANDARD,,0,L-MMMMx,3.1622776601683795,2+2,A1,0.5,6,0.0010553392162196374,0.0015724273398518562
11,JG075B,1,S075_WT,8.0,False,A1,100000000.0,HEX,JG075B_001,STANDARD,,1,L-MMMMx,3.1622776601683795,2+2,A1,0.5,6,0.0005169272553894709,-0.00023703249462414533
12,JG075B,1,S075_WT,8.0,False,A1,100000000.0,FAM,JG075B_001,STANDARD,,0,L-MMMMx,3.1622776601683795,2+2,A1,0.5,7,0.0014269026025147584,0.001483903150074184
13,JG075B,1,S075_WT,8.0,False,A1,100000000.0,HEX,JG075B_001,STANDARD,,1,L-MMMMx,3.1622776601683795,2+2,A1,0.5,7,0.000645862139629288,-0.0005297366296872497
14,JG075B,1,S075_WT,8.0,False,A1,100000000.0,FAM,JG075B_001,STANDARD,,0,L-MMMMx,3.1622776601683795,2+2,A1,0.5,8,0.0012437212752121872,0.000966225634329021
15,JG075B,1,S075_WT,8.0,False,A1,100000000.0,HEX,JG075B_001,STANDARD,,1,L-MMMMx,3.1622776601683795,2+2,A1,0.5,8,0.00038398980354604215,-0.00048780537326820195
16,JG075B,1,S075_WT,8.0,False,A1,100000000.0,FAM,JG075B_001,STANDARD,,0,L-MMMMx,3.1622776601683795,2+2,A1,0.5,9,0.0009759028551475235,0.0003830723580904305
17,JG075B,1,S075_WT,8.0,False,A1,100000000.0,HEX,JG075B_001,STANDARD,,1,L-MMMMx,3.1622776601683795,2+2,A1,0.5,9,-6.6085871629195e-06,-0.0003356502274982631
18,JG075B,1,S075_WT,8.0,False,A1,100000000.0,FAM,JG075B_001,STANDARD,,0,L-MMMMx,3.1622776601683795,2+2,A1,0.5,10,0.0009150735563439988,-3.9953043597051874e-05
19,JG075B,1,S075_WT,8.0,False,A1,100000000.0,HEX,JG075B_001,STANDARD,,1,L-MMMMx,3.1622776601683795,2+2,A1,0.5,10,-0.0003044344218073022,-0.00026293317205272615
20,JG075B,1,S075_WT,8.0,False,A1,100000000.0,FAM,JG075B_001,STANDARD,,0,L-MMMMx,3.1622776601683795,2+2,A1,0.5,11,0.0006333479945009485,-0.0006338649545796216
21,JG075B,1,S075_WT,8.0,False,A1,100000000.0,HEX,JG075B_001,STANDARD,,1,L-MMMMx,3.1622776601683795,2+2,A1,0.5,11,-0.001146887890028324,0.00027613062411546707
22,JG075B,1,S075_WT,8.0,False,A1,100000000.0,FAM,JG075B_001,STANDARD,,0,L-MMMMx,3.1622776601683795,2+2,A1,0.5,12,-0.00023555943710988118,-0.001682023867033422
23,JG075B,1,S075_WT,8.0,False,A1,100000000.0,HEX,JG075B_001,STANDARD,,1,L-MMMMx,3.1622776601683795,2+2,A1,0.5,12,-0.0018783484183544133,0.0007201547850854695
24,JG075B,1,S075_WT,8.0,False,A1,100000000.0,FAM,JG075B_001,STANDARD,,0,L-MMMMx,3.1622776601683795,2+2,A1,0.5,13,-0.0009211699696028068,-0.002588383387774229
25,JG075B,1,S075_WT,8.0,False,A1,100000000.0,HEX,JG075B_001,STANDARD,,1,L-MMMMx,3.1622776601683795,2+2,A1,0.5,13,-0.0010403847868365732,-0.00017966733139473945
26,JG075B,1,S075_WT,8.0,False,A1,100000000.0,FAM,JG075B_001,STANDARD,,0,L-MMMMx,3.1622776601683795,2+2,A1,0.5,14,-0.00037621033636996273,-0.002542767208069563
27,JG075B,1,S075_WT,8.0,False,A1,100000000.0,HEX,JG075B_001,STANDARD,,1,L-MMMMx,3.1622776601683795,2+2,A1,0.5,14,-0.0006472630382905521,-0.000698585994541645
28,JG075B,1,S075_WT,8.0,False,A1,100000000.0,FAM,JG075B_001,STANDARD,,0,L-MMMMx,3.1622776601683795,2+2,A1,0.5,15,0.002125803893770962,-0.0009831632487475872
29,JG075B,1,S075_WT,8.0,False,A1,100000000.0,HEX,JG075B_001,STANDARD,,1,L-MMMMx,3.1622776601683795,2+2,A1,0.5,15,-0.0005916273486003516,-0.0009285263950005174
30,JG075B,1,S075_WT,8.0,False,A1,100000000.0,FAM,JG075B_001,STANDARD,,0,L-MMMMx,3.1622776601683795,2+2,A1,0.5,16,0.0027297822007004494,-0.0008918899693526328
31,JG075B,1,S075_WT,8.0,False,A1,100000000.0,HEX,JG075B_001,STANDARD,,1,L-MMMMx,3.1622776601683795,2+2,A1,0.5,16,0.00044286235225481546,-0.0019966273102909327
32,JG075B,1,S075_WT,8.0,False,A1,100000000.0,FAM,JG075B_001,STANDARD,,0,L-MMMMx,3.1622776601683795,2+2,A1,0.5,17,0.0037520534312579746,-0.0004770230734720826
33,JG075B,1,S075_WT,8.0,False,A1,100000000.0,HEX,JG075B_001,STANDARD,,1,L-MMMMx,3.1622776601683795,2+2,A1,0.5,17,0.00025082611962067014,-0.002014494501054287
34,JG075B,1,S075_WT,8.0,False,A1,100000000.0,FAM,JG075B_001,STANDARD,,0,L-MMMMx,3.1622776601683795,2+2,A1,0.5,18,0.0056263200844492885,0.0005969519843347371
35,JG075B,1,S075_WT,8.0,False,A1,100000000.0,HEX,JG075B_001,STANDARD,,1,L-MMMMx,3.1622776601683795,2+2,A1,0.5,18,-0.002014818571169725,-0.0002567988121882081
36,JG075B,1,S075_WT,8.0,False,A1,100000000.0,FAM,JG075B_001,STANDARD,,0,L-MMMMx,3.1622776601683795,2+2,A1,0.5,19,0.007632223035304721,0.0017727615777403116
37,JG075B,1,S075_WT,8.0,False,A1,100000000.0,HEX,JG075B_001,STANDARD,,1,L-MMMMx,3.1622776601683795,2+2,A1,0.5,19,-0.002727223397209055,0.00017090859182644635
38,JG075B,1,S075_WT,8.0,False,A1,100000000.0,FAM,JG075B_001,STANDARD,,0,L-MMMMx,3.1622776601683795,2+2,A1,0.5,20,0.009556185569089163,0.002885181689634919
39,JG075B,1,S075_WT,8.0,False,A1,100000000.0,HEX,JG075B_001,STANDARD,,1,L-MMMMx,3.1622776601683795,2+2,A1,0.5,20,-0.0032018757075938592,0.00039503633161075413
40,JG075B,1,S075_WT,8.0,False,A1,100000000.0,FAM,JG075B_001,STANDARD,,0,L-MMMMx,3.1622776601683795,2+2,A1,0.5,21,0.015905662579537638,0.0074212029576301575
41,JG075B,1,S075_WT,8.0,False,A1,100000000.0,HEX,JG075B_001,STANDARD,,1,L-MMMMx,3.1622776601683795,2+2,A1,0.5,21,-0.0034641308979696246,0.0004372954135760665
42,JG075B,1,S075_WT,8.0,False,A1,100000000.0,FAM,JG075B_001,STANDARD,,0,L-MMMMx,3.1622776601683795,2+2,A1,0.5,22,0.02815692991177356,0.016522880643606186
43,JG075B,1,S075_WT,8.0,False,A1,100000000.0,HEX,JG075B_001,STANDARD,,1,L-MMMMx,3.1622776601683795,2+2,A1,0.5,22,-0.006856324344498252,0.0031596177723258734
44,JG075B,1,S075_WT,8.0,False,A1,100000000.0,FAM,JG075B_001,STANDARD,,0,L-MMMMx,3.1622776601683795,2+2,A1,0.5,23,0.04552228859642665,0.029580846428871155
45,JG075B,1,S075_WT,8.0,False,A1,100000000.0,HEX,JG075B_001,STANDARD,,1,L-MMMMx,3.1622776601683795,2+2,A1,0.5,23,-0.012841624719196226,0.00810233224183321
46,JG075B,1,S075_WT,8.0,False,A1,100000000.0,FAM,JG075B_001,STANDARD,,0,L-MMMMx,3.1622776601683795,2+2,A1,0.5,24,0.07374049564778815,0.051034633070230484
47,JG075B,1,S075_WT,8.0,False,A1,100000000.0,HEX,JG075B_001,STANDARD,,1,L-MMMMx,3.1622776601683795,2+2,A1,0.5,24,-0.019933025949918328,0.01399216428399086
48,JG075B,1,S075_WT,8.0,False,A1,100000000.0,FAM,JG075B_001,STANDARD,,0,L-MMMMx,3.1622776601683795,2+2,A1,0.5,25,0.1122542252483846,0.08045309036970139
49,JG075B,1,S075_WT,8.0,False,A1,100000000.0,HEX,JG075B_001,STANDARD,,1,L-MMMMx,3.1622776601683795,2+2,A1,0.5,25,-0.03291676357212757,0.02492741122841835
50,JG075B,1,S075_WT,8.0,False,A1,100000000.0,FAM,JG075B_001,STANDARD,,0,L-MMMMx,3.1622776601683795,2+2,A1,0.5,26,0.15207491798464182,0.11088261753320694
51,JG075B,1,S075_WT,8.0,False,A1,100000000.0,HEX,JG075B_001,STANDARD,,1,L-MMMMx,3.1622776601683795,2+2,A1,0.5,26,-0.05412899707630927,0.0429084487259388
52,JG075B,1,S075_WT,8.0,False,A1,100000000.0,FAM,JG075B_001,STANDARD,,0,L-MMMMx,3.1622776601683795,2+2,A1,0.5,27,0.19103941618897485,0.14064979553222656
53,JG075B,1,S075_WT,8.0,False,A1,100000000.0,HEX,JG075B_001,STANDARD,,1,L-MMMMx,3.1622776601683795,2+2,A1,0.5,27,-0.08219162503407212,0.0667552500963211
54,JG075B,1,S075_WT,8.0,False,A1,100000000.0,FAM,JG075B_001,STANDARD,,0,L-MMMMx,3.1622776601683795,2+2,A1,0.5,28,0.22866590096326098,0.16938187181949615
55,JG075B,1,S075_WT,8.0,False,A1,100000000.0,HEX,JG075B_001,STANDARD,,1,L-MMMMx,3.1622776601683795,2+2,A1,0.5,28,-0.11759083759198007,0.09688413143157959
56,JG075B,1,S075_WT,8.0,False,A1,100000000.0,FAM,JG075B_001,STANDARD,,0,L-MMMMx,3.1622776601683795,2+2,A1,0.5,29,0.2614502348666082,0.19436803460121155
57,JG075B,1,S075_WT,8.0,False,A1,100000000.0,HEX,JG075B_001,STANDARD,,1,L-MMMMx,3.1622776601683795,2+2,A1,0.5,29,-0.15908670891630558,0.1322333812713623
58,JG075B,1,S075_WT,8.0,False,A1,100000000.0,FAM,JG075B_001,STANDARD,,0,L-MMMMx,3.1622776601683795,2+2,A1,0.5,30,0.28418621580977893,0.21158075332641602
59,JG075B,1,S075_WT,8.0,False,A1,100000000.0,HEX,JG075B_001,STANDARD,,1,L-MMMMx,3.1622776601683795,2+2,A1,0.5,30,-0.20512779159648534,0.17147454619407654
60,JG075B,1,S075_WT,8.0,False,A1,100000000.0,FAM,JG075B_001,STANDARD,,0,L-MMMMx,3.1622776601683795,2+2,A1,0.5,31,0.3035985054397306,0.2262222319841385
61,JG075B,1,S075_WT,8.0,False,A1,100000000.0,HEX,JG075B_001,STANDARD,,1,L-MMMMx,3.1622776601683795,2+2,A1,0.5,31,-0.25443308997468517,0.21351075172424316
62,JG075B,1,S075_WT,8.0,False,A1,100000000.0,FAM,JG075B_001,STANDARD,,0,L-MMMMx,3.1622776601683795,2+2,A1,0.5,32,0.32301164259632803,0.2408643662929535
63,JG075B,1,S075_WT,8.0,False,A1,100000000.0,HEX,JG075B_001,STANDARD,,1,L-MMMMx,3.1622776601683795,2+2,A1,0.5,32,-0.30392922381523807,0.2557103633880615
64,JG075B,1,S075_WT,8.0,False,A1,100000000.0,FAM,JG075B_001,STANDARD,,0,L-MMMMx,3.1622776601683795,2+2,A1,0.5,33,0.3358864969201616,0.25044846534729004
65,JG075B,1,S075_WT,8.0,False,A1,100000000.0,HEX,JG075B_001,STANDARD,,1,L-MMMMx,3.1622776601683795,2+2,A1,0.5,33,-0.3512213002986927,0.2960227131843567
66,JG075B,1,S075_WT,8.0,False,A1,100000000.0,FAM,JG075B_001,STANDARD,,0,L-MMMMx,3.1622776601683795,2+2,A1,0.5,34,0.3467406165768387,0.25846928358078003
67,JG075B,1,S075_WT,8.0,False,A1,100000000.0,HEX,JG075B_001,STANDARD,,1,L-MMMMx,3.1622776601683795,2+2,A1,0.5,34,-0.3985903652998794,0.33640098571777344
68,JG075B,1,S075_WT,8.0,False,A1,100000000.0,FAM,JG075B_001,STANDARD,,0,L-MMMMx,3.1622776601683795,2+2,A1,0.5,35,0.3571987871941854,0.2661838233470917
69,JG075B,1,S075_WT,8.0,False,A1,100000000.0,HEX,JG075B_001,STANDARD,,1,L-MMMMx,3.1622776601683795,2+2,A1,0.5,35,-0.4396253844708186,0.3713556230068207
70,JG075B,1,S075_WT,8.0,False,A1,100000000.0,FAM,JG075B_001,STANDARD,,0,L-MMMMx,3.1622776601683795,2+2,A1,0.5,36,0.36522001051342357,0.2720131278038025
71,JG075B,1,S075_WT,8.0,False,A1,100000000.0,HEX,JG075B_001,STANDARD,,1,L-MMMMx,3.1622776601683795,2+2,A1,0.5,36,-0.47777932067574264,0.4038432836532593
72,JG075B,1,S075_WT,8.0,False,A1,100000000.0,FAM,JG075B_001,STANDARD,,0,L-MMMMx,3.1622776601683795,2+2,A1,0.5,37,0.37172624142940186,0.2766703963279724
73,JG075B,1,S075_WT,8.0,False,A1,100000000.0,HEX,JG075B_001,STANDARD,,1,L-MMMMx,3.1622776601683795,2+2,A1,0.5,37,-0.5135569150919346,0.4342961609363556
74,JG075B,1,S075_WT,8.0,False,A1,100000000.0,FAM,JG075B_001,STANDARD,,0,L-MMMMx,3.1622776601683795,2+2,A1,0.5,38,0.3749130186653899,0.27875974774360657
75,JG075B,1,S075_WT,8.0,False,A1,100000000.0,HEX,JG075B_001,STANDARD,,1,L-MMMMx,3.1622776601683795,2+2,A1,0.5,38,-0.5459832814708975,0.4618794918060303
76,JG075B,1,S075_WT,8.0,False,A1,100000000.0,FAM,JG075B_001,STANDARD,,0,L-MMMMx,3.1622776601683795,2+2,A1,0.5,39,0.38141478080450864,0.2834135591983795
77,JG075B,1,S075_WT,8.0,False,A1,100000000.0,HEX,JG075B_001,STANDARD,,1,L-MMMMx,3.1622776601683795,2+2,A1,0.5,39,-0.5750279306889725,0.4865671694278717
78,JG075B,1,S075_WT,8.0,False,A1,100000000.0,FAM,JG075B_001,STANDARD,,0,L-MMMMx,3.1622776601683795,2+2,A1,0.5,40,0.3848222231599056,0.2856736183166504
79,JG075B,1,S075_WT,8.0,False,A1,100000000.0,HEX,JG075B_001,STANDARD,,1,L-MMMMx,3.1622776601683795,2+2,A1,0.5,40,-0.5985431197749974,0.50652015209198
80,JG075B,1,S075_WT,8.0,False,A1,100000000.0,FAM,JG075B_001,STANDARD,,0,L-MMMMx,3.1622776601683795,2+2,A1,0.5,41,0.3866060356056297,0.28667762875556946
81,JG075B,1,S075_WT,8.0,False,A1,100000000.0,HEX,JG075B_001,STANDARD,,1,L-MMMMx,3.1622776601683795,2+2,A1,0.5,41,-0.6197227584569114,0.524473249912262
82,JG075B,1,S075_WT,8.0,False,A1,100000000.0,FAM,JG075B_001,STANDARD,,0,L-MMMMx,3.1622776601683795,2+2,A1,0.5,42,0.39031681545233693,0.28917232155799866
83,JG075B,1,S075_WT,8.0,False,A1,100000000.0,HEX,JG075B_001,STANDARD,,1,L-MMMMx,3.1622776601683795,2+2,A1,0.5,42,-0.6368621009849329,0.5389668345451355
84,JG075B,1,S075_WT,8.0,False,A1,100000000.0,FAM,JG075B_001,STANDARD,,0,L-MMMMx,3.1622776601683795,2+2,A1,0.5,43,0.3926573758564579,0.2906070351600647
85,JG075B,1,S075_WT,8.0,False,A1,100000000.0,HEX,JG075B_001,STANDARD,,1,L-MMMMx,3.1622776601683795,2+2,A1,0.5,43,-0.6533789224333179,0.5529273152351379
86,JG075B,1,S075_WT,8.0,False,A1,100000000.0,FAM,JG075B_001,STANDARD,,0,L-MMMMx,3.1622776601683795,2+2,A1,0.5,44,0.3964438937661466,0.2931603491306305
87,JG075B,1,S075_WT,8.0,False,A1,100000000.0,HEX,JG075B_001,STANDARD,,1,L-MMMMx,3.1622776601683795,2+2,A1,0.5,44,-0.6663707696055414,0.5638695359230042
88,JG075B,1,S075_WT,8.0,False,A1,100000000.0,FAM,JG075B_001,STANDARD,,0,L-MMMMx,3.1622776601683795,2+2,A1,0.5,45,0.4001817944655186,0.29567602276802063
89,JG075B,1,S075_WT,8.0,False,A1,100000000.0,HEX,JG075B_001,STANDARD,,1,L-MMMMx,3.1622776601683795,2+2,A1,0.5,45,-0.676486336892874,0.5723488330841064
90,JG075B,1,S075_WT,8.0,False,A1,100000000.0,FAM,JG075B_001,STANDARD,,0,L-MMMMx,3.1622776601683795,2+2,A1,0.5,46,0.4034280526624646,0.2978113889694214
91,JG075B,1,S075_WT,8.0,False,A1,100000000.0,HEX,JG075B_001,STANDARD,,1,L-MMMMx,3.1622776601683795,2+2,A1,0.5,46,-0.6881320683725994,0.5821384191513062
92,JG075B,1,S075_WT,8.0,False,A1,100000000.0,FAM,JG075B_001,STANDARD,,0,L-MMMMx,3.1622776601683795,2+2,A1,0.5,47,0.40598388483461223,0.2994126081466675
93,JG075B,1,S075_WT,8.0,False,A1,100000000.0,HEX,JG075B_001,STANDARD,,1,L-MMMMx,3.1622776601683795,2+2,A1,0.5,47,-0.6978219016866505,0.5902531743049622
94,JG075B,1,S075_WT,8.0,False,A1,100000000.0,FAM,JG075B_001,STANDARD,,0,L-MMMMx,3.1622776601683795,2+2,A1,0.5,48,0.4074594287249052,0.3001781404018402
95,JG075B,1,S075_WT,8.0,False,A1,100000000.0,HEX,JG075B_001,STANDARD,,1,L-MMMMx,3.1622776601683795,2+2,A1,0.5,48,-0.7060570279088706,0.5971223711967468
96,JG075B,1,S075_WT,8.0,False,A1,100000000.0,FAM,JG075B_001,STANDARD,,0,L-MMMMx,3.1622776601683795,2+2,A1,0.5,49,0.4087819555316975,0.300825297832489
97,JG075B,1,S075_WT,8.0,False,A1,100000000.0,HEX,JG075B_001,STANDARD,,1,L-MMMMx,3.1622776601683795,2+2,A1,0.5,49,-0.7157004314387198,0.6051973700523376
98,JG075B,1,S075_WT,8.0,False,A1,100000000.0,FAM,JG075B_001,STANDARD,,0,L-MMMMx,3.1622776601683795,2+2,A1,0.5,50,0.40986494048924316,0.30128711462020874
99,JG075B,1,S075_WT,8.0,False,A1,100000000.0,HEX,JG075B_001,STANDARD,,1,L-MMMMx,3.1622776601683795,2+2,A1,0.5,50,-0.7222014365454413,0.6105816960334778
360,JG075B,3,S075_WT,8.0,False,A3,100000000.0,FAM,JG075B_003,STANDARD,,4,L-MMMMx,1.0,2+2,A3,0.0,1,0.0012771456073049092,0.002678995719179511
361,JG075B,3,S075_WT,8.0,False,A3,100000000.0,HEX,JG075B_003,STANDARD,,5,L-MMMMx,1.0,2+2,A3,0.0,1,0.0008246072374492667,0.0017577741527929902
362,JG075B,3,S075_WT,8.0,False,A3,100000000.0,FAM,JG075B_003,STANDARD,,4,L-MMMMx,1.0,2+2,A3,0.0,2,0.00018976892077654387,0.0015559687744826078
363,JG075B,3,S075_WT,8.0,False,A3,100000000.0,HEX,JG075B_003,STANDARD,,5,L-MMMMx,1.0,2+2,A3,0.0,2,0.0007585126645861509,0.0014694862766191363
364,JG075B,3,S075_WT,8.0,False,A3,100000000.0,FAM,JG075B_003,STANDARD,,4,L-MMMMx,1.0,2+2,A3,0.0,3,0.0004067935280024188,0.0014420334482565522
365,JG075B,3,S075_WT,8.0,False,A3,100000000.0,HEX,JG075B_003,STANDARD,,5,L-MMMMx,1.0,2+2,A3,0.0,3,-0.00024815049018999503,0.0019865762442350388
366,JG075B,3,S075_WT,8.0,False,A3,100000000.0,FAM,JG075B_003,STANDARD,,4,L-MMMMx,1.0,2+2,A3,0.0,4,0.00015369125242347174,0.0009644055389799178
367,JG075B,3,S075_WT,8.0,False,A3,100000000.0,HEX,JG075B_003,STANDARD,,5,L-MMMMx,1.0,2+2,A3,0.0,4,-0.0003010713948968764,0.0016870080726221204
368,JG075B,3,S075_WT,8.0,False,A3,100000000.0,FAM,JG075B_003,STANDARD,,4,L-MMMMx,1.0,2+2,A3,0.0,5,-0.0005259673315798119,0.00015679144416935742
369,JG075B,3,S075_WT,8.0,False,A3,100000000.0,HEX,JG075B_003,STANDARD,,5,L-MMMMx,1.0,2+2,A3,0.0,5,-0.00038453363066609807,0.0014135914389044046
370,JG075B,3,S075_WT,8.0,False,A3,100000000.0,FAM,JG075B_003,STANDARD,,4,L-MMMMx,1.0,2+2,A3,0.0,6,-0.0005931145562881993,-0.00017698064038995653
371,JG075B,3,S075_WT,8.0,False,A3,100000000.0,HEX,JG075B_003,STANDARD,,5,L-MMMMx,1.0,2+2,A3,0.0,6,-2.536409687940796e-05,0.0007611638284288347
372,JG075B,3,S075_WT,8.0,False,A3,100000000.0,FAM,JG075B_003,STANDARD,,4,L-MMMMx,1.0,2+2,A3,0.0,7,-0.00037911407823020064,-0.0002932553761638701
373,JG075B,3,S075_WT,8.0,False,A3,100000000.0,HEX,JG075B_003,STANDARD,,5,L-MMMMx,1.0,2+2,A3,0.0,7,0.00034943285302920895,9.535495337331668e-05
374,JG075B,3,S075_WT,8.0,False,A3,100000000.0,FAM,JG075B_003,STANDARD,,4,L-MMMMx,1.0,2+2,A3,0.0,8,-1.3310020732500186e-05,-0.0002920940751209855
375,JG075B,3,S075_WT,8.0,False,A3,100000000.0,HEX,JG075B_003,STANDARD,,5,L-MMMMx,1.0,2+2,A3,0.0,8,0.0009598070101121282,-0.0007721709553152323
376,JG075B,3,S075_WT,8.0,False,A3,100000000.0,FAM,JG075B_003,STANDARD,,4,L-MMMMx,1.0,2+2,A3,0.0,9,0.0004304857501456536,-0.00023059797240421176
377,JG075B,3,S075_WT,8.0,False,A3,100000000.0,HEX,JG075B_003,STANDARD,,5,L-MMMMx,1.0,2+2,A3,0.0,9,0.000598409960441689,-0.0008076010853983462
378,JG075B,3,S075_WT,8.0,False,A3,100000000.0,FAM,JG075B_003,STANDARD,,4,L-MMMMx,1.0,2+2,A3,0.0,10,0.0005205354562591678,-0.0004427616950124502
379,JG075B,3,S075_WT,8.0,False,A3,100000000.0,HEX,JG075B_003,STANDARD,,5,L-MMMMx,1.0,2+2,A3,0.0,10,-0.0009485302109506486,0.00017211033264175057
380,JG075B,3,S075_WT,8.0,False,A3,100000000.0,FAM,JG075B_003,STANDARD,,4,L-MMMMx,1.0,2+2,A3,0.0,11,0.0011596090711113983,-0.00023019762011244893
381,JG075B,3,S075_WT,8.0,False,A3,100000000.0,HEX,JG075B_003,STANDARD,,5,L-MMMMx,1.0,2+2,A3,0.0,11,-0.0005782230977452134,-0.0004898540792055428
382,JG075B,3,S075_WT,8.0,False,A3,100000000.0,FAM,JG075B_003,STANDARD,,4,L-MMMMx,1.0,2+2,A3,0.0,12,0.0017365050493145537,-6.573447899427265e-05
383,JG075B,3,S075_WT,8.0,False,A3,100000000.0,HEX,JG075B_003,STANDARD,,5,L-MMMMx,1.0,2+2,A3,0.0,12,-0.00026409115073307407,-0.001103717484511435
384,JG075B,3,S075_WT,8.0,False,A3,100000000.0,FAM,JG075B_003,STANDARD,,4,L-MMMMx,1.0,2+2,A3,0.0,13,0.0016777175192485762,-0.0003930394595954567
385,JG075B,3,S075_WT,8.0,False,A3,100000000.0,HEX,JG075B_003,STANDARD,,5,L-MMMMx,1.0,2+2,A3,0.0,13,-0.0007606357656628492,-0.001023425254970789
386,JG075B,3,S075_WT,8.0,False,A3,100000000.0,FAM,JG075B_003,STANDARD,,4,L-MMMMx,1.0,2+2,A3,0.0,14,0.0014406219400932292,-0.0008582845330238342
387,JG075B,3,S075_WT,8.0,False,A3,100000000.0,HEX,JG075B_003,STANDARD,,5,L-MMMMx,1.0,2+2,A3,0.0,14,-0.000930153204909719,-0.001223155646584928
388,JG075B,3,S075_WT,8.0,False,A3,100000000.0,FAM,JG075B_003,STANDARD,,4,L-MMMMx,1.0,2+2,A3,0.0,15,0.0018973424923194402,-0.0007867897511459887
389,JG075B,3,S075_WT,8.0,False,A3,100000000.0,HEX,JG075B_003,STANDARD,,5,L-MMMMx,1.0,2+2,A3,0.0,15,-0.0006994486887311179,-0.0017655828269198537
390,JG075B,3,S075_WT,8.0,False,A3,100000000.0,FAM,JG075B_003,STANDARD,,4,L-MMMMx,1.0,2+2,A3,0.0,16,0.00106062181127881,-0.0017159079434350133
391,JG075B,3,S075_WT,8.0,False,A3,100000000.0,HEX,JG075B_003,STANDARD,,5,L-MMMMx,1.0,2+2,A3,0.0,16,-0.0009918275509410205,-0.0018601110205054283
392,JG075B,3,S075_WT,8.0,False,A3,100000000.0,FAM,JG075B_003,STANDARD,,4,L-MMMMx,1.0,2+2,A3,0.0,17,0.0012650876145718483,-0.0018395587103441358
393,JG075B,3,S075_WT,8.0,False,A3,100000000.0,HEX,JG075B_003,STANDARD,,5,L-MMMMx,1.0,2+2,A3,0.0,17,-0.001126853298925464,-0.0020893753971904516
394,JG075B,3,S075_WT,8.0,False,A3,100000000.0,FAM,JG075B_003,STANDARD,,4,L-MMMMx,1.0,2+2,A3,0.0,18,0.004077084715404706,5.399044312071055e-05
395,JG075B,3,S075_WT,8.0,False,A3,100000000.0,HEX,JG075B_003,STANDARD,,5,L-MMMMx,1.0,2+2,A3,0.0,18,-0.00234203282338193,-0.0013937398325651884
396,JG075B,3,S075_WT,8.0,False,A3,100000000.0,FAM,JG075B_003,STANDARD,,4,L-MMMMx,1.0,2+2,A3,0.0,19,0.005883163997549637,0.0011693562846630812
397,JG075B,3,S075_WT,8.0,False,A3,100000000.0,HEX,JG075B_003,STANDARD,,5,L-MMMMx,1.0,2+2,A3,0.0,19,-0.0027106344947388696,-0.0014230008237063885
398,JG075B,3,S075_WT,8.0,False,A3,100000000.0,FAM,JG075B_003,STANDARD,,4,L-MMMMx,1.0,2+2,A3,0.0,20,0.00931009946579938,0.00353862508200109
399,JG075B,3,S075_WT,8.0,False,A3,100000000.0,HEX,JG075B_003,STANDARD,,5,L-MMMMx,1.0,2+2,A3,0.0,20,-0.004252858597346082,-0.0004473276494536549
400,JG075B,3,S075_WT,8.0,False,A3,100000000.0,FAM,JG075B_003,STANDARD,,4,L-MMMMx,1.0,2+2,A3,0.0,21,0.014802380321924088,0.007505655754357576
401,JG075B,3,S075_WT,8.0,False,A3,100000000.0,HEX,JG075B_003,STANDARD,,5,L-MMMMx,1.0,2+2,A3,0.0,21,-0.004993855678049473,-0.00015771877951920033
402,JG075B,3,S075_WT,8.0,False,A3,100000000.0,FAM,JG075B_003,STANDARD,,4,L-MMMMx,1.0,2+2,A3,0.0,22,0.0240296918440067,0.014362126588821411
403,JG075B,3,S075_WT,8.0,False,A3,100000000.0,HEX,JG075B_003,STANDARD,,5,L-MMMMx,1.0,2+2,A3,0.0,22,-0.008171563708428047,0.0022183656692504883
404,JG075B,3,S075_WT,8.0,False,A3,100000000.0,FAM,JG075B_003,STANDARD,,4,L-MMMMx,1.0,2+2,A3,0.0,23,0.04121445030523299,0.027374519035220146
405,JG075B,3,S075_WT,8.0,False,A3,100000000.0,HEX,JG075B_003,STANDARD,,5,L-MMMMx,1.0,2+2,A3,0.0,23,-0.01325073498507189,0.0062226103618741035
406,JG075B,3,S075_WT,8.0,False,A3,100000000.0,FAM,JG075B_003,STANDARD,,4,L-MMMMx,1.0,2+2,A3,0.0,24,0.06750742353284139,0.047433074563741684
407,JG075B,3,S075_WT,8.0,False,A3,100000000.0,HEX,JG075B_003,STANDARD,,5,L-MMMMx,1.0,2+2,A3,0.0,24,-0.01955276027449043,0.0112739447504282
408,JG075B,3,S075_WT,8.0,False,A3,100000000.0,FAM,JG075B_003,STANDARD,,4,L-MMMMx,1.0,2+2,A3,0.0,25,0.1000130752654826,0.07229779660701752
409,JG075B,3,S075_WT,8.0,False,A3,100000000.0,HEX,JG075B_003,STANDARD,,5,L-MMMMx,1.0,2+2,A3,0.0,25,-0.03167236095354778,0.021306678652763367
410,JG075B,3,S075_WT,8.0,False,A3,100000000.0,FAM,JG075B_003,STANDARD,,4,L-MMMMx,1.0,2+2,A3,0.0,26,0.1348076653247294,0.09893324226140976
411,JG075B,3,S075_WT,8.0,False,A3,100000000.0,HEX,JG075B_003,STANDARD,,5,L-MMMMx,1.0,2+2,A3,0.0,26,-0.05043930409140829,0.03703131154179573
412,JG075B,3,S075_WT,8.0,False,A3,100000000.0,FAM,JG075B_003,STANDARD,,4,L-MMMMx,1.0,2+2,A3,0.0,27,0.1684350570969913,0.1246657446026802
413,JG075B,3,S075_WT,8.0,False,A3,100000000.0,HEX,JG075B_003,STANDARD,,5,L-MMMMx,1.0,2+2,A3,0.0,27,-0.07671917103605473,0.05918901413679123
414,JG075B,3,S075_WT,8.0,False,A3,100000000.0,FAM,JG075B_003,STANDARD,,4,L-MMMMx,1.0,2+2,A3,0.0,28,0.1985969509386207,0.14771732687950134
415,JG075B,3,S075_WT,8.0,False,A3,100000000.0,HEX,JG075B_003,STANDARD,,5,L-MMMMx,1.0,2+2,A3,0.0,28,-0.11252022397889742,0.08949939906597137
416,JG075B,3,S075_WT,8.0,False,A3,100000000.0,FAM,JG075B_003,STANDARD,,4,L-MMMMx,1.0,2+2,A3,0.0,29,0.2249507149410942,0.1678229123353958
417,JG075B,3,S075_WT,8.0,False,A3,100000000.0,HEX,JG075B_003,STANDARD,,5,L-MMMMx,1.0,2+2,A3,0.0,29,-0.15362878597893606,0.12435442209243774
418,JG075B,3,S075_WT,8.0,False,A3,100000000.0,FAM,JG075B_003,STANDARD,,4,L-MMMMx,1.0,2+2,A3,0.0,30,0.2488861001837893,0.18605761229991913
419,JG075B,3,S075_WT,8.0,False,A3,100000000.0,HEX,JG075B_003,STANDARD,,5,L-MMMMx,1.0,2+2,A3,0.0,30,-0.19888693163091373,0.1627626121044159
420,JG075B,3,S075_WT,8.0,False,A3,100000000.0,FAM,JG075B_003,STANDARD,,4,L-MMMMx,1.0,2+2,A3,0.0,31,0.26636156028451613,0.19929489493370056
421,JG075B,3,S075_WT,8.0,False,A3,100000000.0,HEX,JG075B_003,STANDARD,,5,L-MMMMx,1.0,2+2,A3,0.0,31,-0.2485725783462637,0.20496191084384918
422,JG075B,3,S075_WT,8.0,False,A3,100000000.0,FAM,JG075B_003,STANDARD,,4,L-MMMMx,1.0,2+2,A3,0.0,32,0.28229016868488965,0.21133552491664886
423,JG075B,3,S075_WT,8.0,False,A3,100000000.0,HEX,JG075B_003,STANDARD,,5,L-MMMMx,1.0,2+2,A3,0.0,32,-0.29822846684160426,0.247135728597641
424,JG075B,3,S075_WT,8.0,False,A3,100000000.0,FAM,JG075B_003,STANDARD,,4,L-MMMMx,1.0,2+2,A3,0.0,33,0.29418431910774706,0.2202550768852234
425,JG075B,3,S075_WT,8.0,False,A3,100000000.0,HEX,JG075B_003,STANDARD,,5,L-MMMMx,1.0,2+2,A3,0.0,33,-0.3474385389157738,0.28892782330513
426,JG075B,3,S075_WT,8.0,False,A3,100000000.0,FAM,JG075B_003,STANDARD,,4,L-MMMMx,1.0,2+2,A3,0.0,34,0.30606883854599337,0.229167178273201
427,JG075B,3,S075_WT,8.0,False,A3,100000000.0,HEX,JG075B_003,STANDARD,,5,L-MMMMx,1.0,2+2,A3,0.0,34,-0.3920912875164713,0.3268176019191742
428,JG075B,3,S075_WT,8.0,False,A3,100000000.0,FAM,JG075B_003,STANDARD,,4,L-MMMMx,1.0,2+2,A3,0.0,35,0.31641760117815837,0.23689121007919312
429,JG075B,3,S075_WT,8.0,False,A3,100000000.0,HEX,JG075B_003,STANDARD,,5,L-MMMMx,1.0,2+2,A3,0.0,35,-0.4351344818664817,0.3633292019367218
430,JG075B,3,S075_WT,8.0,False,A3,100000000.0,FAM,JG075B_003,STANDARD,,4,L-MMMMx,1.0,2+2,A3,0.0,36,0.3245113650734871,0.2428707629442215
431,JG075B,3,S075_WT,8.0,False,A3,100000000.0,HEX,JG075B_003,STANDARD,,5,L-MMMMx,1.0,2+2,A3,0.0,36,-0.476642917772589,0.3985266387462616
432,JG075B,3,S075_WT,8.0,False,A3,100000000.0,FAM,JG075B_003,STANDARD,,4,L-MMMMx,1.0,2+2,A3,0.0,37,0.32995591476987934,0.24680086970329285
433,JG075B,3,S075_WT,8.0,False,A3,100000000.0,HEX,JG075B_003,STANDARD,,5,L-MMMMx,1.0,2+2,A3,0.0,37,-0.5134879099563249,0.4297308921813965
434,JG075B,3,S075_WT,8.0,False,A3,100000000.0,FAM,JG075B_003,STANDARD,,4,L-MMMMx,1.0,2+2,A3,0.0,38,0.3358211843980216,0.251056432723999
435,JG075B,3,S075_WT,8.0,False,A3,100000000.0,HEX,JG075B_003,STANDARD,,5,L-MMMMx,1.0,2+2,A3,0.0,38,-0.5446287908407506,0.45605093240737915
436,JG075B,3,S075_WT,8.0,False,A3,100000000.0,FAM,JG075B_003,STANDARD,,4,L-MMMMx,1.0,2+2,A3,0.0,39,0.3398022867207924,0.2538544237613678
437,JG075B,3,S075_WT,8.0,False,A3,100000000.0,HEX,JG075B_003,STANDARD,,5,L-MMMMx,1.0,2+2,A3,0.0,39,-0.5745916638720298,0.4813622832298279
438,JG075B,3,S075_WT,8.0,False,A3,100000000.0,FAM,JG075B_003,STANDARD,,4,L-MMMMx,1.0,2+2,A3,0.0,40,0.34409323708047057,0.2568920850753784
439,JG075B,3,S075_WT,8.0,False,A3,100000000.0,HEX,JG075B_003,STANDARD,,5,L-MMMMx,1.0,2+2,A3,0.0,40,-0.5984100039478586,0.5014122724533081
440,JG075B,3,S075_WT,8.0,False,A3,100000000.0,FAM,JG075B_003,STANDARD,,4,L-MMMMx,1.0,2+2,A3,0.0,41,0.34862850625776237,0.2601187825202942
441,JG075B,3,S075_WT,8.0,False,A3,100000000.0,HEX,JG075B_003,STANDARD,,5,L-MMMMx,1.0,2+2,A3,0.0,41,-0.6212768466919698,0.5206475257873535
442,JG075B,3,S075_WT,8.0,False,A3,100000000.0,FAM,JG075B_003,STANDARD,,4,L-MMMMx,1.0,2+2,A3,0.0,42,0.3528709935028776,0.2631189525127411
443,JG075B,3,S075_WT,8.0,False,A3,100000000.0,HEX,JG075B_003,STANDARD,,5,L-MMMMx,1.0,2+2,A3,0.0,42,-0.6381246630787056,0.5347288250923157
444,JG075B,3,S075_WT,8.0,False,A3,100000000.0,FAM,JG075B_003,STANDARD,,4,L-MMMMx,1.0,2+2,A3,0.0,43,0.3553061686998177,0.26472100615501404
445,JG075B,3,S075_WT,8.0,False,A3,100000000.0,HEX,JG075B_003,STANDARD,,5,L-MMMMx,1.0,2+2,A3,0.0,43,-0.6557688163938817,0.5494920611381531
446,JG075B,3,S075_WT,8.0,False,A3,100000000.0,FAM,JG075B_003,STANDARD,,4,L-MMMMx,1.0,2+2,A3,0.0,44,0.3584897099249764,0.26690196990966797
447,JG075B,3,S075_WT,8.0,False,A3,100000000.0,HEX,JG075B_003,STANDARD,,5,L-MMMMx,1.0,2+2,A3,0.0,44,-0.6704805146579735,0.5617443323135376
448,JG075B,3,S075_WT,8.0,False,A3,100000000.0,FAM,JG075B_003,STANDARD,,4,L-MMMMx,1.0,2+2,A3,0.0,45,0.3617773428318116,0.26916348934173584
449,JG075B,3,S075_WT,8.0,False,A3,100000000.0,HEX,JG075B_003,STANDARD,,5,L-MMMMx,1.0,2+2,A3,0.0,45,-0.6826330756111233,0.5718052983283997
450,JG075B,3,S075_WT,8.0,False,A3,100000000.0,FAM,JG075B_003,STANDARD,,4,L-MMMMx,1.0,2+2,A3,0.0,46,0.3625858832518803,0.26950713992118835
451,JG075B,3,S075_WT,8.0,False,A3,100000000.0,HEX,JG075B_003,STANDARD,,5,L-MMMMx,1.0,2+2,A3,0.0,46,-0.6952942062844815,0.5823017358779907
452,JG075B,3,S075_WT,8.0,False,A3,100000000.0,FAM,JG075B_003,STANDARD,,4,L-MMMMx,1.0,2+2,A3,0.0,47,0.3637516176292043,0.27012714743614197
453,JG075B,3,S075_WT,8.0,False,A3,100000000.0,HEX,JG075B_003,STANDARD,,5,L-MMMMx,1.0,2+2,A3,0.0,47,-0.7021942847837509,0.5878651738166809
454,JG075B,3,S075_WT,8.0,False,A3,100000000.0,FAM,JG075B_003,STANDARD,,4,L-MMMMx,1.0,2+2,A3,0.0,48,0.3673035247537673,0.27259308099746704
455,JG075B,3,S075_WT,8.0,False,A3,100000000.0,HEX,JG075B_003,STANDARD,,5,L-MMMMx,1.0,2+2,A3,0.0,48,-0.7112403660073985,0.5952661037445068
456,JG075B,3,S075_WT,8.0,False,A3,100000000.0,FAM,JG075B_003,STANDARD,,4,L-MMMMx,1.0,2+2,A3,0.0,49,0.3682925883493859,0.2730764150619507
457,JG075B,3,S075_WT,8.0,False,A3,100000000.0,HEX,JG075B_003,STANDARD,,5,L-MMMMx,1.0,2+2,A3,0.0,49,-0.719730542798308,0.6021910905838013
458,JG075B,3,S075_WT,8.0,False,A3,100000000.0,FAM,JG075B_003,STANDARD,,4,L-MMMMx,1.0,2+2,A3,0.0,50,0.37055795002566355,0.2745470702648163
459,JG075B,3,S075_WT,8.0,False,A3,100000000.0,HEX,JG075B_003,STANDARD,,5,L-MMMMx,1.0,2+2,A3,0.0,50,-0.7287906156061003,0.6096040606498718
1080,JG075B,7,S075_WT,8.0,False,A7,100000000.0,FAM,JG075B_007,STANDARD,,12,L-MMMMx,0.1,2+2,A7,-1.0,1,0.00342299158005151,0.029383977875113487
1081,JG075B,7,S075_WT,8.0,False,A7,100000000.0,HEX,JG075B_007,STANDARD,,13,L-MMMMx,0.1,2+2,A7,-1.0,1,-5.1293773963674066e-05,0.002312264870852232
1082,JG075B,7,S075_WT,8.0,False,A7,100000000.0,FAM,JG075B_007,STANDARD,,12,L-MMMMx,0.1,2+2,A7,-1.0,2,0.0020967664751685828,0.02583210915327072
1083,JG075B,7,S075_WT,8.0,False,A7,100000000.0,HEX,JG075B_007,STANDARD,,13,L-MMMMx,0.1,2+2,A7,-1.0,2,-8.573325782257517e-05,0.002028627088293433
1084,JG075B,7,S075_WT,8.0,False,A7,100000000.0,FAM,JG075B_007,STANDARD,,12,L-MMMMx,0.1,2+2,A7,-1.0,3,0.0005931771576881712,0.022143030539155006
1085,JG075B,7,S075_WT,8.0,False,A7,100000000.0,HEX,JG075B_007,STANDARD,,13,L-MMMMx,0.1,2+2,A7,-1.0,3,-0.00045353441565879277,0.00203043594956398
1086,JG075B,7,S075_WT,8.0,False,A7,100000000.0,FAM,JG075B_007,STANDARD,,12,L-MMMMx,0.1,2+2,A7,-1.0,4,-2.3258827835736577e-06,0.019156450405716896
1087,JG075B,7,S075_WT,8.0,False,A7,100000000.0,HEX,JG075B_007,STANDARD,,13,L-MMMMx,0.1,2+2,A7,-1.0,4,-7.311646863727789e-05,0.0013915692688897252
1088,JG075B,7,S075_WT,8.0,False,A7,100000000.0,FAM,JG075B_007,STANDARD,,12,L-MMMMx,0.1,2+2,A7,-1.0,5,-0.000683698782047628,0.016103442758321762
1089,JG075B,7,S075_WT,8.0,False,A7,100000000.0,HEX,JG075B_007,STANDARD,,13,L-MMMMx,0.1,2+2,A7,-1.0,5,0.0003493806456256836,0.0007166717550717294
1090,JG075B,7,S075_WT,8.0,False,A7,100000000.0,FAM,JG075B_007,STANDARD,,12,L-MMMMx,0.1,2+2,A7,-1.0,6,-0.000653881253691752,0.013600615784525871
1091,JG075B,7,S075_WT,8.0,False,A7,100000000.0,HEX,JG075B_007,STANDARD,,13,L-MMMMx,0.1,2+2,A7,-1.0,6,0.0011261572002117925,-0.0002615836856421083
1092,JG075B,7,S075_WT,8.0,False,A7,100000000.0,FAM,JG075B_007,STANDARD,,12,L-MMMMx,0.1,2+2,A7,-1.0,7,-1.673383576173594e-05,0.011567621491849422
1093,JG075B,7,S075_WT,8.0,False,A7,100000000.0,HEX,JG075B_007,STANDARD,,13,L-MMMMx,0.1,2+2,A7,-1.0,7,0.0006086078065969775,-0.00013155034685041755
1094,JG075B,7,S075_WT,8.0,False,A7,100000000.0,FAM,JG075B_007,STANDARD,,12,L-MMMMx,0.1,2+2,A7,-1.0,8,0.0001836291680869861,0.009196728467941284
1095,JG075B,7,S075_WT,8.0,False,A7,100000000.0,HEX,JG075B_007,STANDARD,,13,L-MMMMx,0.1,2+2,A7,-1.0,8,-0.0006362081205940554,0.0006212174193933606
1096,JG075B,7,S075_WT,8.0,False,A7,100000000.0,FAM,JG075B_007,STANDARD,,12,L-MMMMx,0.1,2+2,A7,-1.0,9,0.00027920705936725516,0.006744774058461189
1097,JG075B,7,S075_WT,8.0,False,A7,100000000.0,HEX,JG075B_007,STANDARD,,13,L-MMMMx,0.1,2+2,A7,-1.0,9,-0.0005657281258348087,0.00024774050689302385
1098,JG075B,7,S075_WT,8.0,False,A7,100000000.0,FAM,JG075B_007,STANDARD,,12,L-MMMMx,0.1,2+2,A7,-1.0,10,0.00030062636914227715,0.004235449247062206
1099,JG075B,7,S075_WT,8.0,False,A7,100000000.0,HEX,JG075B_007,STANDARD,,13,L-MMMMx,0.1,2+2,A7,-1.0,10,-0.0003555585217095188,-0.0002453479974064976
1100,JG075B,7,S075_WT,8.0,False,A7,100000000.0,FAM,JG075B_007,STANDARD,,12,L-MMMMx,0.1,2+2,A7,-1.0,11,0.0014893210137791098,0.002629135502502322
1101,JG075B,7,S075_WT,8.0,False,A7,100000000.0,HEX,JG075B_007,STANDARD,,13,L-MMMMx,0.1,2+2,A7,-1.0,11,-1.2329648465907744e-05,-0.0008523708092980087
1102,JG075B,7,S075_WT,8.0,False,A7,100000000.0,FAM,JG075B_007,STANDARD,,12,L-MMMMx,0.1,2+2,A7,-1.0,12,0.0020522713262654344,0.0005387421697378159
1103,JG075B,7,S075_WT,8.0,False,A7,100000000.0,HEX,JG075B_007,STANDARD,,13,L-MMMMx,0.1,2+2,A7,-1.0,12,4.591641140056116e-05,-0.001215372234582901
1104,JG075B,7,S075_WT,8.0,False,A7,100000000.0,FAM,JG075B_007,STANDARD,,12,L-MMMMx,0.1,2+2,A7,-1.0,13,0.002325444573773854,-0.0017758241156116128
1105,JG075B,7,S075_WT,8.0,False,A7,100000000.0,HEX,JG075B_007,STANDARD,,13,L-MMMMx,0.1,2+2,A7,-1.0,13,-0.0006706476044529566,-0.0009149291436187923
1106,JG075B,7,S075_WT,8.0,False,A7,100000000.0,FAM,JG075B_007,STANDARD,,12,L-MMMMx,0.1,2+2,A7,-1.0,14,0.004038796736083393,-0.00297626038081944
1107,JG075B,7,S075_WT,8.0,False,A7,100000000.0,HEX,JG075B_007,STANDARD,,13,L-MMMMx,0.1,2+2,A7,-1.0,14,-0.00048654689715466715,-0.0013856957666575909
1108,JG075B,7,S075_WT,8.0,False,A7,100000000.0,FAM,JG075B_007,STANDARD,,12,L-MMMMx,0.1,2+2,A7,-1.0,15,0.004073160089175694,-0.005475571379065514
1109,JG075B,7,S075_WT,8.0,False,A7,100000000.0,HEX,JG075B_007,STANDARD,,13,L-MMMMx,0.1,2+2,A7,-1.0,15,-0.00016014621031406635,-0.001978309126570821
1110,JG075B,7,S075_WT,8.0,False,A7,100000000.0,FAM,JG075B_007,STANDARD,,12,L-MMMMx,0.1,2+2,A7,-1.0,16,0.004169392887409516,-0.007927019149065018
1111,JG075B,7,S075_WT,8.0,False,A7,100000000.0,HEX,JG075B_007,STANDARD,,13,L-MMMMx,0.1,2+2,A7,-1.0,16,-0.0007536747785261334,-0.001783217303454876
1112,JG075B,7,S075_WT,8.0,False,A7,100000000.0,FAM,JG075B_007,STANDARD,,12,L-MMMMx,0.1,2+2,A7,-1.0,17,0.004559255144465672,-0.010151314549148083
1113,JG075B,7,S075_WT,8.0,False,A7,100000000.0,HEX,JG075B_007,STANDARD,,13,L-MMMMx,0.1,2+2,A7,-1.0,17,-0.003471244156699956,0.0002306208189111203
1114,JG075B,7,S075_WT,8.0,False,A7,100000000.0,FAM,JG075B_007,STANDARD,,12,L-MMMMx,0.1,2+2,A7,-1.0,18,0.006358361593752188,-0.011285411193966866
1115,JG075B,7,S075_WT,8.0,False,A7,100000000.0,HEX,JG075B_007,STANDARD,,13,L-MMMMx,0.1,2+2,A7,-1.0,18,-0.0034394324454851653,-0.00010974569886457175
1116,JG075B,7,S075_WT,8.0,False,A7,100000000.0,FAM,JG075B_007,STANDARD,,12,L-MMMMx,0.1,2+2,A7,-1.0,19,0.007756048604449262,-0.012730047106742859
1117,JG075B,7,S075_WT,8.0,False,A7,100000000.0,HEX,JG075B_007,STANDARD,,13,L-MMMMx,0.1,2+2,A7,-1.0,19,-0.002201316468413221,-0.0014830308500677347
1118,JG075B,7,S075_WT,8.0,False,A7,100000000.0,FAM,JG075B_007,STANDARD,,12,L-MMMMx,0.1,2+2,A7,-1.0,20,0.00967342354475973,-0.013772650621831417
1119,JG075B,7,S075_WT,8.0,False,A7,100000000.0,HEX,JG075B_007,STANDARD,,13,L-MMMMx,0.1,2+2,A7,-1.0,20,-0.0020282489257266263,-0.0019443501951172948
1120,JG075B,7,S075_WT,8.0,False,A7,100000000.0,FAM,JG075B_007,STANDARD,,12,L-MMMMx,0.1,2+2,A7,-1.0,21,0.011439014167599718,-0.01493267435580492
1121,JG075B,7,S075_WT,8.0,False,A7,100000000.0,HEX,JG075B_007,STANDARD,,13,L-MMMMx,0.1,2+2,A7,-1.0,21,-0.004380001027398195,-0.00024374932399950922
1122,JG075B,7,S075_WT,8.0,False,A7,100000000.0,FAM,JG075B_007,STANDARD,,12,L-MMMMx,0.1,2+2,A7,-1.0,22,0.01700553065310656,-0.013152282685041428
1123,JG075B,7,S075_WT,8.0,False,A7,100000000.0,HEX,JG075B_007,STANDARD,,13,L-MMMMx,0.1,2+2,A7,-1.0,22,-0.007308575328153714,0.0019507653778418899
1124,JG075B,7,S075_WT,8.0,False,A7,100000000.0,FAM,JG075B_007,STANDARD,,12,L-MMMMx,0.1,2+2,A7,-1.0,23,0.0227200175861779,-0.011257420293986797
1125,JG075B,7,S075_WT,8.0,False,A7,100000000.0,HEX,JG075B_007,STANDARD,,13,L-MMMMx,0.1,2+2,A7,-1.0,23,-0.011656042441921683,0.005360231269150972
1126,JG075B,7,S075_WT,8.0,False,A7,100000000.0,FAM,JG075B_007,STANDARD,,12,L-MMMMx,0.1,2+2,A7,-1.0,24,0.02960763549275458,-0.008455016650259495
1127,JG075B,7,S075_WT,8.0,False,A7,100000000.0,HEX,JG075B_007,STANDARD,,13,L-MMMMx,0.1,2+2,A7,-1.0,24,-0.01738959871682033,0.009956560097634792
1128,JG075B,7,S075_WT,8.0,False,A7,100000000.0,FAM,JG075B_007,STANDARD,,12,L-MMMMx,0.1,2+2,A7,-1.0,25,0.03640472214398719,-0.005722649395465851
1129,JG075B,7,S075_WT,8.0,False,A7,100000000.0,HEX,JG075B_007,STANDARD,,13,L-MMMMx,0.1,2+2,A7,-1.0,25,-0.028612067373697755,0.01925286464393139
1130,JG075B,7,S075_WT,8.0,False,A7,100000000.0,FAM,JG075B_007,STANDARD,,12,L-MMMMx,0.1,2+2,A7,-1.0,26,0.04253815690764012,-0.0035036862827837467
1131,JG075B,7,S075_WT,8.0,False,A7,100000000.0,HEX,JG075B_007,STANDARD,,13,L-MMMMx,0.1,2+2,A7,-1.0,26,-0.0463452691168203,0.03412409499287605
1132,JG075B,7,S075_WT,8.0,False,A7,100000000.0,FAM,JG075B_007,STANDARD,,12,L-MMMMx,0.1,2+2,A7,-1.0,27,0.04933169935653586,-0.0007740604924038053
1133,JG075B,7,S075_WT,8.0,False,A7,100000000.0,HEX,JG075B_007,STANDARD,,13,L-MMMMx,0.1,2+2,A7,-1.0,27,-0.0731518217506985,0.05676453560590744
1134,JG075B,7,S075_WT,8.0,False,A7,100000000.0,FAM,JG075B_007,STANDARD,,12,L-MMMMx,0.1,2+2,A7,-1.0,28,0.05494575438208295,0.0010431075934320688
1135,JG075B,7,S075_WT,8.0,False,A7,100000000.0,HEX,JG075B_007,STANDARD,,13,L-MMMMx,0.1,2+2,A7,-1.0,28,-0.10852230283419963,0.0867379903793335
1136,JG075B,7,S075_WT,8.0,False,A7,100000000.0,FAM,JG075B_007,STANDARD,,12,L-MMMMx,0.1,2+2,A7,-1.0,29,0.05831528918205071,0.001123902969993651
1137,JG075B,7,S075_WT,8.0,False,A7,100000000.0,HEX,JG075B_007,STANDARD,,13,L-MMMMx,0.1,2+2,A7,-1.0,29,-0.15008586975842972,0.12201438099145889
1138,JG075B,7,S075_WT,8.0,False,A7,100000000.0,FAM,JG075B_007,STANDARD,,12,L-MMMMx,0.1,2+2,A7,-1.0,30,0.06205954633126602,0.0014945856528356671
1139,JG075B,7,S075_WT,8.0,False,A7,100000000.0,HEX,JG075B_007,STANDARD,,13,L-MMMMx,0.1,2+2,A7,-1.0,30,-0.19941128538945466,0.16393698751926422
1140,JG075B,7,S075_WT,8.0,False,A7,100000000.0,FAM,JG075B_007,STANDARD,,12,L-MMMMx,0.1,2+2,A7,-1.0,31,0.0665505129793469,0.0024429266341030598
1141,JG075B,7,S075_WT,8.0,False,A7,100000000.0,HEX,JG075B_007,STANDARD,,13,L-MMMMx,0.1,2+2,A7,-1.0,31,-0.25426076638749884,0.21058966219425201
1142,JG075B,7,S075_WT,8.0,False,A7,100000000.0,FAM,JG075B_007,STANDARD,,12,L-MMMMx,0.1,2+2,A7,-1.0,32,0.07302796651330729,0.004928024485707283
1143,JG075B,7,S075_WT,8.0,False,A7,100000000.0,HEX,JG075B_007,STANDARD,,13,L-MMMMx,0.1,2+2,A7,-1.0,32,-0.3081537033381512,0.25642329454421997
1144,JG075B,7,S075_WT,8.0,False,A7,100000000.0,FAM,JG075B_007,STANDARD,,12,L-MMMMx,0.1,2+2,A7,-1.0,33,0.0767660598323715,0.005293938331305981
1145,JG075B,7,S075_WT,8.0,False,A7,100000000.0,HEX,JG075B_007,STANDARD,,13,L-MMMMx,0.1,2+2,A7,-1.0,33,-0.3634360881262277,0.3034466505050659
1146,JG075B,7,S075_WT,8.0,False,A7,100000000.0,FAM,JG075B_007,STANDARD,,12,L-MMMMx,0.1,2+2,A7,-1.0,34,0.0798384594951185,0.005144868511706591
1147,JG075B,7,S075_WT,8.0,False,A7,100000000.0,HEX,JG075B_007,STANDARD,,13,L-MMMMx,0.1,2+2,A7,-1.0,34,-0.4181915609929905,0.35001882910728455
1148,JG075B,7,S075_WT,8.0,False,A7,100000000.0,FAM,JG075B_007,STANDARD,,12,L-MMMMx,0.1,2+2,A7,-1.0,35,0.08363518624849493,0.005556141957640648
1149,JG075B,7,S075_WT,8.0,False,A7,100000000.0,HEX,JG075B_007,STANDARD,,13,L-MMMMx,0.1,2+2,A7,-1.0,35,-0.46938105936935653,0.39353758096694946
1150,JG075B,7,S075_WT,8.0,False,A7,100000000.0,FAM,JG075B_007,STANDARD,,12,L-MMMMx,0.1,2+2,A7,-1.0,36,0.08603472680237406,0.0048865447752177715
1151,JG075B,7,S075_WT,8.0,False,A7,100000000.0,HEX,JG075B_007,STANDARD,,13,L-MMMMx,0.1,2+2,A7,-1.0,36,-0.516574811909505,0.4336349368095398
1152,JG075B,7,S075_WT,8.0,False,A7,100000000.0,FAM,JG075B_007,STANDARD,,12,L-MMMMx,0.1,2+2,A7,-1.0,37,0.08972478077019827,0.0052152955904603004
1153,JG075B,7,S075_WT,8.0,False,A7,100000000.0,HEX,JG075B_007,STANDARD,,13,L-MMMMx,0.1,2+2,A7,-1.0,37,-0.5620728679831496,0.4722802937030792
1154,JG075B,7,S075_WT,8.0,False,A7,100000000.0,FAM,JG075B_007,STANDARD,,12,L-MMMMx,0.1,2+2,A7,-1.0,38,0.09245108136996182,0.004798481240868568
1155,JG075B,7,S075_WT,8.0,False,A7,100000000.0,HEX,JG075B_007,STANDARD,,13,L-MMMMx,0.1,2+2,A7,-1.0,38,-0.6041696465220521,0.5080132484436035
1156,JG075B,7,S075_WT,8.0,False,A7,100000000.0,FAM,JG075B_007,STANDARD,,12,L-MMMMx,0.1,2+2,A7,-1.0,39,0.09449119357815577,0.003850828390568495
1157,JG075B,7,S075_WT,8.0,False,A7,100000000.0,HEX,JG075B_007,STANDARD,,13,L-MMMMx,0.1,2+2,A7,-1.0,39,-0.6426670378323016,0.5406641960144043
1158,JG075B,7,S075_WT,8.0,False,A7,100000000.0,FAM,JG075B_007,STANDARD,,12,L-MMMMx,0.1,2+2,A7,-1.0,40,0.09516590183606896,0.0018468918278813362
1159,JG075B,7,S075_WT,8.0,False,A7,100000000.0,HEX,JG075B_007,STANDARD,,13,L-MMMMx,0.1,2+2,A7,-1.0,40,-0.6733199535184434,0.566598117351532
1160,JG075B,7,S075_WT,8.0,False,A7,100000000.0,FAM,JG075B_007,STANDARD,,12,L-MMMMx,0.1,2+2,A7,-1.0,41,0.09685818140404948,0.0006301536923274398
1161,JG075B,7,S075_WT,8.0,False,A7,100000000.0,HEX,JG075B_007,STANDARD,,13,L-MMMMx,0.1,2+2,A7,-1.0,41,-0.7048702100563793,0.593300461769104
1162,JG075B,7,S075_WT,8.0,False,A7,100000000.0,FAM,JG075B_007,STANDARD,,12,L-MMMMx,0.1,2+2,A7,-1.0,42,0.0992031720610915,-8.164368045981973e-05
1163,JG075B,7,S075_WT,8.0,False,A7,100000000.0,HEX,JG075B_007,STANDARD,,13,L-MMMMx,0.1,2+2,A7,-1.0,42,-0.7334585665676426,0.6174665689468384
1164,JG075B,7,S075_WT,8.0,False,A7,100000000.0,FAM,JG075B_007,STANDARD,,12,L-MMMMx,0.1,2+2,A7,-1.0,43,0.1006728217888025,-0.0014706094516441226
1165,JG075B,7,S075_WT,8.0,False,A7,100000000.0,HEX,JG075B_007,STANDARD,,13,L-MMMMx,0.1,2+2,A7,-1.0,43,-0.7575574344250812,0.6377885341644287
1166,JG075B,7,S075_WT,8.0,False,A7,100000000.0,FAM,JG075B_007,STANDARD,,12,L-MMMMx,0.1,2+2,A7,-1.0,44,0.1027203691171162,-0.002412510570138693
1167,JG075B,7,S075_WT,8.0,False,A7,100000000.0,HEX,JG075B_007,STANDARD,,13,L-MMMMx,0.1,2+2,A7,-1.0,44,-0.7744978319407353,0.6519809365272522
1168,JG075B,7,S075_WT,8.0,False,A7,100000000.0,FAM,JG075B_007,STANDARD,,12,L-MMMMx,0.1,2+2,A7,-1.0,45,0.10469237100214067,-0.003412853926420212
1169,JG075B,7,S075_WT,8.0,False,A7,100000000.0,HEX,JG075B_007,STANDARD,,13,L-MMMMx,0.1,2+2,A7,-1.0,45,-0.7953817678890817,0.6695500016212463
1170,JG075B,7,S075_WT,8.0,False,A7,100000000.0,FAM,JG075B_007,STANDARD,,12,L-MMMMx,0.1,2+2,A7,-1.0,46,0.10647672278300302,-0.004558364395052195
1171,JG075B,7,S075_WT,8.0,False,A7,100000000.0,HEX,JG075B_007,STANDARD,,13,L-MMMMx,0.1,2+2,A7,-1.0,46,-0.8120073199565421,0.6834728121757507
1172,JG075B,7,S075_WT,8.0,False,A7,100000000.0,FAM,JG075B_007,STANDARD,,12,L-MMMMx,0.1,2+2,A7,-1.0,47,0.10864068945329536,-0.005410203244537115
1173,JG075B,7,S075_WT,8.0,False,A7,100000000.0,HEX,JG075B_007,STANDARD,,13,L-MMMMx,0.1,2+2,A7,-1.0,47,-0.8248135176018294,0.6941251754760742
1174,JG075B,7,S075_WT,8.0,False,A7,100000000.0,FAM,JG075B_007,STANDARD,,12,L-MMMMx,0.1,2+2,A7,-1.0,48,0.11006534322090343,-0.006833977997303009
1175,JG075B,7,S075_WT,8.0,False,A7,100000000.0,HEX,JG075B_007,STANDARD,,13,L-MMMMx,0.1,2+2,A7,-1.0,48,-0.838075729514443,0.7051680684089661
1176,JG075B,7,S075_WT,8.0,False,A7,100000000.0,FAM,JG075B_007,STANDARD,,12,L-MMMMx,0.1,2+2,A7,-1.0,49,0.11173250518101827,-0.008070146664977074
1177,JG075B,7,S075_WT,8.0,False,A7,100000000.0,HEX,JG075B_007,STANDARD,,13,L-MMMMx,0.1,2+2,A7,-1.0,49,-0.846872189739368,0.7123870849609375
1178,JG075B,7,S075_WT,8.0,False,A7,100000000.0,FAM,JG075B_007,STANDARD,,12,L-MMMMx,0.1,2+2,A7,-1.0,50,0.11310453524871145,-0.009534631855785847
1179,JG075B,7,S075_WT,8.0,False,A7,100000000.0,HEX,JG075B_007,STANDARD,,13,L-MMMMx,0.1,2+2,A7,-1.0,50,-0.8536015152241737,0.7178360223770142
1260,JG075B,8,S075_WT,8.0,False,A8,100000000.0,FAM,JG075B_008,STANDARD,,14,L-MMMMx,0.0,2+2,A8,-2.0,1,0.000585612019276175,0.010352378711104393
1261,JG075B,8,S075_WT,8.0,False,A8,100000000.0,HEX,JG075B_008,STANDARD,,15,L-MMMMx,0.0,2+2,A8,-2.0,1,0.0002528252281139957,0.001971255522221327
1262,JG075B,8,S075_WT,8.0,False,A8,100000000.0,FAM,JG075B_008,STANDARD,,14,L-MMMMx,0.0,2+2,A8,-2.0,2,0.0002725472335086995,0.009803451597690582
1263,JG075B,8,S075_WT,8.0,False,A8,100000000.0,HEX,JG075B_008,STANDARD,,15,L-MMMMx,0.0,2+2,A8,-2.0,2,-0.00014708348289032324,0.001970284851267934
1264,JG075B,8,S075_WT,8.0,False,A8,100000000.0,FAM,JG075B_008,STANDARD,,14,L-MMMMx,0.0,2+2,A8,-2.0,3,0.00020511107926198004,0.009444545023143291
1265,JG075B,8,S075_WT,8.0,False,A8,100000000.0,HEX,JG075B_008,STANDARD,,15,L-MMMMx,0.0,2+2,A8,-2.0,3,0.0004853221984803012,0.0010853774147108197
1266,JG075B,8,S075_WT,8.0,False,A8,100000000.0,FAM,JG075B_008,STANDARD,,14,L-MMMMx,0.0,2+2,A8,-2.0,4,0.00020592008196931004,0.009138433262705803
1267,JG075B,8,S075_WT,8.0,False,A8,100000000.0,HEX,JG075B_008,STANDARD,,15,L-MMMMx,0.0,2+2,A8,-2.0,4,5.11132233598155e-05,0.0011137770488858223
1268,JG075B,8,S075_WT,8.0,False,A8,100000000.0,FAM,JG075B_008,STANDARD,,14,L-MMMMx,0.0,2+2,A8,-2.0,5,0.00018024387699619462,0.008811832405626774
1269,JG075B,8,S075_WT,8.0,False,A8,100000000.0,HEX,JG075B_008,STANDARD,,15,L-MMMMx,0.0,2+2,A8,-2.0,5,-0.0008177049836415171,0.0015143181663006544
1270,JG075B,8,S075_WT,8.0,False,A8,100000000.0,FAM,JG075B_008,STANDARD,,14,L-MMMMx,0.0,2+2,A8,-2.0,6,-0.00036240431992999236,0.008085299283266068
1271,JG075B,8,S075_WT,8.0,False,A8,100000000.0,HEX,JG075B_008,STANDARD,,15,L-MMMMx,0.0,2+2,A8,-2.0,6,-0.00048648381320874065,0.0008873051265254617
1272,JG075B,8,S075_WT,8.0,False,A8,100000000.0,FAM,JG075B_008,STANDARD,,14,L-MMMMx,0.0,2+2,A8,-2.0,7,-0.0010381719861504034,0.007255783770233393
1273,JG075B,8,S075_WT,8.0,False,A8,100000000.0,HEX,JG075B_008,STANDARD,,15,L-MMMMx,0.0,2+2,A8,-2.0,7,-8.041462858842829e-05,0.00019620217790361494
1274,JG075B,8,S075_WT,8.0,False,A8,100000000.0,FAM,JG075B_008,STANDARD,,14,L-MMMMx,0.0,2+2,A8,-2.0,8,-0.0011583474121273478,0.006856077816337347
1275,JG075B,8,S075_WT,8.0,False,A8,100000000.0,HEX,JG075B_008,STANDARD,,15,L-MMMMx,0.0,2+2,A8,-2.0,8,-0.00011146063121818047,-0.0001206134184030816
1276,JG075B,8,S075_WT,8.0,False,A8,100000000.0,FAM,JG075B_008,STANDARD,,14,L-MMMMx,0.0,2+2,A8,-2.0,9,0.0008710166172406543,0.008119266480207443
1277,JG075B,8,S075_WT,8.0,False,A8,100000000.0,HEX,JG075B_008,STANDARD,,15,L-MMMMx,0.0,2+2,A8,-2.0,9,0.0006546308081130696,-0.0011199916480109096
1278,JG075B,8,S075_WT,8.0,False,A8,100000000.0,FAM,JG075B_008,STANDARD,,14,L-MMMMx,0.0,2+2,A8,-2.0,10,0.0010966320627396047,0.00798706617206335
1279,JG075B,8,S075_WT,8.0,False,A8,100000000.0,HEX,JG075B_008,STANDARD,,15,L-MMMMx,0.0,2+2,A8,-2.0,10,0.0003049978267036801,-0.0011640116572380066
1280,JG075B,8,S075_WT,8.0,False,A8,100000000.0,FAM,JG075B_008,STANDARD,,14,L-MMMMx,0.0,2+2,A8,-2.0,11,0.001128683979525249,0.007705124095082283
1281,JG075B,8,S075_WT,8.0,False,A8,100000000.0,HEX,JG075B_008,STANDARD,,15,L-MMMMx,0.0,2+2,A8,-2.0,11,-0.0018919245185794892,0.0003737414663191885
1282,JG075B,8,S075_WT,8.0,False,A8,100000000.0,FAM,JG075B_008,STANDARD,,14,L-MMMMx,0.0,2+2,A8,-2.0,12,0.0013692274511713594,0.007584472186863422
1283,JG075B,8,S075_WT,8.0,False,A8,100000000.0,HEX,JG075B_008,STANDARD,,15,L-MMMMx,0.0,2+2,A8,-2.0,12,-0.0018160497587892876,-3.4626868000486866e-05
1284,JG075B,8,S075_WT,8.0,False,A8,100000000.0,FAM,JG075B_008,STANDARD,,14,L-MMMMx,0.0,2+2,A8,-2.0,13,0.0007686970367326355,0.006813161075115204
1285,JG075B,8,S075_WT,8.0,False,A8,100000000.0,HEX,JG075B_008,STANDARD,,15,L-MMMMx,0.0,2+2,A8,-2.0,13,-0.0012641826985904643,-0.0008505717851221561
1286,JG075B,8,S075_WT,8.0,False,A8,100000000.0,FAM,JG075B_008,STANDARD,,14,L-MMMMx,0.0,2+2,A8,-2.0,14,0.001318741829840125,0.0069319405592978
1287,JG075B,8,S075_WT,8.0,False,A8,100000000.0,HEX,JG075B_008,STANDARD,,15,L-MMMMx,0.0,2+2,A8,-2.0,14,-0.0016729144607905704,-0.0008439874509349465
1288,JG075B,8,S075_WT,8.0,False,A8,100000000.0,FAM,JG075B_008,STANDARD,,14,L-MMMMx,0.0,2+2,A8,-2.0,15,0.0025551291102709817,0.007581678684800863
1289,JG075B,8,S075_WT,8.0,False,A8,100000000.0,HEX,JG075B_008,STANDARD,,15,L-MMMMx,0.0,2+2,A8,-2.0,15,-0.001393744071672586,-0.001426431117579341
1290,JG075B,8,S075_WT,8.0,False,A8,100000000.0,FAM,JG075B_008,STANDARD,,14,L-MMMMx,0.0,2+2,A8,-2.0,16,0.0033061147663038574,0.007855907082557678
1291,JG075B,8,S075_WT,8.0,False,A8,100000000.0,HEX,JG075B_008,STANDARD,,15,L-MMMMx,0.0,2+2,A8,-2.0,16,-0.001137892989462599,-0.0019889073446393013
1292,JG075B,8,S075_WT,8.0,False,A8,100000000.0,FAM,JG075B_008,STANDARD,,14,L-MMMMx,0.0,2+2,A8,-2.0,17,0.004230381097459123,0.008264186792075634
1293,JG075B,8,S075_WT,8.0,False,A8,100000000.0,HEX,JG075B_008,STANDARD,,15,L-MMMMx,0.0,2+2,A8,-2.0,17,-0.002042803914767803,-0.0015574611024931073
1294,JG075B,8,S075_WT,8.0,False,A8,100000000.0,FAM,JG075B_008,STANDARD,,14,L-MMMMx,0.0,2+2,A8,-2.0,18,0.004656995191791127,0.008287480100989342
1295,JG075B,8,S075_WT,8.0,False,A8,100000000.0,HEX,JG075B_008,STANDARD,,15,L-MMMMx,0.0,2+2,A8,-2.0,18,-0.0026238549135373067,-0.0014033254701644182
1296,JG075B,8,S075_WT,8.0,False,A8,100000000.0,FAM,JG075B_008,STANDARD,,14,L-MMMMx,0.0,2+2,A8,-2.0,19,0.004041999038466574,0.007504978217184544
1297,JG075B,8,S075_WT,8.0,False,A8,100000000.0,HEX,JG075B_008,STANDARD,,15,L-MMMMx,0.0,2+2,A8,-2.0,19,-0.002806737448086671,-0.0015901285223662853
1298,JG075B,8,S075_WT,8.0,False,A8,100000000.0,FAM,JG075B_008,STANDARD,,14,L-MMMMx,0.0,2+2,A8,-2.0,20,0.004670902333569513,0.007684763055294752
1299,JG075B,8,S075_WT,8.0,False,A8,100000000.0,HEX,JG075B_008,STANDARD,,15,L-MMMMx,0.0,2+2,A8,-2.0,20,-0.005139294627728747,6.376430246746168e-05
1300,JG075B,8,S075_WT,8.0,False,A8,100000000.0,FAM,JG075B_008,STANDARD,,14,L-MMMMx,0.0,2+2,A8,-2.0,21,0.006689441136234671,0.00893957819789648
1301,JG075B,8,S075_WT,8.0,False,A8,100000000.0,HEX,JG075B_008,STANDARD,,15,L-MMMMx,0.0,2+2,A8,-2.0,21,-0.00673823337303235,0.0010894837323576212
1302,JG075B,8,S075_WT,8.0,False,A8,100000000.0,FAM,JG075B_008,STANDARD,,14,L-MMMMx,0.0,2+2,A8,-2.0,22,0.007594175830598685,0.0093327471986413
1303,JG075B,8,S075_WT,8.0,False,A8,100000000.0,HEX,JG075B_008,STANDARD,,15,L-MMMMx,0.0,2+2,A8,-2.0,22,-0.008148703391609377,0.0019538234919309616
1304,JG075B,8,S075_WT,8.0,False,A8,100000000.0,FAM,JG075B_008,STANDARD,,14,L-MMMMx,0.0,2+2,A8,-2.0,23,0.0070814607338437075,0.008629370480775833
1305,JG075B,8,S075_WT,8.0,False,A8,100000000.0,HEX,JG075B_008,STANDARD,,15,L-MMMMx,0.0,2+2,A8,-2.0,23,-0.010731821303237535,0.003822263330221176
1306,JG075B,8,S075_WT,8.0,False,A8,100000000.0,FAM,JG075B_008,STANDARD,,14,L-MMMMx,0.0,2+2,A8,-2.0,24,0.006701190937460178,0.008028454147279263
1307,JG075B,8,S075_WT,8.0,False,A8,100000000.0,HEX,JG075B_008,STANDARD,,15,L-MMMMx,0.0,2+2,A8,-2.0,24,-0.016536571074076942,0.008449280634522438
1308,JG075B,8,S075_WT,8.0,False,A8,100000000.0,FAM,JG075B_008,STANDARD,,14,L-MMMMx,0.0,2+2,A8,-2.0,25,0.006139242247373404,0.007286990061402321
1309,JG075B,8,S075_WT,8.0,False,A8,100000000.0,HEX,JG075B_008,STANDARD,,15,L-MMMMx,0.0,2+2,A8,-2.0,25,-0.02593143255820965,0.016150392591953278
1310,JG075B,8,S075_WT,8.0,False,A8,100000000.0,FAM,JG075B_008,STANDARD,,14,L-MMMMx,0.0,2+2,A8,-2.0,26,0.0065225554348940324,0.007276785559952259
1311,JG075B,8,S075_WT,8.0,False,A8,100000000.0,HEX,JG075B_008,STANDARD,,15,L-MMMMx,0.0,2+2,A8,-2.0,26,-0.0404565589645697,0.0282443817704916
1312,JG075B,8,S075_WT,8.0,False,A8,100000000.0,FAM,JG075B_008,STANDARD,,14,L-MMMMx,0.0,2+2,A8,-2.0,27,0.007006069386308243,0.0073440964333713055
1313,JG075B,8,S075_WT,8.0,False,A8,100000000.0,HEX,JG075B_008,STANDARD,,15,L-MMMMx,0.0,2+2,A8,-2.0,27,-0.06422977444128479,0.04825720563530922
1314,JG075B,8,S075_WT,8.0,False,A8,100000000.0,FAM,JG075B_008,STANDARD,,14,L-MMMMx,0.0,2+2,A8,-2.0,28,0.005635272084645279,0.005976902786642313
1315,JG075B,8,S075_WT,8.0,False,A8,100000000.0,HEX,JG075B_008,STANDARD,,15,L-MMMMx,0.0,2+2,A8,-2.0,28,-0.09598358764556607,0.07510355114936829
1316,JG075B,8,S075_WT,8.0,False,A8,100000000.0,FAM,JG075B_008,STANDARD,,14,L-MMMMx,0.0,2+2,A8,-2.0,29,0.0040222747819831,0.00442234193906188
1317,JG075B,8,S075_WT,8.0,False,A8,100000000.0,HEX,JG075B_008,STANDARD,,15,L-MMMMx,0.0,2+2,A8,-2.0,29,-0.13561729049601307,0.10869719088077545
1318,JG075B,8,S075_WT,8.0,False,A8,100000000.0,FAM,JG075B_008,STANDARD,,14,L-MMMMx,0.0,2+2,A8,-2.0,30,0.0018580769680601036,0.002441369229927659
1319,JG075B,8,S075_WT,8.0,False,A8,100000000.0,HEX,JG075B_008,STANDARD,,15,L-MMMMx,0.0,2+2,A8,-2.0,30,-0.18215660583050325,0.14820387959480286
1320,JG075B,8,S075_WT,8.0,False,A8,100000000.0,FAM,JG075B_008,STANDARD,,14,L-MMMMx,0.0,2+2,A8,-2.0,31,-0.0013087256058446112,-0.00031522370409220457
1321,JG075B,8,S075_WT,8.0,False,A8,100000000.0,HEX,JG075B_008,STANDARD,,15,L-MMMMx,0.0,2+2,A8,-2.0,31,-0.23508464554919975,0.19318102300167084
1322,JG075B,8,S075_WT,8.0,False,A8,100000000.0,FAM,JG075B_008,STANDARD,,14,L-MMMMx,0.0,2+2,A8,-2.0,32,-0.004635652929892993,-0.0031956899911165237
1323,JG075B,8,S075_WT,8.0,False,A8,100000000.0,HEX,JG075B_008,STANDARD,,15,L-MMMMx,0.0,2+2,A8,-2.0,32,-0.2899621097155335,0.23982739448547363
1324,JG075B,8,S075_WT,8.0,False,A8,100000000.0,FAM,JG075B_008,STANDARD,,14,L-MMMMx,0.0,2+2,A8,-2.0,33,-0.007726293677493358,-0.005893363617360592
1325,JG075B,8,S075_WT,8.0,False,A8,100000000.0,HEX,JG075B_008,STANDARD,,15,L-MMMMx,0.0,2+2,A8,-2.0,33,-0.3447491158540256,0.2863962948322296
1326,JG075B,8,S075_WT,8.0,False,A8,100000000.0,FAM,JG075B_008,STANDARD,,14,L-MMMMx,0.0,2+2,A8,-2.0,34,-0.011367557077277877,-0.00901700183749199
1327,JG075B,8,S075_WT,8.0,False,A8,100000000.0,HEX,JG075B_008,STANDARD,,15,L-MMMMx,0.0,2+2,A8,-2.0,34,-0.4013395397349624,0.3345094323158264
1328,JG075B,8,S075_WT,8.0,False,A8,100000000.0,FAM,JG075B_008,STANDARD,,14,L-MMMMx,0.0,2+2,A8,-2.0,35,-0.013698101257403292,-0.011126660741865635
1329,JG075B,8,S075_WT,8.0,False,A8,100000000.0,HEX,JG075B_008,STANDARD,,15,L-MMMMx,0.0,2+2,A8,-2.0,35,-0.45264667879393894,0.37809863686561584
1330,JG075B,8,S075_WT,8.0,False,A8,100000000.0,FAM,JG075B_008,STANDARD,,14,L-MMMMx,0.0,2+2,A8,-2.0,36,-0.01656692116744147,-0.013652733527123928
1331,JG075B,8,S075_WT,8.0,False,A8,100000000.0,HEX,JG075B_008,STANDARD,,15,L-MMMMx,0.0,2+2,A8,-2.0,36,-0.5009218206857762,0.4190916419029236
1332,JG075B,8,S075_WT,8.0,False,A8,100000000.0,FAM,JG075B_008,STANDARD,,14,L-MMMMx,0.0,2+2,A8,-2.0,37,-0.01816662771134037,-0.015197012573480606
1333,JG075B,8,S075_WT,8.0,False,A8,100000000.0,HEX,JG075B_008,STANDARD,,15,L-MMMMx,0.0,2+2,A8,-2.0,37,-0.5487103895767571,0.45966804027557373
1334,JG075B,8,S075_WT,8.0,False,A8,100000000.0,FAM,JG075B_008,STANDARD,,14,L-MMMMx,0.0,2+2,A8,-2.0,38,-0.019541412240632317,-0.01656728982925415
1335,JG075B,8,S075_WT,8.0,False,A8,100000000.0,HEX,JG075B_008,STANDARD,,15,L-MMMMx,0.0,2+2,A8,-2.0,38,-0.5922053519919404,0.4965679347515106
1336,JG075B,8,S075_WT,8.0,False,A8,100000000.0,FAM,JG075B_008,STANDARD,,14,L-MMMMx,0.0,2+2,A8,-2.0,39,-0.021028879289873795,-0.018024740740656853
1337,JG075B,8,S075_WT,8.0,False,A8,100000000.0,HEX,JG075B_008,STANDARD,,15,L-MMMMx,0.0,2+2,A8,-2.0,39,-0.632317344268551,0.5305711030960083
1338,JG075B,8,S075_WT,8.0,False,A8,100000000.0,FAM,JG075B_008,STANDARD,,14,L-MMMMx,0.0,2+2,A8,-2.0,40,-0.021912271722339678,-0.0190148763358593
1339,JG075B,8,S075_WT,8.0,False,A8,100000000.0,HEX,JG075B_008,STANDARD,,15,L-MMMMx,0.0,2+2,A8,-2.0,40,-0.6672131208342639,0.5601078271865845
1340,JG075B,8,S075_WT,8.0,False,A8,100000000.0,FAM,JG075B_008,STANDARD,,14,L-MMMMx,0.0,2+2,A8,-2.0,41,-0.02283056684303608,-0.020032010972499847
1341,JG075B,8,S075_WT,8.0,False,A8,100000000.0,HEX,JG075B_008,STANDARD,,15,L-MMMMx,0.0,2+2,A8,-2.0,41,-0.6987114484081598,0.5867354273796082
1342,JG075B,8,S075_WT,8.0,False,A8,100000000.0,FAM,JG075B_008,STANDARD,,14,L-MMMMx,0.0,2+2,A8,-2.0,42,-0.024879443247226112,-0.021923771128058434
1343,JG075B,8,S075_WT,8.0,False,A8,100000000.0,HEX,JG075B_008,STANDARD,,15,L-MMMMx,0.0,2+2,A8,-2.0,42,-0.7284008938647089,0.6118141412734985
1344,JG075B,8,S075_WT,8.0,False,A8,100000000.0,FAM,JG075B_008,STANDARD,,14,L-MMMMx,0.0,2+2,A8,-2.0,43,-0.025354231526582692,-0.02259780652821064
1345,JG075B,8,S075_WT,8.0,False,A8,100000000.0,HEX,JG075B_008,STANDARD,,15,L-MMMMx,0.0,2+2,A8,-2.0,43,-0.7530044332895592,0.6325379014015198
1346,JG075B,8,S075_WT,8.0,False,A8,100000000.0,FAM,JG075B_008,STANDARD,,14,L-MMMMx,0.0,2+2,A8,-2.0,44,-0.024276081323311733,-0.02207048237323761
1347,JG075B,8,S075_WT,8.0,False,A8,100000000.0,HEX,JG075B_008,STANDARD,,15,L-MMMMx,0.0,2+2,A8,-2.0,44,-0.7755870589288784,0.6515312790870667
1348,JG075B,8,S075_WT,8.0,False,A8,100000000.0,FAM,JG075B_008,STANDARD,,14,L-MMMMx,0.0,2+2,A8,-2.0,45,-0.023892479206252773,-0.02208046242594719
1349,JG075B,8,S075_WT,8.0,False,A8,100000000.0,HEX,JG075B_008,STANDARD,,15,L-MMMMx,0.0,2+2,A8,-2.0,45,-0.7962961348803503,0.6689203977584839
1350,JG075B,8,S075_WT,8.0,False,A8,100000000.0,FAM,JG075B_008,STANDARD,,14,L-MMMMx,0.0,2+2,A8,-2.0,46,-0.024345174006911555,-0.0227374080568552
1351,JG075B,8,S075_WT,8.0,False,A8,100000000.0,HEX,JG075B_008,STANDARD,,15,L-MMMMx,0.0,2+2,A8,-2.0,46,-0.8116843714842596,0.681753396987915
1352,JG075B,8,S075_WT,8.0,False,A8,100000000.0,FAM,JG075B_008,STANDARD,,14,L-MMMMx,0.0,2+2,A8,-2.0,47,-0.02279198511868413,-0.0218425914645195
1353,JG075B,8,S075_WT,8.0,False,A8,100000000.0,HEX,JG075B_008,STANDARD,,15,L-MMMMx,0.0,2+2,A8,-2.0,47,-0.8263952344298952,0.6940064430236816
1354,JG075B,8,S075_WT,8.0,False,A8,100000000.0,FAM,JG075B_008,STANDARD,,14,L-MMMMx,0.0,2+2,A8,-2.0,48,-0.02038256317459404,-0.020285386592149734
1355,JG075B,8,S075_WT,8.0,False,A8,100000000.0,HEX,JG075B_008,STANDARD,,15,L-MMMMx,0.0,2+2,A8,-2.0,48,-0.8384511768815872,0.7039861679077148
1356,JG075B,8,S075_WT,8.0,False,A8,100000000.0,FAM,JG075B_008,STANDARD,,14,L-MMMMx,0.0,2+2,A8,-2.0,49,-0.017720559028094003,-0.018532784655690193
1357,JG075B,8,S075_WT,8.0,False,A8,100000000.0,HEX,JG075B_008,STANDARD,,15,L-MMMMx,0.0,2+2,A8,-2.0,49,-0.8493016851908142,0.7129337191581726
1358,JG075B,8,S075_WT,8.0,False,A8,100000000.0,FAM,JG075B_008,STANDARD,,14,L-MMMMx,0.0,2+2,A8,-2.0,50,-0.016077551577383727,-0.01756848208606243
1359,JG075B,8,S075_WT,8.0,False,A8,100000000.0,HEX,JG075B_008,STANDARD,,15,L-MMMMx,0.0,2+2,A8,-2.0,50,-0.8594279027884659,0.7212610244750977
2880,JG075B,25,S075_WT,7.0,False,B1,10000000.0,FAM,JG075B_025,STANDARD,,32,L-MMMMx,3.1622776601683795,2+2,B1,0.5,1,-0.0024502284258871958,0.000365193875040859
2881,JG075B,25,S075_WT,7.0,False,B1,10000000.0,HEX,JG075B_025,STANDARD,,33,L-MMMMx,3.1622776601683795,2+2,B1,0.5,1,-0.0002900121265834193,0.002231675898656249
2882,JG075B,25,S075_WT,7.0,False,B1,10000000.0,FAM,JG075B_025,STANDARD,,32,L-MMMMx,3.1622776601683795,2+2,B1,0.5,2,-0.0016092123257100278,0.000583826913498342
2883,JG075B,25,S075_WT,7.0,False,B1,10000000.0,HEX,JG075B_025,STANDARD,,33,L-MMMMx,3.1622776601683795,2+2,B1,0.5,2,1.910790969028469e-05,0.001721666194498539
2884,JG075B,25,S075_WT,7.0,False,B1,10000000.0,FAM,JG075B_025,STANDARD,,32,L-MMMMx,3.1622776601683795,2+2,B1,0.5,3,-0.00036261620159143594,0.0011162187438458204
2885,JG075B,25,S075_WT,7.0,False,B1,10000000.0,HEX,JG075B_025,STANDARD,,33,L-MMMMx,3.1622776601683795,2+2,B1,0.5,3,-0.0007148933789407059,0.0021048469934612513
2886,JG075B,25,S075_WT,7.0,False,B1,10000000.0,FAM,JG075B_025,STANDARD,,32,L-MMMMx,3.1622776601683795,2+2,B1,0.5,4,0.00026416827689706773,0.0011691211257129908
2887,JG075B,25,S075_WT,7.0,False,B1,10000000.0,HEX,JG075B_025,STANDARD,,33,L-MMMMx,3.1622776601683795,2+2,B1,0.5,4,-0.0009366008192451021,0.0020493671763688326
2888,JG075B,25,S075_WT,7.0,False,B1,10000000.0,FAM,JG075B_025,STANDARD,,32,L-MMMMx,3.1622776601683795,2+2,B1,0.5,5,0.00043263345971392245,0.000867465219926089
2889,JG075B,25,S075_WT,7.0,False,B1,10000000.0,HEX,JG075B_025,STANDARD,,33,L-MMMMx,3.1622776601683795,2+2,B1,0.5,5,-0.0008943824322609212,0.001767896581441164
2890,JG075B,25,S075_WT,7.0,False,B1,10000000.0,FAM,JG075B_025,STANDARD,,32,L-MMMMx,3.1622776601683795,2+2,B1,0.5,6,-0.0007890762001696619,-0.0005096372915431857
2891,JG075B,25,S075_WT,7.0,False,B1,10000000.0,HEX,JG075B_025,STANDARD,,33,L-MMMMx,3.1622776601683795,2+2,B1,0.5,6,0.0004093930559780941,0.00040619602077640593
2892,JG075B,25,S075_WT,7.0,False,B1,10000000.0,FAM,JG075B_025,STANDARD,,32,L-MMMMx,3.1622776601683795,2+2,B1,0.5,7,-0.0008005563338260585,-0.0009504998452030122
2893,JG075B,25,S075_WT,7.0,False,B1,10000000.0,HEX,JG075B_025,STANDARD,,33,L-MMMMx,3.1622776601683795,2+2,B1,0.5,7,0.0007182868601698548,-0.0001036200555972755
2894,JG075B,25,S075_WT,7.0,False,B1,10000000.0,FAM,JG075B_025,STANDARD,,32,L-MMMMx,3.1622776601683795,2+2,B1,0.5,8,-0.00013536348870860356,-0.0008678846061229706
2895,JG075B,25,S075_WT,7.0,False,B1,10000000.0,HEX,JG075B_025,STANDARD,,33,L-MMMMx,3.1622776601683795,2+2,B1,0.5,8,-0.00013010084958521708,0.00037750598858110607
2896,JG075B,25,S075_WT,7.0,False,B1,10000000.0,FAM,JG075B_025,STANDARD,,32,L-MMMMx,3.1622776601683795,2+2,B1,0.5,9,0.00011650602084012644,-0.0011050185421481729
2897,JG075B,25,S075_WT,7.0,False,B1,10000000.0,HEX,JG075B_025,STANDARD,,33,L-MMMMx,3.1622776601683795,2+2,B1,0.5,9,-4.482875716044933e-05,5.9169844462303445e-05
2898,JG075B,25,S075_WT,7.0,False,B1,10000000.0,FAM,JG075B_025,STANDARD,,32,L-MMMMx,3.1622776601683795,2+2,B1,0.5,10,0.0012743044668446432,-0.0006413209484890103
2899,JG075B,25,S075_WT,7.0,False,B1,10000000.0,HEX,JG075B_025,STANDARD,,33,L-MMMMx,3.1622776601683795,2+2,B1,0.5,10,0.0015931263210444465,-0.001588677754625678
2900,JG075B,25,S075_WT,7.0,False,B1,10000000.0,FAM,JG075B_025,STANDARD,,32,L-MMMMx,3.1622776601683795,2+2,B1,0.5,11,0.003093481888060631,0.00033402282861061394
2901,JG075B,25,S075_WT,7.0,False,B1,10000000.0,HEX,JG075B_025,STANDARD,,33,L-MMMMx,3.1622776601683795,2+2,B1,0.5,11,0.0020275963331825592,-0.002206020522862673
2902,JG075B,25,S075_WT,7.0,False,B1,10000000.0,FAM,JG075B_025,STANDARD,,32,L-MMMMx,3.1622776601683795,2+2,B1,0.5,12,0.003995905146117988,0.0006001607398502529
2903,JG075B,25,S075_WT,7.0,False,B1,10000000.0,HEX,JG075B_025,STANDARD,,33,L-MMMMx,3.1622776601683795,2+2,B1,0.5,12,0.002167111917870184,-0.0025708037428557873
2904,JG075B,25,S075_WT,7.0,False,B1,10000000.0,FAM,JG075B_025,STANDARD,,32,L-MMMMx,3.1622776601683795,2+2,B1,0.5,13,0.00434238944848588,0.00043622139492072165
2905,JG075B,25,S075_WT,7.0,False,B1,10000000.0,HEX,JG075B_025,STANDARD,,33,L-MMMMx,3.1622776601683795,2+2,B1,0.5,13,0.001894589271467763,-0.002582771936431527
2906,JG075B,25,S075_WT,7.0,False,B1,10000000.0,FAM,JG075B_025,STANDARD,,32,L-MMMMx,3.1622776601683795,2+2,B1,0.5,14,0.0039507550902612865,-0.0002987304760608822
2907,JG075B,25,S075_WT,7.0,False,B1,10000000.0,HEX,JG075B_025,STANDARD,,33,L-MMMMx,3.1622776601683795,2+2,B1,0.5,14,0.000279048571843092,-0.001444757916033268
2908,JG075B,25,S075_WT,7.0,False,B1,10000000.0,FAM,JG075B_025,STANDARD,,32,L-MMMMx,3.1622776601683795,2+2,B1,0.5,15,0.003282711473698955,-0.0012475140392780304
2909,JG075B,25,S075_WT,7.0,False,B1,10000000.0,HEX,JG075B_025,STANDARD,,33,L-MMMMx,3.1622776601683795,2+2,B1,0.5,15,-0.0007792303025518011,-0.0007839089957997203
2910,JG075B,25,S075_WT,7.0,False,B1,10000000.0,FAM,JG075B_025,STANDARD,,32,L-MMMMx,3.1622776601683795,2+2,B1,0.5,16,0.004811919210244815,-0.0004964923136867583
2911,JG075B,25,S075_WT,7.0,False,B1,10000000.0,HEX,JG075B_025,STANDARD,,33,L-MMMMx,3.1622776601683795,2+2,B1,0.5,16,-0.0007542925661345169,-0.00105058285407722
2912,JG075B,25,S075_WT,7.0,False,B1,10000000.0,FAM,JG075B_025,STANDARD,,32,L-MMMMx,3.1622776601683795,2+2,B1,0.5,17,0.0050887137079669974,-0.0007143440889194608
2913,JG075B,25,S075_WT,7.0,False,B1,10000000.0,HEX,JG075B_025,STANDARD,,33,L-MMMMx,3.1622776601683795,2+2,B1,0.5,17,-0.0006727794067635757,-0.0013657003873959184
2914,JG075B,25,S075_WT,7.0,False,B1,10000000.0,FAM,JG075B_025,STANDARD,,32,L-MMMMx,3.1622776601683795,2+2,B1,0.5,18,0.0057050581991371,-0.0006695181946270168
2915,JG075B,25,S075_WT,7.0,False,B1,10000000.0,HEX,JG075B_025,STANDARD,,33,L-MMMMx,3.1622776601683795,2+2,B1,0.5,18,-0.0030192063532755572,0.00039814747287891805
2916,JG075B,25,S075_WT,7.0,False,B1,10000000.0,FAM,JG075B_025,STANDARD,,32,L-MMMMx,3.1622776601683795,2+2,B1,0.5,19,0.007668931533149819,0.00041776313446462154
2917,JG075B,25,S075_WT,7.0,False,B1,10000000.0,HEX,JG075B_025,STANDARD,,33,L-MMMMx,3.1622776601683795,2+2,B1,0.5,19,-0.00333220713987798,0.00042083929292857647
2918,JG075B,25,S075_WT,7.0,False,B1,10000000.0,FAM,JG075B_025,STANDARD,,32,L-MMMMx,3.1622776601683795,2+2,B1,0.5,20,0.01099647524021331,0.0025599871296435595
2919,JG075B,25,S075_WT,7.0,False,B1,10000000.0,HEX,JG075B_025,STANDARD,,33,L-MMMMx,3.1622776601683795,2+2,B1,0.5,20,-0.0028396998974875003,-0.0002461989352013916
2920,JG075B,25,S075_WT,7.0,False,B1,10000000.0,FAM,JG075B_025,STANDARD,,32,L-MMMMx,3.1622776601683795,2+2,B1,0.5,21,0.01638458736678467,0.006296277511864901
2921,JG075B,25,S075_WT,7.0,False,B1,10000000.0,HEX,JG075B_025,STANDARD,,33,L-MMMMx,3.1622776601683795,2+2,B1,0.5,21,-0.005940958886637094,0.002163986675441265
2922,JG075B,25,S075_WT,7.0,False,B1,10000000.0,FAM,JG075B_025,STANDARD,,32,L-MMMMx,3.1622776601683795,2+2,B1,0.5,22,0.02739549945292998,0.014382395893335342
2923,JG075B,25,S075_WT,7.0,False,B1,10000000.0,HEX,JG075B_025,STANDARD,,33,L-MMMMx,3.1622776601683795,2+2,B1,0.5,22,-0.008599499093891568,0.004195086658000946
2924,JG075B,25,S075_WT,7.0,False,B1,10000000.0,FAM,JG075B_025,STANDARD,,32,L-MMMMx,3.1622776601683795,2+2,B1,0.5,23,0.04901128131401783,0.030672498047351837
2925,JG075B,25,S075_WT,7.0,False,B1,10000000.0,HEX,JG075B_025,STANDARD,,33,L-MMMMx,3.1622776601683795,2+2,B1,0.5,23,-0.013676738696604972,0.008297239430248737
2926,JG075B,25,S075_WT,7.0,False,B1,10000000.0,FAM,JG075B_025,STANDARD,,32,L-MMMMx,3.1622776601683795,2+2,B1,0.5,24,0.0819991757081046,0.05576012656092644
2927,JG075B,25,S075_WT,7.0,False,B1,10000000.0,HEX,JG075B_025,STANDARD,,33,L-MMMMx,3.1622776601683795,2+2,B1,0.5,24,-0.02269530661859467,0.01577422209084034
2928,JG075B,25,S075_WT,7.0,False,B1,10000000.0,FAM,JG075B_025,STANDARD,,32,L-MMMMx,3.1622776601683795,2+2,B1,0.5,25,0.1293003312396576,0.09192056953907013
2929,JG075B,25,S075_WT,7.0,False,B1,10000000.0,HEX,JG075B_025,STANDARD,,33,L-MMMMx,3.1622776601683795,2+2,B1,0.5,25,-0.03621912983027384,0.02710890769958496
2930,JG075B,25,S075_WT,7.0,False,B1,10000000.0,FAM,JG075B_025,STANDARD,,32,L-MMMMx,3.1622776601683795,2+2,B1,0.5,26,0.19122656066644486,0.13939504325389862
2931,JG075B,25,S075_WT,7.0,False,B1,10000000.0,HEX,JG075B_025,STANDARD,,33,L-MMMMx,3.1622776601683795,2+2,B1,0.5,26,-0.05670809936848293,0.044407617300748825
2932,JG075B,25,S075_WT,7.0,False,B1,10000000.0,FAM,JG075B_025,STANDARD,,32,L-MMMMx,3.1622776601683795,2+2,B1,0.5,27,0.25839085147956303,0.19092170894145966
2933,JG075B,25,S075_WT,7.0,False,B1,10000000.0,HEX,JG075B_025,STANDARD,,33,L-MMMMx,3.1622776601683795,2+2,B1,0.5,27,-0.08575793452197482,0.06903671473264694
2934,JG075B,25,S075_WT,7.0,False,B1,10000000.0,FAM,JG075B_025,STANDARD,,32,L-MMMMx,3.1622776601683795,2+2,B1,0.5,28,0.3237128890323371,0.2410232126712799
2935,JG075B,25,S075_WT,7.0,False,B1,10000000.0,HEX,JG075B_025,STANDARD,,33,L-MMMMx,3.1622776601683795,2+2,B1,0.5,28,-0.12217296393274368,0.09997238963842392
2936,JG075B,25,S075_WT,7.0,False,B1,10000000.0,FAM,JG075B_025,STANDARD,,32,L-MMMMx,3.1622776601683795,2+2,B1,0.5,29,0.3797562048671746,0.2839466333389282
2937,JG075B,25,S075_WT,7.0,False,B1,10000000.0,HEX,JG075B_025,STANDARD,,33,L-MMMMx,3.1622776601683795,2+2,B1,0.5,29,-0.16505013873954338,0.13644137978553772
2938,JG075B,25,S075_WT,7.0,False,B1,10000000.0,FAM,JG075B_025,STANDARD,,32,L-MMMMx,3.1622776601683795,2+2,B1,0.5,30,0.4258030980108586,0.31913676857948303
2939,JG075B,25,S075_WT,7.0,False,B1,10000000.0,HEX,JG075B_025,STANDARD,,33,L-MMMMx,3.1622776601683795,2+2,B1,0.5,30,-0.2107457824330636,0.1753237396478653
2940,JG075B,25,S075_WT,7.0,False,B1,10000000.0,FAM,JG075B_025,STANDARD,,32,L-MMMMx,3.1622776601683795,2+2,B1,0.5,31,0.46311199143661,0.3475671410560608
2941,JG075B,25,S075_WT,7.0,False,B1,10000000.0,HEX,JG075B_025,STANDARD,,33,L-MMMMx,3.1622776601683795,2+2,B1,0.5,31,-0.2567487885136055,0.2144692838191986
2942,JG075B,25,S075_WT,7.0,False,B1,10000000.0,FAM,JG075B_025,STANDARD,,32,L-MMMMx,3.1622776601683795,2+2,B1,0.5,32,0.49125804315126537,0.36890909075737
2943,JG075B,25,S075_WT,7.0,False,B1,10000000.0,HEX,JG075B_025,STANDARD,,33,L-MMMMx,3.1622776601683795,2+2,B1,0.5,32,-0.3028967919562052,0.25373896956443787
2944,JG075B,25,S075_WT,7.0,False,B1,10000000.0,FAM,JG075B_025,STANDARD,,32,L-MMMMx,3.1622776601683795,2+2,B1,0.5,33,0.5125454469610542,0.3849451541900635
2945,JG075B,25,S075_WT,7.0,False,B1,10000000.0,HEX,JG075B_025,STANDARD,,33,L-MMMMx,3.1622776601683795,2+2,B1,0.5,33,-0.3437129576915661,0.2884432077407837
2946,JG075B,25,S075_WT,7.0,False,B1,10000000.0,FAM,JG075B_025,STANDARD,,32,L-MMMMx,3.1622776601683795,2+2,B1,0.5,34,0.52969876988851,0.3977830708026886
2947,JG075B,25,S075_WT,7.0,False,B1,10000000.0,HEX,JG075B_025,STANDARD,,33,L-MMMMx,3.1622776601683795,2+2,B1,0.5,34,-0.3839496560527311,0.3226512372493744
2948,JG075B,25,S075_WT,7.0,False,B1,10000000.0,FAM,JG075B_025,STANDARD,,32,L-MMMMx,3.1622776601683795,2+2,B1,0.5,35,0.5447875949547365,0.4090239107608795
2949,JG075B,25,S075_WT,7.0,False,B1,10000000.0,HEX,JG075B_025,STANDARD,,33,L-MMMMx,3.1622776601683795,2+2,B1,0.5,35,-0.42362237523607943,0.35637637972831726
2950,JG075B,25,S075_WT,7.0,False,B1,10000000.0,FAM,JG075B_025,STANDARD,,32,L-MMMMx,3.1622776601683795,2+2,B1,0.5,36,0.5588675551209842,0.4194842576980591
2951,JG075B,25,S075_WT,7.0,False,B1,10000000.0,HEX,JG075B_025,STANDARD,,33,L-MMMMx,3.1622776601683795,2+2,B1,0.5,36,-0.45611208659798647,0.3839509189128876
2952,JG075B,25,S075_WT,7.0,False,B1,10000000.0,FAM,JG075B_025,STANDARD,,32,L-MMMMx,3.1622776601683795,2+2,B1,0.5,37,0.5689777775263021,0.4268735945224762
2953,JG075B,25,S075_WT,7.0,False,B1,10000000.0,HEX,JG075B_025,STANDARD,,33,L-MMMMx,3.1622776601683795,2+2,B1,0.5,37,-0.48589460045255334,0.40920737385749817
2954,JG075B,25,S075_WT,7.0,False,B1,10000000.0,FAM,JG075B_025,STANDARD,,32,L-MMMMx,3.1622776601683795,2+2,B1,0.5,38,0.5750924511319326,0.4311719536781311
2955,JG075B,25,S075_WT,7.0,False,B1,10000000.0,HEX,JG075B_025,STANDARD,,33,L-MMMMx,3.1622776601683795,2+2,B1,0.5,38,-0.5095991979985682,0.4292595386505127
2956,JG075B,25,S075_WT,7.0,False,B1,10000000.0,FAM,JG075B_025,STANDARD,,32,L-MMMMx,3.1622776601683795,2+2,B1,0.5,39,0.5788136324420198,0.4336186945438385
2957,JG075B,25,S075_WT,7.0,False,B1,10000000.0,HEX,JG075B_025,STANDARD,,33,L-MMMMx,3.1622776601683795,2+2,B1,0.5,39,-0.533003080900277,0.44905418157577515
2958,JG075B,25,S075_WT,7.0,False,B1,10000000.0,FAM,JG075B_025,STANDARD,,32,L-MMMMx,3.1622776601683795,2+2,B1,0.5,40,0.5857333793132591,0.43853986263275146
2959,JG075B,25,S075_WT,7.0,False,B1,10000000.0,HEX,JG075B_025,STANDARD,,33,L-MMMMx,3.1622776601683795,2+2,B1,0.5,40,-0.5522845279998801,0.4653189480304718
2960,JG075B,25,S075_WT,7.0,False,B1,10000000.0,FAM,JG075B_025,STANDARD,,32,L-MMMMx,3.1622776601683795,2+2,B1,0.5,41,0.5907585959396853,0.44199541211128235
2961,JG075B,25,S075_WT,7.0,False,B1,10000000.0,HEX,JG075B_025,STANDARD,,33,L-MMMMx,3.1622776601683795,2+2,B1,0.5,41,-0.5665168230798664,0.4772602617740631
2962,JG075B,25,S075_WT,7.0,False,B1,10000000.0,FAM,JG075B_025,STANDARD,,32,L-MMMMx,3.1622776601683795,2+2,B1,0.5,42,0.5953170565279204,0.4450898766517639
2963,JG075B,25,S075_WT,7.0,False,B1,10000000.0,HEX,JG075B_025,STANDARD,,33,L-MMMMx,3.1622776601683795,2+2,B1,0.5,42,-0.584351220173489,0.49228593707084656
2964,JG075B,25,S075_WT,7.0,False,B1,10000000.0,FAM,JG075B_025,STANDARD,,32,L-MMMMx,3.1622776601683795,2+2,B1,0.5,43,0.6006966933880341,0.4488196074962616
2965,JG075B,25,S075_WT,7.0,False,B1,10000000.0,HEX,JG075B_025,STANDARD,,33,L-MMMMx,3.1622776601683795,2+2,B1,0.5,43,-0.5984609322699976,0.5041223168373108
2966,JG075B,25,S075_WT,7.0,False,B1,10000000.0,FAM,JG075B_025,STANDARD,,32,L-MMMMx,3.1622776601683795,2+2,B1,0.5,44,0.6069561399543383,0.45322996377944946
2967,JG075B,25,S075_WT,7.0,False,B1,10000000.0,HEX,JG075B_025,STANDARD,,33,L-MMMMx,3.1622776601683795,2+2,B1,0.5,44,-0.607464133812883,0.5115861296653748
2968,JG075B,25,S075_WT,7.0,False,B1,10000000.0,FAM,JG075B_025,STANDARD,,32,L-MMMMx,3.1622776601683795,2+2,B1,0.5,45,0.60874372774603,0.45418089628219604
2969,JG075B,25,S075_WT,7.0,False,B1,10000000.0,HEX,JG075B_025,STANDARD,,33,L-MMMMx,3.1622776601683795,2+2,B1,0.5,45,-0.6177990418048934,0.5201902389526367
2970,JG075B,25,S075_WT,7.0,False,B1,10000000.0,FAM,JG075B_025,STANDARD,,32,L-MMMMx,3.1622776601683795,2+2,B1,0.5,46,0.6129838265069617,0.4570290744304657
2971,JG075B,25,S075_WT,7.0,False,B1,10000000.0,HEX,JG075B_025,STANDARD,,33,L-MMMMx,3.1622776601683795,2+2,B1,0.5,46,-0.6314700028821749,0.531650960445404
2972,JG075B,25,S075_WT,7.0,False,B1,10000000.0,FAM,JG075B_025,STANDARD,,32,L-MMMMx,3.1622776601683795,2+2,B1,0.5,47,0.616358523514681,0.45920777320861816
2973,JG075B,25,S075_WT,7.0,False,B1,10000000.0,HEX,JG075B_025,STANDARD,,33,L-MMMMx,3.1622776601683795,2+2,B1,0.5,47,-0.641305808096483,0.5398277044296265
2974,JG075B,25,S075_WT,7.0,False,B1,10000000.0,FAM,JG075B_025,STANDARD,,32,L-MMMMx,3.1622776601683795,2+2,B1,0.5,48,0.6167001538008049,0.4590400755405426
2975,JG075B,25,S075_WT,7.0,False,B1,10000000.0,HEX,JG075B_025,STANDARD,,33,L-MMMMx,3.1622776601683795,2+2,B1,0.5,48,-0.647247985155869,0.5446704626083374
2976,JG075B,25,S075_WT,7.0,False,B1,10000000.0,FAM,JG075B_025,STANDARD,,32,L-MMMMx,3.1622776601683795,2+2,B1,0.5,49,0.6192630743776262,0.46059077978134155
2977,JG075B,25,S075_WT,7.0,False,B1,10000000.0,HEX,JG075B_025,STANDARD,,33,L-MMMMx,3.1622776601683795,2+2,B1,0.5,49,-0.6552600813502287,0.5512856245040894
2978,JG075B,25,S075_WT,7.0,False,B1,10000000.0,FAM,JG075B_025,STANDARD,,32,L-MMMMx,3.1622776601683795,2+2,B1,0.5,50,0.6213973776153164,0.461809903383255
2979,JG075B,25,S075_WT,7.0,False,B1,10000000.0,HEX,JG075B_025,STANDARD,,33,L-MMMMx,3.1622776601683795,2+2,B1,0.5,50,-0.6635825679610148,0.5581665635108948
3240,JG075B,27,S075_WT,7.0,False,B3,10000000.0,FAM,JG075B_027,STANDARD,,36,L-MMMMx,1.0,2+2,B3,0.0,1,0.0018185754846777957,0.004290433134883642
3241,JG075B,27,S075_WT,7.0,False,B3,10000000.0,HEX,JG075B_027,STANDARD,,37,L-MMMMx,1.0,2+2,B3,0.0,1,0.0003290763162712759,0.001637597568333149
3242,JG075B,27,S075_WT,7.0,False,B3,10000000.0,FAM,JG075B_027,STANDARD,,36,L-MMMMx,1.0,2+2,B3,0.0,2,0.0005413913534344422,0.0027981852181255817
3243,JG075B,27,S075_WT,7.0,False,B3,10000000.0,HEX,JG075B_027,STANDARD,,37,L-MMMMx,1.0,2+2,B3,0.0,2,-0.000754331721687161,0.0023348224349319935
3244,JG075B,27,S075_WT,7.0,False,B3,10000000.0,FAM,JG075B_027,STANDARD,,36,L-MMMMx,1.0,2+2,B3,0.0,3,0.0005435486939873222,0.002295642625540495
3245,JG075B,27,S075_WT,7.0,False,B3,10000000.0,HEX,JG075B_027,STANDARD,,37,L-MMMMx,1.0,2+2,B3,0.0,3,-0.0006537454575616186,0.002018231898546219
3246,JG075B,27,S075_WT,7.0,False,B3,10000000.0,FAM,JG075B_027,STANDARD,,36,L-MMMMx,1.0,2+2,B3,0.0,4,-0.00087632810525366,0.0006930069648660719
3247,JG075B,27,S075_WT,7.0,False,B3,10000000.0,HEX,JG075B_027,STANDARD,,37,L-MMMMx,1.0,2+2,B3,0.0,4,0.00018004158167419203,0.0010738254059106112
3248,JG075B,27,S075_WT,7.0,False,B3,10000000.0,FAM,JG075B_027,STANDARD,,36,L-MMMMx,1.0,2+2,B3,0.0,5,-0.000516687877907045,0.00046701502287760377
3249,JG075B,27,S075_WT,7.0,False,B3,10000000.0,HEX,JG075B_027,STANDARD,,37,L-MMMMx,1.0,2+2,B3,0.0,5,0.0007310211160130842,0.0003715778875630349
3250,JG075B,27,S075_WT,7.0,False,B3,10000000.0,FAM,JG075B_027,STANDARD,,36,L-MMMMx,1.0,2+2,B3,0.0,6,-0.0005884772371979685,-9.27331275306642e-05
3251,JG075B,27,S075_WT,7.0,False,B3,10000000.0,HEX,JG075B_027,STANDARD,,37,L-MMMMx,1.0,2+2,B3,0.0,6,0.0009613079729634825,-5.607106504612602e-05
3252,JG075B,27,S075_WT,7.0,False,B3,10000000.0,FAM,JG075B_027,STANDARD,,36,L-MMMMx,1.0,2+2,B3,0.0,7,-0.00103980443804198,-0.0009460937581025064
3253,JG075B,27,S075_WT,7.0,False,B3,10000000.0,HEX,JG075B_027,STANDARD,,37,L-MMMMx,1.0,2+2,B3,0.0,7,0.0004739170561184885,0.0001308038627030328
3254,JG075B,27,S075_WT,7.0,False,B3,10000000.0,FAM,JG075B_027,STANDARD,,36,L-MMMMx,1.0,2+2,B3,0.0,8,-0.0009073013517628645,-0.0013478001346811652
3255,JG075B,27,S075_WT,7.0,False,B3,10000000.0,HEX,JG075B_027,STANDARD,,37,L-MMMMx,1.0,2+2,B3,0.0,8,-0.0007154372060607619,0.0009187469258904457
3256,JG075B,27,S075_WT,7.0,False,B3,10000000.0,FAM,JG075B_027,STANDARD,,36,L-MMMMx,1.0,2+2,B3,0.0,9,0.0006068050009128367,-0.000680691038724035
3257,JG075B,27,S075_WT,7.0,False,B3,10000000.0,HEX,JG075B_027,STANDARD,,37,L-MMMMx,1.0,2+2,B3,0.0,9,-0.0007386520981617088,0.0007081631920300424
3258,JG075B,27,S075_WT,7.0,False,B3,10000000.0,FAM,JG075B_027,STANDARD,,36,L-MMMMx,1.0,2+2,B3,0.0,10,0.002778245315263359,0.0004949352005496621
3259,JG075B,27,S075_WT,7.0,False,B3,10000000.0,HEX,JG075B_027,STANDARD,,37,L-MMMMx,1.0,2+2,B3,0.0,10,-0.00023845296498515792,4.93972038384527e-05
3260,JG075B,27,S075_WT,7.0,False,B3,10000000.0,FAM,JG075B_027,STANDARD,,36,L-MMMMx,1.0,2+2,B3,0.0,11,0.0027647619368078597,-1.9707151295733638e-05
3261,JG075B,27,S075_WT,7.0,False,B3,10000000.0,HEX,JG075B_027,STANDARD,,37,L-MMMMx,1.0,2+2,B3,0.0,11,0.0005241405783098926,-0.000834048492833972
3262,JG075B,27,S075_WT,7.0,False,B3,10000000.0,FAM,JG075B_027,STANDARD,,36,L-MMMMx,1.0,2+2,B3,0.0,12,0.002551435627672636,-0.0006889490177854896
3263,JG075B,27,S075_WT,7.0,False,B3,10000000.0,HEX,JG075B_027,STANDARD,,37,L-MMMMx,1.0,2+2,B3,0.0,12,0.0008521770971276216,-0.0013453972060233355
3264,JG075B,27,S075_WT,7.0,False,B3,10000000.0,FAM,JG075B_027,STANDARD,,36,L-MMMMx,1.0,2+2,B3,0.0,13,0.002614923078228816,-0.0011440463131293654
3265,JG075B,27,S075_WT,7.0,False,B3,10000000.0,HEX,JG075B_027,STANDARD,,37,L-MMMMx,1.0,2+2,B3,0.0,13,0.0006306958889051687,-0.0013862120686098933
3266,JG075B,27,S075_WT,7.0,False,B3,10000000.0,FAM,JG075B_027,STANDARD,,36,L-MMMMx,1.0,2+2,B3,0.0,14,0.003746294102460554,-0.0007730232318863273
3267,JG075B,27,S075_WT,7.0,False,B3,10000000.0,HEX,JG075B_027,STANDARD,,37,L-MMMMx,1.0,2+2,B3,0.0,14,0.0008656988146406918,-0.001817899290472269
3268,JG075B,27,S075_WT,7.0,False,B3,10000000.0,FAM,JG075B_027,STANDARD,,36,L-MMMMx,1.0,2+2,B3,0.0,15,0.004528792340140854,-0.0006718899821862578
3269,JG075B,27,S075_WT,7.0,False,B3,10000000.0,HEX,JG075B_027,STANDARD,,37,L-MMMMx,1.0,2+2,B3,0.0,15,0.0016568498076641187,-0.0027257977053523064
3270,JG075B,27,S075_WT,7.0,False,B3,10000000.0,FAM,JG075B_027,STANDARD,,36,L-MMMMx,1.0,2+2,B3,0.0,16,0.004473260082873419,-0.0012190615525469184
3271,JG075B,27,S075_WT,7.0,False,B3,10000000.0,HEX,JG075B_027,STANDARD,,37,L-MMMMx,1.0,2+2,B3,0.0,16,0.0014140853812711575,-0.0027483883313834667
3272,JG075B,27,S075_WT,7.0,False,B3,10000000.0,FAM,JG075B_027,STANDARD,,36,L-MMMMx,1.0,2+2,B3,0.0,17,0.006484325241480386,-0.0001675024104770273
3273,JG075B,27,S075_WT,7.0,False,B3,10000000.0,HEX,JG075B_027,STANDARD,,37,L-MMMMx,1.0,2+2,B3,0.0,17,-0.0007775988211916334,-0.0011021832469850779
3274,JG075B,27,S075_WT,7.0,False,B3,10000000.0,FAM,JG075B_027,STANDARD,,36,L-MMMMx,1.0,2+2,B3,0.0,18,0.008579565205588113,0.0009491748060099781
3275,JG075B,27,S075_WT,7.0,False,B3,10000000.0,HEX,JG075B_027,STANDARD,,37,L-MMMMx,1.0,2+2,B3,0.0,18,-0.0023084417098303157,-2.1834648578078486e-05
3276,JG075B,27,S075_WT,7.0,False,B3,10000000.0,FAM,JG075B_027,STANDARD,,36,L-MMMMx,1.0,2+2,B3,0.0,19,0.008476648504034208,0.00036534637911245227
3277,JG075B,27,S075_WT,7.0,False,B3,10000000.0,HEX,JG075B_027,STANDARD,,37,L-MMMMx,1.0,2+2,B3,0.0,19,-0.0023008020264477704,-0.0002588381466921419
3278,JG075B,27,S075_WT,7.0,False,B3,10000000.0,FAM,JG075B_027,STANDARD,,36,L-MMMMx,1.0,2+2,B3,0.0,20,0.011870164455683537,0.002486376790329814
3279,JG075B,27,S075_WT,7.0,False,B3,10000000.0,HEX,JG075B_027,STANDARD,,37,L-MMMMx,1.0,2+2,B3,0.0,20,-0.003981758602689727,0.0009500478045083582
3280,JG075B,27,S075_WT,7.0,False,B3,10000000.0,FAM,JG075B_027,STANDARD,,36,L-MMMMx,1.0,2+2,B3,0.0,21,0.017932850006383536,0.0066722906194627285
3281,JG075B,27,S075_WT,7.0,False,B3,10000000.0,HEX,JG075B_027,STANDARD,,37,L-MMMMx,1.0,2+2,B3,0.0,21,-0.00544772509121422,0.001974844839423895
3282,JG075B,27,S075_WT,7.0,False,B3,10000000.0,FAM,JG075B_027,STANDARD,,36,L-MMMMx,1.0,2+2,B3,0.0,22,0.029552767773425307,0.015157309360802174
3283,JG075B,27,S075_WT,7.0,False,B3,10000000.0,HEX,JG075B_027,STANDARD,,37,L-MMMMx,1.0,2+2,B3,0.0,22,-0.008199960185328887,0.004101031459867954
3284,JG075B,27,S075_WT,7.0,False,B3,10000000.0,FAM,JG075B_027,STANDARD,,36,L-MMMMx,1.0,2+2,B3,0.0,23,0.047985971507815514,0.028913121670484543
3285,JG075B,27,S075_WT,7.0,False,B3,10000000.0,HEX,JG075B_027,STANDARD,,37,L-MMMMx,1.0,2+2,B3,0.0,23,-0.013778477874225033,0.008647270500659943
3286,JG075B,27,S075_WT,7.0,False,B3,10000000.0,FAM,JG075B_027,STANDARD,,36,L-MMMMx,1.0,2+2,B3,0.0,24,0.08030963615524593,0.05341466888785362
3287,JG075B,27,S075_WT,7.0,False,B3,10000000.0,HEX,JG075B_027,STANDARD,,37,L-MMMMx,1.0,2+2,B3,0.0,24,-0.022367605097282896,0.015771396458148956
3288,JG075B,27,S075_WT,7.0,False,B3,10000000.0,FAM,JG075B_027,STANDARD,,36,L-MMMMx,1.0,2+2,B3,0.0,25,0.12421151640635218,0.08687318116426468
3289,JG075B,27,S075_WT,7.0,False,B3,10000000.0,HEX,JG075B_027,STANDARD,,37,L-MMMMx,1.0,2+2,B3,0.0,25,-0.03591815849956705,0.027143828570842743
3290,JG075B,27,S075_WT,7.0,False,B3,10000000.0,FAM,JG075B_027,STANDARD,,36,L-MMMMx,1.0,2+2,B3,0.0,26,0.1810757003215605,0.13035941123962402
3291,JG075B,27,S075_WT,7.0,False,B3,10000000.0,HEX,JG075B_027,STANDARD,,37,L-MMMMx,1.0,2+2,B3,0.0,26,-0.05615011099022076,0.044237323105335236
3292,JG075B,27,S075_WT,7.0,False,B3,10000000.0,FAM,JG075B_027,STANDARD,,36,L-MMMMx,1.0,2+2,B3,0.0,27,0.24147464820872414,0.17658013105392456
3293,JG075B,27,S075_WT,7.0,False,B3,10000000.0,HEX,JG075B_027,STANDARD,,37,L-MMMMx,1.0,2+2,B3,0.0,27,-0.08441079643449102,0.06820555776357651
3294,JG075B,27,S075_WT,7.0,False,B3,10000000.0,FAM,JG075B_027,STANDARD,,36,L-MMMMx,1.0,2+2,B3,0.0,28,0.2980731710444207,0.21986083686351776
3295,JG075B,27,S075_WT,7.0,False,B3,10000000.0,HEX,JG075B_027,STANDARD,,37,L-MMMMx,1.0,2+2,B3,0.0,28,-0.12198874575878746,0.10015185922384262
3296,JG075B,27,S075_WT,7.0,False,B3,10000000.0,FAM,JG075B_027,STANDARD,,36,L-MMMMx,1.0,2+2,B3,0.0,29,0.3470694954393375,0.25726044178009033
3297,JG075B,27,S075_WT,7.0,False,B3,10000000.0,HEX,JG075B_027,STANDARD,,37,L-MMMMx,1.0,2+2,B3,0.0,29,-0.1636928898182435,0.1356312781572342
3298,JG075B,27,S075_WT,7.0,False,B3,10000000.0,FAM,JG075B_027,STANDARD,,36,L-MMMMx,1.0,2+2,B3,0.0,30,0.38651454125182455,0.2872711420059204
3299,JG075B,27,S075_WT,7.0,False,B3,10000000.0,HEX,JG075B_027,STANDARD,,37,L-MMMMx,1.0,2+2,B3,0.0,30,-0.20704626575506593,0.1725228875875473
3300,JG075B,27,S075_WT,7.0,False,B3,10000000.0,FAM,JG075B_027,STANDARD,,36,L-MMMMx,1.0,2+2,B3,0.0,31,0.41687980296450133,0.3102576434612274
3301,JG075B,27,S075_WT,7.0,False,B3,10000000.0,HEX,JG075B_027,STANDARD,,37,L-MMMMx,1.0,2+2,B3,0.0,31,-0.25478896174081583,0.21317292749881744
3302,JG075B,27,S075_WT,7.0,False,B3,10000000.0,FAM,JG075B_027,STANDARD,,36,L-MMMMx,1.0,2+2,B3,0.0,32,0.4419388544437393,0.32913926243782043
3303,JG075B,27,S075_WT,7.0,False,B3,10000000.0,HEX,JG075B_027,STANDARD,,37,L-MMMMx,1.0,2+2,B3,0.0,32,-0.3012882165943342,0.252758264541626
3304,JG075B,27,S075_WT,7.0,False,B3,10000000.0,FAM,JG075B_027,STANDARD,,36,L-MMMMx,1.0,2+2,B3,0.0,33,0.4608091893076568,0.34323322772979736
3305,JG075B,27,S075_WT,7.0,False,B3,10000000.0,HEX,JG075B_027,STANDARD,,37,L-MMMMx,1.0,2+2,B3,0.0,33,-0.34542150152995427,0.29031768441200256
3306,JG075B,27,S075_WT,7.0,False,B3,10000000.0,FAM,JG075B_027,STANDARD,,36,L-MMMMx,1.0,2+2,B3,0.0,34,0.47660770236790395,0.35495084524154663
3307,JG075B,27,S075_WT,7.0,False,B3,10000000.0,HEX,JG075B_027,STANDARD,,37,L-MMMMx,1.0,2+2,B3,0.0,34,-0.3865248427896404,0.32528266310691833
3308,JG075B,27,S075_WT,7.0,False,B3,10000000.0,FAM,JG075B_027,STANDARD,,36,L-MMMMx,1.0,2+2,B3,0.0,35,0.48958456808073797,0.36448559165000916
3309,JG075B,27,S075_WT,7.0,False,B3,10000000.0,HEX,JG075B_027,STANDARD,,37,L-MMMMx,1.0,2+2,B3,0.0,35,-0.4228682262403046,0.3561718463897705
3310,JG075B,27,S075_WT,7.0,False,B3,10000000.0,FAM,JG075B_027,STANDARD,,36,L-MMMMx,1.0,2+2,B3,0.0,36,0.5018371837508194,0.373460054397583
3311,JG075B,27,S075_WT,7.0,False,B3,10000000.0,HEX,JG075B_027,STANDARD,,37,L-MMMMx,1.0,2+2,B3,0.0,36,-0.45666938757876885,0.38488420844078064
3312,JG075B,27,S075_WT,7.0,False,B3,10000000.0,FAM,JG075B_027,STANDARD,,36,L-MMMMx,1.0,2+2,B3,0.0,37,0.5103883423672972,0.3795710802078247
3313,JG075B,27,S075_WT,7.0,False,B3,10000000.0,HEX,JG075B_027,STANDARD,,37,L-MMMMx,1.0,2+2,B3,0.0,37,-0.4880920492224887,0.41155993938446045
3314,JG075B,27,S075_WT,7.0,False,B3,10000000.0,FAM,JG075B_027,STANDARD,,36,L-MMMMx,1.0,2+2,B3,0.0,38,0.5162313451590187,0.3835870325565338
3315,JG075B,27,S075_WT,7.0,False,B3,10000000.0,HEX,JG075B_027,STANDARD,,37,L-MMMMx,1.0,2+2,B3,0.0,38,-0.515185464136271,0.434528648853302
3316,JG075B,27,S075_WT,7.0,False,B3,10000000.0,FAM,JG075B_027,STANDARD,,36,L-MMMMx,1.0,2+2,B3,0.0,39,0.5216908036195889,0.3873063027858734
3317,JG075B,27,S075_WT,7.0,False,B3,10000000.0,HEX,JG075B_027,STANDARD,,37,L-MMMMx,1.0,2+2,B3,0.0,39,-0.5385495998014291,0.45430412888526917
3318,JG075B,27,S075_WT,7.0,False,B3,10000000.0,FAM,JG075B_027,STANDARD,,36,L-MMMMx,1.0,2+2,B3,0.0,40,0.5276795809943835,0.39143502712249756
3319,JG075B,27,S075_WT,7.0,False,B3,10000000.0,HEX,JG075B_027,STANDARD,,37,L-MMMMx,1.0,2+2,B3,0.0,40,-0.5584725714755518,0.4711330533027649
3320,JG075B,27,S075_WT,7.0,False,B3,10000000.0,FAM,JG075B_027,STANDARD,,36,L-MMMMx,1.0,2+2,B3,0.0,41,0.5308581911554214,0.39338982105255127
3321,JG075B,27,S075_WT,7.0,False,B3,10000000.0,HEX,JG075B_027,STANDARD,,37,L-MMMMx,1.0,2+2,B3,0.0,41,-0.573057858213241,0.48339149355888367
3322,JG075B,27,S075_WT,7.0,False,B3,10000000.0,FAM,JG075B_027,STANDARD,,36,L-MMMMx,1.0,2+2,B3,0.0,42,0.5352070044706428,0.3962498605251312
3323,JG075B,27,S075_WT,7.0,False,B3,10000000.0,HEX,JG075B_027,STANDARD,,37,L-MMMMx,1.0,2+2,B3,0.0,42,-0.5901257810132398,0.49777573347091675
3324,JG075B,27,S075_WT,7.0,False,B3,10000000.0,FAM,JG075B_027,STANDARD,,36,L-MMMMx,1.0,2+2,B3,0.0,43,0.539290541945737,0.3989047110080719
3325,JG075B,27,S075_WT,7.0,False,B3,10000000.0,HEX,JG075B_027,STANDARD,,37,L-MMMMx,1.0,2+2,B3,0.0,43,-0.6045381568304529,0.5098861455917358
3326,JG075B,27,S075_WT,7.0,False,B3,10000000.0,FAM,JG075B_027,STANDARD,,36,L-MMMMx,1.0,2+2,B3,0.0,44,0.5433923397676537,0.40157365798950195
3327,JG075B,27,S075_WT,7.0,False,B3,10000000.0,HEX,JG075B_027,STANDARD,,37,L-MMMMx,1.0,2+2,B3,0.0,44,-0.616493443408148,0.5198925733566284
3328,JG075B,27,S075_WT,7.0,False,B3,10000000.0,FAM,JG075B_027,STANDARD,,36,L-MMMMx,1.0,2+2,B3,0.0,45,0.5470279979343946,0.4038820266723633
3329,JG075B,27,S075_WT,7.0,False,B3,10000000.0,HEX,JG075B_027,STANDARD,,37,L-MMMMx,1.0,2+2,B3,0.0,45,-0.6286195526101782,0.5300453305244446
3330,JG075B,27,S075_WT,7.0,False,B3,10000000.0,FAM,JG075B_027,STANDARD,,36,L-MMMMx,1.0,2+2,B3,0.0,46,0.551535144636622,0.40686455368995667
3331,JG075B,27,S075_WT,7.0,False,B3,10000000.0,HEX,JG075B_027,STANDARD,,37,L-MMMMx,1.0,2+2,B3,0.0,46,-0.6381382152505374,0.5379653573036194
3332,JG075B,27,S075_WT,7.0,False,B3,10000000.0,FAM,JG075B_027,STANDARD,,36,L-MMMMx,1.0,2+2,B3,0.0,47,0.5531788840421628,0.4076319634914398
3333,JG075B,27,S075_WT,7.0,False,B3,10000000.0,HEX,JG075B_027,STANDARD,,37,L-MMMMx,1.0,2+2,B3,0.0,47,-0.647527473140025,0.5457746386528015
3334,JG075B,27,S075_WT,7.0,False,B3,10000000.0,FAM,JG075B_027,STANDARD,,36,L-MMMMx,1.0,2+2,B3,0.0,48,0.5551196430131089,0.4086291193962097
3335,JG075B,27,S075_WT,7.0,False,B3,10000000.0,HEX,JG075B_027,STANDARD,,37,L-MMMMx,1.0,2+2,B3,0.0,48,-0.6576412305707021,0.5542042255401611
3336,JG075B,27,S075_WT,7.0,False,B3,10000000.0,FAM,JG075B_027,STANDARD,,36,L-MMMMx,1.0,2+2,B3,0.0,49,0.5586178477674806,0.41083115339279175
3337,JG075B,27,S075_WT,7.0,False,B3,10000000.0,HEX,JG075B_027,STANDARD,,37,L-MMMMx,1.0,2+2,B3,0.0,49,-0.6668554196337013,0.5618636012077332
3338,JG075B,27,S075_WT,7.0,False,B3,10000000.0,FAM,JG075B_027,STANDARD,,36,L-MMMMx,1.0,2+2,B3,0.0,50,0.5611562671194513,0.41229066252708435
3339,JG075B,27,S075_WT,7.0,False,B3,10000000.0,HEX,JG075B_027,STANDARD,,37,L-MMMMx,1.0,2+2,B3,0.0,50,-0.6730445029068266,0.5669326186180115
3960,JG075B,31,S075_WT,7.0,False,B7,10000000.0,FAM,JG075B_031,STANDARD,,44,L-MMMMx,0.1,2+2,B7,-1.0,1,0.0018513112013708263,0.0043830182403326035
3961,JG075B,31,S075_WT,7.0,False,B7,10000000.0,HEX,JG075B_031,STANDARD,,45,L-MMMMx,0.1,2+2,B7,-1.0,1,0.0014580092101038338,0.0007037605973891914
3962,JG075B,31,S075_WT,7.0,False,B7,10000000.0,FAM,JG075B_031,STANDARD,,44,L-MMMMx,0.1,2+2,B7,-1.0,2,0.0015694315437739987,0.0036332709714770317
3963,JG075B,31,S075_WT,7.0,False,B7,10000000.0,HEX,JG075B_031,STANDARD,,45,L-MMMMx,0.1,2+2,B7,-1.0,2,0.0007578383189572815,0.0010229080216959119
3964,JG075B,31,S075_WT,7.0,False,B7,10000000.0,FAM,JG075B_031,STANDARD,,44,L-MMMMx,0.1,2+2,B7,-1.0,3,0.00012786576718888472,0.0019863841589540243
3965,JG075B,31,S075_WT,7.0,False,B7,10000000.0,HEX,JG075B_031,STANDARD,,45,L-MMMMx,0.1,2+2,B7,-1.0,3,-0.00012380550684344978,0.0014974446967244148
3966,JG075B,31,S075_WT,7.0,False,B7,10000000.0,FAM,JG075B_031,STANDARD,,44,L-MMMMx,0.1,2+2,B7,-1.0,4,8.710744031483207e-05,0.0014231696259230375
3967,JG075B,31,S075_WT,7.0,False,B7,10000000.0,HEX,JG075B_031,STANDARD,,45,L-MMMMx,0.1,2+2,B7,-1.0,4,0.00021850103560454645,0.0009239529608748853
3968,JG075B,31,S075_WT,7.0,False,B7,10000000.0,FAM,JG075B_031,STANDARD,,44,L-MMMMx,0.1,2+2,B7,-1.0,5,-0.0012712851531690725,-0.00015937379794195294
3969,JG075B,31,S075_WT,7.0,False,B7,10000000.0,HEX,JG075B_031,STANDARD,,45,L-MMMMx,0.1,2+2,B7,-1.0,5,0.001512670361594894,-0.0004645876178983599
3970,JG075B,31,S075_WT,7.0,False,B7,10000000.0,FAM,JG075B_031,STANDARD,,44,L-MMMMx,0.1,2+2,B7,-1.0,6,-0.001052969994005314,-0.0005221677711233497
3971,JG075B,31,S075_WT,7.0,False,B7,10000000.0,HEX,JG075B_031,STANDARD,,45,L-MMMMx,0.1,2+2,B7,-1.0,6,0.0011348627847496476,-0.0004214693035464734
3972,JG075B,31,S075_WT,7.0,False,B7,10000000.0,FAM,JG075B_031,STANDARD,,44,L-MMMMx,0.1,2+2,B7,-1.0,7,-0.00020471139340062062,-0.00039763416862115264
3973,JG075B,31,S075_WT,7.0,False,B7,10000000.0,HEX,JG075B_031,STANDARD,,45,L-MMMMx,0.1,2+2,B7,-1.0,7,-0.0004979759679097623,0.0006962909246794879
3974,JG075B,31,S075_WT,7.0,False,B7,10000000.0,FAM,JG075B_031,STANDARD,,44,L-MMMMx,0.1,2+2,B7,-1.0,8,0.00022255760788493525,-0.00059878034517169
3975,JG075B,31,S075_WT,7.0,False,B7,10000000.0,HEX,JG075B_031,STANDARD,,45,L-MMMMx,0.1,2+2,B7,-1.0,8,-0.0005754343522735666,0.0004822300688829273
3976,JG075B,31,S075_WT,7.0,False,B7,10000000.0,FAM,JG075B_031,STANDARD,,44,L-MMMMx,0.1,2+2,B7,-1.0,9,0.0007671320017333365,-0.0007091784500516951
3977,JG075B,31,S075_WT,7.0,False,B7,10000000.0,HEX,JG075B_031,STANDARD,,45,L-MMMMx,0.1,2+2,B7,-1.0,9,-0.0009034882735591374,0.0004827459342777729
3978,JG075B,31,S075_WT,7.0,False,B7,10000000.0,FAM,JG075B_031,STANDARD,,44,L-MMMMx,0.1,2+2,B7,-1.0,10,0.0013243037234530186,-0.0008098311955109239
3979,JG075B,31,S075_WT,7.0,False,B7,10000000.0,HEX,JG075B_031,STANDARD,,45,L-MMMMx,0.1,2+2,B7,-1.0,10,-0.0007653300813631719,8.405970584135503e-05
3980,JG075B,31,S075_WT,7.0,False,B7,10000000.0,FAM,JG075B_031,STANDARD,,44,L-MMMMx,0.1,2+2,B7,-1.0,11,0.002927785613319459,-0.00010105286492034793
3981,JG075B,31,S075_WT,7.0,False,B7,10000000.0,HEX,JG075B_031,STANDARD,,45,L-MMMMx,0.1,2+2,B7,-1.0,11,-0.00020852072029728028,-0.0006731037865392864
3982,JG075B,31,S075_WT,7.0,False,B7,10000000.0,FAM,JG075B_031,STANDARD,,44,L-MMMMx,0.1,2+2,B7,-1.0,12,0.0024189229104089093,-0.0010263954754918814
3983,JG075B,31,S075_WT,7.0,False,B7,10000000.0,HEX,JG075B_031,STANDARD,,45,L-MMMMx,0.1,2+2,B7,-1.0,12,0.00023282326663833907,-0.0013313980307430029
3984,JG075B,31,S075_WT,7.0,False,B7,10000000.0,FAM,JG075B_031,STANDARD,,44,L-MMMMx,0.1,2+2,B7,-1.0,13,0.0036181345902410317,-0.00063036271603778
3985,JG075B,31,S075_WT,7.0,False,B7,10000000.0,HEX,JG075B_031,STANDARD,,45,L-MMMMx,0.1,2+2,B7,-1.0,13,-0.001289213973272398,-0.0003085134958382696
3986,JG075B,31,S075_WT,7.0,False,B7,10000000.0,FAM,JG075B_031,STANDARD,,44,L-MMMMx,0.1,2+2,B7,-1.0,14,0.0049286804521771355,-0.00014820124488323927
3987,JG075B,31,S075_WT,7.0,False,B7,10000000.0,HEX,JG075B_031,STANDARD,,45,L-MMMMx,0.1,2+2,B7,-1.0,14,-0.0013225745041251082,-0.0005603338941000402
3988,JG075B,31,S075_WT,7.0,False,B7,10000000.0,FAM,JG075B_031,STANDARD,,44,L-MMMMx,0.1,2+2,B7,-1.0,15,0.005502841230750746,-0.0002357111661694944
3989,JG075B,31,S075_WT,7.0,False,B7,10000000.0,HEX,JG075B_031,STANDARD,,45,L-MMMMx,0.1,2+2,B7,-1.0,15,-0.0008110985717870778,-0.0012786798179149628
3990,JG075B,31,S075_WT,7.0,False,B7,10000000.0,FAM,JG075B_031,STANDARD,,44,L-MMMMx,0.1,2+2,B7,-1.0,16,0.00562588669014179,-0.0006722062826156616
3991,JG075B,31,S075_WT,7.0,False,B7,10000000.0,HEX,JG075B_031,STANDARD,,45,L-MMMMx,0.1,2+2,B7,-1.0,16,-0.001121280158599131,-0.0012934674741700292
3992,JG075B,31,S075_WT,7.0,False,B7,10000000.0,FAM,JG075B_031,STANDARD,,44,L-MMMMx,0.1,2+2,B7,-1.0,17,0.006440205700977069,-0.0005739285261370242
3993,JG075B,31,S075_WT,7.0,False,B7,10000000.0,HEX,JG075B_031,STANDARD,,45,L-MMMMx,0.1,2+2,B7,-1.0,17,-0.0011548321165981007,-0.001545123988762498
3994,JG075B,31,S075_WT,7.0,False,B7,10000000.0,FAM,JG075B_031,STANDARD,,44,L-MMMMx,0.1,2+2,B7,-1.0,18,0.008326684442655222,0.00035377766471356153
3995,JG075B,31,S075_WT,7.0,False,B7,10000000.0,HEX,JG075B_031,STANDARD,,45,L-MMMMx,0.1,2+2,B7,-1.0,18,-0.0022073855790730452,-0.0009242428932338953
3996,JG075B,31,S075_WT,7.0,False,B7,10000000.0,FAM,JG075B_031,STANDARD,,44,L-MMMMx,0.1,2+2,B7,-1.0,19,0.00948683284890484,0.0007195908692665398
3997,JG075B,31,S075_WT,7.0,False,B7,10000000.0,HEX,JG075B_031,STANDARD,,45,L-MMMMx,0.1,2+2,B7,-1.0,19,-0.003346899173353411,-0.00022890079708304256
3998,JG075B,31,S075_WT,7.0,False,B7,10000000.0,FAM,JG075B_031,STANDARD,,44,L-MMMMx,0.1,2+2,B7,-1.0,20,0.011960955747612103,0.00210190168581903
3999,JG075B,31,S075_WT,7.0,False,B7,10000000.0,HEX,JG075B_031,STANDARD,,45,L-MMMMx,0.1,2+2,B7,-1.0,20,-0.004297630796486046,0.0003047935024369508
4000,JG075B,31,S075_WT,7.0,False,B7,10000000.0,FAM,JG075B_031,STANDARD,,44,L-MMMMx,0.1,2+2,B7,-1.0,21,0.018547778742815813,0.0066658188588917255
4001,JG075B,31,S075_WT,7.0,False,B7,10000000.0,HEX,JG075B_031,STANDARD,,45,L-MMMMx,0.1,2+2,B7,-1.0,21,-0.005749483883590847,0.0012675817124545574
4002,JG075B,31,S075_WT,7.0,False,B7,10000000.0,FAM,JG075B_031,STANDARD,,44,L-MMMMx,0.1,2+2,B7,-1.0,22,0.02894554382468189,0.014177901670336723
4003,JG075B,31,S075_WT,7.0,False,B7,10000000.0,HEX,JG075B_031,STANDARD,,45,L-MMMMx,0.1,2+2,B7,-1.0,22,-0.008439679179849535,0.003290721448138356
4004,JG075B,31,S075_WT,7.0,False,B7,10000000.0,FAM,JG075B_031,STANDARD,,44,L-MMMMx,0.1,2+2,B7,-1.0,23,0.04407501164596717,0.025350453332066536
4005,JG075B,31,S075_WT,7.0,False,B7,10000000.0,HEX,JG075B_031,STANDARD,,45,L-MMMMx,0.1,2+2,B7,-1.0,23,-0.014066645339217223,0.00782852154225111
4006,JG075B,31,S075_WT,7.0,False,B7,10000000.0,FAM,JG075B_031,STANDARD,,44,L-MMMMx,0.1,2+2,B7,-1.0,24,0.06527766279117853,0.0412212535738945
4007,JG075B,31,S075_WT,7.0,False,B7,10000000.0,HEX,JG075B_031,STANDARD,,45,L-MMMMx,0.1,2+2,B7,-1.0,24,-0.021419971113426098,0.013844546861946583
4008,JG075B,31,S075_WT,7.0,False,B7,10000000.0,FAM,JG075B_031,STANDARD,,44,L-MMMMx,0.1,2+2,B7,-1.0,25,0.09181730479664567,0.06122077628970146
4009,JG075B,31,S075_WT,7.0,False,B7,10000000.0,HEX,JG075B_031,STANDARD,,45,L-MMMMx,0.1,2+2,B7,-1.0,25,-0.0340559726232207,0.02438395470380783
4010,JG075B,31,S075_WT,7.0,False,B7,10000000.0,FAM,JG075B_031,STANDARD,,44,L-MMMMx,0.1,2+2,B7,-1.0,26,0.12071237744647324,0.08304247260093689
4011,JG075B,31,S075_WT,7.0,False,B7,10000000.0,HEX,JG075B_031,STANDARD,,45,L-MMMMx,0.1,2+2,B7,-1.0,26,-0.053140928458422075,0.04044538736343384
4012,JG075B,31,S075_WT,7.0,False,B7,10000000.0,FAM,JG075B_031,STANDARD,,44,L-MMMMx,0.1,2+2,B7,-1.0,27,0.14823542002860762,0.10380276292562485
4013,JG075B,31,S075_WT,7.0,False,B7,10000000.0,HEX,JG075B_031,STANDARD,,45,L-MMMMx,0.1,2+2,B7,-1.0,27,-0.08065191558806806,0.06372175365686417
4014,JG075B,31,S075_WT,7.0,False,B7,10000000.0,FAM,JG075B_031,STANDARD,,44,L-MMMMx,0.1,2+2,B7,-1.0,28,0.1720680234035334,0.12170810252428055
4015,JG075B,31,S075_WT,7.0,False,B7,10000000.0,HEX,JG075B_031,STANDARD,,45,L-MMMMx,0.1,2+2,B7,-1.0,28,-0.1162625507277859,0.0939335897564888
4016,JG075B,31,S075_WT,7.0,False,B7,10000000.0,FAM,JG075B_031,STANDARD,,44,L-MMMMx,0.1,2+2,B7,-1.0,29,0.1930861448835966,0.1374361515045166
4017,JG075B,31,S075_WT,7.0,False,B7,10000000.0,HEX,JG075B_031,STANDARD,,45,L-MMMMx,0.1,2+2,B7,-1.0,29,-0.15820942440869923,0.12957093119621277
4018,JG075B,31,S075_WT,7.0,False,B7,10000000.0,FAM,JG075B_031,STANDARD,,44,L-MMMMx,0.1,2+2,B7,-1.0,30,0.21268600756983352,0.15206702053546906
4019,JG075B,31,S075_WT,7.0,False,B7,10000000.0,HEX,JG075B_031,STANDARD,,45,L-MMMMx,0.1,2+2,B7,-1.0,30,-0.20959689325923347,0.17329195141792297
4020,JG075B,31,S075_WT,7.0,False,B7,10000000.0,FAM,JG075B_031,STANDARD,,44,L-MMMMx,0.1,2+2,B7,-1.0,31,0.2274367080283346,0.16294656693935394
4021,JG075B,31,S075_WT,7.0,False,B7,10000000.0,HEX,JG075B_031,STANDARD,,45,L-MMMMx,0.1,2+2,B7,-1.0,31,-0.2608710720441177,0.21691595017910004
4022,JG075B,31,S075_WT,7.0,False,B7,10000000.0,FAM,JG075B_031,STANDARD,,44,L-MMMMx,0.1,2+2,B7,-1.0,32,0.2395560693953373,0.1717904806137085
4023,JG075B,31,S075_WT,7.0,False,B7,10000000.0,HEX,JG075B_031,STANDARD,,45,L-MMMMx,0.1,2+2,B7,-1.0,32,-0.31240158918031147,0.2607594430446625
4024,JG075B,31,S075_WT,7.0,False,B7,10000000.0,FAM,JG075B_031,STANDARD,,44,L-MMMMx,0.1,2+2,B7,-1.0,33,0.25252592375137445,0.1812923401594162
4025,JG075B,31,S075_WT,7.0,False,B7,10000000.0,HEX,JG075B_031,STANDARD,,45,L-MMMMx,0.1,2+2,B7,-1.0,33,-0.36548137841858835,0.3059295415878296
4026,JG075B,31,S075_WT,7.0,False,B7,10000000.0,FAM,JG075B_031,STANDARD,,44,L-MMMMx,0.1,2+2,B7,-1.0,34,0.26183134255865287,0.18795938789844513
4027,JG075B,31,S075_WT,7.0,False,B7,10000000.0,HEX,JG075B_031,STANDARD,,45,L-MMMMx,0.1,2+2,B7,-1.0,34,-0.4136722227562,0.3469133973121643
4028,JG075B,31,S075_WT,7.0,False,B7,10000000.0,FAM,JG075B_031,STANDARD,,44,L-MMMMx,0.1,2+2,B7,-1.0,35,0.2705349403995546,0.1941608488559723
4029,JG075B,31,S075_WT,7.0,False,B7,10000000.0,HEX,JG075B_031,STANDARD,,45,L-MMMMx,0.1,2+2,B7,-1.0,35,-0.4590411525184585,0.38548094034194946
4030,JG075B,31,S075_WT,7.0,False,B7,10000000.0,FAM,JG075B_031,STANDARD,,44,L-MMMMx,0.1,2+2,B7,-1.0,36,0.27742355992853085,0.19895823299884796
4031,JG075B,31,S075_WT,7.0,False,B7,10000000.0,HEX,JG075B_031,STANDARD,,45,L-MMMMx,0.1,2+2,B7,-1.0,36,-0.5030716932839406,0.4229024648666382
4032,JG075B,31,S075_WT,7.0,False,B7,10000000.0,FAM,JG075B_031,STANDARD,,44,L-MMMMx,0.1,2+2,B7,-1.0,37,0.2847536637920786,0.20409715175628662
4033,JG075B,31,S075_WT,7.0,False,B7,10000000.0,HEX,JG075B_031,STANDARD,,45,L-MMMMx,0.1,2+2,B7,-1.0,37,-0.5432953397942243,0.4570642411708832
4034,JG075B,31,S075_WT,7.0,False,B7,10000000.0,FAM,JG075B_031,STANDARD,,44,L-MMMMx,0.1,2+2,B7,-1.0,38,0.28875965257908437,0.2066645324230194
4035,JG075B,31,S075_WT,7.0,False,B7,10000000.0,HEX,JG075B_031,STANDARD,,45,L-MMMMx,0.1,2+2,B7,-1.0,38,-0.5797949277962364,0.48803725838661194
4036,JG075B,31,S075_WT,7.0,False,B7,10000000.0,FAM,JG075B_031,STANDARD,,44,L-MMMMx,0.1,2+2,B7,-1.0,39,0.2948105305426512,0.21081383526325226
4037,JG075B,31,S075_WT,7.0,False,B7,10000000.0,HEX,JG075B_031,STANDARD,,45,L-MMMMx,0.1,2+2,B7,-1.0,39,-0.6121836352347897,0.5154902935028076
4038,JG075B,31,S075_WT,7.0,False,B7,10000000.0,FAM,JG075B_031,STANDARD,,44,L-MMMMx,0.1,2+2,B7,-1.0,40,0.2992347352054081,0.21370473504066467
4039,JG075B,31,S075_WT,7.0,False,B7,10000000.0,HEX,JG075B_031,STANDARD,,45,L-MMMMx,0.1,2+2,B7,-1.0,40,-0.6410116585331701,0.5398943424224854
4040,JG075B,31,S075_WT,7.0,False,B7,10000000.0,FAM,JG075B_031,STANDARD,,44,L-MMMMx,0.1,2+2,B7,-1.0,41,0.3031934551199428,0.21623554825782776
4041,JG075B,31,S075_WT,7.0,False,B7,10000000.0,HEX,JG075B_031,STANDARD,,45,L-MMMMx,0.1,2+2,B7,-1.0,41,-0.6656616973520938,0.5607209801673889
4042,JG075B,31,S075_WT,7.0,False,B7,10000000.0,FAM,JG075B_031,STANDARD,,44,L-MMMMx,0.1,2+2,B7,-1.0,42,0.3051167242228352,0.21719171106815338
4043,JG075B,31,S075_WT,7.0,False,B7,10000000.0,HEX,JG075B_031,STANDARD,,45,L-MMMMx,0.1,2+2,B7,-1.0,42,-0.685444265915669,0.5773797631263733
4044,JG075B,31,S075_WT,7.0,False,B7,10000000.0,FAM,JG075B_031,STANDARD,,44,L-MMMMx,0.1,2+2,B7,-1.0,43,0.3082138947780019,0.21905601024627686
4045,JG075B,31,S075_WT,7.0,False,B7,10000000.0,HEX,JG075B_031,STANDARD,,45,L-MMMMx,0.1,2+2,B7,-1.0,43,-0.703980608952158,0.5929714441299438
4046,JG075B,31,S075_WT,7.0,False,B7,10000000.0,FAM,JG075B_031,STANDARD,,44,L-MMMMx,0.1,2+2,B7,-1.0,44,0.31139859172131396,0.22098803520202637
4047,JG075B,31,S075_WT,7.0,False,B7,10000000.0,HEX,JG075B_031,STANDARD,,45,L-MMMMx,0.1,2+2,B7,-1.0,44,-0.72314490263825,0.6091008186340332
4048,JG075B,31,S075_WT,7.0,False,B7,10000000.0,FAM,JG075B_031,STANDARD,,44,L-MMMMx,0.1,2+2,B7,-1.0,45,0.3146104865651677,0.2229410856962204
4049,JG075B,31,S075_WT,7.0,False,B7,10000000.0,HEX,JG075B_031,STANDARD,,45,L-MMMMx,0.1,2+2,B7,-1.0,45,-0.738950937690105,0.6223546266555786
4050,JG075B,31,S075_WT,7.0,False,B7,10000000.0,FAM,JG075B_031,STANDARD,,44,L-MMMMx,0.1,2+2,B7,-1.0,46,0.3167008725130315,0.22402653098106384
4051,JG075B,31,S075_WT,7.0,False,B7,10000000.0,HEX,JG075B_031,STANDARD,,45,L-MMMMx,0.1,2+2,B7,-1.0,46,-0.7519251735648725,0.6331836581230164
4052,JG075B,31,S075_WT,7.0,False,B7,10000000.0,FAM,JG075B_031,STANDARD,,44,L-MMMMx,0.1,2+2,B7,-1.0,47,0.3196668305338569,0.22578933835029602
4053,JG075B,31,S075_WT,7.0,False,B7,10000000.0,HEX,JG075B_031,STANDARD,,45,L-MMMMx,0.1,2+2,B7,-1.0,47,-0.760514683642223,0.6402581930160522
4054,JG075B,31,S075_WT,7.0,False,B7,10000000.0,FAM,JG075B_031,STANDARD,,44,L-MMMMx,0.1,2+2,B7,-1.0,48,0.32225995387841855,0.2272637039422989
4055,JG075B,31,S075_WT,7.0,False,B7,10000000.0,HEX,JG075B_031,STANDARD,,45,L-MMMMx,0.1,2+2,B7,-1.0,48,-0.7692522539159713,0.6474595069885254
4056,JG075B,31,S075_WT,7.0,False,B7,10000000.0,FAM,JG075B_031,STANDARD,,44,L-MMMMx,0.1,2+2,B7,-1.0,49,0.3257012972996465,0.22939425706863403
4057,JG075B,31,S075_WT,7.0,False,B7,10000000.0,HEX,JG075B_031,STANDARD,,45,L-MMMMx,0.1,2+2,B7,-1.0,49,-0.7791262749496598,0.6556339263916016
4058,JG075B,31,S075_WT,7.0,False,B7,10000000.0,FAM,JG075B_031,STANDARD,,44,L-MMMMx,0.1,2+2,B7,-1.0,50,0.3278586378525264,0.2305314987897873
4059,JG075B,31,S075_WT,7.0,False,B7,10000000.0,HEX,JG075B_031,STANDARD,,45,L-MMMMx,0.1,2+2,B7,-1.0,50,-0.7888833513994515,0.6637081503868103
4140,JG075B,32,S075_WT,7.0,False,B8,10000000.0,FAM,JG075B_032,STANDARD,,46,L-MMMMx,0.0,2+2,B8,-2.0,1,0.0015963983006849977,0.025501661002635956
4141,JG075B,32,S075_WT,7.0,False,B8,10000000.0,HEX,JG075B_032,STANDARD,,47,L-MMMMx,0.0,2+2,B8,-2.0,1,0.0013020091377530737,0.0012294396292418242
4142,JG075B,32,S075_WT,7.0,False,B8,10000000.0,FAM,JG075B_032,STANDARD,,46,L-MMMMx,0.0,2+2,B8,-2.0,2,0.0011889691276982482,0.022945009171962738
4143,JG075B,32,S075_WT,7.0,False,B8,10000000.0,HEX,JG075B_032,STANDARD,,47,L-MMMMx,0.0,2+2,B8,-2.0,2,0.00037494487088527215,0.0016713630175217986
4144,JG075B,32,S075_WT,7.0,False,B8,10000000.0,FAM,JG075B_032,STANDARD,,46,L-MMMMx,0.0,2+2,B8,-2.0,3,2.9013341140851524e-05,0.01980620063841343
4145,JG075B,32,S075_WT,7.0,False,B8,10000000.0,HEX,JG075B_032,STANDARD,,47,L-MMMMx,0.0,2+2,B8,-2.0,3,0.00017058769101913995,0.0014944561989977956
4146,JG075B,32,S075_WT,7.0,False,B8,10000000.0,FAM,JG075B_032,STANDARD,,46,L-MMMMx,0.0,2+2,B8,-2.0,4,-0.0010240770401721009,0.016750061884522438
4147,JG075B,32,S075_WT,7.0,False,B8,10000000.0,HEX,JG075B_032,STANDARD,,47,L-MMMMx,0.0,2+2,B8,-2.0,4,0.00024498324104278935,0.001078862464055419
4148,JG075B,32,S075_WT,7.0,False,B8,10000000.0,FAM,JG075B_032,STANDARD,,46,L-MMMMx,0.0,2+2,B8,-2.0,5,-0.00028010274093608474,0.015084141865372658
4149,JG075B,32,S075_WT,7.0,False,B8,10000000.0,HEX,JG075B_032,STANDARD,,47,L-MMMMx,0.0,2+2,B8,-2.0,5,0.0006513134626807285,0.0003790440096054226
4150,JG075B,32,S075_WT,7.0,False,B8,10000000.0,FAM,JG075B_032,STANDARD,,46,L-MMMMx,0.0,2+2,B8,-2.0,6,-0.0002868059062253902,0.012837493792176247
4151,JG075B,32,S075_WT,7.0,False,B8,10000000.0,HEX,JG075B_032,STANDARD,,47,L-MMMMx,0.0,2+2,B8,-2.0,6,0.0011244343558954551,-0.0003779650724027306
4152,JG075B,32,S075_WT,7.0,False,B8,10000000.0,FAM,JG075B_032,STANDARD,,46,L-MMMMx,0.0,2+2,B8,-2.0,7,-0.0002261307031756426,0.01064297091215849
4153,JG075B,32,S075_WT,7.0,False,B8,10000000.0,HEX,JG075B_032,STANDARD,,47,L-MMMMx,0.0,2+2,B8,-2.0,7,0.0010868972327607157,-0.0006977145094424486
4154,JG075B,32,S075_WT,7.0,False,B8,10000000.0,FAM,JG075B_032,STANDARD,,46,L-MMMMx,0.0,2+2,B8,-2.0,8,0.00012043064706913789,0.008669610135257244
4155,JG075B,32,S075_WT,7.0,False,B8,10000000.0,HEX,JG075B_032,STANDARD,,47,L-MMMMx,0.0,2+2,B8,-2.0,8,0.0003370945033293803,-0.00040757429087534547
4156,JG075B,32,S075_WT,7.0,False,B8,10000000.0,FAM,JG075B_032,STANDARD,,46,L-MMMMx,0.0,2+2,B8,-2.0,9,0.0005937357547956133,0.006794299930334091
4157,JG075B,32,S075_WT,7.0,False,B8,10000000.0,HEX,JG075B_032,STANDARD,,47,L-MMMMx,0.0,2+2,B8,-2.0,9,-0.0013425568878244428,0.0006787647143937647
4158,JG075B,32,S075_WT,7.0,False,B8,10000000.0,FAM,JG075B_032,STANDARD,,46,L-MMMMx,0.0,2+2,B8,-2.0,10,0.0010739366475036158,0.004924323875457048
4159,JG075B,32,S075_WT,7.0,False,B8,10000000.0,HEX,JG075B_032,STANDARD,,47,L-MMMMx,0.0,2+2,B8,-2.0,10,-0.002272753598903766,0.0011233703698962927
4160,JG075B,32,S075_WT,7.0,False,B8,10000000.0,FAM,JG075B_032,STANDARD,,46,L-MMMMx,0.0,2+2,B8,-2.0,11,0.0008961101476447999,0.0025452941190451384
4161,JG075B,32,S075_WT,7.0,False,B8,10000000.0,HEX,JG075B_032,STANDARD,,47,L-MMMMx,0.0,2+2,B8,-2.0,11,-0.0019547931089664333,0.0004992200410924852
4162,JG075B,32,S075_WT,7.0,False,B8,10000000.0,FAM,JG075B_032,STANDARD,,46,L-MMMMx,0.0,2+2,B8,-2.0,12,0.00047928113367764504,-1.8629003534442745e-05
4163,JG075B,32,S075_WT,7.0,False,B8,10000000.0,HEX,JG075B_032,STANDARD,,47,L-MMMMx,0.0,2+2,B8,-2.0,12,-0.0012670475798589188,-0.0004415650910232216
4164,JG075B,32,S075_WT,7.0,False,B8,10000000.0,FAM,JG075B_032,STANDARD,,46,L-MMMMx,0.0,2+2,B8,-2.0,13,0.002139316165180295,-0.0009758791420608759
4165,JG075B,32,S075_WT,7.0,False,B8,10000000.0,HEX,JG075B_032,STANDARD,,47,L-MMMMx,0.0,2+2,B8,-2.0,13,-0.0017769920950268718,-0.00035680760629475117
4166,JG075B,32,S075_WT,7.0,False,B8,10000000.0,FAM,JG075B_032,STANDARD,,46,L-MMMMx,0.0,2+2,B8,-2.0,14,0.002701919762220621,-0.0027821080293506384
4167,JG075B,32,S075_WT,7.0,False,B8,10000000.0,HEX,JG075B_032,STANDARD,,47,L-MMMMx,0.0,2+2,B8,-2.0,14,-0.0021503794450403037,-0.0003889795043505728
4168,JG075B,32,S075_WT,7.0,False,B8,10000000.0,FAM,JG075B_032,STANDARD,,46,L-MMMMx,0.0,2+2,B8,-2.0,15,0.004198767390473283,-0.003865600796416402
4169,JG075B,32,S075_WT,7.0,False,B8,10000000.0,HEX,JG075B_032,STANDARD,,47,L-MMMMx,0.0,2+2,B8,-2.0,15,-0.0019821323859458844,-0.0008849351434037089
4170,JG075B,32,S075_WT,7.0,False,B8,10000000.0,FAM,JG075B_032,STANDARD,,46,L-MMMMx,0.0,2+2,B8,-2.0,16,0.00449197308597273,-0.005880237556993961
4171,JG075B,32,S075_WT,7.0,False,B8,10000000.0,HEX,JG075B_032,STANDARD,,47,L-MMMMx,0.0,2+2,B8,-2.0,16,-0.0014936103086911742,-0.0016551318112760782
4172,JG075B,32,S075_WT,7.0,False,B8,10000000.0,FAM,JG075B_032,STANDARD,,46,L-MMMMx,0.0,2+2,B8,-2.0,17,0.004198613294719506,-0.008348643779754639
4173,JG075B,32,S075_WT,7.0,False,B8,10000000.0,HEX,JG075B_032,STANDARD,,47,L-MMMMx,0.0,2+2,B8,-2.0,17,-0.0012378288363525545,-0.002226040232926607
4174,JG075B,32,S075_WT,7.0,False,B8,10000000.0,FAM,JG075B_032,STANDARD,,46,L-MMMMx,0.0,2+2,B8,-2.0,18,0.005454069924680283,-0.009618878364562988
4175,JG075B,32,S075_WT,7.0,False,B8,10000000.0,HEX,JG075B_032,STANDARD,,47,L-MMMMx,0.0,2+2,B8,-2.0,18,-0.001912783551596354,-0.0019999900832772255
4176,JG075B,32,S075_WT,7.0,False,B8,10000000.0,FAM,JG075B_032,STANDARD,,46,L-MMMMx,0.0,2+2,B8,-2.0,19,0.006632594249567824,-0.01094862725585699
4177,JG075B,32,S075_WT,7.0,False,B8,10000000.0,HEX,JG075B_032,STANDARD,,47,L-MMMMx,0.0,2+2,B8,-2.0,19,-0.0028231936567395632,-0.0015723269898444414
4178,JG075B,32,S075_WT,7.0,False,B8,10000000.0,FAM,JG075B_032,STANDARD,,46,L-MMMMx,0.0,2+2,B8,-2.0,20,0.009607027536851007,-0.010889052413403988
4179,JG075B,32,S075_WT,7.0,False,B8,10000000.0,HEX,JG075B_032,STANDARD,,47,L-MMMMx,0.0,2+2,B8,-2.0,20,-0.0029804249536901297,-0.0017895862692967057
4180,JG075B,32,S075_WT,7.0,False,B8,10000000.0,FAM,JG075B_032,STANDARD,,46,L-MMMMx,0.0,2+2,B8,-2.0,21,0.012378478192471254,-0.010986506007611752
4181,JG075B,32,S075_WT,7.0,False,B8,10000000.0,HEX,JG075B_032,STANDARD,,47,L-MMMMx,0.0,2+2,B8,-2.0,21,-0.0052478795011360714,-0.00019993064051959664
4182,JG075B,32,S075_WT,7.0,False,B8,10000000.0,FAM,JG075B_032,STANDARD,,46,L-MMMMx,0.0,2+2,B8,-2.0,22,0.01583511561726154,-0.010553894564509392
4183,JG075B,32,S075_WT,7.0,False,B8,10000000.0,HEX,JG075B_032,STANDARD,,47,L-MMMMx,0.0,2+2,B8,-2.0,22,-0.008695917466969,0.002400619676336646
4184,JG075B,32,S075_WT,7.0,False,B8,10000000.0,FAM,JG075B_032,STANDARD,,46,L-MMMMx,0.0,2+2,B8,-2.0,23,0.020626607509146275,-0.009088633581995964
4185,JG075B,32,S075_WT,7.0,False,B8,10000000.0,HEX,JG075B_032,STANDARD,,47,L-MMMMx,0.0,2+2,B8,-2.0,23,-0.012544577644987764,0.005344209726899862
4186,JG075B,32,S075_WT,7.0,False,B8,10000000.0,FAM,JG075B_032,STANDARD,,46,L-MMMMx,0.0,2+2,B8,-2.0,24,0.026880082864991595,-0.006492373533546925
4187,JG075B,32,S075_WT,7.0,False,B8,10000000.0,HEX,JG075B_032,STANDARD,,47,L-MMMMx,0.0,2+2,B8,-2.0,24,-0.017738291964966266,0.009439525194466114
4188,JG075B,32,S075_WT,7.0,False,B8,10000000.0,FAM,JG075B_032,STANDARD,,46,L-MMMMx,0.0,2+2,B8,-2.0,25,0.031724352552545,-0.004986282903701067
4189,JG075B,32,S075_WT,7.0,False,B8,10000000.0,HEX,JG075B_032,STANDARD,,47,L-MMMMx,0.0,2+2,B8,-2.0,25,-0.027584747489593407,0.01751882955431938
4190,JG075B,32,S075_WT,7.0,False,B8,10000000.0,FAM,JG075B_032,STANDARD,,46,L-MMMMx,0.0,2+2,B8,-2.0,26,0.03710992209917904,-0.003061440074816346
4191,JG075B,32,S075_WT,7.0,False,B8,10000000.0,HEX,JG075B_032,STANDARD,,47,L-MMMMx,0.0,2+2,B8,-2.0,26,-0.045662570303386905,0.032646384090185165
4192,JG075B,32,S075_WT,7.0,False,B8,10000000.0,FAM,JG075B_032,STANDARD,,46,L-MMMMx,0.0,2+2,B8,-2.0,27,0.04235584236895255,-0.0012446304317563772
4193,JG075B,32,S075_WT,7.0,False,B8,10000000.0,HEX,JG075B_032,STANDARD,,47,L-MMMMx,0.0,2+2,B8,-2.0,27,-0.07053767523890841,0.05359422788023949
4194,JG075B,32,S075_WT,7.0,False,B8,10000000.0,FAM,JG075B_032,STANDARD,,46,L-MMMMx,0.0,2+2,B8,-2.0,28,0.04730570617178173,0.0003431483928579837
4195,JG075B,32,S075_WT,7.0,False,B8,10000000.0,HEX,JG075B_032,STANDARD,,47,L-MMMMx,0.0,2+2,B8,-2.0,28,-0.10350017684714118,0.08146703988313675
4196,JG075B,32,S075_WT,7.0,False,B8,10000000.0,FAM,JG075B_032,STANDARD,,46,L-MMMMx,0.0,2+2,B8,-2.0,29,0.05102249575288627,0.0009770144242793322
4197,JG075B,32,S075_WT,7.0,False,B8,10000000.0,HEX,JG075B_032,STANDARD,,47,L-MMMMx,0.0,2+2,B8,-2.0,29,-0.14458465383168678,0.11629443615674973
4198,JG075B,32,S075_WT,7.0,False,B8,10000000.0,FAM,JG075B_032,STANDARD,,46,L-MMMMx,0.0,2+2,B8,-2.0,30,0.05587285222271387,0.0024878138210624456
4199,JG075B,32,S075_WT,7.0,False,B8,10000000.0,HEX,JG075B_032,STANDARD,,47,L-MMMMx,0.0,2+2,B8,-2.0,30,-0.1915903553043369,0.15619198977947235
4200,JG075B,32,S075_WT,7.0,False,B8,10000000.0,FAM,JG075B_032,STANDARD,,46,L-MMMMx,0.0,2+2,B8,-2.0,31,0.060241004555034366,0.003625577548518777
4201,JG075B,32,S075_WT,7.0,False,B8,10000000.0,HEX,JG075B_032,STANDARD,,47,L-MMMMx,0.0,2+2,B8,-2.0,31,-0.24315699996377024,0.19999492168426514
4202,JG075B,32,S075_WT,7.0,False,B8,10000000.0,FAM,JG075B_032,STANDARD,,46,L-MMMMx,0.0,2+2,B8,-2.0,32,0.06404871063086741,0.004329776857048273
4203,JG075B,32,S075_WT,7.0,False,B8,10000000.0,HEX,JG075B_032,STANDARD,,47,L-MMMMx,0.0,2+2,B8,-2.0,32,-0.29702184933132597,0.24576573073863983
4204,JG075B,32,S075_WT,7.0,False,B8,10000000.0,FAM,JG075B_032,STANDARD,,46,L-MMMMx,0.0,2+2,B8,-2.0,33,0.06707938886827924,0.0044328635558485985
4205,JG075B,32,S075_WT,7.0,False,B8,10000000.0,HEX,JG075B_032,STANDARD,,47,L-MMMMx,0.0,2+2,B8,-2.0,33,-0.3512271605797384,0.29182806611061096
4206,JG075B,32,S075_WT,7.0,False,B8,10000000.0,FAM,JG075B_032,STANDARD,,46,L-MMMMx,0.0,2+2,B8,-2.0,34,0.070934325292645,0.005173600744456053
4207,JG075B,32,S075_WT,7.0,False,B8,10000000.0,HEX,JG075B_032,STANDARD,,47,L-MMMMx,0.0,2+2,B8,-2.0,34,-0.40438000537801516,0.3369891941547394
4208,JG075B,32,S075_WT,7.0,False,B8,10000000.0,FAM,JG075B_032,STANDARD,,46,L-MMMMx,0.0,2+2,B8,-2.0,35,0.07419791926189097,0.005456872284412384
4209,JG075B,32,S075_WT,7.0,False,B8,10000000.0,HEX,JG075B_032,STANDARD,,47,L-MMMMx,0.0,2+2,B8,-2.0,35,-0.4547300087056933,0.3797503709793091
4210,JG075B,32,S075_WT,7.0,False,B8,10000000.0,FAM,JG075B_032,STANDARD,,46,L-MMMMx,0.0,2+2,B8,-2.0,36,0.0774109312999596,0.005701013375073671
4211,JG075B,32,S075_WT,7.0,False,B8,10000000.0,HEX,JG075B_032,STANDARD,,47,L-MMMMx,0.0,2+2,B8,-2.0,36,-0.5034987541953951,0.4211575388908386
4212,JG075B,32,S075_WT,7.0,False,B8,10000000.0,FAM,JG075B_032,STANDARD,,46,L-MMMMx,0.0,2+2,B8,-2.0,37,0.07916088120379121,0.004813321866095066
4213,JG075B,32,S075_WT,7.0,False,B8,10000000.0,HEX,JG075B_032,STANDARD,,47,L-MMMMx,0.0,2+2,B8,-2.0,37,-0.547938949053873,0.45885834097862244
4214,JG075B,32,S075_WT,7.0,False,B8,10000000.0,FAM,JG075B_032,STANDARD,,46,L-MMMMx,0.0,2+2,B8,-2.0,38,0.08230231576423036,0.0050020902417600155
4215,JG075B,32,S075_WT,7.0,False,B8,10000000.0,HEX,JG075B_032,STANDARD,,47,L-MMMMx,0.0,2+2,B8,-2.0,38,-0.5892766319455166,0.4939025342464447
4216,JG075B,32,S075_WT,7.0,False,B8,10000000.0,FAM,JG075B_032,STANDARD,,46,L-MMMMx,0.0,2+2,B8,-2.0,39,0.08538708161121798,0.005147019401192665
4217,JG075B,32,S075_WT,7.0,False,B8,10000000.0,HEX,JG075B_032,STANDARD,,47,L-MMMMx,0.0,2+2,B8,-2.0,39,-0.6260992097506723,0.5250806212425232
4218,JG075B,32,S075_WT,7.0,False,B8,10000000.0,FAM,JG075B_032,STANDARD,,46,L-MMMMx,0.0,2+2,B8,-2.0,40,0.08667701716608639,0.00390345836058259
4219,JG075B,32,S075_WT,7.0,False,B8,10000000.0,HEX,JG075B_032,STANDARD,,47,L-MMMMx,0.0,2+2,B8,-2.0,40,-0.6590519659769137,0.552945077419281
4220,JG075B,32,S075_WT,7.0,False,B8,10000000.0,FAM,JG075B_032,STANDARD,,46,L-MMMMx,0.0,2+2,B8,-2.0,41,0.08812220419288527,0.002780000679194927
4221,JG075B,32,S075_WT,7.0,False,B8,10000000.0,HEX,JG075B_032,STANDARD,,47,L-MMMMx,0.0,2+2,B8,-2.0,41,-0.6887352161549111,0.5780099630355835
4222,JG075B,32,S075_WT,7.0,False,B8,10000000.0,FAM,JG075B_032,STANDARD,,46,L-MMMMx,0.0,2+2,B8,-2.0,42,0.08967344762222126,0.0017385886749252677
4223,JG075B,32,S075_WT,7.0,False,B8,10000000.0,HEX,JG075B_032,STANDARD,,47,L-MMMMx,0.0,2+2,B8,-2.0,42,-0.7166064517713499,0.6015233397483826
4224,JG075B,32,S075_WT,7.0,False,B8,10000000.0,FAM,JG075B_032,STANDARD,,46,L-MMMMx,0.0,2+2,B8,-2.0,43,0.09200630323865333,0.0013018361059948802
4225,JG075B,32,S075_WT,7.0,False,B8,10000000.0,HEX,JG075B_032,STANDARD,,47,L-MMMMx,0.0,2+2,B8,-2.0,43,-0.742001664263259,0.6229165196418762
4226,JG075B,32,S075_WT,7.0,False,B8,10000000.0,FAM,JG075B_032,STANDARD,,46,L-MMMMx,0.0,2+2,B8,-2.0,44,0.09298515799058414,-0.0001823787606554106
4227,JG075B,32,S075_WT,7.0,False,B8,10000000.0,HEX,JG075B_032,STANDARD,,47,L-MMMMx,0.0,2+2,B8,-2.0,44,-0.7596458175784351,0.6376727223396301
4228,JG075B,32,S075_WT,7.0,False,B8,10000000.0,FAM,JG075B_032,STANDARD,,46,L-MMMMx,0.0,2+2,B8,-2.0,45,0.09446544032530577,-0.0012786865700036287
4229,JG075B,32,S075_WT,7.0,False,B8,10000000.0,HEX,JG075B_032,STANDARD,,47,L-MMMMx,0.0,2+2,B8,-2.0,45,-0.778404355324328,0.6533831357955933
4230,JG075B,32,S075_WT,7.0,False,B8,10000000.0,FAM,JG075B_032,STANDARD,,46,L-MMMMx,0.0,2+2,B8,-2.0,46,0.09495550334625551,-0.0031410332303494215
4231,JG075B,32,S075_WT,7.0,False,B8,10000000.0,HEX,JG075B_032,STANDARD,,47,L-MMMMx,0.0,2+2,B8,-2.0,46,-0.7928876636004643,0.665432870388031
4232,JG075B,32,S075_WT,7.0,False,B8,10000000.0,FAM,JG075B_032,STANDARD,,46,L-MMMMx,0.0,2+2,B8,-2.0,47,0.09522070213850596,-0.0051773362793028355
4233,JG075B,32,S075_WT,7.0,False,B8,10000000.0,HEX,JG075B_032,STANDARD,,47,L-MMMMx,0.0,2+2,B8,-2.0,47,-0.8084507602012478,0.6784071326255798
4234,JG075B,32,S075_WT,7.0,False,B8,10000000.0,FAM,JG075B_032,STANDARD,,46,L-MMMMx,0.0,2+2,B8,-2.0,48,0.09718361237405757,-0.005900280550122261
4235,JG075B,32,S075_WT,7.0,False,B8,10000000.0,HEX,JG075B_032,STANDARD,,47,L-MMMMx,0.0,2+2,B8,-2.0,48,-0.8219204095305355,0.6895888447761536
4236,JG075B,32,S075_WT,7.0,False,B8,10000000.0,FAM,JG075B_032,STANDARD,,46,L-MMMMx,0.0,2+2,B8,-2.0,49,0.10104748635214239,-0.0051526292227208614
4237,JG075B,32,S075_WT,7.0,False,B8,10000000.0,HEX,JG075B_032,STANDARD,,47,L-MMMMx,0.0,2+2,B8,-2.0,49,-0.8300153414718222,0.6961683630943298
4238,JG075B,32,S075_WT,7.0,False,B8,10000000.0,FAM,JG075B_032,STANDARD,,46,L-MMMMx,0.0,2+2,B8,-2.0,50,0.1014639301267251,-0.00707192812114954
4239,JG075B,32,S075_WT,7.0,False,B8,10000000.0,HEX,JG075B_032,STANDARD,,47,L-MMMMx,0.0,2+2,B8,-2.0,50,-0.8372849091683086,0.7020412087440491
5760,JG075B,49,S075_WT,6.0,False,C1,1000000.0,FAM,JG075B_049,STANDARD,,64,L-MMMMx,3.1622776601683795,2+2,C1,0.5,1,0.0029264228289969927,0.005026150960475206
5761,JG075B,49,S075_WT,6.0,False,C1,1000000.0,HEX,JG075B_049,STANDARD,,65,L-MMMMx,3.1622776601683795,2+2,C1,0.5,1,-0.00035172345285888447,0.001878830837085843
5762,JG075B,49,S075_WT,6.0,False,C1,1000000.0,FAM,JG075B_049,STANDARD,,64,L-MMMMx,3.1622776601683795,2+2,C1,0.5,2,0.0021398410538415982,0.003969268873333931
5763,JG075B,49,S075_WT,6.0,False,C1,1000000.0,HEX,JG075B_049,STANDARD,,65,L-MMMMx,3.1622776601683795,2+2,C1,0.5,2,-5.950121285955796e-05,0.0013914150185883045
5764,JG075B,49,S075_WT,6.0,False,C1,1000000.0,FAM,JG075B_049,STANDARD,,64,L-MMMMx,3.1622776601683795,2+2,C1,0.5,3,-0.0007922159011528709,0.0012526356149464846
5765,JG075B,49,S075_WT,6.0,False,C1,1000000.0,HEX,JG075B_049,STANDARD,,65,L-MMMMx,3.1622776601683795,2+2,C1,0.5,3,0.0005053306858813985,0.0006705724517814815
5766,JG075B,49,S075_WT,6.0,False,C1,1000000.0,FAM,JG075B_049,STANDARD,,64,L-MMMMx,3.1622776601683795,2+2,C1,0.5,4,-0.001917384571295079,-6.617910548811778e-05
5767,JG075B,49,S075_WT,6.0,False,C1,1000000.0,HEX,JG075B_049,STANDARD,,65,L-MMMMx,3.1622776601683795,2+2,C1,0.5,4,0.00017790325343813214,0.0007137422799132764
5768,JG075B,49,S075_WT,6.0,False,C1,1000000.0,FAM,JG075B_049,STANDARD,,64,L-MMMMx,3.1622776601683795,2+2,C1,0.5,5,-0.0013471724964120068,-7.343832839978859e-05
5769,JG075B,49,S075_WT,6.0,False,C1,1000000.0,HEX,JG075B_049,STANDARD,,65,L-MMMMx,3.1622776601683795,2+2,C1,0.5,5,0.0008963641382864049,-0.00013864765060134232
5770,JG075B,49,S075_WT,6.0,False,C1,1000000.0,FAM,JG075B_049,STANDARD,,64,L-MMMMx,3.1622776601683795,2+2,C1,0.5,6,-0.0007951437204746365,-9.476424020249397e-05
5771,JG075B,49,S075_WT,6.0,False,C1,1000000.0,HEX,JG075B_049,STANDARD,,65,L-MMMMx,3.1622776601683795,2+2,C1,0.5,6,0.0006417312288253433,-0.00015780937974341214
5772,JG075B,49,S075_WT,6.0,False,C1,1000000.0,FAM,JG075B_049,STANDARD,,64,L-MMMMx,3.1622776601683795,2+2,C1,0.5,7,1.9579791714307435e-05,8.713188435649499e-05
5773,JG075B,49,S075_WT,6.0,False,C1,1000000.0,HEX,JG075B_049,STANDARD,,65,L-MMMMx,3.1622776601683795,2+2,C1,0.5,7,-0.0009508556157160077,0.0009686748962849379
5774,JG075B,49,S075_WT,6.0,False,C1,1000000.0,FAM,JG075B_049,STANDARD,,64,L-MMMMx,3.1622776601683795,2+2,C1,0.5,8,0.0016202879580127594,0.0008770698914304376
5775,JG075B,49,S075_WT,6.0,False,C1,1000000.0,HEX,JG075B_049,STANDARD,,65,L-MMMMx,3.1622776601683795,2+2,C1,0.5,8,-0.0008458317222908091,0.0006415508687496185
5776,JG075B,49,S075_WT,6.0,False,C1,1000000.0,FAM,JG075B_049,STANDARD,,64,L-MMMMx,3.1622776601683795,2+2,C1,0.5,9,0.0019184054556638526,0.0006593168363906443
5777,JG075B,49,S075_WT,6.0,False,C1,1000000.0,HEX,JG075B_049,STANDARD,,65,L-MMMMx,3.1622776601683795,2+2,C1,0.5,9,-0.0004286771656552769,4.715958857559599e-05
5778,JG075B,49,S075_WT,6.0,False,C1,1000000.0,FAM,JG075B_049,STANDARD,,64,L-MMMMx,3.1622776601683795,2+2,C1,0.5,10,0.001293643483943674,-0.00027238059556111693
5779,JG075B,49,S075_WT,6.0,False,C1,1000000.0,HEX,JG075B_049,STANDARD,,65,L-MMMMx,3.1622776601683795,2+2,C1,0.5,10,4.035197230814902e-06,-0.0005605532787740231
5780,JG075B,49,S075_WT,6.0,False,C1,1000000.0,FAM,JG075B_049,STANDARD,,64,L-MMMMx,3.1622776601683795,2+2,C1,0.5,11,0.0010241107486182396,-0.0009292708127759397
5781,JG075B,49,S075_WT,6.0,False,C1,1000000.0,HEX,JG075B_049,STANDARD,,65,L-MMMMx,3.1622776601683795,2+2,C1,0.5,11,4.888135685910602e-05,-0.0008361490909010172
5782,JG075B,49,S075_WT,6.0,False,C1,1000000.0,FAM,JG075B_049,STANDARD,,64,L-MMMMx,3.1622776601683795,2+2,C1,0.5,12,0.0020491171788053087,-0.000584698747843504
5783,JG075B,49,S075_WT,6.0,False,C1,1000000.0,HEX,JG075B_049,STANDARD,,65,L-MMMMx,3.1622776601683795,2+2,C1,0.5,12,-0.0007592196398422236,-0.0003813943185377866
5784,JG075B,49,S075_WT,6.0,False,C1,1000000.0,FAM,JG075B_049,STANDARD,,64,L-MMMMx,3.1622776601683795,2+2,C1,0.5,13,0.0021134714179764855,-0.0009832922369241714
5785,JG075B,49,S075_WT,6.0,False,C1,1000000.0,HEX,JG075B_049,STANDARD,,65,L-MMMMx,3.1622776601683795,2+2,C1,0.5,13,-0.000978995406216181,-0.0004304030735511333
5786,JG075B,49,S075_WT,6.0,False,C1,1000000.0,FAM,JG075B_049,STANDARD,,64,L-MMMMx,3.1622776601683795,2+2,C1,0.5,14,0.002483590156579946,-0.0011453446932137012
5787,JG075B,49,S075_WT,6.0,False,C1,1000000.0,HEX,JG075B_049,STANDARD,,65,L-MMMMx,3.1622776601683795,2+2,C1,0.5,14,-0.0018224756200398685,5.464579589897767e-05
5788,JG075B,49,S075_WT,6.0,False,C1,1000000.0,FAM,JG075B_049,STANDARD,,64,L-MMMMx,3.1622776601683795,2+2,C1,0.5,15,0.0025410293488003738,-0.0015492878155782819
5789,JG075B,49,S075_WT,6.0,False,C1,1000000.0,HEX,JG075B_049,STANDARD,,65,L-MMMMx,3.1622776601683795,2+2,C1,0.5,15,-0.0014256123409078626,-0.000522370683029294
5790,JG075B,49,S075_WT,6.0,False,C1,1000000.0,FAM,JG075B_049,STANDARD,,64,L-MMMMx,3.1622776601683795,2+2,C1,0.5,16,0.004975472590910024,-0.00011436789645813406
5791,JG075B,49,S075_WT,6.0,False,C1,1000000.0,HEX,JG075B_049,STANDARD,,65,L-MMMMx,3.1622776601683795,2+2,C1,0.5,16,-0.0010120949000512645,-0.0011136475950479507
5792,JG075B,49,S075_WT,6.0,False,C1,1000000.0,FAM,JG075B_049,STANDARD,,64,L-MMMMx,3.1622776601683795,2+2,C1,0.5,17,0.00616852044059106,0.0003602019278332591
5793,JG075B,49,S075_WT,6.0,False,C1,1000000.0,HEX,JG075B_049,STANDARD,,65,L-MMMMx,3.1622776601683795,2+2,C1,0.5,17,-0.0012057147572590125,-0.0011850527953356504
5794,JG075B,49,S075_WT,6.0,False,C1,1000000.0,FAM,JG075B_049,STANDARD,,64,L-MMMMx,3.1622776601683795,2+2,C1,0.5,18,0.006153110865213347,-0.00010009728430304676
5795,JG075B,49,S075_WT,6.0,False,C1,1000000.0,HEX,JG075B_049,STANDARD,,65,L-MMMMx,3.1622776601683795,2+2,C1,0.5,18,-0.0018192213585534538,-0.0008969227783381939
5796,JG075B,49,S075_WT,6.0,False,C1,1000000.0,FAM,JG075B_049,STANDARD,,64,L-MMMMx,3.1622776601683795,2+2,C1,0.5,19,0.007024637924638388,0.00012574235734064132
5797,JG075B,49,S075_WT,6.0,False,C1,1000000.0,HEX,JG075B_049,STANDARD,,65,L-MMMMx,3.1622776601683795,2+2,C1,0.5,19,-0.0017429637444707328,-0.001199415186420083
5798,JG075B,49,S075_WT,6.0,False,C1,1000000.0,FAM,JG075B_049,STANDARD,,64,L-MMMMx,3.1622776601683795,2+2,C1,0.5,20,0.010739270165190046,0.0025510231498628855
5799,JG075B,49,S075_WT,6.0,False,C1,1000000.0,HEX,JG075B_049,STANDARD,,65,L-MMMMx,3.1622776601683795,2+2,C1,0.5,20,-0.0036394150799975676,0.0001872582215582952
5800,JG075B,49,S075_WT,6.0,False,C1,1000000.0,FAM,JG075B_049,STANDARD,,64,L-MMMMx,3.1622776601683795,2+2,C1,0.5,21,0.0173952051059628,0.0072517115622758865
5801,JG075B,49,S075_WT,6.0,False,C1,1000000.0,HEX,JG075B_049,STANDARD,,65,L-MMMMx,3.1622776601683795,2+2,C1,0.5,21,-0.005354532700612957,0.0014186615590006113
5802,JG075B,49,S075_WT,6.0,False,C1,1000000.0,FAM,JG075B_049,STANDARD,,64,L-MMMMx,3.1622776601683795,2+2,C1,0.5,22,0.02739806129483652,0.014541595242917538
5803,JG075B,49,S075_WT,6.0,False,C1,1000000.0,HEX,JG075B_049,STANDARD,,65,L-MMMMx,3.1622776601683795,2+2,C1,0.5,22,-0.007151441920084757,0.002720100339502096
5804,JG075B,49,S075_WT,6.0,False,C1,1000000.0,FAM,JG075B_049,STANDARD,,64,L-MMMMx,3.1622776601683795,2+2,C1,0.5,23,0.04725984823855612,0.02945839986205101
5805,JG075B,49,S075_WT,6.0,False,C1,1000000.0,HEX,JG075B_049,STANDARD,,65,L-MMMMx,3.1622776601683795,2+2,C1,0.5,23,-0.011173291458065006,0.005926682148128748
5806,JG075B,49,S075_WT,6.0,False,C1,1000000.0,FAM,JG075B_049,STANDARD,,64,L-MMMMx,3.1622776601683795,2+2,C1,0.5,24,0.08090526921400992,0.05503829941153526
5807,JG075B,49,S075_WT,6.0,False,C1,1000000.0,HEX,JG075B_049,STANDARD,,65,L-MMMMx,3.1622776601683795,2+2,C1,0.5,24,-0.02162686687828865,0.01464053988456726
5808,JG075B,49,S075_WT,6.0,False,C1,1000000.0,FAM,JG075B_049,STANDARD,,64,L-MMMMx,3.1622776601683795,2+2,C1,0.5,25,0.13051959462944998,0.09297182410955429
5809,JG075B,49,S075_WT,6.0,False,C1,1000000.0,HEX,JG075B_049,STANDARD,,65,L-MMMMx,3.1622776601683795,2+2,C1,0.5,25,-0.037061985730563705,0.02761992998421192
5810,JG075B,49,S075_WT,6.0,False,C1,1000000.0,FAM,JG075B_049,STANDARD,,64,L-MMMMx,3.1622776601683795,2+2,C1,0.5,26,0.1979310165076882,0.14467327296733856
5811,JG075B,49,S075_WT,6.0,False,C1,1000000.0,HEX,JG075B_049,STANDARD,,65,L-MMMMx,3.1622776601683795,2+2,C1,0.5,26,-0.05966211825253163,0.046734485775232315
5812,JG075B,49,S075_WT,6.0,False,C1,1000000.0,FAM,JG075B_049,STANDARD,,64,L-MMMMx,3.1622776601683795,2+2,C1,0.5,27,0.27736941934853976,0.20567886531352997
5813,JG075B,49,S075_WT,6.0,False,C1,1000000.0,HEX,JG075B_049,STANDARD,,65,L-MMMMx,3.1622776601683795,2+2,C1,0.5,27,-0.08982456278502048,0.07232439517974854
5814,JG075B,49,S075_WT,6.0,False,C1,1000000.0,FAM,JG075B_049,STANDARD,,64,L-MMMMx,3.1622776601683795,2+2,C1,0.5,28,0.36013343969953254,0.26925718784332275
5815,JG075B,49,S075_WT,6.0,False,C1,1000000.0,HEX,JG075B_049,STANDARD,,65,L-MMMMx,3.1622776601683795,2+2,C1,0.5,28,-0.12961913404819697,0.10616198927164078
5816,JG075B,49,S075_WT,6.0,False,C1,1000000.0,FAM,JG075B_049,STANDARD,,64,L-MMMMx,3.1622776601683795,2+2,C1,0.5,29,0.43672873735925744,0.32806330919265747
5817,JG075B,49,S075_WT,6.0,False,C1,1000000.0,HEX,JG075B_049,STANDARD,,65,L-MMMMx,3.1622776601683795,2+2,C1,0.5,29,-0.1732523416679154,0.14328646659851074
5818,JG075B,49,S075_WT,6.0,False,C1,1000000.0,FAM,JG075B_049,STANDARD,,64,L-MMMMx,3.1622776601683795,2+2,C1,0.5,30,0.5069097222201322,0.38190731406211853
5819,JG075B,49,S075_WT,6.0,False,C1,1000000.0,HEX,JG075B_049,STANDARD,,65,L-MMMMx,3.1622776601683795,2+2,C1,0.5,30,-0.2212328249742555,0.184133380651474
5820,JG075B,49,S075_WT,6.0,False,C1,1000000.0,FAM,JG075B_049,STANDARD,,64,L-MMMMx,3.1622776601683795,2+2,C1,0.5,31,0.5638230626807954,0.4254873991012573
5821,JG075B,49,S075_WT,6.0,False,C1,1000000.0,HEX,JG075B_049,STANDARD,,65,L-MMMMx,3.1622776601683795,2+2,C1,0.5,31,-0.2626366720486336,0.2193489521741867
5822,JG075B,49,S075_WT,6.0,False,C1,1000000.0,FAM,JG075B_049,STANDARD,,64,L-MMMMx,3.1622776601683795,2+2,C1,0.5,32,0.6060007655428893,0.45766791701316833
5823,JG075B,49,S075_WT,6.0,False,C1,1000000.0,HEX,JG075B_049,STANDARD,,65,L-MMMMx,3.1622776601683795,2+2,C1,0.5,32,-0.3014523544957095,0.2523483335971832
5824,JG075B,49,S075_WT,6.0,False,C1,1000000.0,FAM,JG075B_049,STANDARD,,64,L-MMMMx,3.1622776601683795,2+2,C1,0.5,33,0.6383030108805446,0.4822087287902832
5825,JG075B,49,S075_WT,6.0,False,C1,1000000.0,HEX,JG075B_049,STANDARD,,65,L-MMMMx,3.1622776601683795,2+2,C1,0.5,33,-0.33930094699988145,0.28451964259147644
5826,JG075B,49,S075_WT,6.0,False,C1,1000000.0,FAM,JG075B_049,STANDARD,,64,L-MMMMx,3.1622776601683795,2+2,C1,0.5,34,0.6640058744190636,0.5016442537307739
5827,JG075B,49,S075_WT,6.0,False,C1,1000000.0,HEX,JG075B_049,STANDARD,,65,L-MMMMx,3.1622776601683795,2+2,C1,0.5,34,-0.3714610208159293,0.31182006001472473
5828,JG075B,49,S075_WT,6.0,False,C1,1000000.0,FAM,JG075B_049,STANDARD,,64,L-MMMMx,3.1622776601683795,2+2,C1,0.5,35,0.6822620606563022,0.5153189301490784
5829,JG075B,49,S075_WT,6.0,False,C1,1000000.0,HEX,JG075B_049,STANDARD,,65,L-MMMMx,3.1622776601683795,2+2,C1,0.5,35,-0.4026945524391446,0.3383271098136902
5830,JG075B,49,S075_WT,6.0,False,C1,1000000.0,FAM,JG075B_049,STANDARD,,64,L-MMMMx,3.1622776601683795,2+2,C1,0.5,36,0.6987415999003674,0.5276191830635071
5831,JG075B,49,S075_WT,6.0,False,C1,1000000.0,HEX,JG075B_049,STANDARD,,65,L-MMMMx,3.1622776601683795,2+2,C1,0.5,36,-0.43075972115721234,0.36212119460105896
5832,JG075B,49,S075_WT,6.0,False,C1,1000000.0,FAM,JG075B_049,STANDARD,,64,L-MMMMx,3.1622776601683795,2+2,C1,0.5,37,0.7087527387360067,0.5349155068397522
5833,JG075B,49,S075_WT,6.0,False,C1,1000000.0,HEX,JG075B_049,STANDARD,,65,L-MMMMx,3.1622776601683795,2+2,C1,0.5,37,-0.4546375776730601,0.3823298513889313
5834,JG075B,49,S075_WT,6.0,False,C1,1000000.0,FAM,JG075B_049,STANDARD,,64,L-MMMMx,3.1622776601683795,2+2,C1,0.5,38,0.7177453046391791,0.5414237976074219
5835,JG075B,49,S075_WT,6.0,False,C1,1000000.0,HEX,JG075B_049,STANDARD,,65,L-MMMMx,3.1622776601683795,2+2,C1,0.5,38,-0.4724945283650056,0.3973829746246338
5836,JG075B,49,S075_WT,6.0,False,C1,1000000.0,FAM,JG075B_049,STANDARD,,64,L-MMMMx,3.1622776601683795,2+2,C1,0.5,39,0.7263577163177832,0.5476380586624146
5837,JG075B,49,S075_WT,6.0,False,C1,1000000.0,HEX,JG075B_049,STANDARD,,65,L-MMMMx,3.1622776601683795,2+2,C1,0.5,39,-0.49084146294150455,0.4128556549549103
5838,JG075B,49,S075_WT,6.0,False,C1,1000000.0,FAM,JG075B_049,STANDARD,,64,L-MMMMx,3.1622776601683795,2+2,C1,0.5,40,0.7341505697299238,0.5532182455062866
5839,JG075B,49,S075_WT,6.0,False,C1,1000000.0,HEX,JG075B_049,STANDARD,,65,L-MMMMx,3.1622776601683795,2+2,C1,0.5,40,-0.5038597618648476,0.4237655997276306
5840,JG075B,49,S075_WT,6.0,False,C1,1000000.0,FAM,JG075B_049,STANDARD,,64,L-MMMMx,3.1622776601683795,2+2,C1,0.5,41,0.7400120640120984,0.5573043823242188
5841,JG075B,49,S075_WT,6.0,False,C1,1000000.0,HEX,JG075B_049,STANDARD,,65,L-MMMMx,3.1622776601683795,2+2,C1,0.5,41,-0.5172473411557934,0.4349917471408844
5842,JG075B,49,S075_WT,6.0,False,C1,1000000.0,FAM,JG075B_049,STANDARD,,64,L-MMMMx,3.1622776601683795,2+2,C1,0.5,42,0.7442399121606048,0.5601266622543335
5843,JG075B,49,S075_WT,6.0,False,C1,1000000.0,HEX,JG075B_049,STANDARD,,65,L-MMMMx,3.1622776601683795,2+2,C1,0.5,42,-0.5308865601317314,0.4464333653450012
5844,JG075B,49,S075_WT,6.0,False,C1,1000000.0,FAM,JG075B_049,STANDARD,,64,L-MMMMx,3.1622776601683795,2+2,C1,0.5,43,0.750129451869967,0.5642344951629639
5845,JG075B,49,S075_WT,6.0,False,C1,1000000.0,HEX,JG075B_049,STANDARD,,65,L-MMMMx,3.1622776601683795,2+2,C1,0.5,43,-0.5408965988540714,0.4547674357891083
5846,JG075B,49,S075_WT,6.0,False,C1,1000000.0,FAM,JG075B_049,STANDARD,,64,L-MMMMx,3.1622776601683795,2+2,C1,0.5,44,0.7543482083690006,0.5670497417449951
5847,JG075B,49,S075_WT,6.0,False,C1,1000000.0,HEX,JG075B_049,STANDARD,,65,L-MMMMx,3.1622776601683795,2+2,C1,0.5,44,-0.5503004748165462,0.46258246898651123
5848,JG075B,49,S075_WT,6.0,False,C1,1000000.0,FAM,JG075B_049,STANDARD,,64,L-MMMMx,3.1622776601683795,2+2,C1,0.5,45,0.7587665959170524,0.5700194835662842
5849,JG075B,49,S075_WT,6.0,False,C1,1000000.0,HEX,JG075B_049,STANDARD,,65,L-MMMMx,3.1622776601683795,2+2,C1,0.5,45,-0.5584034815029115,0.4692836105823517
5850,JG075B,49,S075_WT,6.0,False,C1,1000000.0,FAM,JG075B_049,STANDARD,,64,L-MMMMx,3.1622776601683795,2+2,C1,0.5,46,0.7638902797301422,0.5735347867012024
5851,JG075B,49,S075_WT,6.0,False,C1,1000000.0,HEX,JG075B_049,STANDARD,,65,L-MMMMx,3.1622776601683795,2+2,C1,0.5,46,-0.5700127374100405,0.47898703813552856
5852,JG075B,49,S075_WT,6.0,False,C1,1000000.0,FAM,JG075B_049,STANDARD,,64,L-MMMMx,3.1622776601683795,2+2,C1,0.5,47,0.7673447212904412,0.5757588148117065
5853,JG075B,49,S075_WT,6.0,False,C1,1000000.0,HEX,JG075B_049,STANDARD,,65,L-MMMMx,3.1622776601683795,2+2,C1,0.5,47,-0.5776682222333864,0.48530498147010803
5854,JG075B,49,S075_WT,6.0,False,C1,1000000.0,FAM,JG075B_049,STANDARD,,64,L-MMMMx,3.1622776601683795,2+2,C1,0.5,48,0.7693213075241405,0.5768395066261292
5855,JG075B,49,S075_WT,6.0,False,C1,1000000.0,HEX,JG075B_049,STANDARD,,65,L-MMMMx,3.1622776601683795,2+2,C1,0.5,48,-0.5859225607801039,0.4921357035636902
5856,JG075B,49,S075_WT,6.0,False,C1,1000000.0,FAM,JG075B_049,STANDARD,,64,L-MMMMx,3.1622776601683795,2+2,C1,0.5,49,0.7731123712585656,0.5793238878250122
5857,JG075B,49,S075_WT,6.0,False,C1,1000000.0,HEX,JG075B_049,STANDARD,,65,L-MMMMx,3.1622776601683795,2+2,C1,0.5,49,-0.5954239601723641,0.5000342130661011
5858,JG075B,49,S075_WT,6.0,False,C1,1000000.0,FAM,JG075B_049,STANDARD,,64,L-MMMMx,3.1622776601683795,2+2,C1,0.5,50,0.7778656088795752,0.5825526714324951
5859,JG075B,49,S075_WT,6.0,False,C1,1000000.0,HEX,JG075B_049,STANDARD,,65,L-MMMMx,3.1622776601683795,2+2,C1,0.5,50,-0.6016832101958275,0.5051566362380981
6120,JG075B,51,S075_WT,6.0,False,C3,1000000.0,FAM,JG075B_051,STANDARD,,68,L-MMMMx,1.0,2+2,C3,0.0,1,0.0018180192953165064,0.004151925910264254
6121,JG075B,51,S075_WT,6.0,False,C3,1000000.0,HEX,JG075B_051,STANDARD,,69,L-MMMMx,1.0,2+2,C3,0.0,1,0.0008986155825634364,0.000999043113552034
6122,JG075B,51,S075_WT,6.0,False,C3,1000000.0,FAM,JG075B_051,STANDARD,,68,L-MMMMx,1.0,2+2,C3,0.0,2,0.001435553634441653,0.003375462954863906
6123,JG075B,51,S075_WT,6.0,False,C3,1000000.0,HEX,JG075B_051,STANDARD,,69,L-MMMMx,1.0,2+2,C3,0.0,2,0.0005358089329978123,0.0010363456094637513
6124,JG075B,51,S075_WT,6.0,False,C3,1000000.0,FAM,JG075B_051,STANDARD,,68,L-MMMMx,1.0,2+2,C3,0.0,3,0.0008468500691053242,0.0024394530337303877
6125,JG075B,51,S075_WT,6.0,False,C3,1000000.0,HEX,JG075B_051,STANDARD,,69,L-MMMMx,1.0,2+2,C3,0.0,3,0.0008361233205435709,0.0005058392998762429
6126,JG075B,51,S075_WT,6.0,False,C3,1000000.0,FAM,JG075B_051,STANDARD,,68,L-MMMMx,1.0,2+2,C3,0.0,4,0.0002547563971858985,0.001500820624642074
6127,JG075B,51,S075_WT,6.0,False,C3,1000000.0,HEX,JG075B_051,STANDARD,,69,L-MMMMx,1.0,2+2,C3,0.0,4,0.001045353191405404,5.3325686167227104e-05
6128,JG075B,51,S075_WT,6.0,False,C3,1000000.0,FAM,JG075B_051,STANDARD,,68,L-MMMMx,1.0,2+2,C3,0.0,5,-0.0007160853755485071,0.00026918677031062543
6129,JG075B,51,S075_WT,6.0,False,C3,1000000.0,HEX,JG075B_051,STANDARD,,69,L-MMMMx,1.0,2+2,C3,0.0,5,0.0007566114449744354,2.7208814572077245e-05
6130,JG075B,51,S075_WT,6.0,False,C3,1000000.0,FAM,JG075B_051,STANDARD,,68,L-MMMMx,1.0,2+2,C3,0.0,6,-0.0006295028238949785,-0.0001444181107217446
6131,JG075B,51,S075_WT,6.0,False,C3,1000000.0,HEX,JG075B_051,STANDARD,,69,L-MMMMx,1.0,2+2,C3,0.0,6,0.0003458609965046817,0.0001055639804690145
6132,JG075B,51,S075_WT,6.0,False,C3,1000000.0,FAM,JG075B_051,STANDARD,,68,L-MMMMx,1.0,2+2,C3,0.0,7,-0.00020229160851708902,-0.0002945108572021127
6133,JG075B,51,S075_WT,6.0,False,C3,1000000.0,HEX,JG075B_051,STANDARD,,69,L-MMMMx,1.0,2+2,C3,0.0,7,-0.0004929901608730896,0.0005504877190105617
6134,JG075B,51,S075_WT,6.0,False,C3,1000000.0,FAM,JG075B_051,STANDARD,,68,L-MMMMx,1.0,2+2,C3,0.0,8,-0.0002674548503955957,-0.0008255070424638689
6135,JG075B,51,S075_WT,6.0,False,C3,1000000.0,HEX,JG075B_051,STANDARD,,69,L-MMMMx,1.0,2+2,C3,0.0,8,-0.000858494192954191,0.0005900998366996646
6136,JG075B,51,S075_WT,6.0,False,C3,1000000.0,FAM,JG075B_051,STANDARD,,68,L-MMMMx,1.0,2+2,C3,0.0,9,-0.00033117344458244175,-0.0013553857570514083
6137,JG075B,51,S075_WT,6.0,False,C3,1000000.0,HEX,JG075B_051,STANDARD,,69,L-MMMMx,1.0,2+2,C3,0.0,9,-0.0008297627185473969,0.0002921411069110036
6138,JG075B,51,S075_WT,6.0,False,C3,1000000.0,FAM,JG075B_051,STANDARD,,68,L-MMMMx,1.0,2+2,C3,0.0,10,0.0010449016366473893,-0.0007714323583059013
6139,JG075B,51,S075_WT,6.0,False,C3,1000000.0,HEX,JG075B_051,STANDARD,,69,L-MMMMx,1.0,2+2,C3,0.0,10,-0.0008027018810534144,-4.387137323647039e-06
6140,JG075B,51,S075_WT,6.0,False,C3,1000000.0,FAM,JG075B_051,STANDARD,,68,L-MMMMx,1.0,2+2,C3,0.0,11,0.0013393786221154976,-0.0010242089629173279
6141,JG075B,51,S075_WT,6.0,False,C3,1000000.0,HEX,JG075B_051,STANDARD,,69,L-MMMMx,1.0,2+2,C3,0.0,11,-0.0015224331460541379,0.0003385381423868239
6142,JG075B,51,S075_WT,6.0,False,C3,1000000.0,FAM,JG075B_051,STANDARD,,68,L-MMMMx,1.0,2+2,C3,0.0,12,0.0024559564539846303,-0.0006410040659829974
6143,JG075B,51,S075_WT,6.0,False,C3,1000000.0,HEX,JG075B_051,STANDARD,,69,L-MMMMx,1.0,2+2,C3,0.0,12,-0.0014481594133053809,1.5830522670512437e-06
6144,JG075B,51,S075_WT,6.0,False,C3,1000000.0,FAM,JG075B_051,STANDARD,,68,L-MMMMx,1.0,2+2,C3,0.0,13,0.0027747998305187485,-0.0008749307598918676
6145,JG075B,51,S075_WT,6.0,False,C3,1000000.0,HEX,JG075B_051,STANDARD,,69,L-MMMMx,1.0,2+2,C3,0.0,13,-0.000962004071677154,-0.000688052736222744
6146,JG075B,51,S075_WT,6.0,False,C3,1000000.0,FAM,JG075B_051,STANDARD,,68,L-MMMMx,1.0,2+2,C3,0.0,14,0.003600175211687537,-0.0007170015596784651
6147,JG075B,51,S075_WT,6.0,False,C3,1000000.0,HEX,JG075B_051,STANDARD,,69,L-MMMMx,1.0,2+2,C3,0.0,14,-0.001340351125025496,-0.0006374435033649206
6148,JG075B,51,S075_WT,6.0,False,C3,1000000.0,FAM,JG075B_051,STANDARD,,68,L-MMMMx,1.0,2+2,C3,0.0,15,0.0039012012666911735,-0.0009647118276916444
6149,JG075B,51,S075_WT,6.0,False,C3,1000000.0,HEX,JG075B_051,STANDARD,,69,L-MMMMx,1.0,2+2,C3,0.0,15,-0.0012567670719813818,-0.0009823706932365894
6150,JG075B,51,S075_WT,6.0,False,C3,1000000.0,FAM,JG075B_051,STANDARD,,68,L-MMMMx,1.0,2+2,C3,0.0,16,0.005411686369153112,-0.00027677815523929894
6151,JG075B,51,S075_WT,6.0,False,C3,1000000.0,HEX,JG075B_051,STANDARD,,69,L-MMMMx,1.0,2+2,C3,0.0,16,-0.00098199950722737,-0.0014910021563991904
6152,JG075B,51,S075_WT,6.0,False,C3,1000000.0,FAM,JG075B_051,STANDARD,,68,L-MMMMx,1.0,2+2,C3,0.0,17,0.005519803802396995,-0.0006737235235050321
6153,JG075B,51,S075_WT,6.0,False,C3,1000000.0,HEX,JG075B_051,STANDARD,,69,L-MMMMx,1.0,2+2,C3,0.0,17,-0.0013446495345824179,-0.0014538337709382176
6154,JG075B,51,S075_WT,6.0,False,C3,1000000.0,FAM,JG075B_051,STANDARD,,68,L-MMMMx,1.0,2+2,C3,0.0,18,0.007357434190127795,0.000267291470663622
6155,JG075B,51,S075_WT,6.0,False,C3,1000000.0,HEX,JG075B_051,STANDARD,,69,L-MMMMx,1.0,2+2,C3,0.0,18,-0.002549039528976974,-0.0006959111196920276
6156,JG075B,51,S075_WT,6.0,False,C3,1000000.0,FAM,JG075B_051,STANDARD,,68,L-MMMMx,1.0,2+2,C3,0.0,19,0.0089881139805359,0.001048208330757916
6157,JG075B,51,S075_WT,6.0,False,C3,1000000.0,HEX,JG075B_051,STANDARD,,69,L-MMMMx,1.0,2+2,C3,0.0,19,-0.0035123357338913814,-0.00014442918472923338
6158,JG075B,51,S075_WT,6.0,False,C3,1000000.0,FAM,JG075B_051,STANDARD,,68,L-MMMMx,1.0,2+2,C3,0.0,20,0.01218228781270528,0.0030386524740606546
6159,JG075B,51,S075_WT,6.0,False,C3,1000000.0,HEX,JG075B_051,STANDARD,,69,L-MMMMx,1.0,2+2,C3,0.0,20,-0.004198045174261407,0.00016936432803049684
6160,JG075B,51,S075_WT,6.0,False,C3,1000000.0,FAM,JG075B_051,STANDARD,,68,L-MMMMx,1.0,2+2,C3,0.0,21,0.018131269959086975,0.007160231005400419
6161,JG075B,51,S075_WT,6.0,False,C3,1000000.0,HEX,JG075B_051,STANDARD,,69,L-MMMMx,1.0,2+2,C3,0.0,21,-0.004945428960662733,0.0005359675269573927
6162,JG075B,51,S075_WT,6.0,False,C3,1000000.0,FAM,JG075B_051,STANDARD,,68,L-MMMMx,1.0,2+2,C3,0.0,22,0.029278171547940605,0.015302947722375393
6163,JG075B,51,S075_WT,6.0,False,C3,1000000.0,HEX,JG075B_051,STANDARD,,69,L-MMMMx,1.0,2+2,C3,0.0,22,-0.008057425272470711,0.0029273107647895813
6164,JG075B,51,S075_WT,6.0,False,C3,1000000.0,FAM,JG075B_051,STANDARD,,68,L-MMMMx,1.0,2+2,C3,0.0,23,0.047298398662208085,0.028762904927134514
6165,JG075B,51,S075_WT,6.0,False,C3,1000000.0,HEX,JG075B_051,STANDARD,,69,L-MMMMx,1.0,2+2,C3,0.0,23,-0.012955454261349371,0.006847974844276905
6166,JG075B,51,S075_WT,6.0,False,C3,1000000.0,FAM,JG075B_051,STANDARD,,68,L-MMMMx,1.0,2+2,C3,0.0,24,0.07944338928313391,0.05314985290169716
6167,JG075B,51,S075_WT,6.0,False,C3,1000000.0,HEX,JG075B_051,STANDARD,,69,L-MMMMx,1.0,2+2,C3,0.0,24,-0.022704438563594647,0.014922352507710457
6168,JG075B,51,S075_WT,6.0,False,C3,1000000.0,FAM,JG075B_051,STANDARD,,68,L-MMMMx,1.0,2+2,C3,0.0,25,0.12788959183706639,0.09014751017093658
6169,JG075B,51,S075_WT,6.0,False,C3,1000000.0,HEX,JG075B_051,STANDARD,,69,L-MMMMx,1.0,2+2,C3,0.0,25,-0.03784486402543684,0.027613244950771332
6170,JG075B,51,S075_WT,6.0,False,C3,1000000.0,FAM,JG075B_051,STANDARD,,68,L-MMMMx,1.0,2+2,C3,0.0,26,0.19253834651764964,0.13967953622341156
6171,JG075B,51,S075_WT,6.0,False,C3,1000000.0,HEX,JG075B_051,STANDARD,,69,L-MMMMx,1.0,2+2,C3,0.0,26,-0.06027236406641421,0.04654381796717644
6172,JG075B,51,S075_WT,6.0,False,C3,1000000.0,FAM,JG075B_051,STANDARD,,68,L-MMMMx,1.0,2+2,C3,0.0,27,0.26776107477454314,0.19739165902137756
6173,JG075B,51,S075_WT,6.0,False,C3,1000000.0,HEX,JG075B_051,STANDARD,,69,L-MMMMx,1.0,2+2,C3,0.0,27,-0.09162224858961972,0.07311433553695679
6174,JG075B,51,S075_WT,6.0,False,C3,1000000.0,FAM,JG075B_051,STANDARD,,68,L-MMMMx,1.0,2+2,C3,0.0,28,0.3447367192785285,0.2564598321914673
6175,JG075B,51,S075_WT,6.0,False,C3,1000000.0,HEX,JG075B_051,STANDARD,,69,L-MMMMx,1.0,2+2,C3,0.0,28,-0.13097521482884297,0.10653763264417648
6176,JG075B,51,S075_WT,6.0,False,C3,1000000.0,FAM,JG075B_051,STANDARD,,68,L-MMMMx,1.0,2+2,C3,0.0,29,0.41741390125483907,0.31220269203186035
6177,JG075B,51,S075_WT,6.0,False,C3,1000000.0,HEX,JG075B_051,STANDARD,,69,L-MMMMx,1.0,2+2,C3,0.0,29,-0.1750513500600706,0.14400522410869598
6178,JG075B,51,S075_WT,6.0,False,C3,1000000.0,FAM,JG075B_051,STANDARD,,68,L-MMMMx,1.0,2+2,C3,0.0,30,0.4784979203393574,0.3589770197868347
6179,JG075B,51,S075_WT,6.0,False,C3,1000000.0,HEX,JG075B_051,STANDARD,,69,L-MMMMx,1.0,2+2,C3,0.0,30,-0.2192000187772628,0.18153491616249084
6180,JG075B,51,S075_WT,6.0,False,C3,1000000.0,FAM,JG075B_051,STANDARD,,68,L-MMMMx,1.0,2+2,C3,0.0,31,0.5283470491596153,0.39706000685691833
6181,JG075B,51,S075_WT,6.0,False,C3,1000000.0,HEX,JG075B_051,STANDARD,,69,L-MMMMx,1.0,2+2,C3,0.0,31,-0.2626481685539516,0.21846477687358856
6182,JG075B,51,S075_WT,6.0,False,C3,1000000.0,FAM,JG075B_051,STANDARD,,68,L-MMMMx,1.0,2+2,C3,0.0,32,0.5669904118130767,0.42647412419319153
6183,JG075B,51,S075_WT,6.0,False,C3,1000000.0,HEX,JG075B_051,STANDARD,,69,L-MMMMx,1.0,2+2,C3,0.0,32,-0.304182220892722,0.253755658864975
6184,JG075B,51,S075_WT,6.0,False,C3,1000000.0,FAM,JG075B_051,STANDARD,,68,L-MMMMx,1.0,2+2,C3,0.0,33,0.5954796347713939,0.448032945394516
6185,JG075B,51,S075_WT,6.0,False,C3,1000000.0,HEX,JG075B_051,STANDARD,,69,L-MMMMx,1.0,2+2,C3,0.0,33,-0.34196450999441674,0.28583404421806335
6186,JG075B,51,S075_WT,6.0,False,C3,1000000.0,FAM,JG075B_051,STANDARD,,68,L-MMMMx,1.0,2+2,C3,0.0,34,0.6148352171639555,0.4625259339809418
6187,JG075B,51,S075_WT,6.0,False,C3,1000000.0,HEX,JG075B_051,STANDARD,,69,L-MMMMx,1.0,2+2,C3,0.0,34,-0.3764095974479629,0.31505489349365234
6188,JG075B,51,S075_WT,6.0,False,C3,1000000.0,FAM,JG075B_051,STANDARD,,68,L-MMMMx,1.0,2+2,C3,0.0,35,0.6325901299141572,0.4757806658744812
6189,JG075B,51,S075_WT,6.0,False,C3,1000000.0,HEX,JG075B_051,STANDARD,,69,L-MMMMx,1.0,2+2,C3,0.0,35,-0.40729633269202703,0.34122881293296814
6190,JG075B,51,S075_WT,6.0,False,C3,1000000.0,FAM,JG075B_051,STANDARD,,68,L-MMMMx,1.0,2+2,C3,0.0,36,0.6475455080576128,0.4868696331977844
6191,JG075B,51,S075_WT,6.0,False,C3,1000000.0,HEX,JG075B_051,STANDARD,,69,L-MMMMx,1.0,2+2,C3,0.0,36,-0.43548617268971335,0.36509349942207336
6192,JG075B,51,S075_WT,6.0,False,C3,1000000.0,FAM,JG075B_051,STANDARD,,68,L-MMMMx,1.0,2+2,C3,0.0,37,0.6560324087447655,0.4929545521736145
6193,JG075B,51,S075_WT,6.0,False,C3,1000000.0,HEX,JG075B_051,STANDARD,,69,L-MMMMx,1.0,2+2,C3,0.0,37,-0.45929650763033497,0.3852081596851349
6194,JG075B,51,S075_WT,6.0,False,C3,1000000.0,FAM,JG075B_051,STANDARD,,68,L-MMMMx,1.0,2+2,C3,0.0,38,0.6646029834262192,0.49910420179367065
6195,JG075B,51,S075_WT,6.0,False,C3,1000000.0,HEX,JG075B_051,STANDARD,,69,L-MMMMx,1.0,2+2,C3,0.0,38,-0.4794883822375491,0.40222442150115967
6196,JG075B,51,S075_WT,6.0,False,C3,1000000.0,FAM,JG075B_051,STANDARD,,68,L-MMMMx,1.0,2+2,C3,0.0,39,0.6708931720954019,0.5034897327423096
6197,JG075B,51,S075_WT,6.0,False,C3,1000000.0,HEX,JG075B_051,STANDARD,,69,L-MMMMx,1.0,2+2,C3,0.0,39,-0.49513278316808945,0.4153468608856201
6198,JG075B,51,S075_WT,6.0,False,C3,1000000.0,FAM,JG075B_051,STANDARD,,68,L-MMMMx,1.0,2+2,C3,0.0,40,0.6778070633279976,0.5083577632904053
6199,JG075B,51,S075_WT,6.0,False,C3,1000000.0,HEX,JG075B_051,STANDARD,,69,L-MMMMx,1.0,2+2,C3,0.0,40,-0.5108492999253662,0.42853105068206787
6200,JG075B,51,S075_WT,6.0,False,C3,1000000.0,FAM,JG075B_051,STANDARD,,68,L-MMMMx,1.0,2+2,C3,0.0,41,0.683809092937617,0.5125203728675842
6201,JG075B,51,S075_WT,6.0,False,C3,1000000.0,HEX,JG075B_051,STANDARD,,69,L-MMMMx,1.0,2+2,C3,0.0,41,-0.5250774880229419,0.4404408037662506
6202,JG075B,51,S075_WT,6.0,False,C3,1000000.0,FAM,JG075B_051,STANDARD,,68,L-MMMMx,1.0,2+2,C3,0.0,42,0.6874908257347373,0.5148880481719971
6203,JG075B,51,S075_WT,6.0,False,C3,1000000.0,HEX,JG075B_051,STANDARD,,69,L-MMMMx,1.0,2+2,C3,0.0,42,-0.5355490401924461,0.44913390278816223
6204,JG075B,51,S075_WT,6.0,False,C3,1000000.0,FAM,JG075B_051,STANDARD,,68,L-MMMMx,1.0,2+2,C3,0.0,43,0.6912387426581048,0.5173068642616272
6205,JG075B,51,S075_WT,6.0,False,C3,1000000.0,HEX,JG075B_051,STANDARD,,69,L-MMMMx,1.0,2+2,C3,0.0,43,-0.5471582264897037,0.45880112051963806
6206,JG075B,51,S075_WT,6.0,False,C3,1000000.0,FAM,JG075B_051,STANDARD,,68,L-MMMMx,1.0,2+2,C3,0.0,44,0.695391392078768,0.5200387835502625
6207,JG075B,51,S075_WT,6.0,False,C3,1000000.0,HEX,JG075B_051,STANDARD,,69,L-MMMMx,1.0,2+2,C3,0.0,44,-0.5592315017993662,0.46886569261550903
6208,JG075B,51,S075_WT,6.0,False,C3,1000000.0,FAM,JG075B_051,STANDARD,,68,L-MMMMx,1.0,2+2,C3,0.0,45,0.6994488103235968,0.5226970314979553
6209,JG075B,51,S075_WT,6.0,False,C3,1000000.0,HEX,JG075B_051,STANDARD,,69,L-MMMMx,1.0,2+2,C3,0.0,45,-0.5698520887034675,0.47768640518188477
6210,JG075B,51,S075_WT,6.0,False,C3,1000000.0,FAM,JG075B_051,STANDARD,,68,L-MMMMx,1.0,2+2,C3,0.0,46,0.7028205024641175,0.5248247981071472
6211,JG075B,51,S075_WT,6.0,False,C3,1000000.0,HEX,JG075B_051,STANDARD,,69,L-MMMMx,1.0,2+2,C3,0.0,46,-0.579163383537024,0.4853860139846802
6212,JG075B,51,S075_WT,6.0,False,C3,1000000.0,FAM,JG075B_051,STANDARD,,68,L-MMMMx,1.0,2+2,C3,0.0,47,0.7050466467710589,0.5260663628578186
6213,JG075B,51,S075_WT,6.0,False,C3,1000000.0,HEX,JG075B_051,STANDARD,,69,L-MMMMx,1.0,2+2,C3,0.0,47,-0.5889012476623183,0.4934508502483368
6214,JG075B,51,S075_WT,6.0,False,C3,1000000.0,FAM,JG075B_051,STANDARD,,68,L-MMMMx,1.0,2+2,C3,0.0,48,0.7082960639309573,0.528099536895752
6215,JG075B,51,S075_WT,6.0,False,C3,1000000.0,HEX,JG075B_051,STANDARD,,69,L-MMMMx,1.0,2+2,C3,0.0,48,-0.5982818739277564,0.5012097954750061
6216,JG075B,51,S075_WT,6.0,False,C3,1000000.0,FAM,JG075B_051,STANDARD,,68,L-MMMMx,1.0,2+2,C3,0.0,49,0.7111153998420638,0.5297999978065491
6217,JG075B,51,S075_WT,6.0,False,C3,1000000.0,HEX,JG075B_051,STANDARD,,69,L-MMMMx,1.0,2+2,C3,0.0,49,-0.6069680025065645,0.5083740949630737
6218,JG075B,51,S075_WT,6.0,False,C3,1000000.0,FAM,JG075B_051,STANDARD,,68,L-MMMMx,1.0,2+2,C3,0.0,50,0.7133206641743685,0.5310254096984863
6219,JG075B,51,S075_WT,6.0,False,C3,1000000.0,HEX,JG075B_051,STANDARD,,69,L-MMMMx,1.0,2+2,C3,0.0,50,-0.6168736264218537,0.5165826082229614
6840,JG075B,55,S075_WT,6.0,False,C7,1000000.0,FAM,JG075B_055,STANDARD,,76,L-MMMMx,0.1,2+2,C7,-1.0,1,0.00017084403601578927,0.0030888626351952553
6841,JG075B,55,S075_WT,6.0,False,C7,1000000.0,HEX,JG075B_055,STANDARD,,77,L-MMMMx,0.1,2+2,C7,-1.0,1,0.0006930532817992603,0.0017495931824669242
6842,JG075B,55,S075_WT,6.0,False,C7,1000000.0,FAM,JG075B_055,STANDARD,,76,L-MMMMx,0.1,2+2,C7,-1.0,2,-0.0006301456921177674,0.001940310001373291
6843,JG075B,55,S075_WT,6.0,False,C7,1000000.0,HEX,JG075B_055,STANDARD,,77,L-MMMMx,0.1,2+2,C7,-1.0,2,0.000522578706821092,0.001514651463367045
6844,JG075B,55,S075_WT,6.0,False,C7,1000000.0,FAM,JG075B_055,STANDARD,,76,L-MMMMx,0.1,2+2,C7,-1.0,3,7.253094510597605e-05,0.00195500161498785
6845,JG075B,55,S075_WT,6.0,False,C7,1000000.0,HEX,JG075B_055,STANDARD,,77,L-MMMMx,0.1,2+2,C7,-1.0,3,0.0005244929782836887,0.0011320989578962326
6846,JG075B,55,S075_WT,6.0,False,C7,1000000.0,FAM,JG075B_055,STANDARD,,76,L-MMMMx,0.1,2+2,C7,-1.0,4,-0.0002062282734768643,0.00121044903062284
6847,JG075B,55,S075_WT,6.0,False,C7,1000000.0,HEX,JG075B_055,STANDARD,,77,L-MMMMx,0.1,2+2,C7,-1.0,4,0.0008753789373776872,0.00045073332148604095
6848,JG075B,55,S075_WT,6.0,False,C7,1000000.0,FAM,JG075B_055,STANDARD,,76,L-MMMMx,0.1,2+2,C7,-1.0,5,-0.0006757965591742442,0.0003182856598868966
6849,JG075B,55,S075_WT,6.0,False,C7,1000000.0,HEX,JG075B_055,STANDARD,,77,L-MMMMx,0.1,2+2,C7,-1.0,5,0.00022329106487799897,0.000628181267529726
6850,JG075B,55,S075_WT,6.0,False,C7,1000000.0,FAM,JG075B_055,STANDARD,,76,L-MMMMx,0.1,2+2,C7,-1.0,6,-0.00045231919225895167,-3.773392381845042e-05
6851,JG075B,55,S075_WT,6.0,False,C7,1000000.0,HEX,JG075B_055,STANDARD,,77,L-MMMMx,0.1,2+2,C7,-1.0,6,-0.0003918339659257287,0.0007739791180938482
6852,JG075B,55,S075_WT,6.0,False,C7,1000000.0,FAM,JG075B_055,STANDARD,,76,L-MMMMx,0.1,2+2,C7,-1.0,7,0.0001157548040404629,-0.00012717173376586288
6853,JG075B,55,S075_WT,6.0,False,C7,1000000.0,HEX,JG075B_055,STANDARD,,77,L-MMMMx,0.1,2+2,C7,-1.0,7,-0.0006140460777975367,0.000583338551223278
6854,JG075B,55,S075_WT,6.0,False,C7,1000000.0,FAM,JG075B_055,STANDARD,,76,L-MMMMx,0.1,2+2,C7,-1.0,8,0.00034508780959928664,-0.00047866138629615307
6855,JG075B,55,S075_WT,6.0,False,C7,1000000.0,HEX,JG075B_055,STANDARD,,77,L-MMMMx,0.1,2+2,C7,-1.0,8,-0.0003611360126528123,-1.4133482181932777e-05
6856,JG075B,55,S075_WT,6.0,False,C7,1000000.0,FAM,JG075B_055,STANDARD,,76,L-MMMMx,0.1,2+2,C7,-1.0,9,0.00031072445650698517,-0.0010341479210183024
6857,JG075B,55,S075_WT,6.0,False,C7,1000000.0,HEX,JG075B_055,STANDARD,,77,L-MMMMx,0.1,2+2,C7,-1.0,9,0.00010798231295830282,-0.0007967375568114221
6858,JG075B,55,S075_WT,6.0,False,C7,1000000.0,FAM,JG075B_055,STANDARD,,76,L-MMMMx,0.1,2+2,C7,-1.0,10,0.0004902460096573494,-0.0014241719618439674
6859,JG075B,55,S075_WT,6.0,False,C7,1000000.0,HEX,JG075B_055,STANDARD,,77,L-MMMMx,0.1,2+2,C7,-1.0,10,-0.00036412923712160006,-0.00077339744893834
6860,JG075B,55,S075_WT,6.0,False,C7,1000000.0,FAM,JG075B_055,STANDARD,,76,L-MMMMx,0.1,2+2,C7,-1.0,11,0.0017522902330920993,-0.0009767507435753942
6861,JG075B,55,S075_WT,6.0,False,C7,1000000.0,HEX,JG075B_055,STANDARD,,77,L-MMMMx,0.1,2+2,C7,-1.0,11,-0.0009683603230563676,-0.0006369276670739055
6862,JG075B,55,S075_WT,6.0,False,C7,1000000.0,FAM,JG075B_055,STANDARD,,76,L-MMMMx,0.1,2+2,C7,-1.0,12,0.003073160510531271,-0.00048382134991697967
6863,JG075B,55,S075_WT,6.0,False,C7,1000000.0,HEX,JG075B_055,STANDARD,,77,L-MMMMx,0.1,2+2,C7,-1.0,12,-0.001586965847428453,-0.00048814958427101374
6864,JG075B,55,S075_WT,6.0,False,C7,1000000.0,FAM,JG075B_055,STANDARD,,76,L-MMMMx,0.1,2+2,C7,-1.0,13,0.003884204986598786,-0.0003852959198411554
6865,JG075B,55,S075_WT,6.0,False,C7,1000000.0,HEX,JG075B_055,STANDARD,,77,L-MMMMx,0.1,2+2,C7,-1.0,13,-0.0015906203656752289,-0.0008659338345751166
6866,JG075B,55,S075_WT,6.0,False,C7,1000000.0,FAM,JG075B_055,STANDARD,,76,L-MMMMx,0.1,2+2,C7,-1.0,14,0.004138732647900172,-0.0007172948680818081
6867,JG075B,55,S075_WT,6.0,False,C7,1000000.0,HEX,JG075B_055,STANDARD,,77,L-MMMMx,0.1,2+2,C7,-1.0,14,-0.001661657239405413,-0.0011860207887366414
6868,JG075B,55,S075_WT,6.0,False,C7,1000000.0,FAM,JG075B_055,STANDARD,,76,L-MMMMx,0.1,2+2,C7,-1.0,15,0.005132380592193593,-0.0004775064007844776
6869,JG075B,55,S075_WT,6.0,False,C7,1000000.0,HEX,JG075B_055,STANDARD,,77,L-MMMMx,0.1,2+2,C7,-1.0,15,-0.003117095234885622,-0.0003206905093975365
6870,JG075B,55,S075_WT,6.0,False,C7,1000000.0,FAM,JG075B_055,STANDARD,,76,L-MMMMx,0.1,2+2,C7,-1.0,16,0.006283283253216584,-0.00011606488260440528
6871,JG075B,55,S075_WT,6.0,False,C7,1000000.0,HEX,JG075B_055,STANDARD,,77,L-MMMMx,0.1,2+2,C7,-1.0,16,-0.003488255069015305,-0.0003837920376099646
6872,JG075B,55,S075_WT,6.0,False,C7,1000000.0,FAM,JG075B_055,STANDARD,,76,L-MMMMx,0.1,2+2,C7,-1.0,17,0.006731547800954274,-0.0002981879224535078
6873,JG075B,55,S075_WT,6.0,False,C7,1000000.0,HEX,JG075B_055,STANDARD,,77,L-MMMMx,0.1,2+2,C7,-1.0,17,-0.004116049096407856,-0.00022714611259289086
6874,JG075B,55,S075_WT,6.0,False,C7,1000000.0,FAM,JG075B_055,STANDARD,,76,L-MMMMx,0.1,2+2,C7,-1.0,18,0.006793571341849571,-0.000779109017457813
6875,JG075B,55,S075_WT,6.0,False,C7,1000000.0,HEX,JG075B_055,STANDARD,,77,L-MMMMx,0.1,2+2,C7,-1.0,18,-0.003863956947251695,-0.0008239177986979485
6876,JG075B,55,S075_WT,6.0,False,C7,1000000.0,FAM,JG075B_055,STANDARD,,76,L-MMMMx,0.1,2+2,C7,-1.0,19,0.009948990091944,0.0011330366833135486
6877,JG075B,55,S075_WT,6.0,False,C7,1000000.0,HEX,JG075B_055,STANDARD,,77,L-MMMMx,0.1,2+2,C7,-1.0,19,-0.0038271159228306273,-0.0012363770511001348
6878,JG075B,55,S075_WT,6.0,False,C7,1000000.0,FAM,JG075B_055,STANDARD,,76,L-MMMMx,0.1,2+2,C7,-1.0,20,0.01268295695545796,0.0027191450353711843
6879,JG075B,55,S075_WT,6.0,False,C7,1000000.0,HEX,JG075B_055,STANDARD,,77,L-MMMMx,0.1,2+2,C7,-1.0,20,-0.005376683866867075,-0.00029044641996733844
6880,JG075B,55,S075_WT,6.0,False,C7,1000000.0,FAM,JG075B_055,STANDARD,,76,L-MMMMx,0.1,2+2,C7,-1.0,21,0.019933624457933573,0.0077993967570364475
6881,JG075B,55,S075_WT,6.0,False,C7,1000000.0,HEX,JG075B_055,STANDARD,,77,L-MMMMx,0.1,2+2,C7,-1.0,21,-0.0071401107382112715,0.0008386045810766518
6882,JG075B,55,S075_WT,6.0,False,C7,1000000.0,FAM,JG075B_055,STANDARD,,76,L-MMMMx,0.1,2+2,C7,-1.0,22,0.031023626189704997,0.015849778428673744
6883,JG075B,55,S075_WT,6.0,False,C7,1000000.0,HEX,JG075B_055,STANDARD,,77,L-MMMMx,0.1,2+2,C7,-1.0,22,-0.010852788032514292,0.0036367345601320267
6884,JG075B,55,S075_WT,6.0,False,C7,1000000.0,FAM,JG075B_055,STANDARD,,76,L-MMMMx,0.1,2+2,C7,-1.0,23,0.05016582448722381,0.030129380524158478
6885,JG075B,55,S075_WT,6.0,False,C7,1000000.0,HEX,JG075B_055,STANDARD,,77,L-MMMMx,0.1,2+2,C7,-1.0,23,-0.01593665797547542,0.0076089720241725445
6886,JG075B,55,S075_WT,6.0,False,C7,1000000.0,FAM,JG075B_055,STANDARD,,76,L-MMMMx,0.1,2+2,C7,-1.0,24,0.0806314795834864,0.05316887050867081
6887,JG075B,55,S075_WT,6.0,False,C7,1000000.0,HEX,JG075B_055,STANDARD,,77,L-MMMMx,0.1,2+2,C7,-1.0,24,-0.02579195395376619,0.015666823834180832
6888,JG075B,55,S075_WT,6.0,False,C7,1000000.0,FAM,JG075B_055,STANDARD,,76,L-MMMMx,0.1,2+2,C7,-1.0,25,0.12506368037121668,0.08701295405626297
6889,JG075B,55,S075_WT,6.0,False,C7,1000000.0,HEX,JG075B_055,STANDARD,,77,L-MMMMx,0.1,2+2,C7,-1.0,25,-0.03991722385652544,0.027380915358662605
6890,JG075B,55,S075_WT,6.0,False,C7,1000000.0,FAM,JG075B_055,STANDARD,,76,L-MMMMx,0.1,2+2,C7,-1.0,26,0.17945940440666905,0.12856486439704895
6891,JG075B,55,S075_WT,6.0,False,C7,1000000.0,HEX,JG075B_055,STANDARD,,77,L-MMMMx,0.1,2+2,C7,-1.0,26,-0.0630459911441234,0.04680440574884415
6892,JG075B,55,S075_WT,6.0,False,C7,1000000.0,FAM,JG075B_055,STANDARD,,76,L-MMMMx,0.1,2+2,C7,-1.0,27,0.23387620103645046,0.1701330840587616
6893,JG075B,55,S075_WT,6.0,False,C7,1000000.0,HEX,JG075B_055,STANDARD,,77,L-MMMMx,0.1,2+2,C7,-1.0,27,-0.0953070340785893,0.07404756546020508
6894,JG075B,55,S075_WT,6.0,False,C7,1000000.0,FAM,JG075B_055,STANDARD,,76,L-MMMMx,0.1,2+2,C7,-1.0,28,0.2853101276364294,0.20939373970031738
6895,JG075B,55,S075_WT,6.0,False,C7,1000000.0,HEX,JG075B_055,STANDARD,,77,L-MMMMx,0.1,2+2,C7,-1.0,28,-0.13461684219756492,0.10732634365558624
6896,JG075B,55,S075_WT,6.0,False,C7,1000000.0,FAM,JG075B_055,STANDARD,,76,L-MMMMx,0.1,2+2,C7,-1.0,29,0.3298585166225076,0.24332770705223083
6897,JG075B,55,S075_WT,6.0,False,C7,1000000.0,HEX,JG075B_055,STANDARD,,77,L-MMMMx,0.1,2+2,C7,-1.0,29,-0.1798681660821486,0.1456926465034485
6898,JG075B,55,S075_WT,6.0,False,C7,1000000.0,FAM,JG075B_055,STANDARD,,76,L-MMMMx,0.1,2+2,C7,-1.0,30,0.36545817994736307,0.27033889293670654
6899,JG075B,55,S075_WT,6.0,False,C7,1000000.0,HEX,JG075B_055,STANDARD,,77,L-MMMMx,0.1,2+2,C7,-1.0,30,-0.23030744406985512,0.188501238822937
6900,JG075B,55,S075_WT,6.0,False,C7,1000000.0,FAM,JG075B_055,STANDARD,,76,L-MMMMx,0.1,2+2,C7,-1.0,31,0.39348056981961227,0.29148826003074646
6901,JG075B,55,S075_WT,6.0,False,C7,1000000.0,HEX,JG075B_055,STANDARD,,77,L-MMMMx,0.1,2+2,C7,-1.0,31,-0.28110044461891387,0.2316126972436905
6902,JG075B,55,S075_WT,6.0,False,C7,1000000.0,FAM,JG075B_055,STANDARD,,76,L-MMMMx,0.1,2+2,C7,-1.0,32,0.41702509118285164,0.3091735243797302
6903,JG075B,55,S075_WT,6.0,False,C7,1000000.0,HEX,JG075B_055,STANDARD,,77,L-MMMMx,0.1,2+2,C7,-1.0,32,-0.3309237448548924,0.2738938331604004
6904,JG075B,55,S075_WT,6.0,False,C7,1000000.0,FAM,JG075B_055,STANDARD,,76,L-MMMMx,0.1,2+2,C7,-1.0,33,0.4377652239231009,0.3246892988681793
6905,JG075B,55,S075_WT,6.0,False,C7,1000000.0,HEX,JG075B_055,STANDARD,,77,L-MMMMx,0.1,2+2,C7,-1.0,33,-0.37997789081719957,0.3155163824558258
6906,JG075B,55,S075_WT,6.0,False,C7,1000000.0,FAM,JG075B_055,STANDARD,,76,L-MMMMx,0.1,2+2,C7,-1.0,34,0.45375134856357174,0.33652734756469727
6907,JG075B,55,S075_WT,6.0,False,C7,1000000.0,HEX,JG075B_055,STANDARD,,77,L-MMMMx,0.1,2+2,C7,-1.0,34,-0.4269697747303833,0.3553730845451355
6908,JG075B,55,S075_WT,6.0,False,C7,1000000.0,FAM,JG075B_055,STANDARD,,76,L-MMMMx,0.1,2+2,C7,-1.0,35,0.4661023543724399,0.3455532491207123
6909,JG075B,55,S075_WT,6.0,False,C7,1000000.0,HEX,JG075B_055,STANDARD,,77,L-MMMMx,0.1,2+2,C7,-1.0,35,-0.47188310788454374,0.39344996213912964
6910,JG075B,55,S075_WT,6.0,False,C7,1000000.0,FAM,JG075B_055,STANDARD,,76,L-MMMMx,0.1,2+2,C7,-1.0,36,0.47491732491938415,0.3518436551094055
6911,JG075B,55,S075_WT,6.0,False,C7,1000000.0,HEX,JG075B_055,STANDARD,,77,L-MMMMx,0.1,2+2,C7,-1.0,36,-0.5105838992389281,0.4262072741985321
6912,JG075B,55,S075_WT,6.0,False,C7,1000000.0,FAM,JG075B_055,STANDARD,,76,L-MMMMx,0.1,2+2,C7,-1.0,37,0.4831619870815992,0.3576928675174713
6913,JG075B,55,S075_WT,6.0,False,C7,1000000.0,HEX,JG075B_055,STANDARD,,77,L-MMMMx,0.1,2+2,C7,-1.0,37,-0.546312766745163,0.45641982555389404
6914,JG075B,55,S075_WT,6.0,False,C7,1000000.0,FAM,JG075B_055,STANDARD,,76,L-MMMMx,0.1,2+2,C7,-1.0,38,0.4918892771446442,0.36391544342041016
6915,JG075B,55,S075_WT,6.0,False,C7,1000000.0,HEX,JG075B_055,STANDARD,,77,L-MMMMx,0.1,2+2,C7,-1.0,38,-0.5763474771636932,0.48175662755966187
6916,JG075B,55,S075_WT,6.0,False,C7,1000000.0,FAM,JG075B_055,STANDARD,,76,L-MMMMx,0.1,2+2,C7,-1.0,39,0.49972073154310587,0.36944499611854553
6917,JG075B,55,S075_WT,6.0,False,C7,1000000.0,HEX,JG075B_055,STANDARD,,77,L-MMMMx,0.1,2+2,C7,-1.0,39,-0.6044232961920801,0.5054160952568054
6918,JG075B,55,S075_WT,6.0,False,C7,1000000.0,FAM,JG075B_055,STANDARD,,76,L-MMMMx,0.1,2+2,C7,-1.0,40,0.5043967671914731,0.37253350019454956
6919,JG075B,55,S075_WT,6.0,False,C7,1000000.0,HEX,JG075B_055,STANDARD,,77,L-MMMMx,0.1,2+2,C7,-1.0,40,-0.6275580673310834,0.524844765663147
6920,JG075B,55,S075_WT,6.0,False,C7,1000000.0,FAM,JG075B_055,STANDARD,,76,L-MMMMx,0.1,2+2,C7,-1.0,41,0.509126274066401,0.3756633698940277
6921,JG075B,55,S075_WT,6.0,False,C7,1000000.0,HEX,JG075B_055,STANDARD,,77,L-MMMMx,0.1,2+2,C7,-1.0,41,-0.6487855279946267,0.542640209197998
6922,JG075B,55,S075_WT,6.0,False,C7,1000000.0,FAM,JG075B_055,STANDARD,,76,L-MMMMx,0.1,2+2,C7,-1.0,42,0.5142436399535859,0.3790932893753052
6923,JG075B,55,S075_WT,6.0,False,C7,1000000.0,HEX,JG075B_055,STANDARD,,77,L-MMMMx,0.1,2+2,C7,-1.0,42,-0.668407715414572,0.5590611100196838
6924,JG075B,55,S075_WT,6.0,False,C7,1000000.0,FAM,JG075B_055,STANDARD,,76,L-MMMMx,0.1,2+2,C7,-1.0,43,0.5193126968219617,0.38248583674430847
6925,JG075B,55,S075_WT,6.0,False,C7,1000000.0,HEX,JG075B_055,STANDARD,,77,L-MMMMx,0.1,2+2,C7,-1.0,43,-0.6852437677330467,0.5730963945388794
6926,JG075B,55,S075_WT,6.0,False,C7,1000000.0,FAM,JG075B_055,STANDARD,,76,L-MMMMx,0.1,2+2,C7,-1.0,44,0.5211710145646371,0.3833945393562317
6927,JG075B,55,S075_WT,6.0,False,C7,1000000.0,HEX,JG075B_055,STANDARD,,77,L-MMMMx,0.1,2+2,C7,-1.0,44,-0.6980964647724073,0.5837208032608032
6928,JG075B,55,S075_WT,6.0,False,C7,1000000.0,FAM,JG075B_055,STANDARD,,76,L-MMMMx,0.1,2+2,C7,-1.0,45,0.5250207117333744,0.38584375381469727
6929,JG075B,55,S075_WT,6.0,False,C7,1000000.0,HEX,JG075B_055,STANDARD,,77,L-MMMMx,0.1,2+2,C7,-1.0,45,-0.7096141140888171,0.5932020545005798
6930,JG075B,55,S075_WT,6.0,False,C7,1000000.0,FAM,JG075B_055,STANDARD,,76,L-MMMMx,0.1,2+2,C7,-1.0,46,0.5294735396823954,0.388759583234787
6931,JG075B,55,S075_WT,6.0,False,C7,1000000.0,HEX,JG075B_055,STANDARD,,77,L-MMMMx,0.1,2+2,C7,-1.0,46,-0.7236095963864123,0.604805052280426
6932,JG075B,55,S075_WT,6.0,False,C7,1000000.0,FAM,JG075B_055,STANDARD,,76,L-MMMMx,0.1,2+2,C7,-1.0,47,0.5334554510078735,0.3913111090660095
6933,JG075B,55,S075_WT,6.0,False,C7,1000000.0,HEX,JG075B_055,STANDARD,,77,L-MMMMx,0.1,2+2,C7,-1.0,47,-0.7356291328753795,0.6147160530090332
6934,JG075B,55,S075_WT,6.0,False,C7,1000000.0,FAM,JG075B_055,STANDARD,,76,L-MMMMx,0.1,2+2,C7,-1.0,48,0.5353269439374968,0.39223000407218933
6935,JG075B,55,S075_WT,6.0,False,C7,1000000.0,HEX,JG075B_055,STANDARD,,77,L-MMMMx,0.1,2+2,C7,-1.0,48,-0.7436821596741031,0.6212306618690491
6936,JG075B,55,S075_WT,6.0,False,C7,1000000.0,FAM,JG075B_055,STANDARD,,76,L-MMMMx,0.1,2+2,C7,-1.0,49,0.5382528370623402,0.39396458864212036
6937,JG075B,55,S075_WT,6.0,False,C7,1000000.0,HEX,JG075B_055,STANDARD,,77,L-MMMMx,0.1,2+2,C7,-1.0,49,-0.751033936628674,0.6271448731422424
6938,JG075B,55,S075_WT,6.0,False,C7,1000000.0,FAM,JG075B_055,STANDARD,,76,L-MMMMx,0.1,2+2,C7,-1.0,50,0.5419138439805774,0.3962678611278534
6939,JG075B,55,S075_WT,6.0,False,C7,1000000.0,HEX,JG075B_055,STANDARD,,77,L-MMMMx,0.1,2+2,C7,-1.0,50,-0.7599635605375243,0.6344100832939148
7020,JG075B,56,S075_WT,6.0,False,C8,1000000.0,FAM,JG075B_056,STANDARD,,78,L-MMMMx,0.0,2+2,C8,-2.0,1,-0.00213486665028998,0.0016444281209260225
7021,JG075B,56,S075_WT,6.0,False,C8,1000000.0,HEX,JG075B_056,STANDARD,,79,L-MMMMx,0.0,2+2,C8,-2.0,1,0.0021301882317268676,0.0015129116363823414
7022,JG075B,56,S075_WT,6.0,False,C8,1000000.0,FAM,JG075B_056,STANDARD,,78,L-MMMMx,0.0,2+2,C8,-2.0,2,-0.0011816495793938342,0.0017756768502295017
7023,JG075B,56,S075_WT,6.0,False,C8,1000000.0,HEX,JG075B_056,STANDARD,,79,L-MMMMx,0.0,2+2,C8,-2.0,2,0.0014495255070309614,0.0016543130623176694
7024,JG075B,56,S075_WT,6.0,False,C8,1000000.0,FAM,JG075B_056,STANDARD,,78,L-MMMMx,0.0,2+2,C8,-2.0,3,3.516754030732592e-05,0.0021108482033014297
7025,JG075B,56,S075_WT,6.0,False,C8,1000000.0,HEX,JG075B_056,STANDARD,,79,L-MMMMx,0.0,2+2,C8,-2.0,3,0.0016111074209419754,0.0010745279723778367
7026,JG075B,56,S075_WT,6.0,False,C8,1000000.0,FAM,JG075B_056,STANDARD,,78,L-MMMMx,0.0,2+2,C8,-2.0,4,0.00016973165729321056,0.0016087826807051897
7027,JG075B,56,S075_WT,6.0,False,C8,1000000.0,HEX,JG075B_056,STANDARD,,79,L-MMMMx,0.0,2+2,C8,-2.0,4,0.0006230126993530187,0.0014791733119636774
7028,JG075B,56,S075_WT,6.0,False,C8,1000000.0,FAM,JG075B_056,STANDARD,,78,L-MMMMx,0.0,2+2,C8,-2.0,5,-0.0005614912183177475,0.00043693988118320704
7029,JG075B,56,S075_WT,6.0,False,C8,1000000.0,HEX,JG075B_056,STANDARD,,79,L-MMMMx,0.0,2+2,C8,-2.0,5,0.0002882762304162008,0.0013243694556877017
7030,JG075B,56,S075_WT,6.0,False,C8,1000000.0,FAM,JG075B_056,STANDARD,,78,L-MMMMx,0.0,2+2,C8,-2.0,6,-0.0006340703183467789,-0.0002253726270282641
7031,JG075B,56,S075_WT,6.0,False,C8,1000000.0,HEX,JG075B_056,STANDARD,,79,L-MMMMx,0.0,2+2,C8,-2.0,6,-0.00010444526136945915,0.0012192162685096264
7032,JG075B,56,S075_WT,6.0,False,C8,1000000.0,FAM,JG075B_056,STANDARD,,78,L-MMMMx,0.0,2+2,C8,-2.0,7,-0.00013094768226442748,-0.0004423192294780165
7033,JG075B,56,S075_WT,6.0,False,C8,1000000.0,HEX,JG075B_056,STANDARD,,79,L-MMMMx,0.0,2+2,C8,-2.0,7,-0.0011603399976700271,0.0016819165321066976
7034,JG075B,56,S075_WT,6.0,False,C8,1000000.0,FAM,JG075B_056,STANDARD,,78,L-MMMMx,0.0,2+2,C8,-2.0,8,3.408887003088597e-05,-0.0009208110277540982
7035,JG075B,56,S075_WT,6.0,False,C8,1000000.0,HEX,JG075B_056,STANDARD,,79,L-MMMMx,0.0,2+2,C8,-2.0,8,-0.0014459667023573155,0.0014850615989416838
7036,JG075B,56,S075_WT,6.0,False,C8,1000000.0,FAM,JG075B_056,STANDARD,,78,L-MMMMx,0.0,2+2,C8,-2.0,9,0.0002604170083910555,-0.001351887360215187
7037,JG075B,56,S075_WT,6.0,False,C8,1000000.0,HEX,JG075B_056,STANDARD,,79,L-MMMMx,0.0,2+2,C8,-2.0,9,-0.00044290585842441993,0.0001847458624979481
7038,JG075B,56,S075_WT,6.0,False,C8,1000000.0,FAM,JG075B_056,STANDARD,,78,L-MMMMx,0.0,2+2,C8,-2.0,10,0.0008271041429064759,-0.001519660116173327
7039,JG075B,56,S075_WT,6.0,False,C8,1000000.0,HEX,JG075B_056,STANDARD,,79,L-MMMMx,0.0,2+2,C8,-2.0,10,0.0006312614691100268,-0.0011764559894800186
7040,JG075B,56,S075_WT,6.0,False,C8,1000000.0,FAM,JG075B_056,STANDARD,,78,L-MMMMx,0.0,2+2,C8,-2.0,11,0.0029873725151081556,-0.0004546299751382321
7041,JG075B,56,S075_WT,6.0,False,C8,1000000.0,HEX,JG075B_056,STANDARD,,79,L-MMMMx,0.0,2+2,C8,-2.0,11,0.0009096487471751308,-0.001856257556937635
7042,JG075B,56,S075_WT,6.0,False,C8,1000000.0,FAM,JG075B_056,STANDARD,,78,L-MMMMx,0.0,2+2,C8,-2.0,12,0.003913372423493415,-0.0003444364992901683
7043,JG075B,56,S075_WT,6.0,False,C8,1000000.0,HEX,JG075B_056,STANDARD,,79,L-MMMMx,0.0,2+2,C8,-2.0,12,0.0005995367702344448,-0.002032146556302905
7044,JG075B,56,S075_WT,6.0,False,C8,1000000.0,FAM,JG075B_056,STANDARD,,78,L-MMMMx,0.0,2+2,C8,-2.0,13,0.004115584576387462,-0.0007941690273582935
7045,JG075B,56,S075_WT,6.0,False,C8,1000000.0,HEX,JG075B_056,STANDARD,,79,L-MMMMx,0.0,2+2,C8,-2.0,13,0.0004971232469855146,-0.002385881030932069
7046,JG075B,56,S075_WT,6.0,False,C8,1000000.0,FAM,JG075B_056,STANDARD,,78,L-MMMMx,0.0,2+2,C8,-2.0,14,0.005219333936754648,-0.000546467665117234
7047,JG075B,56,S075_WT,6.0,False,C8,1000000.0,HEX,JG075B_056,STANDARD,,79,L-MMMMx,0.0,2+2,C8,-2.0,14,-0.0005867894625403342,-0.001899189897812903
7048,JG075B,56,S075_WT,6.0,False,C8,1000000.0,FAM,JG075B_056,STANDARD,,78,L-MMMMx,0.0,2+2,C8,-2.0,15,0.006438154301254911,-0.00020974670769646764
7049,JG075B,56,S075_WT,6.0,False,C8,1000000.0,HEX,JG075B_056,STANDARD,,79,L-MMMMx,0.0,2+2,C8,-2.0,15,-0.0016079488730286907,-0.0014662323519587517
7050,JG075B,56,S075_WT,6.0,False,C8,1000000.0,FAM,JG075B_056,STANDARD,,78,L-MMMMx,0.0,2+2,C8,-2.0,16,0.007700391144381882,0.0001605614525033161
7051,JG075B,56,S075_WT,6.0,False,C8,1000000.0,HEX,JG075B_056,STANDARD,,79,L-MMMMx,0.0,2+2,C8,-2.0,16,-0.0019112390825753952,-0.00164796260651201
7052,JG075B,56,S075_WT,6.0,False,C8,1000000.0,FAM,JG075B_056,STANDARD,,78,L-MMMMx,0.0,2+2,C8,-2.0,17,0.0077215793105262385,-0.00042921220301650465
7053,JG075B,56,S075_WT,6.0,False,C8,1000000.0,HEX,JG075B_056,STANDARD,,79,L-MMMMx,0.0,2+2,C8,-2.0,17,-0.0014682766661304894,-0.0024686844553798437
7054,JG075B,56,S075_WT,6.0,False,C8,1000000.0,FAM,JG075B_056,STANDARD,,78,L-MMMMx,0.0,2+2,C8,-2.0,18,0.008072956153076554,-0.0007635501679033041
7055,JG075B,56,S075_WT,6.0,False,C8,1000000.0,HEX,JG075B_056,STANDARD,,79,L-MMMMx,0.0,2+2,C8,-2.0,18,-0.0029307452586187816,-0.0016578483628109097
7056,JG075B,56,S075_WT,6.0,False,C8,1000000.0,FAM,JG075B_056,STANDARD,,78,L-MMMMx,0.0,2+2,C8,-2.0,19,0.010812740131295602,0.0007497962797060609
7057,JG075B,56,S075_WT,6.0,False,C8,1000000.0,HEX,JG075B_056,STANDARD,,79,L-MMMMx,0.0,2+2,C8,-2.0,19,-0.004299362342036304,-0.0009273742325603962
7058,JG075B,56,S075_WT,6.0,False,C8,1000000.0,FAM,JG075B_056,STANDARD,,78,L-MMMMx,0.0,2+2,C8,-2.0,20,0.014421431541125478,0.0029353341087698936
7059,JG075B,56,S075_WT,6.0,False,C8,1000000.0,HEX,JG075B_056,STANDARD,,79,L-MMMMx,0.0,2+2,C8,-2.0,20,-0.006226233191350587,0.00028111421852372587
7060,JG075B,56,S075_WT,6.0,False,C8,1000000.0,FAM,JG075B_056,STANDARD,,78,L-MMMMx,0.0,2+2,C8,-2.0,21,0.019994304476475627,0.0066403732635080814
7061,JG075B,56,S075_WT,6.0,False,C8,1000000.0,HEX,JG075B_056,STANDARD,,79,L-MMMMx,0.0,2+2,C8,-2.0,21,-0.007577534819265528,0.0009967617224901915
7062,JG075B,56,S075_WT,6.0,False,C8,1000000.0,FAM,JG075B_056,STANDARD,,78,L-MMMMx,0.0,2+2,C8,-2.0,22,0.030391376127449708,0.014077438041567802
7063,JG075B,56,S075_WT,6.0,False,C8,1000000.0,HEX,JG075B_056,STANDARD,,79,L-MMMMx,0.0,2+2,C8,-2.0,22,-0.00947551757196244,0.002180514158681035
7064,JG075B,56,S075_WT,6.0,False,C8,1000000.0,FAM,JG075B_056,STANDARD,,78,L-MMMMx,0.0,2+2,C8,-2.0,23,0.04554565336509311,0.025194702669978142
7065,JG075B,56,S075_WT,6.0,False,C8,1000000.0,HEX,JG075B_056,STANDARD,,79,L-MMMMx,0.0,2+2,C8,-2.0,23,-0.013996939754276936,0.00561063177883625
7066,JG075B,56,S075_WT,6.0,False,C8,1000000.0,FAM,JG075B_056,STANDARD,,78,L-MMMMx,0.0,2+2,C8,-2.0,24,0.06506997060804078,0.039692651480436325
7067,JG075B,56,S075_WT,6.0,False,C8,1000000.0,HEX,JG075B_056,STANDARD,,79,L-MMMMx,0.0,2+2,C8,-2.0,24,-0.022259057204119734,0.01224378403276205
7068,JG075B,56,S075_WT,6.0,False,C8,1000000.0,FAM,JG075B_056,STANDARD,,78,L-MMMMx,0.0,2+2,C8,-2.0,25,0.0858091017258905,0.05513038858771324
7069,JG075B,56,S075_WT,6.0,False,C8,1000000.0,HEX,JG075B_056,STANDARD,,79,L-MMMMx,0.0,2+2,C8,-2.0,25,-0.03454633066083272,0.022323545068502426
7070,JG075B,56,S075_WT,6.0,False,C8,1000000.0,FAM,JG075B_056,STANDARD,,78,L-MMMMx,0.0,2+2,C8,-2.0,26,0.10746610420111374,0.07127819210290909
7071,JG075B,56,S075_WT,6.0,False,C8,1000000.0,HEX,JG075B_056,STANDARD,,79,L-MMMMx,0.0,2+2,C8,-2.0,26,-0.05595176636299397,0.04021088778972626
7072,JG075B,56,S075_WT,6.0,False,C8,1000000.0,FAM,JG075B_056,STANDARD,,78,L-MMMMx,0.0,2+2,C8,-2.0,27,0.12727977474571642,0.0859999880194664
7073,JG075B,56,S075_WT,6.0,False,C8,1000000.0,HEX,JG075B_056,STANDARD,,79,L-MMMMx,0.0,2+2,C8,-2.0,27,-0.08396998322282458,0.06376054137945175
7074,JG075B,56,S075_WT,6.0,False,C8,1000000.0,FAM,JG075B_056,STANDARD,,78,L-MMMMx,0.0,2+2,C8,-2.0,28,0.14616786914525673,0.10000575333833694
7075,JG075B,56,S075_WT,6.0,False,C8,1000000.0,HEX,JG075B_056,STANDARD,,79,L-MMMMx,0.0,2+2,C8,-2.0,28,-0.11930760844704043,0.0935775563120842
7076,JG075B,56,S075_WT,6.0,False,C8,1000000.0,FAM,JG075B_056,STANDARD,,78,L-MMMMx,0.0,2+2,C8,-2.0,29,0.16326055539360118,0.11262258142232895
7077,JG075B,56,S075_WT,6.0,False,C8,1000000.0,HEX,JG075B_056,STANDARD,,79,L-MMMMx,0.0,2+2,C8,-2.0,29,-0.1618306778381954,0.12954723834991455
7078,JG075B,56,S075_WT,6.0,False,C8,1000000.0,FAM,JG075B_056,STANDARD,,78,L-MMMMx,0.0,2+2,C8,-2.0,30,0.17694460504445692,0.12260247021913528
7079,JG075B,56,S075_WT,6.0,False,C8,1000000.0,HEX,JG075B_056,STANDARD,,79,L-MMMMx,0.0,2+2,C8,-2.0,30,-0.21291384713604813,0.17284664511680603
7080,JG075B,56,S075_WT,6.0,False,C8,1000000.0,FAM,JG075B_056,STANDARD,,78,L-MMMMx,0.0,2+2,C8,-2.0,31,0.1905459437994728,0.13251836597919464
7081,JG075B,56,S075_WT,6.0,False,C8,1000000.0,HEX,JG075B_056,STANDARD,,79,L-MMMMx,0.0,2+2,C8,-2.0,31,-0.2651342677073618,0.21711984276771545
7082,JG075B,56,S075_WT,6.0,False,C8,1000000.0,FAM,JG075B_056,STANDARD,,78,L-MMMMx,0.0,2+2,C8,-2.0,32,0.20054463940299452,0.1396472454071045
7083,JG075B,56,S075_WT,6.0,False,C8,1000000.0,HEX,JG075B_056,STANDARD,,79,L-MMMMx,0.0,2+2,C8,-2.0,32,-0.3200523492336383,0.26370295882225037
7084,JG075B,56,S075_WT,6.0,False,C8,1000000.0,FAM,JG075B_056,STANDARD,,78,L-MMMMx,0.0,2+2,C8,-2.0,33,0.21136851776799284,0.14741449058055878
7085,JG075B,56,S075_WT,6.0,False,C8,1000000.0,HEX,JG075B_056,STANDARD,,79,L-MMMMx,0.0,2+2,C8,-2.0,33,-0.37238988841352716,0.3080764710903168
7086,JG075B,56,S075_WT,6.0,False,C8,1000000.0,FAM,JG075B_056,STANDARD,,78,L-MMMMx,0.0,2+2,C8,-2.0,34,0.21936766687050244,0.1529965102672577
7087,JG075B,56,S075_WT,6.0,False,C8,1000000.0,HEX,JG075B_056,STANDARD,,79,L-MMMMx,0.0,2+2,C8,-2.0,34,-0.42364419358013605,0.35152241587638855
7088,JG075B,56,S075_WT,6.0,False,C8,1000000.0,FAM,JG075B_056,STANDARD,,78,L-MMMMx,0.0,2+2,C8,-2.0,35,0.22706867921339174,0.15834788978099823
7089,JG075B,56,S075_WT,6.0,False,C8,1000000.0,HEX,JG075B_056,STANDARD,,79,L-MMMMx,0.0,2+2,C8,-2.0,35,-0.4722579874961746,0.39270737767219543
7090,JG075B,56,S075_WT,6.0,False,C8,1000000.0,FAM,JG075B_056,STANDARD,,78,L-MMMMx,0.0,2+2,C8,-2.0,36,0.23343549199614014,0.16266712546348572
7091,JG075B,56,S075_WT,6.0,False,C8,1000000.0,HEX,JG075B_056,STANDARD,,79,L-MMMMx,0.0,2+2,C8,-2.0,36,-0.5193896480310636,0.4326232373714447
7092,JG075B,56,S075_WT,6.0,False,C8,1000000.0,FAM,JG075B_056,STANDARD,,78,L-MMMMx,0.0,2+2,C8,-2.0,37,0.23865625613410954,0.16609977185726166
7093,JG075B,56,S075_WT,6.0,False,C8,1000000.0,HEX,JG075B_056,STANDARD,,79,L-MMMMx,0.0,2+2,C8,-2.0,37,-0.5593885242667027,0.46643152832984924
7094,JG075B,56,S075_WT,6.0,False,C8,1000000.0,FAM,JG075B_056,STANDARD,,78,L-MMMMx,0.0,2+2,C8,-2.0,38,0.24436931768145845,0.16991326212882996
7095,JG075B,56,S075_WT,6.0,False,C8,1000000.0,HEX,JG075B_056,STANDARD,,79,L-MMMMx,0.0,2+2,C8,-2.0,38,-0.5962306624457125,0.4975368082523346
7096,JG075B,56,S075_WT,6.0,False,C8,1000000.0,FAM,JG075B_056,STANDARD,,78,L-MMMMx,0.0,2+2,C8,-2.0,39,0.24768753859541842,0.17187409102916718
7097,JG075B,56,S075_WT,6.0,False,C8,1000000.0,HEX,JG075B_056,STANDARD,,79,L-MMMMx,0.0,2+2,C8,-2.0,39,-0.6318979252157876,0.5276361107826233
7098,JG075B,56,S075_WT,6.0,False,C8,1000000.0,FAM,JG075B_056,STANDARD,,78,L-MMMMx,0.0,2+2,C8,-2.0,40,0.25205746302890736,0.17464852333068848
7099,JG075B,56,S075_WT,6.0,False,C8,1000000.0,HEX,JG075B_056,STANDARD,,79,L-MMMMx,0.0,2+2,C8,-2.0,40,-0.6630183407980312,0.5538420677185059
7100,JG075B,56,S075_WT,6.0,False,C8,1000000.0,FAM,JG075B_056,STANDARD,,78,L-MMMMx,0.0,2+2,C8,-2.0,41,0.2551822552479386,0.17645971477031708
7101,JG075B,56,S075_WT,6.0,False,C8,1000000.0,HEX,JG075B_056,STANDARD,,79,L-MMMMx,0.0,2+2,C8,-2.0,41,-0.6884348539105787,0.5751639604568481
7102,JG075B,56,S075_WT,6.0,False,C8,1000000.0,FAM,JG075B_056,STANDARD,,78,L-MMMMx,0.0,2+2,C8,-2.0,42,0.2586367738561144,0.17852598428726196
7103,JG075B,56,S075_WT,6.0,False,C8,1000000.0,HEX,JG075B_056,STANDARD,,79,L-MMMMx,0.0,2+2,C8,-2.0,42,-0.7115662837757565,0.5945292115211487
7104,JG075B,56,S075_WT,6.0,False,C8,1000000.0,FAM,JG075B_056,STANDARD,,78,L-MMMMx,0.0,2+2,C8,-2.0,43,0.26206717647882416,0.18057359755039215
7105,JG075B,56,S075_WT,6.0,False,C8,1000000.0,HEX,JG075B_056,STANDARD,,79,L-MMMMx,0.0,2+2,C8,-2.0,43,-0.733299808204139,0.6126974821090698
7106,JG075B,56,S075_WT,6.0,False,C8,1000000.0,FAM,JG075B_056,STANDARD,,78,L-MMMMx,0.0,2+2,C8,-2.0,44,0.26523954576183406,0.18242159485816956
7107,JG075B,56,S075_WT,6.0,False,C8,1000000.0,HEX,JG075B_056,STANDARD,,79,L-MMMMx,0.0,2+2,C8,-2.0,44,-0.7491565888522206,0.6258336901664734
7108,JG075B,56,S075_WT,6.0,False,C8,1000000.0,FAM,JG075B_056,STANDARD,,78,L-MMMMx,0.0,2+2,C8,-2.0,45,0.26598952979546736,0.18239562213420868
7109,JG075B,56,S075_WT,6.0,False,C8,1000000.0,HEX,JG075B_056,STANDARD,,79,L-MMMMx,0.0,2+2,C8,-2.0,45,-0.7630560791372004,0.6372939348220825
7110,JG075B,56,S075_WT,6.0,False,C8,1000000.0,FAM,JG075B_056,STANDARD,,78,L-MMMMx,0.0,2+2,C8,-2.0,46,0.26890821894382166,0.1840473711490631
7111,JG075B,56,S075_WT,6.0,False,C8,1000000.0,HEX,JG075B_056,STANDARD,,79,L-MMMMx,0.0,2+2,C8,-2.0,46,-0.7781500748148408,0.6497769951820374
7112,JG075B,56,S075_WT,6.0,False,C8,1000000.0,FAM,JG075B_056,STANDARD,,78,L-MMMMx,0.0,2+2,C8,-2.0,47,0.27102106434779843,0.18507571518421173
7113,JG075B,56,S075_WT,6.0,False,C8,1000000.0,HEX,JG075B_056,STANDARD,,79,L-MMMMx,0.0,2+2,C8,-2.0,47,-0.7884294341295002,0.6581374406814575
7114,JG075B,56,S075_WT,6.0,False,C8,1000000.0,FAM,JG075B_056,STANDARD,,78,L-MMMMx,0.0,2+2,C8,-2.0,48,0.2728498727536255,0.18588432669639587
7115,JG075B,56,S075_WT,6.0,False,C8,1000000.0,HEX,JG075B_056,STANDARD,,79,L-MMMMx,0.0,2+2,C8,-2.0,48,-0.800281141218601,0.6678442358970642
7116,JG075B,56,S075_WT,6.0,False,C8,1000000.0,FAM,JG075B_056,STANDARD,,78,L-MMMMx,0.0,2+2,C8,-2.0,49,0.2756644702203034,0.18745554983615875
7117,JG075B,56,S075_WT,6.0,False,C8,1000000.0,HEX,JG075B_056,STANDARD,,79,L-MMMMx,0.0,2+2,C8,-2.0,49,-0.8067914740480858,0.6729773879051208
7118,JG075B,56,S075_WT,6.0,False,C8,1000000.0,FAM,JG075B_056,STANDARD,,78,L-MMMMx,0.0,2+2,C8,-2.0,50,0.27848292008082565,0.1890297532081604
7119,JG075B,56,S075_WT,6.0,False,C8,1000000.0,HEX,JG075B_056,STANDARD,,79,L-MMMMx,0.0,2+2,C8,-2.0,50,-0.8171950869831357,0.6814442276954651
8640,JG075B,73,S075_WT,5.0,False,D1,100000.0,FAM,JG075B_073,STANDARD,,96,L-MMMMx,3.1622776601683795,2+2,D1,0.5,1,-0.00300018172464088,0.0003976579464506358
8641,JG075B,73,S075_WT,5.0,False,D1,100000.0,HEX,JG075B_073,STANDARD,,97,L-MMMMx,3.1622776601683795,2+2,D1,0.5,1,0.00015613711678501415,0.0015318798832595348
8642,JG075B,73,S075_WT,5.0,False,D1,100000.0,FAM,JG075B_073,STANDARD,,96,L-MMMMx,3.1622776601683795,2+2,D1,0.5,2,-0.002300664050369568,0.0004899914492852986
8643,JG075B,73,S075_WT,5.0,False,D1,100000.0,HEX,JG075B_073,STANDARD,,97,L-MMMMx,3.1622776601683795,2+2,D1,0.5,2,0.0008430995348396482,0.0007041417993605137
8644,JG075B,73,S075_WT,5.0,False,D1,100000.0,FAM,JG075B_073,STANDARD,,96,L-MMMMx,3.1622776601683795,2+2,D1,0.5,3,-0.0006839299256782937,0.0012918885331600904
8645,JG075B,73,S075_WT,5.0,False,D1,100000.0,HEX,JG075B_073,STANDARD,,97,L-MMMMx,3.1622776601683795,2+2,D1,0.5,3,0.000184729371449074,0.0010283679002895951
8646,JG075B,73,S075_WT,5.0,False,D1,100000.0,FAM,JG075B_073,STANDARD,,96,L-MMMMx,3.1622776601683795,2+2,D1,0.5,4,-0.0008473869964973914,0.0007166201830841601
8647,JG075B,73,S075_WT,5.0,False,D1,100000.0,HEX,JG075B_073,STANDARD,,97,L-MMMMx,3.1622776601683795,2+2,D1,0.5,4,-0.0010881915413064487,0.0018788134912028909
8648,JG075B,73,S075_WT,5.0,False,D1,100000.0,FAM,JG075B_073,STANDARD,,96,L-MMMMx,3.1622776601683795,2+2,D1,0.5,5,-0.0015940194474860633,-0.00030979563598521054
8649,JG075B,73,S075_WT,5.0,False,D1,100000.0,HEX,JG075B_073,STANDARD,,97,L-MMMMx,3.1622776601683795,2+2,D1,0.5,5,-0.001106829584365005,0.0016552580054849386
8650,JG075B,73,S075_WT,5.0,False,D1,100000.0,FAM,JG075B_073,STANDARD,,96,L-MMMMx,3.1622776601683795,2+2,D1,0.5,6,-0.0011939483467421719,-0.00044911555596627295
8651,JG075B,73,S075_WT,5.0,False,D1,100000.0,HEX,JG075B_073,STANDARD,,97,L-MMMMx,3.1622776601683795,2+2,D1,0.5,6,-0.0003904395931899053,0.000802322116214782
8652,JG075B,73,S075_WT,5.0,False,D1,100000.0,FAM,JG075B_073,STANDARD,,96,L-MMMMx,3.1622776601683795,2+2,D1,0.5,7,0.00069549673819619,0.0005637520807795227
8653,JG075B,73,S075_WT,5.0,False,D1,100000.0,HEX,JG075B_073,STANDARD,,97,L-MMMMx,3.1622776601683795,2+2,D1,0.5,7,0.00013722063424098915,0.00011098934191977605
8654,JG075B,73,S075_WT,5.0,False,D1,100000.0,FAM,JG075B_073,STANDARD,,96,L-MMMMx,3.1622776601683795,2+2,D1,0.5,8,0.0017237391792125792,0.00091038882965222
8655,JG075B,73,S075_WT,5.0,False,D1,100000.0,HEX,JG075B_073,STANDARD,,97,L-MMMMx,3.1622776601683795,2+2,D1,0.5,8,0.0007857758057687941,-0.0006838618428446352
8656,JG075B,73,S075_WT,5.0,False,D1,100000.0,FAM,JG075B_073,STANDARD,,96,L-MMMMx,3.1622776601683795,2+2,D1,0.5,9,0.0017153024366932809,0.00045504511217586696
8657,JG075B,73,S075_WT,5.0,False,D1,100000.0,HEX,JG075B_073,STANDARD,,97,L-MMMMx,3.1622776601683795,2+2,D1,0.5,9,0.0008826553442440353,-0.0010063312947750092
8658,JG075B,73,S075_WT,5.0,False,D1,100000.0,FAM,JG075B_073,STANDARD,,96,L-MMMMx,3.1622776601683795,2+2,D1,0.5,10,0.00018474636230187032,-0.0011778181651607156
8659,JG075B,73,S075_WT,5.0,False,D1,100000.0,HEX,JG075B_073,STANDARD,,97,L-MMMMx,3.1622776601683795,2+2,D1,0.5,10,0.0005950795631584666,-0.0009996042354032397
8660,JG075B,73,S075_WT,5.0,False,D1,100000.0,FAM,JG075B_073,STANDARD,,96,L-MMMMx,3.1622776601683795,2+2,D1,0.5,11,0.0006368633038839895,-0.0012768751475960016
8661,JG075B,73,S075_WT,5.0,False,D1,100000.0,HEX,JG075B_073,STANDARD,,97,L-MMMMx,3.1622776601683795,2+2,D1,0.5,11,0.0005127832927346447,-0.0011686512734740973
8662,JG075B,73,S075_WT,5.0,False,D1,100000.0,FAM,JG075B_073,STANDARD,,96,L-MMMMx,3.1622776601683795,2+2,D1,0.5,12,0.0015313891545602682,-0.0010336822597309947
8663,JG075B,73,S075_WT,5.0,False,D1,100000.0,HEX,JG075B_073,STANDARD,,97,L-MMMMx,3.1622776601683795,2+2,D1,0.5,12,0.0003678555405482232,-0.0012840691488236189
8664,JG075B,73,S075_WT,5.0,False,D1,100000.0,FAM,JG075B_073,STANDARD,,96,L-MMMMx,3.1622776601683795,2+2,D1,0.5,13,0.00263294265043613,-0.0006303317495621741
8665,JG075B,73,S075_WT,5.0,False,D1,100000.0,HEX,JG075B_073,STANDARD,,97,L-MMMMx,3.1622776601683795,2+2,D1,0.5,13,-0.0007740595942943094,-0.0005457994411699474
8666,JG075B,73,S075_WT,5.0,False,D1,100000.0,FAM,JG075B_073,STANDARD,,96,L-MMMMx,3.1622776601683795,2+2,D1,0.5,14,0.0028158543101695914,-0.000937647360842675
8667,JG075B,73,S075_WT,5.0,False,D1,100000.0,HEX,JG075B_073,STANDARD,,97,L-MMMMx,3.1622776601683795,2+2,D1,0.5,14,0.00022050884533179288,-0.0016369303921237588
8668,JG075B,73,S075_WT,5.0,False,D1,100000.0,FAM,JG075B_073,STANDARD,,96,L-MMMMx,3.1622776601683795,2+2,D1,0.5,15,0.004240122838393222,-0.0002846427378244698
8669,JG075B,73,S075_WT,5.0,False,D1,100000.0,HEX,JG075B_073,STANDARD,,97,L-MMMMx,3.1622776601683795,2+2,D1,0.5,15,0.00044333004357806355,-0.0020672394894063473
8670,JG075B,73,S075_WT,5.0,False,D1,100000.0,FAM,JG075B_073,STANDARD,,96,L-MMMMx,3.1622776601683795,2+2,D1,0.5,16,0.004557752710866345,-0.0004877396277152002
8671,JG075B,73,S075_WT,5.0,False,D1,100000.0,HEX,JG075B_073,STANDARD,,97,L-MMMMx,3.1622776601683795,2+2,D1,0.5,16,-0.0013809880627445542,-0.0007446505478583276
8672,JG075B,73,S075_WT,5.0,False,D1,100000.0,FAM,JG075B_073,STANDARD,,96,L-MMMMx,3.1622776601683795,2+2,D1,0.5,17,0.005586996774282285,-0.00014032801846042275
8673,JG075B,73,S075_WT,5.0,False,D1,100000.0,HEX,JG075B_073,STANDARD,,97,L-MMMMx,3.1622776601683795,2+2,D1,0.5,17,-0.0021529267312706455,-0.0003231795271858573
8674,JG075B,73,S075_WT,5.0,False,D1,100000.0,FAM,JG075B_073,STANDARD,,96,L-MMMMx,3.1622776601683795,2+2,D1,0.5,18,0.005649058839116027,-0.0005411335150711238
8675,JG075B,73,S075_WT,5.0,False,D1,100000.0,HEX,JG075B_073,STANDARD,,97,L-MMMMx,3.1622776601683795,2+2,D1,0.5,18,-0.0029818932869142807,0.00014712261327076703
8676,JG075B,73,S075_WT,5.0,False,D1,100000.0,FAM,JG075B_073,STANDARD,,96,L-MMMMx,3.1622776601683795,2+2,D1,0.5,19,0.007837102970936037,0.0007027319516055286
8677,JG075B,73,S075_WT,5.0,False,D1,100000.0,HEX,JG075B_073,STANDARD,,97,L-MMMMx,3.1622776601683795,2+2,D1,0.5,19,-0.003410359447646976,0.0002744894300121814
8678,JG075B,73,S075_WT,5.0,False,D1,100000.0,FAM,JG075B_073,STANDARD,,96,L-MMMMx,3.1622776601683795,2+2,D1,0.5,20,0.010906844481930376,0.0026286831125617027
8679,JG075B,73,S075_WT,5.0,False,D1,100000.0,HEX,JG075B_073,STANDARD,,97,L-MMMMx,3.1622776601683795,2+2,D1,0.5,20,-0.0036305354707812944,0.00022350424842443317
8680,JG075B,73,S075_WT,5.0,False,D1,100000.0,FAM,JG075B_073,STANDARD,,96,L-MMMMx,3.1622776601683795,2+2,D1,0.5,21,0.01575758619114242,0.005932425614446402
8681,JG075B,73,S075_WT,5.0,False,D1,100000.0,HEX,JG075B_073,STANDARD,,97,L-MMMMx,3.1622776601683795,2+2,D1,0.5,21,-0.004877370084241975,0.0010516130132600665
8682,JG075B,73,S075_WT,5.0,False,D1,100000.0,FAM,JG075B_073,STANDARD,,96,L-MMMMx,3.1622776601683795,2+2,D1,0.5,22,0.0301109892724676,0.016587477177381516
8683,JG075B,73,S075_WT,5.0,False,D1,100000.0,HEX,JG075B_073,STANDARD,,97,L-MMMMx,3.1622776601683795,2+2,D1,0.5,22,-0.0077686857013482226,0.0032878369092941284
8684,JG075B,73,S075_WT,5.0,False,D1,100000.0,FAM,JG075B_073,STANDARD,,96,L-MMMMx,3.1622776601683795,2+2,D1,0.5,23,0.049390718030232504,0.031053559854626656
8685,JG075B,73,S075_WT,5.0,False,D1,100000.0,HEX,JG075B_073,STANDARD,,97,L-MMMMx,3.1622776601683795,2+2,D1,0.5,23,-0.013073079716800504,0.007590300403535366
8686,JG075B,73,S075_WT,5.0,False,D1,100000.0,FAM,JG075B_073,STANDARD,,96,L-MMMMx,3.1622776601683795,2+2,D1,0.5,24,0.08006293848443335,0.05433293431997299
8687,JG075B,73,S075_WT,5.0,False,D1,100000.0,HEX,JG075B_073,STANDARD,,97,L-MMMMx,3.1622776601683795,2+2,D1,0.5,24,-0.021939671887127855,0.01494295708835125
8688,JG075B,73,S075_WT,5.0,False,D1,100000.0,FAM,JG075B_073,STANDARD,,96,L-MMMMx,3.1622776601683795,2+2,D1,0.5,25,0.1326090897112372,0.09453409910202026
8689,JG075B,73,S075_WT,5.0,False,D1,100000.0,HEX,JG075B_073,STANDARD,,97,L-MMMMx,3.1622776601683795,2+2,D1,0.5,25,-0.037165891515430066,0.02774115465581417
8690,JG075B,73,S075_WT,5.0,False,D1,100000.0,FAM,JG075B_073,STANDARD,,96,L-MMMMx,3.1622776601683795,2+2,D1,0.5,26,0.2030377449723702,0.148569256067276
8691,JG075B,73,S075_WT,5.0,False,D1,100000.0,HEX,JG075B_073,STANDARD,,97,L-MMMMx,3.1622776601683795,2+2,D1,0.5,26,-0.05980237779271949,0.04688451811671257
8692,JG075B,73,S075_WT,5.0,False,D1,100000.0,FAM,JG075B_073,STANDARD,,96,L-MMMMx,3.1622776601683795,2+2,D1,0.5,27,0.288823698626748,0.21448491513729095
8693,JG075B,73,S075_WT,5.0,False,D1,100000.0,HEX,JG075B_073,STANDARD,,97,L-MMMMx,3.1622776601683795,2+2,D1,0.5,27,-0.09225646630295437,0.07443436980247498
8694,JG075B,73,S075_WT,5.0,False,D1,100000.0,FAM,JG075B_073,STANDARD,,96,L-MMMMx,3.1622776601683795,2+2,D1,0.5,28,0.37779396398505344,0.282863974571228
8695,JG075B,73,S075_WT,5.0,False,D1,100000.0,HEX,JG075B_073,STANDARD,,97,L-MMMMx,3.1622776601683795,2+2,D1,0.5,28,-0.13179605660731297,0.10805130749940872
8696,JG075B,73,S075_WT,5.0,False,D1,100000.0,FAM,JG075B_073,STANDARD,,96,L-MMMMx,3.1622776601683795,2+2,D1,0.5,29,0.46472461794636466,0.34966516494750977
8697,JG075B,73,S075_WT,5.0,False,D1,100000.0,HEX,JG075B_073,STANDARD,,97,L-MMMMx,3.1622776601683795,2+2,D1,0.5,29,-0.17584232920372408,0.1455271691083908
8698,JG075B,73,S075_WT,5.0,False,D1,100000.0,FAM,JG075B_073,STANDARD,,96,L-MMMMx,3.1622776601683795,2+2,D1,0.5,30,0.5464350471048448,0.41242796182632446
8699,JG075B,73,S075_WT,5.0,False,D1,100000.0,HEX,JG075B_073,STANDARD,,97,L-MMMMx,3.1622776601683795,2+2,D1,0.5,30,-0.22141183981032703,0.18430733680725098
8700,JG075B,73,S075_WT,5.0,False,D1,100000.0,FAM,JG075B_073,STANDARD,,96,L-MMMMx,3.1622776601683795,2+2,D1,0.5,31,0.616398525809263,0.4661032557487488
8701,JG075B,73,S075_WT,5.0,False,D1,100000.0,HEX,JG075B_073,STANDARD,,97,L-MMMMx,3.1622776601683795,2+2,D1,0.5,31,-0.2625748019248391,0.219314306974411
8702,JG075B,73,S075_WT,5.0,False,D1,100000.0,FAM,JG075B_073,STANDARD,,96,L-MMMMx,3.1622776601683795,2+2,D1,0.5,32,0.6755682903924849,0.5114284753799438
8703,JG075B,73,S075_WT,5.0,False,D1,100000.0,HEX,JG075B_073,STANDARD,,97,L-MMMMx,3.1622776601683795,2+2,D1,0.5,32,-0.29990326947015566,0.25103792548179626
8704,JG075B,73,S075_WT,5.0,False,D1,100000.0,FAM,JG075B_073,STANDARD,,96,L-MMMMx,3.1622776601683795,2+2,D1,0.5,33,0.7197540920699256,0.5451620221138
8705,JG075B,73,S075_WT,5.0,False,D1,100000.0,HEX,JG075B_073,STANDARD,,97,L-MMMMx,3.1622776601683795,2+2,D1,0.5,33,-0.3357725052820025,0.281512051820755
8706,JG075B,73,S075_WT,5.0,False,D1,100000.0,FAM,JG075B_073,STANDARD,,96,L-MMMMx,3.1622776601683795,2+2,D1,0.5,34,0.7508634051297152,0.5687795281410217
8707,JG075B,73,S075_WT,5.0,False,D1,100000.0,HEX,JG075B_073,STANDARD,,97,L-MMMMx,3.1622776601683795,2+2,D1,0.5,34,-0.36252079445354635,0.3041762411594391
8708,JG075B,73,S075_WT,5.0,False,D1,100000.0,FAM,JG075B_073,STANDARD,,96,L-MMMMx,3.1622776601683795,2+2,D1,0.5,35,0.7762658589962456,0.587982177734375
8709,JG075B,73,S075_WT,5.0,False,D1,100000.0,HEX,JG075B_073,STANDARD,,97,L-MMMMx,3.1622776601683795,2+2,D1,0.5,35,-0.3876806211654274,0.32548025250434875
8710,JG075B,73,S075_WT,5.0,False,D1,100000.0,FAM,JG075B_073,STANDARD,,96,L-MMMMx,3.1622776601683795,2+2,D1,0.5,36,0.7965560321354656,0.6032299995422363
8711,JG075B,73,S075_WT,5.0,False,D1,100000.0,HEX,JG075B_073,STANDARD,,97,L-MMMMx,3.1622776601683795,2+2,D1,0.5,36,-0.4088977795680083,0.3434082865715027
8712,JG075B,73,S075_WT,5.0,False,D1,100000.0,FAM,JG075B_073,STANDARD,,96,L-MMMMx,3.1622776601683795,2+2,D1,0.5,37,0.8121533731891567,0.6148473620414734
8713,JG075B,73,S075_WT,5.0,False,D1,100000.0,HEX,JG075B_073,STANDARD,,97,L-MMMMx,3.1622776601683795,2+2,D1,0.5,37,-0.429665745470657,0.360951691865921
8714,JG075B,73,S075_WT,5.0,False,D1,100000.0,FAM,JG075B_073,STANDARD,,96,L-MMMMx,3.1622776601683795,2+2,D1,0.5,38,0.8243324081368096,0.6238203048706055
8715,JG075B,73,S075_WT,5.0,False,D1,100000.0,HEX,JG075B_073,STANDARD,,97,L-MMMMx,3.1622776601683795,2+2,D1,0.5,38,-0.44333621927883893,0.37241777777671814
8716,JG075B,73,S075_WT,5.0,False,D1,100000.0,FAM,JG075B_073,STANDARD,,96,L-MMMMx,3.1622776601683795,2+2,D1,0.5,39,0.8332844468567385,0.6302968263626099
8717,JG075B,73,S075_WT,5.0,False,D1,100000.0,HEX,JG075B_073,STANDARD,,97,L-MMMMx,3.1622776601683795,2+2,D1,0.5,39,-0.4558053659269664,0.3828551769256592
8718,JG075B,73,S075_WT,5.0,False,D1,100000.0,FAM,JG075B_073,STANDARD,,96,L-MMMMx,3.1622776601683795,2+2,D1,0.5,40,0.8406315012532017,0.6355317234992981
8719,JG075B,73,S075_WT,5.0,False,D1,100000.0,HEX,JG075B_073,STANDARD,,97,L-MMMMx,3.1622776601683795,2+2,D1,0.5,40,-0.46548677644658204,0.3909055292606354
8720,JG075B,73,S075_WT,5.0,False,D1,100000.0,FAM,JG075B_073,STANDARD,,96,L-MMMMx,3.1622776601683795,2+2,D1,0.5,41,0.8476232108414549,0.6404917240142822
8721,JG075B,73,S075_WT,5.0,False,D1,100000.0,HEX,JG075B_073,STANDARD,,97,L-MMMMx,3.1622776601683795,2+2,D1,0.5,41,-0.47682093414206805,0.40037107467651367
8722,JG075B,73,S075_WT,5.0,False,D1,100000.0,FAM,JG075B_073,STANDARD,,96,L-MMMMx,3.1622776601683795,2+2,D1,0.5,42,0.8557603141675335,0.6463378071784973
8723,JG075B,73,S075_WT,5.0,False,D1,100000.0,HEX,JG075B_073,STANDARD,,97,L-MMMMx,3.1622776601683795,2+2,D1,0.5,42,-0.48857859829495187,0.41019925475120544
8724,JG075B,73,S075_WT,5.0,False,D1,100000.0,FAM,JG075B_073,STANDARD,,96,L-MMMMx,3.1622776601683795,2+2,D1,0.5,43,0.8599023309811861,0.6490932703018188
8725,JG075B,73,S075_WT,5.0,False,D1,100000.0,HEX,JG075B_073,STANDARD,,97,L-MMMMx,3.1622776601683795,2+2,D1,0.5,43,-0.5000239925648826,0.4197600781917572
8726,JG075B,73,S075_WT,5.0,False,D1,100000.0,FAM,JG075B_073,STANDARD,,96,L-MMMMx,3.1622776601683795,2+2,D1,0.5,44,0.8647276083670864,0.6523773074150085
8727,JG075B,73,S075_WT,5.0,False,D1,100000.0,HEX,JG075B_073,STANDARD,,97,L-MMMMx,3.1622776601683795,2+2,D1,0.5,44,-0.5074751028058945,0.4259006977081299
8728,JG075B,73,S075_WT,5.0,False,D1,100000.0,FAM,JG075B_073,STANDARD,,96,L-MMMMx,3.1622776601683795,2+2,D1,0.5,45,0.868248696340894,0.6546524167060852
8729,JG075B,73,S075_WT,5.0,False,D1,100000.0,HEX,JG075B_073,STANDARD,,97,L-MMMMx,3.1622776601683795,2+2,D1,0.5,45,-0.5143752509150353,0.43156954646110535
8730,JG075B,73,S075_WT,5.0,False,D1,100000.0,FAM,JG075B_073,STANDARD,,96,L-MMMMx,3.1622776601683795,2+2,D1,0.5,46,0.8722321486239099,0.6572852730751038
8731,JG075B,73,S075_WT,5.0,False,D1,100000.0,HEX,JG075B_073,STANDARD,,97,L-MMMMx,3.1622776601683795,2+2,D1,0.5,46,-0.5232613686542812,0.4389389157295227
8732,JG075B,73,S075_WT,5.0,False,D1,100000.0,FAM,JG075B_073,STANDARD,,96,L-MMMMx,3.1622776601683795,2+2,D1,0.5,47,0.8748841365464144,0.658888041973114
8733,JG075B,73,S075_WT,5.0,False,D1,100000.0,HEX,JG075B_073,STANDARD,,97,L-MMMMx,3.1622776601683795,2+2,D1,0.5,47,-0.5311723217055445,0.445473313331604
8734,JG075B,73,S075_WT,5.0,False,D1,100000.0,FAM,JG075B_073,STANDARD,,96,L-MMMMx,3.1622776601683795,2+2,D1,0.5,48,0.8756169389035016,0.6590061187744141
8735,JG075B,73,S075_WT,5.0,False,D1,100000.0,HEX,JG075B_073,STANDARD,,97,L-MMMMx,3.1622776601683795,2+2,D1,0.5,48,-0.539334496782572,0.4522227942943573
8736,JG075B,73,S075_WT,5.0,False,D1,100000.0,FAM,JG075B_073,STANDARD,,96,L-MMMMx,3.1622776601683795,2+2,D1,0.5,49,0.8802122283768896,0.6621122360229492
8737,JG075B,73,S075_WT,5.0,False,D1,100000.0,HEX,JG075B_073,STANDARD,,97,L-MMMMx,3.1622776601683795,2+2,D1,0.5,49,-0.5460892994802982,0.45776718854904175
8738,JG075B,73,S075_WT,5.0,False,D1,100000.0,FAM,JG075B_073,STANDARD,,96,L-MMMMx,3.1622776601683795,2+2,D1,0.5,50,0.8828151368018161,0.6636770367622375
8739,JG075B,73,S075_WT,5.0,False,D1,100000.0,HEX,JG075B_073,STANDARD,,97,L-MMMMx,3.1622776601683795,2+2,D1,0.5,50,-0.5527186651898207,0.46320417523384094
9000,JG075B,75,S075_WT,5.0,False,D3,100000.0,FAM,JG075B_075,STANDARD,,100,L-MMMMx,1.0,2+2,D3,0.0,1,0.013985723389574472,0.013848631642758846
9001,JG075B,75,S075_WT,5.0,False,D3,100000.0,HEX,JG075B_075,STANDARD,,101,L-MMMMx,1.0,2+2,D3,0.0,1,-0.0013810359195311193,0.002444136654958129
9002,JG075B,75,S075_WT,5.0,False,D3,100000.0,FAM,JG075B_075,STANDARD,,100,L-MMMMx,1.0,2+2,D3,0.0,2,0.010314507627649521,0.010430811904370785
9003,JG075B,75,S075_WT,5.0,False,D3,100000.0,HEX,JG075B_075,STANDARD,,101,L-MMMMx,1.0,2+2,D3,0.0,2,-0.0011071036732335133,0.0020108865574002266
9004,JG075B,75,S075_WT,5.0,False,D3,100000.0,FAM,JG075B_075,STANDARD,,100,L-MMMMx,1.0,2+2,D3,0.0,3,0.0038052525825033783,0.004817469976842403
9005,JG075B,75,S075_WT,5.0,False,D3,100000.0,HEX,JG075B_075,STANDARD,,101,L-MMMMx,1.0,2+2,D3,0.0,3,-0.001228816533318988,0.0019164144759997725
9006,JG075B,75,S075_WT,5.0,False,D3,100000.0,FAM,JG075B_075,STANDARD,,100,L-MMMMx,1.0,2+2,D3,0.0,4,0.0012960921617810386,0.002298622392117977
9007,JG075B,75,S075_WT,5.0,False,D3,100000.0,HEX,JG075B_075,STANDARD,,101,L-MMMMx,1.0,2+2,D3,0.0,4,1.3813208849420285e-06,0.0006643456872552633
9008,JG075B,75,S075_WT,5.0,False,D3,100000.0,FAM,JG075B_075,STANDARD,,100,L-MMMMx,1.0,2+2,D3,0.0,5,-0.0017429650322424296,-0.0006301560206338763
9009,JG075B,75,S075_WT,5.0,False,D3,100000.0,HEX,JG075B_075,STANDARD,,101,L-MMMMx,1.0,2+2,D3,0.0,5,0.0006933034422744861,-0.0001268153137061745
9010,JG075B,75,S075_WT,5.0,False,D3,100000.0,FAM,JG075B_075,STANDARD,,100,L-MMMMx,1.0,2+2,D3,0.0,6,-0.0017941440844656611,-0.001247496111318469
9011,JG075B,75,S075_WT,5.0,False,D3,100000.0,HEX,JG075B_075,STANDARD,,101,L-MMMMx,1.0,2+2,D3,0.0,6,0.0006294363852951192,-0.0002708188840188086
9012,JG075B,75,S075_WT,5.0,False,D3,100000.0,FAM,JG075B_075,STANDARD,,100,L-MMMMx,1.0,2+2,D3,0.0,7,-0.00026139214558292646,-0.0006394988158717752
9013,JG075B,75,S075_WT,5.0,False,D3,100000.0,HEX,JG075B_075,STANDARD,,101,L-MMMMx,1.0,2+2,D3,0.0,7,-0.00024486359907637705,0.00027912462246604264
9014,JG075B,75,S075_WT,5.0,False,D3,100000.0,FAM,JG075B_075,STANDARD,,100,L-MMMMx,1.0,2+2,D3,0.0,8,-0.00017987549183482116,-0.0011541848070919514
9015,JG075B,75,S075_WT,5.0,False,D3,100000.0,HEX,JG075B_075,STANDARD,,101,L-MMMMx,1.0,2+2,D3,0.0,8,-0.0012441307050197626,0.0009360733674839139
9016,JG075B,75,S075_WT,5.0,False,D3,100000.0,FAM,JG075B_075,STANDARD,,100,L-MMMMx,1.0,2+2,D3,0.0,9,-0.0005438111383179738,-0.0020134749356657267
9017,JG075B,75,S075_WT,5.0,False,D3,100000.0,HEX,JG075B_075,STANDARD,,101,L-MMMMx,1.0,2+2,D3,0.0,9,0.0006066565548902169,-0.0008473857305943966
9018,JG075B,75,S075_WT,5.0,False,D3,100000.0,FAM,JG075B_075,STANDARD,,100,L-MMMMx,1.0,2+2,D3,0.0,10,-0.0005791568518406045,-0.0026185663882642984
9019,JG075B,75,S075_WT,5.0,False,D3,100000.0,HEX,JG075B_075,STANDARD,,101,L-MMMMx,1.0,2+2,D3,0.0,10,0.0007870331340703633,-0.001200527069158852
9020,JG075B,75,S075_WT,5.0,False,D3,100000.0,FAM,JG075B_075,STANDARD,,100,L-MMMMx,1.0,2+2,D3,0.0,11,0.0005594374108494366,-0.0023154914379119873
9021,JG075B,75,S075_WT,5.0,False,D3,100000.0,HEX,JG075B_075,STANDARD,,101,L-MMMMx,1.0,2+2,D3,0.0,11,-0.0011303707727379857,0.00024259199562948197
9022,JG075B,75,S075_WT,5.0,False,D3,100000.0,FAM,JG075B_075,STANDARD,,100,L-MMMMx,1.0,2+2,D3,0.0,12,0.004102984840770029,-0.0001519321813248098
9023,JG075B,75,S075_WT,5.0,False,D3,100000.0,HEX,JG075B_075,STANDARD,,101,L-MMMMx,1.0,2+2,D3,0.0,12,-0.0013813143590165877,0.0002587759227026254
9024,JG075B,75,S075_WT,5.0,False,D3,100000.0,FAM,JG075B_075,STANDARD,,100,L-MMMMx,1.0,2+2,D3,0.0,13,0.004276881898907527,-0.0005951522034592927
9025,JG075B,75,S075_WT,5.0,False,D3,100000.0,HEX,JG075B_075,STANDARD,,101,L-MMMMx,1.0,2+2,D3,0.0,13,-0.0007850710058212016,-0.000450458494015038
9026,JG075B,75,S075_WT,5.0,False,D3,100000.0,FAM,JG075B_075,STANDARD,,100,L-MMMMx,1.0,2+2,D3,0.0,14,0.006527720050391719,0.0005683603812940419
9027,JG075B,75,S075_WT,5.0,False,D3,100000.0,HEX,JG075B_075,STANDARD,,101,L-MMMMx,1.0,2+2,D3,0.0,14,-0.00023798962427887027,-0.0011175971012562513
9028,JG075B,75,S075_WT,5.0,False,D3,100000.0,FAM,JG075B_075,STANDARD,,100,L-MMMMx,1.0,2+2,D3,0.0,15,0.007357891661896821,0.0006328378221951425
9029,JG075B,75,S075_WT,5.0,False,D3,100000.0,HEX,JG075B_075,STANDARD,,101,L-MMMMx,1.0,2+2,D3,0.0,15,-0.00026494604696580197,-0.0012932060053572059
9030,JG075B,75,S075_WT,5.0,False,D3,100000.0,FAM,JG075B_075,STANDARD,,100,L-MMMMx,1.0,2+2,D3,0.0,16,0.006975869026314077,-0.0002404445840511471
9031,JG075B,75,S075_WT,5.0,False,D3,100000.0,HEX,JG075B_075,STANDARD,,101,L-MMMMx,1.0,2+2,D3,0.0,16,-0.001433835006963108,-0.000491015671286732
9032,JG075B,75,S075_WT,5.0,False,D3,100000.0,FAM,JG075B_075,STANDARD,,100,L-MMMMx,1.0,2+2,D3,0.0,17,0.007695650292207082,-0.0002613656979519874
9033,JG075B,75,S075_WT,5.0,False,D3,100000.0,HEX,JG075B_075,STANDARD,,101,L-MMMMx,1.0,2+2,D3,0.0,17,-0.0012735930830759118,-0.0008269164245575666
9034,JG075B,75,S075_WT,5.0,False,D3,100000.0,FAM,JG075B_075,STANDARD,,100,L-MMMMx,1.0,2+2,D3,0.0,18,0.008304386305534438,-0.0003681920061353594
9035,JG075B,75,S075_WT,5.0,False,D3,100000.0,HEX,JG075B_075,STANDARD,,101,L-MMMMx,1.0,2+2,D3,0.0,18,-0.0012965991455627574,-0.0010059078922495246
9036,JG075B,75,S075_WT,5.0,False,D3,100000.0,FAM,JG075B_075,STANDARD,,100,L-MMMMx,1.0,2+2,D3,0.0,19,0.010650185965283792,0.0008687833324074745
9037,JG075B,75,S075_WT,5.0,False,D3,100000.0,HEX,JG075B_075,STANDARD,,101,L-MMMMx,1.0,2+2,D3,0.0,19,-0.0012689814290978377,-0.0012282468378543854
9038,JG075B,75,S075_WT,5.0,False,D3,100000.0,FAM,JG075B_075,STANDARD,,100,L-MMMMx,1.0,2+2,D3,0.0,20,0.014216404732978844,0.00304988119751215
9039,JG075B,75,S075_WT,5.0,False,D3,100000.0,HEX,JG075B_075,STANDARD,,101,L-MMMMx,1.0,2+2,D3,0.0,20,-0.001391877656996554,-0.0013217057567089796
9040,JG075B,75,S075_WT,5.0,False,D3,100000.0,FAM,JG075B_075,STANDARD,,100,L-MMMMx,1.0,2+2,D3,0.0,21,0.020262159012732584,0.00714916130527854
9041,JG075B,75,S075_WT,5.0,False,D3,100000.0,HEX,JG075B_075,STANDARD,,101,L-MMMMx,1.0,2+2,D3,0.0,21,-0.003719701365385663,0.0004728423955384642
9042,JG075B,75,S075_WT,5.0,False,D3,100000.0,FAM,JG075B_075,STANDARD,,100,L-MMMMx,1.0,2+2,D3,0.0,22,0.02936028050724229,0.013609767891466618
9043,JG075B,75,S075_WT,5.0,False,D3,100000.0,HEX,JG075B_075,STANDARD,,101,L-MMMMx,1.0,2+2,D3,0.0,22,-0.009718158005772028,0.005410432815551758
9044,JG075B,75,S075_WT,5.0,False,D3,100000.0,FAM,JG075B_075,STANDARD,,100,L-MMMMx,1.0,2+2,D3,0.0,23,0.04735820226115053,0.02695530839264393
9045,JG075B,75,S075_WT,5.0,False,D3,100000.0,HEX,JG075B_075,STANDARD,,101,L-MMMMx,1.0,2+2,D3,0.0,23,-0.013820232920502927,0.00872421357780695
9046,JG075B,75,S075_WT,5.0,False,D3,100000.0,FAM,JG075B_075,STANDARD,,100,L-MMMMx,1.0,2+2,D3,0.0,24,0.07906571503710307,0.05090665817260742
9047,JG075B,75,S075_WT,5.0,False,D3,100000.0,HEX,JG075B_075,STANDARD,,101,L-MMMMx,1.0,2+2,D3,0.0,24,-0.022198598855528877,0.015699641779065132
9048,JG075B,75,S075_WT,5.0,False,D3,100000.0,FAM,JG075B_075,STANDARD,,100,L-MMMMx,1.0,2+2,D3,0.0,25,0.1273011145998684,0.0876440703868866
9049,JG075B,75,S075_WT,5.0,False,D3,100000.0,HEX,JG075B_075,STANDARD,,101,L-MMMMx,1.0,2+2,D3,0.0,25,-0.03663488566355659,0.027862269431352615
9050,JG075B,75,S075_WT,5.0,False,D3,100000.0,FAM,JG075B_075,STANDARD,,100,L-MMMMx,1.0,2+2,D3,0.0,26,0.19340410943278497,0.1382039487361908
9051,JG075B,75,S075_WT,5.0,False,D3,100000.0,HEX,JG075B_075,STANDARD,,101,L-MMMMx,1.0,2+2,D3,0.0,26,-0.059658611655261505,0.04737803712487221
9052,JG075B,75,S075_WT,5.0,False,D3,100000.0,FAM,JG075B_075,STANDARD,,100,L-MMMMx,1.0,2+2,D3,0.0,27,0.270765763799982,0.19747358560562134
9053,JG075B,75,S075_WT,5.0,False,D3,100000.0,HEX,JG075B_075,STANDARD,,101,L-MMMMx,1.0,2+2,D3,0.0,27,-0.09298449419449865,0.07571520656347275
9054,JG075B,75,S075_WT,5.0,False,D3,100000.0,FAM,JG075B_075,STANDARD,,100,L-MMMMx,1.0,2+2,D3,0.0,28,0.35411507834775885,0.2613753080368042
9055,JG075B,75,S075_WT,5.0,False,D3,100000.0,HEX,JG075B_075,STANDARD,,101,L-MMMMx,1.0,2+2,D3,0.0,28,-0.13407673267970172,0.11070244759321213
9056,JG075B,75,S075_WT,5.0,False,D3,100000.0,FAM,JG075B_075,STANDARD,,100,L-MMMMx,1.0,2+2,D3,0.0,29,0.4351885527080011,0.3235164284706116
9057,JG075B,75,S075_WT,5.0,False,D3,100000.0,HEX,JG075B_075,STANDARD,,101,L-MMMMx,1.0,2+2,D3,0.0,29,-0.1787629288235911,0.14876708388328552
9058,JG075B,75,S075_WT,5.0,False,D3,100000.0,FAM,JG075B_075,STANDARD,,100,L-MMMMx,1.0,2+2,D3,0.0,30,0.5073274011684913,0.3787456750869751
9059,JG075B,75,S075_WT,5.0,False,D3,100000.0,HEX,JG075B_075,STANDARD,,101,L-MMMMx,1.0,2+2,D3,0.0,30,-0.22536868678030123,0.1884753704071045
9060,JG075B,75,S075_WT,5.0,False,D3,100000.0,FAM,JG075B_075,STANDARD,,100,L-MMMMx,1.0,2+2,D3,0.0,31,0.5684730585545205,0.4254705309867859
9061,JG075B,75,S075_WT,5.0,False,D3,100000.0,HEX,JG075B_075,STANDARD,,101,L-MMMMx,1.0,2+2,D3,0.0,31,-0.27145073486978055,0.2277352213859558
9062,JG075B,75,S075_WT,5.0,False,D3,100000.0,FAM,JG075B_075,STANDARD,,100,L-MMMMx,1.0,2+2,D3,0.0,32,0.6157353049082447,0.4614551067352295
9063,JG075B,75,S075_WT,5.0,False,D3,100000.0,HEX,JG075B_075,STANDARD,,101,L-MMMMx,1.0,2+2,D3,0.0,32,-0.3134643296123993,0.26351138949394226
9064,JG075B,75,S075_WT,5.0,False,D3,100000.0,FAM,JG075B_075,STANDARD,,100,L-MMMMx,1.0,2+2,D3,0.0,33,0.6538922643149087,0.49039578437805176
9065,JG075B,75,S075_WT,5.0,False,D3,100000.0,HEX,JG075B_075,STANDARD,,101,L-MMMMx,1.0,2+2,D3,0.0,33,-0.3498344084487328,0.2944552004337311
9066,JG075B,75,S075_WT,5.0,False,D3,100000.0,FAM,JG075B_075,STANDARD,,100,L-MMMMx,1.0,2+2,D3,0.0,34,0.6838453969341085,0.5129899382591248
9067,JG075B,75,S075_WT,5.0,False,D3,100000.0,HEX,JG075B_075,STANDARD,,101,L-MMMMx,1.0,2+2,D3,0.0,34,-0.3817745150712604,0.32160577178001404
9068,JG075B,75,S075_WT,5.0,False,D3,100000.0,FAM,JG075B_075,STANDARD,,100,L-MMMMx,1.0,2+2,D3,0.0,35,0.7055380725763312,0.5291937589645386
9069,JG075B,75,S075_WT,5.0,False,D3,100000.0,HEX,JG075B_075,STANDARD,,101,L-MMMMx,1.0,2+2,D3,0.0,35,-0.40936967793785717,0.3450359106063843
9070,JG075B,75,S075_WT,5.0,False,D3,100000.0,FAM,JG075B_075,STANDARD,,100,L-MMMMx,1.0,2+2,D3,0.0,36,0.7217192053932069,0.5411338210105896
9071,JG075B,75,S075_WT,5.0,False,D3,100000.0,HEX,JG075B_075,STANDARD,,101,L-MMMMx,1.0,2+2,D3,0.0,36,-0.4351096681226478,0.3668775260448456
9072,JG075B,75,S075_WT,5.0,False,D3,100000.0,FAM,JG075B_075,STANDARD,,100,L-MMMMx,1.0,2+2,D3,0.0,37,0.7321614271000377,0.5486342310905457
9073,JG075B,75,S075_WT,5.0,False,D3,100000.0,HEX,JG075B_075,STANDARD,,101,L-MMMMx,1.0,2+2,D3,0.0,37,-0.45595810303659684,0.3845306634902954
9074,JG075B,75,S075_WT,5.0,False,D3,100000.0,FAM,JG075B_075,STANDARD,,100,L-MMMMx,1.0,2+2,D3,0.0,38,0.7401599212955937,0.5542441606521606
9075,JG075B,75,S075_WT,5.0,False,D3,100000.0,HEX,JG075B_075,STANDARD,,101,L-MMMMx,1.0,2+2,D3,0.0,38,-0.47239208873805494,0.3984038531780243
9076,JG075B,75,S075_WT,5.0,False,D3,100000.0,FAM,JG075B_075,STANDARD,,100,L-MMMMx,1.0,2+2,D3,0.0,39,0.7495517492968027,0.5609319806098938
9077,JG075B,75,S075_WT,5.0,False,D3,100000.0,HEX,JG075B_075,STANDARD,,101,L-MMMMx,1.0,2+2,D3,0.0,39,-0.4879940276470614,0.41156458854675293
9078,JG075B,75,S075_WT,5.0,False,D3,100000.0,FAM,JG075B_075,STANDARD,,100,L-MMMMx,1.0,2+2,D3,0.0,40,0.7565352147622287,0.5657566785812378
9079,JG075B,75,S075_WT,5.0,False,D3,100000.0,HEX,JG075B_075,STANDARD,,101,L-MMMMx,1.0,2+2,D3,0.0,40,-0.5015685790524994,0.4229893386363983
9080,JG075B,75,S075_WT,5.0,False,D3,100000.0,FAM,JG075B_075,STANDARD,,100,L-MMMMx,1.0,2+2,D3,0.0,41,0.7596814648149735,0.567612886428833
9081,JG075B,75,S075_WT,5.0,False,D3,100000.0,HEX,JG075B_075,STANDARD,,101,L-MMMMx,1.0,2+2,D3,0.0,41,-0.5131991355802668,0.43274950981140137
9082,JG075B,75,S075_WT,5.0,False,D3,100000.0,FAM,JG075B_075,STANDARD,,100,L-MMMMx,1.0,2+2,D3,0.0,42,0.7654522737460503,0.5714994668960571
9083,JG075B,75,S075_WT,5.0,False,D3,100000.0,HEX,JG075B_075,STANDARD,,101,L-MMMMx,1.0,2+2,D3,0.0,42,-0.5236346298364027,0.4414863884449005
9084,JG075B,75,S075_WT,5.0,False,D3,100000.0,FAM,JG075B_075,STANDARD,,100,L-MMMMx,1.0,2+2,D3,0.0,43,0.7680762162413673,0.57295161485672
9085,JG075B,75,S075_WT,5.0,False,D3,100000.0,HEX,JG075B_075,STANDARD,,101,L-MMMMx,1.0,2+2,D3,0.0,43,-0.5354616950310397,0.4514148235321045
9086,JG075B,75,S075_WT,5.0,False,D3,100000.0,FAM,JG075B_075,STANDARD,,100,L-MMMMx,1.0,2+2,D3,0.0,44,0.7726533994636866,0.5759148001670837
9087,JG075B,75,S075_WT,5.0,False,D3,100000.0,HEX,JG075B_075,STANDARD,,101,L-MMMMx,1.0,2+2,D3,0.0,44,-0.5471041548468109,0.46118518710136414
9088,JG075B,75,S075_WT,5.0,False,D3,100000.0,FAM,JG075B_075,STANDARD,,100,L-MMMMx,1.0,2+2,D3,0.0,45,0.7767140537193448,0.5784783959388733
9089,JG075B,75,S075_WT,5.0,False,D3,100000.0,HEX,JG075B_075,STANDARD,,101,L-MMMMx,1.0,2+2,D3,0.0,45,-0.5548114294144538,0.4675859808921814
9090,JG075B,75,S075_WT,5.0,False,D3,100000.0,FAM,JG075B_075,STANDARD,,100,L-MMMMx,1.0,2+2,D3,0.0,46,0.7806056649331095,0.5809112191200256
9091,JG075B,75,S075_WT,5.0,False,D3,100000.0,HEX,JG075B_075,STANDARD,,101,L-MMMMx,1.0,2+2,D3,0.0,46,-0.5634608735910513,0.47479355335235596
9092,JG075B,75,S075_WT,5.0,False,D3,100000.0,FAM,JG075B_075,STANDARD,,100,L-MMMMx,1.0,2+2,D3,0.0,47,0.7823017968949344,0.5816456079483032
9093,JG075B,75,S075_WT,5.0,False,D3,100000.0,HEX,JG075B_075,STANDARD,,101,L-MMMMx,1.0,2+2,D3,0.0,47,-0.5733456841548018,0.483058899641037
9094,JG075B,75,S075_WT,5.0,False,D3,100000.0,FAM,JG075B_075,STANDARD,,100,L-MMMMx,1.0,2+2,D3,0.0,48,0.7838439101508592,0.5822608470916748
9095,JG075B,75,S075_WT,5.0,False,D3,100000.0,HEX,JG075B_075,STANDARD,,101,L-MMMMx,1.0,2+2,D3,0.0,48,-0.5838281650741106,0.4918360114097595
9096,JG075B,75,S075_WT,5.0,False,D3,100000.0,FAM,JG075B_075,STANDARD,,100,L-MMMMx,1.0,2+2,D3,0.0,49,0.7886681859143599,0.5854151844978333
9097,JG075B,75,S075_WT,5.0,False,D3,100000.0,HEX,JG075B_075,STANDARD,,101,L-MMMMx,1.0,2+2,D3,0.0,49,-0.592449904521904,0.4990198314189911
9098,JG075B,75,S075_WT,5.0,False,D3,100000.0,FAM,JG075B_075,STANDARD,,100,L-MMMMx,1.0,2+2,D3,0.0,50,0.7893841147864086,0.5853912830352783
9099,JG075B,75,S075_WT,5.0,False,D3,100000.0,HEX,JG075B_075,STANDARD,,101,L-MMMMx,1.0,2+2,D3,0.0,50,-0.6016941650493339,0.506736695766449
9720,JG075B,79,S075_WT,5.0,False,D7,100000.0,FAM,JG075B_079,STANDARD,,108,L-MMMMx,0.1,2+2,D7,-1.0,1,-0.002117728313174579,0.001962510636076331
9721,JG075B,79,S075_WT,5.0,False,D7,100000.0,HEX,JG075B_079,STANDARD,,109,L-MMMMx,0.1,2+2,D7,-1.0,1,-0.00013089266187201848,0.001699270331300795
9722,JG075B,79,S075_WT,5.0,False,D7,100000.0,FAM,JG075B_079,STANDARD,,108,L-MMMMx,0.1,2+2,D7,-1.0,2,-0.002774542201680402,0.0008166517363861203
9723,JG075B,79,S075_WT,5.0,False,D7,100000.0,HEX,JG075B_079,STANDARD,,109,L-MMMMx,0.1,2+2,D7,-1.0,2,-0.0008024364934188272,0.0020177869591861963
9724,JG075B,79,S075_WT,5.0,False,D7,100000.0,FAM,JG075B_079,STANDARD,,108,L-MMMMx,0.1,2+2,D7,-1.0,3,-0.0013969069009435776,0.001244653481990099
9725,JG075B,79,S075_WT,5.0,False,D7,100000.0,HEX,JG075B_079,STANDARD,,109,L-MMMMx,0.1,2+2,D7,-1.0,3,-0.0011642337998496275,0.002071077935397625
9726,JG075B,79,S075_WT,5.0,False,D7,100000.0,FAM,JG075B_079,STANDARD,,108,L-MMMMx,0.1,2+2,D7,-1.0,4,-0.0008532763435870614,0.0010274647502228618
9727,JG075B,79,S075_WT,5.0,False,D7,100000.0,HEX,JG075B_079,STANDARD,,109,L-MMMMx,0.1,2+2,D7,-1.0,4,-0.00013385108140512268,0.0009322908008471131
9728,JG075B,79,S075_WT,5.0,False,D7,100000.0,FAM,JG075B_079,STANDARD,,108,L-MMMMx,0.1,2+2,D7,-1.0,5,-0.0007164585762021861,0.0004955634940415621
9729,JG075B,79,S075_WT,5.0,False,D7,100000.0,HEX,JG075B_079,STANDARD,,109,L-MMMMx,0.1,2+2,D7,-1.0,5,0.0007876269932854644,-0.00011324483784846961
9730,JG075B,79,S075_WT,5.0,False,D7,100000.0,FAM,JG075B_079,STANDARD,,108,L-MMMMx,0.1,2+2,D7,-1.0,6,-0.00014364613547412463,0.00030095005058683455
9731,JG075B,79,S075_WT,5.0,False,D7,100000.0,HEX,JG075B_079,STANDARD,,109,L-MMMMx,0.1,2+2,D7,-1.0,6,0.0005393285821188142,-0.00015713932225480676
9732,JG075B,79,S075_WT,5.0,False,D7,100000.0,FAM,JG075B_079,STANDARD,,108,L-MMMMx,0.1,2+2,D7,-1.0,7,-0.0004584252365023707,-0.000580308900680393
9733,JG075B,79,S075_WT,5.0,False,D7,100000.0,HEX,JG075B_079,STANDARD,,109,L-MMMMx,0.1,2+2,D7,-1.0,7,9.022309452575682e-05,-2.9089307645335793e-05
9734,JG075B,79,S075_WT,5.0,False,D7,100000.0,FAM,JG075B_079,STANDARD,,108,L-MMMMx,0.1,2+2,D7,-1.0,8,-0.0002438468993677078,-0.0010520541109144688
9735,JG075B,79,S075_WT,5.0,False,D7,100000.0,HEX,JG075B_079,STANDARD,,109,L-MMMMx,0.1,2+2,D7,-1.0,8,4.245332030004509e-05,-0.0002446898724883795
9736,JG075B,79,S075_WT,5.0,False,D7,100000.0,FAM,JG075B_079,STANDARD,,108,L-MMMMx,0.1,2+2,D7,-1.0,9,0.0013214192435620027,-0.00047890018322505057
9737,JG075B,79,S075_WT,5.0,False,D7,100000.0,HEX,JG075B_079,STANDARD,,109,L-MMMMx,0.1,2+2,D7,-1.0,9,-7.391698215800021e-05,-0.0004015500599052757
9738,JG075B,79,S075_WT,5.0,False,D7,100000.0,FAM,JG075B_079,STANDARD,,108,L-MMMMx,0.1,2+2,D7,-1.0,10,0.0024911408485150254,-0.00021174154244363308
9739,JG075B,79,S075_WT,5.0,False,D7,100000.0,HEX,JG075B_079,STANDARD,,109,L-MMMMx,0.1,2+2,D7,-1.0,10,-8.76301268173302e-05,-0.0006463121972046793
9740,JG075B,79,S075_WT,5.0,False,D7,100000.0,FAM,JG075B_079,STANDARD,,108,L-MMMMx,0.1,2+2,D7,-1.0,11,0.002427634135989623,-0.0008986148750409484
9741,JG075B,79,S075_WT,5.0,False,D7,100000.0,HEX,JG075B_079,STANDARD,,109,L-MMMMx,0.1,2+2,D7,-1.0,11,-0.0016297150096818086,0.0004176201473455876
9742,JG075B,79,S075_WT,5.0,False,D7,100000.0,FAM,JG075B_079,STANDARD,,108,L-MMMMx,0.1,2+2,D7,-1.0,12,0.003992437991658002,-0.0003258185170125216
9743,JG075B,79,S075_WT,5.0,False,D7,100000.0,HEX,JG075B_079,STANDARD,,109,L-MMMMx,0.1,2+2,D7,-1.0,12,-0.001350544620563824,-7.792853284627199e-05
9744,JG075B,79,S075_WT,5.0,False,D7,100000.0,FAM,JG075B_079,STANDARD,,108,L-MMMMx,0.1,2+2,D7,-1.0,13,0.005593666231125452,0.00027515593683347106
9745,JG075B,79,S075_WT,5.0,False,D7,100000.0,HEX,JG075B_079,STANDARD,,109,L-MMMMx,0.1,2+2,D7,-1.0,13,-0.0010413201694830694,-0.000599211547523737
9746,JG075B,79,S075_WT,5.0,False,D7,100000.0,FAM,JG075B_079,STANDARD,,108,L-MMMMx,0.1,2+2,D7,-1.0,14,0.00574650995690315,-0.0002443475532345474
9747,JG075B,79,S075_WT,5.0,False,D7,100000.0,HEX,JG075B_079,STANDARD,,109,L-MMMMx,0.1,2+2,D7,-1.0,14,-0.0013443145370764635,-0.0005962716531939805
9748,JG075B,79,S075_WT,5.0,False,D7,100000.0,FAM,JG075B_079,STANDARD,,108,L-MMMMx,0.1,2+2,D7,-1.0,15,0.005540734339703006,-0.0010412808042019606
9749,JG075B,79,S075_WT,5.0,False,D7,100000.0,HEX,JG075B_079,STANDARD,,109,L-MMMMx,0.1,2+2,D7,-1.0,15,-0.001162041088901562,-0.0010088506387546659
9750,JG075B,79,S075_WT,5.0,False,D7,100000.0,FAM,JG075B_079,STANDARD,,108,L-MMMMx,0.1,2+2,D7,-1.0,16,0.006316683507847778,-0.0010787466308102012
9751,JG075B,79,S075_WT,5.0,False,D7,100000.0,HEX,JG075B_079,STANDARD,,109,L-MMMMx,0.1,2+2,D7,-1.0,16,-0.0014456665097870446,-0.0010224957950413227
9752,JG075B,79,S075_WT,5.0,False,D7,100000.0,FAM,JG075B_079,STANDARD,,108,L-MMMMx,0.1,2+2,D7,-1.0,17,0.00793609504626093,-0.00046370550990104675
9753,JG075B,79,S075_WT,5.0,False,D7,100000.0,HEX,JG075B_079,STANDARD,,109,L-MMMMx,0.1,2+2,D7,-1.0,17,-0.0011415409817839342,-0.0015394127694889903
9754,JG075B,79,S075_WT,5.0,False,D7,100000.0,FAM,JG075B_079,STANDARD,,108,L-MMMMx,0.1,2+2,D7,-1.0,18,0.008659593872213808,-0.0005417471984401345
9755,JG075B,79,S075_WT,5.0,False,D7,100000.0,HEX,JG075B_079,STANDARD,,109,L-MMMMx,0.1,2+2,D7,-1.0,18,-0.0014726751398775016,-0.001512377755716443
9756,JG075B,79,S075_WT,5.0,False,D7,100000.0,FAM,JG075B_079,STANDARD,,108,L-MMMMx,0.1,2+2,D7,-1.0,19,0.010880691543219013,0.0005387615528889
9757,JG075B,79,S075_WT,5.0,False,D7,100000.0,HEX,JG075B_079,STANDARD,,109,L-MMMMx,0.1,2+2,D7,-1.0,19,-0.0024031502904422936,-0.0009721466922201216
9758,JG075B,79,S075_WT,5.0,False,D7,100000.0,FAM,JG075B_079,STANDARD,,108,L-MMMMx,0.1,2+2,D7,-1.0,20,0.014931464408666273,0.0030347167048603296
9759,JG075B,79,S075_WT,5.0,False,D7,100000.0,HEX,JG075B_079,STANDARD,,109,L-MMMMx,0.1,2+2,D7,-1.0,20,-0.004139394507017616,0.000258037936873734
9760,JG075B,79,S075_WT,5.0,False,D7,100000.0,FAM,JG075B_079,STANDARD,,108,L-MMMMx,0.1,2+2,D7,-1.0,21,0.02162615443151398,0.0075760199688375
9761,JG075B,79,S075_WT,5.0,False,D7,100000.0,HEX,JG075B_079,STANDARD,,109,L-MMMMx,0.1,2+2,D7,-1.0,21,-0.005116247234380777,0.0008379805367439985
9762,JG075B,79,S075_WT,5.0,False,D7,100000.0,FAM,JG075B_079,STANDARD,,108,L-MMMMx,0.1,2+2,D7,-1.0,22,0.032841012247783324,0.015614149160683155
9763,JG075B,79,S075_WT,5.0,False,D7,100000.0,HEX,JG075B_079,STANDARD,,109,L-MMMMx,0.1,2+2,D7,-1.0,22,-0.009580084650606792,0.004403713624924421
9764,JG075B,79,S075_WT,5.0,False,D7,100000.0,FAM,JG075B_079,STANDARD,,108,L-MMMMx,0.1,2+2,D7,-1.0,23,0.05224790852635281,0.029989682137966156
9765,JG075B,79,S075_WT,5.0,False,D7,100000.0,HEX,JG075B_079,STANDARD,,109,L-MMMMx,0.1,2+2,D7,-1.0,23,-0.014777905952995956,0.008597932755947113
9766,JG075B,79,S075_WT,5.0,False,D7,100000.0,FAM,JG075B_079,STANDARD,,108,L-MMMMx,0.1,2+2,D7,-1.0,24,0.08568117817279394,0.055216092616319656
9767,JG075B,79,S075_WT,5.0,False,D7,100000.0,HEX,JG075B_079,STANDARD,,109,L-MMMMx,0.1,2+2,D7,-1.0,24,-0.024155243152011983,0.01637093350291252
9768,JG075B,79,S075_WT,5.0,False,D7,100000.0,FAM,JG075B_079,STANDARD,,108,L-MMMMx,0.1,2+2,D7,-1.0,25,0.1332592822978229,0.09138502180576324
9769,JG075B,79,S075_WT,5.0,False,D7,100000.0,HEX,JG075B_079,STANDARD,,109,L-MMMMx,0.1,2+2,D7,-1.0,25,-0.03975443247109942,0.02947150357067585
9770,JG075B,79,S075_WT,5.0,False,D7,100000.0,FAM,JG075B_079,STANDARD,,108,L-MMMMx,0.1,2+2,D7,-1.0,26,0.1956117791034962,0.13898350298404694
9771,JG075B,79,S075_WT,5.0,False,D7,100000.0,HEX,JG075B_079,STANDARD,,109,L-MMMMx,0.1,2+2,D7,-1.0,26,-0.0626722818484549,0.04883880168199539
9772,JG075B,79,S075_WT,5.0,False,D7,100000.0,FAM,JG075B_079,STANDARD,,108,L-MMMMx,0.1,2+2,D7,-1.0,27,0.2683051026100149,0.19458168745040894
9773,JG075B,79,S075_WT,5.0,False,D7,100000.0,HEX,JG075B_079,STANDARD,,109,L-MMMMx,0.1,2+2,D7,-1.0,27,-0.09462984314622784,0.07594650238752365
9774,JG075B,79,S075_WT,5.0,False,D7,100000.0,FAM,JG075B_079,STANDARD,,108,L-MMMMx,0.1,2+2,D7,-1.0,28,0.3396386851852041,0.24912798404693604
9775,JG075B,79,S075_WT,5.0,False,D7,100000.0,HEX,JG075B_079,STANDARD,,109,L-MMMMx,0.1,2+2,D7,-1.0,28,-0.13437847189430202,0.10972544550895691
9776,JG075B,79,S075_WT,5.0,False,D7,100000.0,FAM,JG075B_079,STANDARD,,108,L-MMMMx,0.1,2+2,D7,-1.0,29,0.40425581171232466,0.2984783947467804
9777,JG075B,79,S075_WT,5.0,False,D7,100000.0,HEX,JG075B_079,STANDARD,,109,L-MMMMx,0.1,2+2,D7,-1.0,29,-0.1787527113996595,0.14746513962745667
9778,JG075B,79,S075_WT,5.0,False,D7,100000.0,FAM,JG075B_079,STANDARD,,108,L-MMMMx,0.1,2+2,D7,-1.0,30,0.4593614548854283,0.34047067165374756
9779,JG075B,79,S075_WT,5.0,False,D7,100000.0,HEX,JG075B_079,STANDARD,,109,L-MMMMx,0.1,2+2,D7,-1.0,30,-0.22307756270128198,0.18516255915164948
9780,JG075B,79,S075_WT,5.0,False,D7,100000.0,FAM,JG075B_079,STANDARD,,108,L-MMMMx,0.1,2+2,D7,-1.0,31,0.5026585863508362,0.3733278214931488
9781,JG075B,79,S075_WT,5.0,False,D7,100000.0,HEX,JG075B_079,STANDARD,,109,L-MMMMx,0.1,2+2,D7,-1.0,31,-0.27003251857770544,0.22511203587055206
9782,JG075B,79,S075_WT,5.0,False,D7,100000.0,FAM,JG075B_079,STANDARD,,108,L-MMMMx,0.1,2+2,D7,-1.0,32,0.5370768745793593,0.3993162214756012
9783,JG075B,79,S075_WT,5.0,False,D7,100000.0,HEX,JG075B_079,STANDARD,,109,L-MMMMx,0.1,2+2,D7,-1.0,32,-0.31520483525828735,0.26353511214256287
9784,JG075B,79,S075_WT,5.0,False,D7,100000.0,FAM,JG075B_079,STANDARD,,108,L-MMMMx,0.1,2+2,D7,-1.0,33,0.5630926295459225,0.418804407119751
9785,JG075B,79,S075_WT,5.0,False,D7,100000.0,HEX,JG075B_079,STANDARD,,109,L-MMMMx,0.1,2+2,D7,-1.0,33,-0.35513497174595143,0.29746946692466736
9786,JG075B,79,S075_WT,5.0,False,D7,100000.0,FAM,JG075B_079,STANDARD,,108,L-MMMMx,0.1,2+2,D7,-1.0,34,0.5835177905654514,0.4339676797389984
9787,JG075B,79,S075_WT,5.0,False,D7,100000.0,HEX,JG075B_079,STANDARD,,109,L-MMMMx,0.1,2+2,D7,-1.0,34,-0.3948189677284612,0.33119305968284607
9788,JG075B,79,S075_WT,5.0,False,D7,100000.0,FAM,JG075B_079,STANDARD,,108,L-MMMMx,0.1,2+2,D7,-1.0,35,0.5985945961628834,0.44499343633651733
9789,JG075B,79,S075_WT,5.0,False,D7,100000.0,HEX,JG075B_079,STANDARD,,109,L-MMMMx,0.1,2+2,D7,-1.0,35,-0.4312914774905115,0.36216676235198975
9790,JG075B,79,S075_WT,5.0,False,D7,100000.0,FAM,JG075B_079,STANDARD,,108,L-MMMMx,0.1,2+2,D7,-1.0,36,0.6119623257551731,0.45469704270362854
9791,JG075B,79,S075_WT,5.0,False,D7,100000.0,HEX,JG075B_079,STANDARD,,109,L-MMMMx,0.1,2+2,D7,-1.0,36,-0.4612581790647159,0.38756975531578064
9792,JG075B,79,S075_WT,5.0,False,D7,100000.0,FAM,JG075B_079,STANDARD,,108,L-MMMMx,0.1,2+2,D7,-1.0,37,0.6221293324457579,0.46192455291748047
9793,JG075B,79,S075_WT,5.0,False,D7,100000.0,HEX,JG075B_079,STANDARD,,109,L-MMMMx,0.1,2+2,D7,-1.0,37,-0.48968239549929543,0.41165196895599365
9794,JG075B,79,S075_WT,5.0,False,D7,100000.0,FAM,JG075B_079,STANDARD,,108,L-MMMMx,0.1,2+2,D7,-1.0,38,0.6293672870485468,0.46688613295555115
9795,JG075B,79,S075_WT,5.0,False,D7,100000.0,HEX,JG075B_079,STANDARD,,109,L-MMMMx,0.1,2+2,D7,-1.0,38,-0.5114006057559772,0.42999204993247986
9796,JG075B,79,S075_WT,5.0,False,D7,100000.0,FAM,JG075B_079,STANDARD,,108,L-MMMMx,0.1,2+2,D7,-1.0,39,0.6373489848069412,0.4724230468273163
9797,JG075B,79,S075_WT,5.0,False,D7,100000.0,HEX,JG075B_079,STANDARD,,109,L-MMMMx,0.1,2+2,D7,-1.0,39,-0.5351100759929878,0.4500372111797333
9798,JG075B,79,S075_WT,5.0,False,D7,100000.0,FAM,JG075B_079,STANDARD,,108,L-MMMMx,0.1,2+2,D7,-1.0,40,0.6455953420224477,0.4781647324562073
9799,JG075B,79,S075_WT,5.0,False,D7,100000.0,HEX,JG075B_079,STANDARD,,109,L-MMMMx,0.1,2+2,D7,-1.0,40,-0.5523958080804944,0.4645819067955017
9800,JG075B,79,S075_WT,5.0,False,D7,100000.0,FAM,JG075B_079,STANDARD,,108,L-MMMMx,0.1,2+2,D7,-1.0,41,0.651349354516363,0.48197832703590393
9801,JG075B,79,S075_WT,5.0,False,D7,100000.0,HEX,JG075B_079,STANDARD,,109,L-MMMMx,0.1,2+2,D7,-1.0,41,-0.5689111677215807,0.4784669578075409
9802,JG075B,79,S075_WT,5.0,False,D7,100000.0,FAM,JG075B_079,STANDARD,,108,L-MMMMx,0.1,2+2,D7,-1.0,42,0.655856115979206,0.48482704162597656
9803,JG075B,79,S075_WT,5.0,False,D7,100000.0,HEX,JG075B_079,STANDARD,,109,L-MMMMx,0.1,2+2,D7,-1.0,42,-0.5840229139164196,0.4911501407623291
9804,JG075B,79,S075_WT,5.0,False,D7,100000.0,FAM,JG075B_079,STANDARD,,108,L-MMMMx,0.1,2+2,D7,-1.0,43,0.6609362677418538,0.48811933398246765
9805,JG075B,79,S075_WT,5.0,False,D7,100000.0,HEX,JG075B_079,STANDARD,,109,L-MMMMx,0.1,2+2,D7,-1.0,43,-0.5960936832707129,0.501229465007782
9806,JG075B,79,S075_WT,5.0,False,D7,100000.0,FAM,JG075B_079,STANDARD,,108,L-MMMMx,0.1,2+2,D7,-1.0,44,0.6653941808507494,0.4909302592277527
9807,JG075B,79,S075_WT,5.0,False,D7,100000.0,HEX,JG075B_079,STANDARD,,109,L-MMMMx,0.1,2+2,D7,-1.0,44,-0.6089099047374771,0.5119470357894897
9808,JG075B,79,S075_WT,5.0,False,D7,100000.0,FAM,JG075B_079,STANDARD,,108,L-MMMMx,0.1,2+2,D7,-1.0,45,0.6684717812451864,0.4926733672618866
9809,JG075B,79,S075_WT,5.0,False,D7,100000.0,HEX,JG075B_079,STANDARD,,109,L-MMMMx,0.1,2+2,D7,-1.0,45,-0.6190402293175394,0.5203648209571838
9810,JG075B,79,S075_WT,5.0,False,D7,100000.0,FAM,JG075B_079,STANDARD,,108,L-MMMMx,0.1,2+2,D7,-1.0,46,0.6717956266541593,0.49460694193840027
9811,JG075B,79,S075_WT,5.0,False,D7,100000.0,HEX,JG075B_079,STANDARD,,109,L-MMMMx,0.1,2+2,D7,-1.0,46,-0.628750249494287,0.5284226536750793
9812,JG075B,79,S075_WT,5.0,False,D7,100000.0,FAM,JG075B_079,STANDARD,,108,L-MMMMx,0.1,2+2,D7,-1.0,47,0.6754763578288799,0.49681663513183594
9813,JG075B,79,S075_WT,5.0,False,D7,100000.0,HEX,JG075B_079,STANDARD,,109,L-MMMMx,0.1,2+2,D7,-1.0,47,-0.6380320993522551,0.5361139178276062
9814,JG075B,79,S075_WT,5.0,False,D7,100000.0,FAM,JG075B_079,STANDARD,,108,L-MMMMx,0.1,2+2,D7,-1.0,48,0.679093909744552,0.4989774525165558
9815,JG075B,79,S075_WT,5.0,False,D7,100000.0,HEX,JG075B_079,STANDARD,,109,L-MMMMx,0.1,2+2,D7,-1.0,48,-0.6482145617259716,0.5445762872695923
9816,JG075B,79,S075_WT,5.0,False,D7,100000.0,FAM,JG075B_079,STANDARD,,108,L-MMMMx,0.1,2+2,D7,-1.0,49,0.6839131003481782,0.5020678639411926
9817,JG075B,79,S075_WT,5.0,False,D7,100000.0,HEX,JG075B_079,STANDARD,,109,L-MMMMx,0.1,2+2,D7,-1.0,49,-0.659343091861439,0.5538488030433655
9818,JG075B,79,S075_WT,5.0,False,D7,100000.0,FAM,JG075B_079,STANDARD,,108,L-MMMMx,0.1,2+2,D7,-1.0,50,0.6894262611789397,0.505695104598999
9819,JG075B,79,S075_WT,5.0,False,D7,100000.0,HEX,JG075B_079,STANDARD,,109,L-MMMMx,0.1,2+2,D7,-1.0,50,-0.6670370013337795,0.5601803660392761
9900,JG075B,80,S075_WT,5.0,False,D8,100000.0,FAM,JG075B_080,STANDARD,,110,L-MMMMx,0.0,2+2,D8,-2.0,1,-0.004153212833262917,0.001415517646819353
9901,JG075B,80,S075_WT,5.0,False,D8,100000.0,HEX,JG075B_080,STANDARD,,111,L-MMMMx,0.0,2+2,D8,-2.0,1,-0.0012549376375495136,0.0033590286038815975
9902,JG075B,80,S075_WT,5.0,False,D8,100000.0,FAM,JG075B_080,STANDARD,,110,L-MMMMx,0.0,2+2,D8,-2.0,2,-0.004800106807619337,0.0001319294242421165
9903,JG075B,80,S075_WT,5.0,False,D8,100000.0,HEX,JG075B_080,STANDARD,,111,L-MMMMx,0.0,2+2,D8,-2.0,2,-0.0017214281905165187,0.00333943753503263
9904,JG075B,80,S075_WT,5.0,False,D8,100000.0,FAM,JG075B_080,STANDARD,,110,L-MMMMx,0.0,2+2,D8,-2.0,3,-0.004295558785814547,-0.0002608971844892949
9905,JG075B,80,S075_WT,5.0,False,D8,100000.0,HEX,JG075B_080,STANDARD,,111,L-MMMMx,0.0,2+2,D8,-2.0,3,-0.0009518040502133852,0.002261401852592826
9906,JG075B,80,S075_WT,5.0,False,D8,100000.0,FAM,JG075B_080,STANDARD,,110,L-MMMMx,0.0,2+2,D8,-2.0,4,-0.0034350110488461268,-0.0003783205756917596
9907,JG075B,80,S075_WT,5.0,False,D8,100000.0,HEX,JG075B_080,STANDARD,,111,L-MMMMx,0.0,2+2,D8,-2.0,4,0.0023907401555626176,-0.0010197405936196446
9908,JG075B,80,S075_WT,5.0,False,D8,100000.0,FAM,JG075B_080,STANDARD,,110,L-MMMMx,0.0,2+2,D8,-2.0,5,-0.0017473543534789254,0.00014411193842533976
9909,JG075B,80,S075_WT,5.0,False,D8,100000.0,HEX,JG075B_080,STANDARD,,111,L-MMMMx,0.0,2+2,D8,-2.0,5,0.0018176594870646533,-0.0009480621083639562
9910,JG075B,80,S075_WT,5.0,False,D8,100000.0,FAM,JG075B_080,STANDARD,,110,L-MMMMx,0.0,2+2,D8,-2.0,6,-0.000160437757143527,0.0005886113503947854
9911,JG075B,80,S075_WT,5.0,False,D8,100000.0,HEX,JG075B_080,STANDARD,,111,L-MMMMx,0.0,2+2,D8,-2.0,6,-0.0007953906692513827,0.0008703750791028142
9912,JG075B,80,S075_WT,5.0,False,D8,100000.0,FAM,JG075B_080,STANDARD,,110,L-MMMMx,0.0,2+2,D8,-2.0,7,0.0014962842156529142,0.0010871125850826502
9913,JG075B,80,S075_WT,5.0,False,D8,100000.0,HEX,JG075B_080,STANDARD,,111,L-MMMMx,0.0,2+2,D8,-2.0,7,-0.0009675706860780464,0.0005987754557281733
9914,JG075B,80,S075_WT,5.0,False,D8,100000.0,FAM,JG075B_080,STANDARD,,110,L-MMMMx,0.0,2+2,D8,-2.0,8,0.0013862213235175944,0.00021881971042603254
9915,JG075B,80,S075_WT,5.0,False,D8,100000.0,HEX,JG075B_080,STANDARD,,111,L-MMMMx,0.0,2+2,D8,-2.0,8,-0.00048148495432118665,-0.0002364755200687796
9916,JG075B,80,S075_WT,5.0,False,D8,100000.0,FAM,JG075B_080,STANDARD,,110,L-MMMMx,0.0,2+2,D8,-2.0,9,0.0028240888020120572,0.0005480139516294003
9917,JG075B,80,S075_WT,5.0,False,D8,100000.0,HEX,JG075B_080,STANDARD,,111,L-MMMMx,0.0,2+2,D8,-2.0,9,-0.0002021927479283096,-0.0008946559973992407
9918,JG075B,80,S075_WT,5.0,False,D8,100000.0,FAM,JG075B_080,STANDARD,,110,L-MMMMx,0.0,2+2,D8,-2.0,10,0.0039317676041005604,0.0006217724876478314
9919,JG075B,80,S075_WT,5.0,False,D8,100000.0,HEX,JG075B_080,STANDARD,,111,L-MMMMx,0.0,2+2,D8,-2.0,10,-0.0008099565348349604,-0.0007932795560918748
9920,JG075B,80,S075_WT,5.0,False,D8,100000.0,FAM,JG075B_080,STANDARD,,110,L-MMMMx,0.0,2+2,D8,-2.0,11,0.00396917434832996,-0.00013243709690868855
9921,JG075B,80,S075_WT,5.0,False,D8,100000.0,HEX,JG075B_080,STANDARD,,111,L-MMMMx,0.0,2+2,D8,-2.0,11,-0.0016318402860669872,-0.0005085592856630683
9922,JG075B,80,S075_WT,5.0,False,D8,100000.0,FAM,JG075B_080,STANDARD,,110,L-MMMMx,0.0,2+2,D8,-2.0,12,0.004105741710114947,-0.0008099355036392808
9923,JG075B,80,S075_WT,5.0,False,D8,100000.0,HEX,JG075B_080,STANDARD,,111,L-MMMMx,0.0,2+2,D8,-2.0,12,-0.00405549938486083,0.001147708622738719
9924,JG075B,80,S075_WT,5.0,False,D8,100000.0,FAM,JG075B_080,STANDARD,,110,L-MMMMx,0.0,2+2,D8,-2.0,13,0.004766696922003532,-0.0010817646980285645
9925,JG075B,80,S075_WT,5.0,False,D8,100000.0,HEX,JG075B_080,STANDARD,,111,L-MMMMx,0.0,2+2,D8,-2.0,13,-0.004311524491749235,0.000947902793996036
9926,JG075B,80,S075_WT,5.0,False,D8,100000.0,FAM,JG075B_080,STANDARD,,110,L-MMMMx,0.0,2+2,D8,-2.0,14,0.006565225512213383,-0.00047356111463159323
9927,JG075B,80,S075_WT,5.0,False,D8,100000.0,HEX,JG075B_080,STANDARD,,111,L-MMMMx,0.0,2+2,D8,-2.0,14,-0.004368239134445626,0.000577433907892555
9928,JG075B,80,S075_WT,5.0,False,D8,100000.0,FAM,JG075B_080,STANDARD,,110,L-MMMMx,0.0,2+2,D8,-2.0,15,0.007088265024471429,-0.0008520826231688261
9929,JG075B,80,S075_WT,5.0,False,D8,100000.0,HEX,JG075B_080,STANDARD,,111,L-MMMMx,0.0,2+2,D8,-2.0,15,-0.0034308552041476433,-0.0006442488520406187
9930,JG075B,80,S075_WT,5.0,False,D8,100000.0,FAM,JG075B_080,STANDARD,,110,L-MMMMx,0.0,2+2,D8,-2.0,16,0.007659613555538607,-0.001193232019431889
9931,JG075B,80,S075_WT,5.0,False,D8,100000.0,HEX,JG075B_080,STANDARD,,111,L-MMMMx,0.0,2+2,D8,-2.0,16,-0.0029730310801658493,-0.0014553003711625934
9932,JG075B,80,S075_WT,5.0,False,D8,100000.0,FAM,JG075B_080,STANDARD,,110,L-MMMMx,0.0,2+2,D8,-2.0,17,0.009293914596160475,-0.000712075736373663
9933,JG075B,80,S075_WT,5.0,False,D8,100000.0,HEX,JG075B_080,STANDARD,,111,L-MMMMx,0.0,2+2,D8,-2.0,17,-0.004249954560524983,-0.0007809444796293974
9934,JG075B,80,S075_WT,5.0,False,D8,100000.0,FAM,JG075B_080,STANDARD,,110,L-MMMMx,0.0,2+2,D8,-2.0,18,0.010741990918342674,-0.00037498390884138644
9935,JG075B,80,S075_WT,5.0,False,D8,100000.0,HEX,JG075B_080,STANDARD,,111,L-MMMMx,0.0,2+2,D8,-2.0,18,-0.00411590335073968,-0.0013147598365321755
9936,JG075B,80,S075_WT,5.0,False,D8,100000.0,FAM,JG075B_080,STANDARD,,110,L-MMMMx,0.0,2+2,D8,-2.0,19,0.013643691009843048,0.0010866390075534582
9937,JG075B,80,S075_WT,5.0,False,D8,100000.0,HEX,JG075B_080,STANDARD,,111,L-MMMMx,0.0,2+2,D8,-2.0,19,-0.004346085792883028,-0.0015366938896477222
9938,JG075B,80,S075_WT,5.0,False,D8,100000.0,FAM,JG075B_080,STANDARD,,110,L-MMMMx,0.0,2+2,D8,-2.0,20,0.015803342999029617,0.0019742094445973635
9939,JG075B,80,S075_WT,5.0,False,D8,100000.0,HEX,JG075B_080,STANDARD,,111,L-MMMMx,0.0,2+2,D8,-2.0,20,-0.006350989307999893,-0.00023899268126115203
9940,JG075B,80,S075_WT,5.0,False,D8,100000.0,FAM,JG075B_080,STANDARD,,110,L-MMMMx,0.0,2+2,D8,-2.0,21,0.021507081753275002,0.005603504367172718
9941,JG075B,80,S075_WT,5.0,False,D8,100000.0,HEX,JG075B_080,STANDARD,,111,L-MMMMx,0.0,2+2,D8,-2.0,21,-0.008892863370843012,0.0015184987569227815
9942,JG075B,80,S075_WT,5.0,False,D8,100000.0,FAM,JG075B_080,STANDARD,,110,L-MMMMx,0.0,2+2,D8,-2.0,22,0.032308038374898956,0.013176034204661846
9943,JG075B,80,S075_WT,5.0,False,D8,100000.0,HEX,JG075B_080,STANDARD,,111,L-MMMMx,0.0,2+2,D8,-2.0,22,-0.010469648774584018,0.0024496165569871664
9944,JG075B,80,S075_WT,5.0,False,D8,100000.0,FAM,JG075B_080,STANDARD,,110,L-MMMMx,0.0,2+2,D8,-2.0,23,0.05151965680949437,0.027255095541477203
9945,JG075B,80,S075_WT,5.0,False,D8,100000.0,HEX,JG075B_080,STANDARD,,111,L-MMMMx,0.0,2+2,D8,-2.0,23,-0.01552760644292872,0.0063615478575229645
9946,JG075B,80,S075_WT,5.0,False,D8,100000.0,FAM,JG075B_080,STANDARD,,110,L-MMMMx,0.0,2+2,D8,-2.0,24,0.07967456902999191,0.048252735286951065
9947,JG075B,80,S075_WT,5.0,False,D8,100000.0,HEX,JG075B_080,STANDARD,,111,L-MMMMx,0.0,2+2,D8,-2.0,24,-0.025167251039724038,0.014196626842021942
9948,JG075B,80,S075_WT,5.0,False,D8,100000.0,FAM,JG075B_080,STANDARD,,110,L-MMMMx,0.0,2+2,D8,-2.0,25,0.11892722629388817,0.07783564925193787
9949,JG075B,80,S075_WT,5.0,False,D8,100000.0,HEX,JG075B_080,STANDARD,,111,L-MMMMx,0.0,2+2,D8,-2.0,25,-0.03891664503956848,0.02555074915289879
9950,JG075B,80,S075_WT,5.0,False,D8,100000.0,FAM,JG075B_080,STANDARD,,110,L-MMMMx,0.0,2+2,D8,-2.0,26,0.16264446130803098,0.11087238788604736
9951,JG075B,80,S075_WT,5.0,False,D8,100000.0,HEX,JG075B_080,STANDARD,,111,L-MMMMx,0.0,2+2,D8,-2.0,26,-0.05970577234311276,0.04293276369571686
9952,JG075B,80,S075_WT,5.0,False,D8,100000.0,FAM,JG075B_080,STANDARD,,110,L-MMMMx,0.0,2+2,D8,-2.0,27,0.2031365492434952,0.14141413569450378
9953,JG075B,80,S075_WT,5.0,False,D8,100000.0,HEX,JG075B_080,STANDARD,,111,L-MMMMx,0.0,2+2,D8,-2.0,27,-0.08745959350902306,0.06627842038869858
9954,JG075B,80,S075_WT,5.0,False,D8,100000.0,FAM,JG075B_080,STANDARD,,110,L-MMMMx,0.0,2+2,D8,-2.0,28,0.23900892352859773,0.16838204860687256
9955,JG075B,80,S075_WT,5.0,False,D8,100000.0,HEX,JG075B_080,STANDARD,,111,L-MMMMx,0.0,2+2,D8,-2.0,28,-0.12290212080938921,0.09620765596628189
9956,JG075B,80,S075_WT,5.0,False,D8,100000.0,FAM,JG075B_080,STANDARD,,110,L-MMMMx,0.0,2+2,D8,-2.0,29,0.2697282972834544,0.19136357307434082
9957,JG075B,80,S075_WT,5.0,False,D8,100000.0,HEX,JG075B_080,STANDARD,,111,L-MMMMx,0.0,2+2,D8,-2.0,29,-0.16476570627921175,0.13163504004478455
9958,JG075B,80,S075_WT,5.0,False,D8,100000.0,FAM,JG075B_080,STANDARD,,110,L-MMMMx,0.0,2+2,D8,-2.0,30,0.2950118277520072,0.21013988554477692
9959,JG075B,80,S075_WT,5.0,False,D8,100000.0,HEX,JG075B_080,STANDARD,,111,L-MMMMx,0.0,2+2,D8,-2.0,30,-0.21338437288624595,0.17284657061100006
9960,JG075B,80,S075_WT,5.0,False,D8,100000.0,FAM,JG075B_080,STANDARD,,110,L-MMMMx,0.0,2+2,D8,-2.0,31,0.3160022890442674,0.22559507191181183
9961,JG075B,80,S075_WT,5.0,False,D8,100000.0,HEX,JG075B_080,STANDARD,,111,L-MMMMx,0.0,2+2,D8,-2.0,31,-0.2659926944657531,0.2174743115901947
9962,JG075B,80,S075_WT,5.0,False,D8,100000.0,FAM,JG075B_080,STANDARD,,110,L-MMMMx,0.0,2+2,D8,-2.0,32,0.3340308373292389,0.2387589067220688
9963,JG075B,80,S075_WT,5.0,False,D8,100000.0,HEX,JG075B_080,STANDARD,,111,L-MMMMx,0.0,2+2,D8,-2.0,32,-0.3185097226989622,0.2620238959789276
9964,JG075B,80,S075_WT,5.0,False,D8,100000.0,FAM,JG075B_080,STANDARD,,110,L-MMMMx,0.0,2+2,D8,-2.0,33,0.3493501125952391,0.2498268336057663
9965,JG075B,80,S075_WT,5.0,False,D8,100000.0,HEX,JG075B_080,STANDARD,,111,L-MMMMx,0.0,2+2,D8,-2.0,33,-0.36863171889297724,0.30452266335487366
9966,JG075B,80,S075_WT,5.0,False,D8,100000.0,FAM,JG075B_080,STANDARD,,110,L-MMMMx,0.0,2+2,D8,-2.0,34,0.3593268110299092,0.25676169991493225
9967,JG075B,80,S075_WT,5.0,False,D8,100000.0,HEX,JG075B_080,STANDARD,,111,L-MMMMx,0.0,2+2,D8,-2.0,34,-0.4161733815702188,0.3448120057582855
9968,JG075B,80,S075_WT,5.0,False,D8,100000.0,FAM,JG075B_080,STANDARD,,110,L-MMMMx,0.0,2+2,D8,-2.0,35,0.3703523622126633,0.2645079791545868
9969,JG075B,80,S075_WT,5.0,False,D8,100000.0,HEX,JG075B_080,STANDARD,,111,L-MMMMx,0.0,2+2,D8,-2.0,35,-0.4626727756434799,0.38420888781547546
9970,JG075B,80,S075_WT,5.0,False,D8,100000.0,FAM,JG075B_080,STANDARD,,110,L-MMMMx,0.0,2+2,D8,-2.0,36,0.3791790440368946,0.27055320143699646
9971,JG075B,80,S075_WT,5.0,False,D8,100000.0,HEX,JG075B_080,STANDARD,,111,L-MMMMx,0.0,2+2,D8,-2.0,36,-0.5023432325060088,0.41775834560394287
9972,JG075B,80,S075_WT,5.0,False,D8,100000.0,FAM,JG075B_080,STANDARD,,110,L-MMMMx,0.0,2+2,D8,-2.0,37,0.3876281912643719,0.2763063609600067
9973,JG075B,80,S075_WT,5.0,False,D8,100000.0,HEX,JG075B_080,STANDARD,,111,L-MMMMx,0.0,2+2,D8,-2.0,37,-0.5371641088501306,0.44715529680252075
9974,JG075B,80,S075_WT,5.0,False,D8,100000.0,FAM,JG075B_080,STANDARD,,110,L-MMMMx,0.0,2+2,D8,-2.0,38,0.3931262507112633,0.27977654337882996
9975,JG075B,80,S075_WT,5.0,False,D8,100000.0,HEX,JG075B_080,STANDARD,,111,L-MMMMx,0.0,2+2,D8,-2.0,38,-0.5704901132066426,0.4752722382545471
9976,JG075B,80,S075_WT,5.0,False,D8,100000.0,FAM,JG075B_080,STANDARD,,110,L-MMMMx,0.0,2+2,D8,-2.0,39,0.3992762892923857,0.28375110030174255
9977,JG075B,80,S075_WT,5.0,False,D8,100000.0,HEX,JG075B_080,STANDARD,,111,L-MMMMx,0.0,2+2,D8,-2.0,39,-0.6006206068081739,0.5006529688835144
9978,JG075B,80,S075_WT,5.0,False,D8,100000.0,FAM,JG075B_080,STANDARD,,110,L-MMMMx,0.0,2+2,D8,-2.0,40,0.40303853712085447,0.285878449678421
9979,JG075B,80,S075_WT,5.0,False,D8,100000.0,HEX,JG075B_080,STANDARD,,111,L-MMMMx,0.0,2+2,D8,-2.0,40,-0.6261259421165858,0.5220732688903809
9980,JG075B,80,S075_WT,5.0,False,D8,100000.0,FAM,JG075B_080,STANDARD,,110,L-MMMMx,0.0,2+2,D8,-2.0,41,0.40688368846485534,0.2880699336528778
9981,JG075B,80,S075_WT,5.0,False,D8,100000.0,HEX,JG075B_080,STANDARD,,111,L-MMMMx,0.0,2+2,D8,-2.0,41,-0.649531982924307,0.5416960716247559
9982,JG075B,80,S075_WT,5.0,False,D8,100000.0,FAM,JG075B_080,STANDARD,,110,L-MMMMx,0.0,2+2,D8,-2.0,42,0.40903656024087576,0.2889522612094879
9983,JG075B,80,S075_WT,5.0,False,D8,100000.0,HEX,JG075B_080,STANDARD,,111,L-MMMMx,0.0,2+2,D8,-2.0,42,-0.666253944663611,0.5555955171585083
9984,JG075B,80,S075_WT,5.0,False,D8,100000.0,FAM,JG075B_080,STANDARD,,110,L-MMMMx,0.0,2+2,D8,-2.0,43,0.41254200749567493,0.29088094830513
9985,JG075B,80,S075_WT,5.0,False,D8,100000.0,HEX,JG075B_080,STANDARD,,111,L-MMMMx,0.0,2+2,D8,-2.0,43,-0.6846816963007673,0.5709555745124817
9986,JG075B,80,S075_WT,5.0,False,D8,100000.0,FAM,JG075B_080,STANDARD,,110,L-MMMMx,0.0,2+2,D8,-2.0,44,0.41750851363991204,0.2939399182796478
9987,JG075B,80,S075_WT,5.0,False,D8,100000.0,HEX,JG075B_080,STANDARD,,111,L-MMMMx,0.0,2+2,D8,-2.0,44,-0.7008806094666183,0.5844071507453918
9988,JG075B,80,S075_WT,5.0,False,D8,100000.0,FAM,JG075B_080,STANDARD,,110,L-MMMMx,0.0,2+2,D8,-2.0,45,0.42158026278984223,0.29630669951438904
9989,JG075B,80,S075_WT,5.0,False,D8,100000.0,HEX,JG075B_080,STANDARD,,111,L-MMMMx,0.0,2+2,D8,-2.0,45,-0.7163653253522425,0.5972471237182617
9990,JG075B,80,S075_WT,5.0,False,D8,100000.0,FAM,JG075B_080,STANDARD,,110,L-MMMMx,0.0,2+2,D8,-2.0,46,0.4234464394159602,0.2969672381877899
9991,JG075B,80,S075_WT,5.0,False,D8,100000.0,HEX,JG075B_080,STANDARD,,111,L-MMMMx,0.0,2+2,D8,-2.0,46,-0.7283008427264694,0.6070480942726135
9992,JG075B,80,S075_WT,5.0,False,D8,100000.0,FAM,JG075B_080,STANDARD,,110,L-MMMMx,0.0,2+2,D8,-2.0,47,0.42507469219824634,0.297443687915802
9993,JG075B,80,S075_WT,5.0,False,D8,100000.0,HEX,JG075B_080,STANDARD,,111,L-MMMMx,0.0,2+2,D8,-2.0,47,-0.7383007880174611,0.6151916980743408
9994,JG075B,80,S075_WT,5.0,False,D8,100000.0,FAM,JG075B_080,STANDARD,,110,L-MMMMx,0.0,2+2,D8,-2.0,48,0.4284248879811151,0.2992522716522217
9995,JG075B,80,S075_WT,5.0,False,D8,100000.0,HEX,JG075B_080,STANDARD,,111,L-MMMMx,0.0,2+2,D8,-2.0,48,-0.7457058861334993,0.6211134195327759
9996,JG075B,80,S075_WT,5.0,False,D8,100000.0,FAM,JG075B_080,STANDARD,,110,L-MMMMx,0.0,2+2,D8,-2.0,49,0.43325679148442786,0.3022071123123169
9997,JG075B,80,S075_WT,5.0,False,D8,100000.0,HEX,JG075B_080,STANDARD,,111,L-MMMMx,0.0,2+2,D8,-2.0,49,-0.7539718495287352,0.6277722716331482
9998,JG075B,80,S075_WT,5.0,False,D8,100000.0,FAM,JG075B_080,STANDARD,,110,L-MMMMx,0.0,2+2,D8,-2.0,50,0.4345662201521491,0.3024369478225708
9999,JG075B,80,S075_WT,5.0,False,D8,100000.0,HEX,JG075B_080,STANDARD,,111,L-MMMMx,0.0,2+2,D8,-2.0,50,-0.7637594151021857,0.6357340216636658
11520,JG075B,97,S075_WT,4.0,False,E1,10000.0,FAM,JG075B_097,STANDARD,,128,L-MMMMx,3.1622776601683795,2+2,E1,0.5,1,-0.0012380341787993497,0.0017683699261397123
11521,JG075B,97,S075_WT,4.0,False,E1,10000.0,HEX,JG075B_097,STANDARD,,129,L-MMMMx,3.1622776601683795,2+2,E1,0.5,1,0.0007019916243444994,0.0011943645076826215
11522,JG075B,97,S075_WT,4.0,False,E1,10000.0,FAM,JG075B_097,STANDARD,,128,L-MMMMx,3.1622776601683795,2+2,E1,0.5,2,-0.0012479348309795307,0.0012853790540248156
11523,JG075B,97,S075_WT,4.0,False,E1,10000.0,HEX,JG075B_097,STANDARD,,129,L-MMMMx,3.1622776601683795,2+2,E1,0.5,2,0.0009256307385793341,0.0007309737266041338
11524,JG075B,97,S075_WT,4.0,False,E1,10000.0,FAM,JG075B_097,STANDARD,,128,L-MMMMx,3.1622776601683795,2+2,E1,0.5,3,-0.000440704224818,0.001434525242075324
11525,JG075B,97,S075_WT,4.0,False,E1,10000.0,HEX,JG075B_097,STANDARD,,129,L-MMMMx,3.1622776601683795,2+2,E1,0.5,3,0.00048087586794672406,0.000839906744658947
11526,JG075B,97,S075_WT,4.0,False,E1,10000.0,FAM,JG075B_097,STANDARD,,128,L-MMMMx,3.1622776601683795,2+2,E1,0.5,4,-0.0011724086496595115,0.00039314309833571315
11527,JG075B,97,S075_WT,4.0,False,E1,10000.0,HEX,JG075B_097,STANDARD,,129,L-MMMMx,3.1622776601683795,2+2,E1,0.5,4,-0.00014897165065115738,0.001107328454963863
11528,JG075B,97,S075_WT,4.0,False,E1,10000.0,FAM,JG075B_097,STANDARD,,128,L-MMMMx,3.1622776601683795,2+2,E1,0.5,5,-0.0013235573221456606,-0.00019911800336558372
11529,JG075B,97,S075_WT,4.0,False,E1,10000.0,HEX,JG075B_097,STANDARD,,129,L-MMMMx,3.1622776601683795,2+2,E1,0.5,5,-0.0005487759468484256,0.0011777717154473066
11530,JG075B,97,S075_WT,4.0,False,E1,10000.0,FAM,JG075B_097,STANDARD,,128,L-MMMMx,3.1622776601683795,2+2,E1,0.5,6,-0.0007975129426889601,-0.00026749898097477853
11531,JG075B,97,S075_WT,4.0,False,E1,10000.0,HEX,JG075B_097,STANDARD,,129,L-MMMMx,3.1622776601683795,2+2,E1,0.5,6,0.001193872377892675,-0.0005862966645509005
11532,JG075B,97,S075_WT,4.0,False,E1,10000.0,FAM,JG075B_097,STANDARD,,128,L-MMMMx,3.1622776601683795,2+2,E1,0.5,7,0.0007769218975904902,0.00047516042832285166
11533,JG075B,97,S075_WT,4.0,False,E1,10000.0,HEX,JG075B_097,STANDARD,,129,L-MMMMx,3.1622776601683795,2+2,E1,0.5,7,0.0014008399279350754,-0.001035412191413343
11534,JG075B,97,S075_WT,4.0,False,E1,10000.0,FAM,JG075B_097,STANDARD,,128,L-MMMMx,3.1622776601683795,2+2,E1,0.5,8,0.0006787629024344541,-7.610758621012792e-05
11535,JG075B,97,S075_WT,4.0,False,E1,10000.0,HEX,JG075B_097,STANDARD,,129,L-MMMMx,3.1622776601683795,2+2,E1,0.5,8,-3.289719014642251e-05,-7.96461827121675e-05
11536,JG075B,97,S075_WT,4.0,False,E1,10000.0,FAM,JG075B_097,STANDARD,,128,L-MMMMx,3.1622776601683795,2+2,E1,0.5,9,0.0006592505276124241,-0.0005665341741405427
11537,JG075B,97,S075_WT,4.0,False,E1,10000.0,HEX,JG075B_097,STANDARD,,129,L-MMMMx,3.1622776601683795,2+2,E1,0.5,9,-0.0009310037505254865,0.0004174769564997405
11538,JG075B,97,S075_WT,4.0,False,E1,10000.0,FAM,JG075B_097,STANDARD,,128,L-MMMMx,3.1622776601683795,2+2,E1,0.5,10,0.0016192478116747637,-0.0002992068766616285
11539,JG075B,97,S075_WT,4.0,False,E1,10000.0,HEX,JG075B_097,STANDARD,,129,L-MMMMx,3.1622776601683795,2+2,E1,0.5,10,-0.0014139396356029825,0.0005591030931100249
11540,JG075B,97,S075_WT,4.0,False,E1,10000.0,FAM,JG075B_097,STANDARD,,128,L-MMMMx,3.1622776601683795,2+2,E1,0.5,11,0.0014806772050906735,-0.0008817375055514276
11541,JG075B,97,S075_WT,4.0,False,E1,10000.0,HEX,JG075B_097,STANDARD,,129,L-MMMMx,3.1622776601683795,2+2,E1,0.5,11,-0.0010844413094865432,5.068557129561668e-06
11542,JG075B,97,S075_WT,4.0,False,E1,10000.0,FAM,JG075B_097,STANDARD,,128,L-MMMMx,3.1622776601683795,2+2,E1,0.5,12,0.00211980860585057,-0.0008626338094472885
11543,JG075B,97,S075_WT,4.0,False,E1,10000.0,HEX,JG075B_097,STANDARD,,129,L-MMMMx,3.1622776601683795,2+2,E1,0.5,12,-0.0007239143832081935,-0.0005755347665399313
11544,JG075B,97,S075_WT,4.0,False,E1,10000.0,FAM,JG075B_097,STANDARD,,128,L-MMMMx,3.1622776601683795,2+2,E1,0.5,13,0.0036421783433225707,-0.00016025220975279808
11545,JG075B,97,S075_WT,4.0,False,E1,10000.0,HEX,JG075B_097,STANDARD,,129,L-MMMMx,3.1622776601683795,2+2,E1,0.5,13,-0.0004989004740138574,-0.0010401027975603938
11546,JG075B,97,S075_WT,4.0,False,E1,10000.0,FAM,JG075B_097,STANDARD,,128,L-MMMMx,3.1622776601683795,2+2,E1,0.5,14,0.004865621580436148,0.0003108782402705401
11547,JG075B,97,S075_WT,4.0,False,E1,10000.0,HEX,JG075B_097,STANDARD,,129,L-MMMMx,3.1622776601683795,2+2,E1,0.5,14,-0.0007743293325458572,-0.0010761580197140574
11548,JG075B,97,S075_WT,4.0,False,E1,10000.0,FAM,JG075B_097,STANDARD,,128,L-MMMMx,3.1622776601683795,2+2,E1,0.5,15,0.004594297481973054,-0.00037435119156725705
11549,JG075B,97,S075_WT,4.0,False,E1,10000.0,HEX,JG075B_097,STANDARD,,129,L-MMMMx,3.1622776601683795,2+2,E1,0.5,15,-0.0012334238366801017,-0.0009549465030431747
11550,JG075B,97,S075_WT,4.0,False,E1,10000.0,FAM,JG075B_097,STANDARD,,128,L-MMMMx,3.1622776601683795,2+2,E1,0.5,16,0.0047878995346248045,-0.0006999113247729838
11551,JG075B,97,S075_WT,4.0,False,E1,10000.0,HEX,JG075B_097,STANDARD,,129,L-MMMMx,3.1622776601683795,2+2,E1,0.5,16,-0.0021567639754297603,-0.00043621668010018766
11552,JG075B,97,S075_WT,4.0,False,E1,10000.0,FAM,JG075B_097,STANDARD,,128,L-MMMMx,3.1622776601683795,2+2,E1,0.5,17,0.005893363210252761,-0.0003200504870619625
11553,JG075B,97,S075_WT,4.0,False,E1,10000.0,HEX,JG075B_097,STANDARD,,129,L-MMMMx,3.1622776601683795,2+2,E1,0.5,17,-0.0026058694630228174,-0.0003235583717469126
11554,JG075B,97,S075_WT,4.0,False,E1,10000.0,FAM,JG075B_097,STANDARD,,128,L-MMMMx,3.1622776601683795,2+2,E1,0.5,18,0.0068654955349250505,-4.333547258283943e-05
11555,JG075B,97,S075_WT,4.0,False,E1,10000.0,HEX,JG075B_097,STANDARD,,129,L-MMMMx,3.1622776601683795,2+2,E1,0.5,18,-0.002142163304910499,-0.000992510700598359
11556,JG075B,97,S075_WT,4.0,False,E1,10000.0,FAM,JG075B_097,STANDARD,,128,L-MMMMx,3.1622776601683795,2+2,E1,0.5,19,0.007311178978786974,-0.00017388409469276667
11557,JG075B,97,S075_WT,4.0,False,E1,10000.0,HEX,JG075B_097,STANDARD,,129,L-MMMMx,3.1622776601683795,2+2,E1,0.5,19,-0.002000072154982289,-0.0013860746985301375
11558,JG075B,97,S075_WT,4.0,False,E1,10000.0,FAM,JG075B_097,STANDARD,,128,L-MMMMx,3.1622776601683795,2+2,E1,0.5,20,0.011137588426734723,0.002310914685949683
11559,JG075B,97,S075_WT,4.0,False,E1,10000.0,HEX,JG075B_097,STANDARD,,129,L-MMMMx,3.1622776601683795,2+2,E1,0.5,20,-0.003945337412805343,7.696068678342272e-06
11560,JG075B,97,S075_WT,4.0,False,E1,10000.0,FAM,JG075B_097,STANDARD,,128,L-MMMMx,3.1622776601683795,2+2,E1,0.5,21,0.017682015827680496,0.006898386869579554
11561,JG075B,97,S075_WT,4.0,False,E1,10000.0,HEX,JG075B_097,STANDARD,,129,L-MMMMx,3.1622776601683795,2+2,E1,0.5,21,-0.005048793093717521,0.0006806529127061367
11562,JG075B,97,S075_WT,4.0,False,E1,10000.0,FAM,JG075B_097,STANDARD,,128,L-MMMMx,3.1622776601683795,2+2,E1,0.5,22,0.029245630858685947,0.015368728898465633
11563,JG075B,97,S075_WT,4.0,False,E1,10000.0,HEX,JG075B_097,STANDARD,,129,L-MMMMx,3.1622776601683795,2+2,E1,0.5,22,-0.008882521954328027,0.003691453021019697
11564,JG075B,97,S075_WT,4.0,False,E1,10000.0,FAM,JG075B_097,STANDARD,,128,L-MMMMx,3.1622776601683795,2+2,E1,0.5,23,0.049119861034523045,0.03026820719242096
11565,JG075B,97,S075_WT,4.0,False,E1,10000.0,HEX,JG075B_097,STANDARD,,129,L-MMMMx,3.1622776601683795,2+2,E1,0.5,23,-0.014052534113106013,0.00784646812826395
11566,JG075B,97,S075_WT,4.0,False,E1,10000.0,FAM,JG075B_097,STANDARD,,128,L-MMMMx,3.1622776601683795,2+2,E1,0.5,24,0.0816842617732918,0.054984867572784424
11567,JG075B,97,S075_WT,4.0,False,E1,10000.0,HEX,JG075B_097,STANDARD,,129,L-MMMMx,3.1622776601683795,2+2,E1,0.5,24,-0.02277924524692106,0.015046968124806881
11568,JG075B,97,S075_WT,4.0,False,E1,10000.0,FAM,JG075B_097,STANDARD,,128,L-MMMMx,3.1622776601683795,2+2,E1,0.5,25,0.13160516069087147,0.09312860667705536
11569,JG075B,97,S075_WT,4.0,False,E1,10000.0,HEX,JG075B_097,STANDARD,,129,L-MMMMx,3.1622776601683795,2+2,E1,0.5,25,-0.039303706378688595,0.028924426063895226
11570,JG075B,97,S075_WT,4.0,False,E1,10000.0,FAM,JG075B_097,STANDARD,,128,L-MMMMx,3.1622776601683795,2+2,E1,0.5,26,0.20165624283131203,0.14684516191482544
11571,JG075B,97,S075_WT,4.0,False,E1,10000.0,HEX,JG075B_097,STANDARD,,129,L-MMMMx,3.1622776601683795,2+2,E1,0.5,26,-0.06324770967480302,0.049154993146657944
11572,JG075B,97,S075_WT,4.0,False,E1,10000.0,FAM,JG075B_097,STANDARD,,128,L-MMMMx,3.1622776601683795,2+2,E1,0.5,27,0.28432691967945434,0.21032430231571198
11573,JG075B,97,S075_WT,4.0,False,E1,10000.0,HEX,JG075B_097,STANDARD,,129,L-MMMMx,3.1622776601683795,2+2,E1,0.5,27,-0.09592441055367007,0.07686308026313782
11574,JG075B,97,S075_WT,4.0,False,E1,10000.0,FAM,JG075B_097,STANDARD,,128,L-MMMMx,3.1622776601683795,2+2,E1,0.5,28,0.37447208811243354,0.27958574891090393
11575,JG075B,97,S075_WT,4.0,False,E1,10000.0,HEX,JG075B_097,STANDARD,,129,L-MMMMx,3.1622776601683795,2+2,E1,0.5,28,-0.13810921077491634,0.11271264404058456
11576,JG075B,97,S075_WT,4.0,False,E1,10000.0,FAM,JG075B_097,STANDARD,,128,L-MMMMx,3.1622776601683795,2+2,E1,0.5,29,0.4637801313630185,0.34819960594177246
11577,JG075B,97,S075_WT,4.0,False,E1,10000.0,HEX,JG075B_097,STANDARD,,129,L-MMMMx,3.1622776601683795,2+2,E1,0.5,29,-0.18427903691218964,0.15197445452213287
11578,JG075B,97,S075_WT,4.0,False,E1,10000.0,FAM,JG075B_097,STANDARD,,128,L-MMMMx,3.1622776601683795,2+2,E1,0.5,30,0.5477881282103156,0.41271328926086426
11579,JG075B,97,S075_WT,4.0,False,E1,10000.0,HEX,JG075B_097,STANDARD,,129,L-MMMMx,3.1622776601683795,2+2,E1,0.5,30,-0.22866636307336413,0.18970996141433716
11580,JG075B,97,S075_WT,4.0,False,E1,10000.0,FAM,JG075B_097,STANDARD,,128,L-MMMMx,3.1622776601683795,2+2,E1,0.5,31,0.6236389892835432,0.47091659903526306
11581,JG075B,97,S075_WT,4.0,False,E1,10000.0,HEX,JG075B_097,STANDARD,,129,L-MMMMx,3.1622776601683795,2+2,E1,0.5,31,-0.2739324790556133,0.22819796204566956
11582,JG075B,97,S075_WT,4.0,False,E1,10000.0,FAM,JG075B_097,STANDARD,,128,L-MMMMx,3.1622776601683795,2+2,E1,0.5,32,0.6880684271825632,0.5202842354774475
11583,JG075B,97,S075_WT,4.0,False,E1,10000.0,HEX,JG075B_097,STANDARD,,129,L-MMMMx,3.1622776601683795,2+2,E1,0.5,32,-0.31273636262949245,0.2611525356769562
11584,JG075B,97,S075_WT,4.0,False,E1,10000.0,FAM,JG075B_097,STANDARD,,128,L-MMMMx,3.1622776601683795,2+2,E1,0.5,33,0.7409366770586997,0.5607080459594727
11585,JG075B,97,S075_WT,4.0,False,E1,10000.0,HEX,JG075B_097,STANDARD,,129,L-MMMMx,3.1622776601683795,2+2,E1,0.5,33,-0.34619706208709994,0.289531946182251
11586,JG075B,97,S075_WT,4.0,False,E1,10000.0,FAM,JG075B_097,STANDARD,,128,L-MMMMx,3.1622776601683795,2+2,E1,0.5,34,0.7822756367329846,0.5922127366065979
11587,JG075B,97,S075_WT,4.0,False,E1,10000.0,HEX,JG075B_097,STANDARD,,129,L-MMMMx,3.1622776601683795,2+2,E1,0.5,34,-0.3749378642166573,0.3138698637485504
11588,JG075B,97,S075_WT,4.0,False,E1,10000.0,FAM,JG075B_097,STANDARD,,128,L-MMMMx,3.1622776601683795,2+2,E1,0.5,35,0.8146449137235331,0.6167784333229065
11589,JG075B,97,S075_WT,4.0,False,E1,10000.0,HEX,JG075B_097,STANDARD,,129,L-MMMMx,3.1622776601683795,2+2,E1,0.5,35,-0.3964487762764077,0.33201706409454346
11590,JG075B,97,S075_WT,4.0,False,E1,10000.0,FAM,JG075B_097,STANDARD,,128,L-MMMMx,3.1622776601683795,2+2,E1,0.5,36,0.8394473957727321,0.6354904770851135
11591,JG075B,97,S075_WT,4.0,False,E1,10000.0,HEX,JG075B_097,STANDARD,,129,L-MMMMx,3.1622776601683795,2+2,E1,0.5,36,-0.41477204349664176,0.34743475914001465
11592,JG075B,97,S075_WT,4.0,False,E1,10000.0,FAM,JG075B_097,STANDARD,,128,L-MMMMx,3.1622776601683795,2+2,E1,0.5,37,0.852512866543988,0.6451226472854614
11593,JG075B,97,S075_WT,4.0,False,E1,10000.0,HEX,JG075B_097,STANDARD,,129,L-MMMMx,3.1622776601683795,2+2,E1,0.5,37,-0.43116224458900987,0.36119726300239563
11594,JG075B,97,S075_WT,4.0,False,E1,10000.0,FAM,JG075B_097,STANDARD,,128,L-MMMMx,3.1622776601683795,2+2,E1,0.5,38,0.8639302832285973,0.6534798741340637
11595,JG075B,97,S075_WT,4.0,False,E1,10000.0,HEX,JG075B_097,STANDARD,,129,L-MMMMx,3.1622776601683795,2+2,E1,0.5,38,-0.44578525987698,0.37344658374786377
11596,JG075B,97,S075_WT,4.0,False,E1,10000.0,FAM,JG075B_097,STANDARD,,128,L-MMMMx,3.1622776601683795,2+2,E1,0.5,39,0.8727511094141851,0.6598283648490906
11597,JG075B,97,S075_WT,4.0,False,E1,10000.0,HEX,JG075B_097,STANDARD,,129,L-MMMMx,3.1622776601683795,2+2,E1,0.5,39,-0.45733534739344694,0.3830646276473999
11598,JG075B,97,S075_WT,4.0,False,E1,10000.0,FAM,JG075B_097,STANDARD,,128,L-MMMMx,3.1622776601683795,2+2,E1,0.5,40,0.882792913304826,0.6671214699745178
11599,JG075B,97,S075_WT,4.0,False,E1,10000.0,HEX,JG075B_097,STANDARD,,129,L-MMMMx,3.1622776601683795,2+2,E1,0.5,40,-0.46605300924398424,0.3902573883533478
11600,JG075B,97,S075_WT,4.0,False,E1,10000.0,FAM,JG075B_097,STANDARD,,128,L-MMMMx,3.1622776601683795,2+2,E1,0.5,41,0.8898204501558323,0.6720826625823975
11601,JG075B,97,S075_WT,4.0,False,E1,10000.0,HEX,JG075B_097,STANDARD,,129,L-MMMMx,3.1622776601683795,2+2,E1,0.5,41,-0.4763261732800921,0.39878207445144653
11602,JG075B,97,S075_WT,4.0,False,E1,10000.0,FAM,JG075B_097,STANDARD,,128,L-MMMMx,3.1622776601683795,2+2,E1,0.5,42,0.8963142763636316,0.676630973815918
11603,JG075B,97,S075_WT,4.0,False,E1,10000.0,HEX,JG075B_097,STANDARD,,129,L-MMMMx,3.1622776601683795,2+2,E1,0.5,42,-0.485879292806778,0.40669018030166626
11604,JG075B,97,S075_WT,4.0,False,E1,10000.0,FAM,JG075B_097,STANDARD,,128,L-MMMMx,3.1622776601683795,2+2,E1,0.5,43,0.9015378912730458,0.6801966428756714
11605,JG075B,97,S075_WT,4.0,False,E1,10000.0,HEX,JG075B_097,STANDARD,,129,L-MMMMx,3.1622776601683795,2+2,E1,0.5,43,-0.4953821540063369,0.41455528140068054
11606,JG075B,97,S075_WT,4.0,False,E1,10000.0,FAM,JG075B_097,STANDARD,,128,L-MMMMx,3.1622776601683795,2+2,E1,0.5,44,0.9038524865426553,0.6815119385719299
11607,JG075B,97,S075_WT,4.0,False,E1,10000.0,HEX,JG075B_097,STANDARD,,129,L-MMMMx,3.1622776601683795,2+2,E1,0.5,44,-0.5042087553055637,0.4218413233757019
11608,JG075B,97,S075_WT,4.0,False,E1,10000.0,FAM,JG075B_097,STANDARD,,128,L-MMMMx,3.1622776601683795,2+2,E1,0.5,45,0.9077698317473007,0.6840670704841614
11609,JG075B,97,S075_WT,4.0,False,E1,10000.0,HEX,JG075B_097,STANDARD,,129,L-MMMMx,3.1622776601683795,2+2,E1,0.5,45,-0.5121717765406097,0.4283878803253174
11610,JG075B,97,S075_WT,4.0,False,E1,10000.0,FAM,JG075B_097,STANDARD,,128,L-MMMMx,3.1622776601683795,2+2,E1,0.5,46,0.9138140065455783,0.6882675290107727
11611,JG075B,97,S075_WT,4.0,False,E1,10000.0,HEX,JG075B_097,STANDARD,,129,L-MMMMx,3.1622776601683795,2+2,E1,0.5,46,-0.5216914833290395,0.4362674057483673
11612,JG075B,97,S075_WT,4.0,False,E1,10000.0,FAM,JG075B_097,STANDARD,,128,L-MMMMx,3.1622776601683795,2+2,E1,0.5,47,0.9170538697687426,0.6902985572814941
11613,JG075B,97,S075_WT,4.0,False,E1,10000.0,HEX,JG075B_097,STANDARD,,129,L-MMMMx,3.1622776601683795,2+2,E1,0.5,47,-0.5286350679979134,0.4419410824775696
11614,JG075B,97,S075_WT,4.0,False,E1,10000.0,FAM,JG075B_097,STANDARD,,128,L-MMMMx,3.1622776601683795,2+2,E1,0.5,48,0.9183916520551588,0.6908581852912903
11615,JG075B,97,S075_WT,4.0,False,E1,10000.0,HEX,JG075B_097,STANDARD,,129,L-MMMMx,3.1622776601683795,2+2,E1,0.5,48,-0.5354278080755347,0.4474855661392212
11616,JG075B,97,S075_WT,4.0,False,E1,10000.0,FAM,JG075B_097,STANDARD,,128,L-MMMMx,3.1622776601683795,2+2,E1,0.5,49,0.9202138343435735,0.6917924880981445
11617,JG075B,97,S075_WT,4.0,False,E1,10000.0,HEX,JG075B_097,STANDARD,,129,L-MMMMx,3.1622776601683795,2+2,E1,0.5,49,-0.5430165370322395,0.4537116587162018
11618,JG075B,97,S075_WT,4.0,False,E1,10000.0,FAM,JG075B_097,STANDARD,,128,L-MMMMx,3.1622776601683795,2+2,E1,0.5,50,0.9247987223535815,0.69486403465271
11619,JG075B,97,S075_WT,4.0,False,E1,10000.0,HEX,JG075B_097,STANDARD,,129,L-MMMMx,3.1622776601683795,2+2,E1,0.5,50,-0.5510675451446935,0.46033358573913574
11880,JG075B,99,S075_WT,4.0,False,E3,10000.0,FAM,JG075B_099,STANDARD,,132,L-MMMMx,1.0,2+2,E3,0.0,1,-0.000435416814266522,0.002827106276527047
11881,JG075B,99,S075_WT,4.0,False,E3,10000.0,HEX,JG075B_099,STANDARD,,133,L-MMMMx,1.0,2+2,E3,0.0,1,-0.00016576720742696432,0.0017222613096237183
11882,JG075B,99,S075_WT,4.0,False,E3,10000.0,FAM,JG075B_099,STANDARD,,132,L-MMMMx,1.0,2+2,E3,0.0,2,-0.0007269081945051983,0.0020449520088732243
11883,JG075B,99,S075_WT,4.0,False,E3,10000.0,HEX,JG075B_099,STANDARD,,133,L-MMMMx,1.0,2+2,E3,0.0,2,0.00021877512447305463,0.0011538028484210372
11884,JG075B,99,S075_WT,4.0,False,E3,10000.0,FAM,JG075B_099,STANDARD,,132,L-MMMMx,1.0,2+2,E3,0.0,3,-0.000569229714452743,0.0016102779190987349
11885,JG075B,99,S075_WT,4.0,False,E3,10000.0,HEX,JG075B_099,STANDARD,,133,L-MMMMx,1.0,2+2,E3,0.0,3,-0.0003815752111329939,0.0014286756049841642
11886,JG075B,99,S075_WT,4.0,False,E3,10000.0,FAM,JG075B_099,STANDARD,,132,L-MMMMx,1.0,2+2,E3,0.0,4,-0.0008502425834345741,0.0008362297667190433
11887,JG075B,99,S075_WT,4.0,False,E3,10000.0,HEX,JG075B_099,STANDARD,,133,L-MMMMx,1.0,2+2,E3,0.0,4,-6.895727882309024e-05,0.0009218037012033165
11888,JG075B,99,S075_WT,4.0,False,E3,10000.0,FAM,JG075B_099,STANDARD,,132,L-MMMMx,1.0,2+2,E3,0.0,5,-0.0011878856419295027,1.8372296835877933e-05
11889,JG075B,99,S075_WT,4.0,False,E3,10000.0,HEX,JG075B_099,STANDARD,,133,L-MMMMx,1.0,2+2,E3,0.0,5,0.0010750287496926153,-0.0002969414053950459
11890,JG075B,99,S075_WT,4.0,False,E3,10000.0,FAM,JG075B_099,STANDARD,,132,L-MMMMx,1.0,2+2,E3,0.0,6,-0.0009890828575877743,-0.0003844878519885242
11891,JG075B,99,S075_WT,4.0,False,E3,10000.0,HEX,JG075B_099,STANDARD,,133,L-MMMMx,1.0,2+2,E3,0.0,6,0.0010486814133801462,-0.0005135685205459595
11892,JG075B,99,S075_WT,4.0,False,E3,10000.0,FAM,JG075B_099,STANDARD,,132,L-MMMMx,1.0,2+2,E3,0.0,7,-0.0002872344850405829,-0.0003981892659794539
11893,JG075B,99,S075_WT,4.0,False,E3,10000.0,HEX,JG075B_099,STANDARD,,133,L-MMMMx,1.0,2+2,E3,0.0,7,-0.00012541088450185485,0.0002525806485209614
11894,JG075B,99,S075_WT,4.0,False,E3,10000.0,FAM,JG075B_099,STANDARD,,132,L-MMMMx,1.0,2+2,E3,0.0,8,0.0002499818365649601,-0.0005392509046941996
11895,JG075B,99,S075_WT,4.0,False,E3,10000.0,HEX,JG075B_099,STANDARD,,133,L-MMMMx,1.0,2+2,E3,0.0,8,-0.0010919265459669928,0.0008409887668676674
11896,JG075B,99,S075_WT,4.0,False,E3,10000.0,FAM,JG075B_099,STANDARD,,132,L-MMMMx,1.0,2+2,E3,0.0,9,0.0012519894755007915,-0.0003207475529052317
11897,JG075B,99,S075_WT,4.0,False,E3,10000.0,HEX,JG075B_099,STANDARD,,133,L-MMMMx,1.0,2+2,E3,0.0,9,-0.0003133575371931797,-6.486177153419703e-05
11898,JG075B,99,S075_WT,4.0,False,E3,10000.0,FAM,JG075B_099,STANDARD,,132,L-MMMMx,1.0,2+2,E3,0.0,10,0.0023817039703794255,-3.4494933061068878e-06
11899,JG075B,99,S075_WT,4.0,False,E3,10000.0,HEX,JG075B_099,STANDARD,,133,L-MMMMx,1.0,2+2,E3,0.0,10,-0.0001424827054546502,-0.00045036376104690135
11900,JG075B,99,S075_WT,4.0,False,E3,10000.0,FAM,JG075B_099,STANDARD,,132,L-MMMMx,1.0,2+2,E3,0.0,11,0.003374369554242518,0.00020782681531272829
11901,JG075B,99,S075_WT,4.0,False,E3,10000.0,HEX,JG075B_099,STANDARD,,133,L-MMMMx,1.0,2+2,E3,0.0,11,-0.001307090658362876,0.00030766427516937256
11902,JG075B,99,S075_WT,4.0,False,E3,10000.0,FAM,JG075B_099,STANDARD,,132,L-MMMMx,1.0,2+2,E3,0.0,12,0.0036178793691488383,-0.00016044774383772165
11903,JG075B,99,S075_WT,4.0,False,E3,10000.0,HEX,JG075B_099,STANDARD,,133,L-MMMMx,1.0,2+2,E3,0.0,12,-0.0007486106603841727,-0.0004097312630619854
11904,JG075B,99,S075_WT,4.0,False,E3,10000.0,FAM,JG075B_099,STANDARD,,132,L-MMMMx,1.0,2+2,E3,0.0,13,0.003445003195380113,-0.0008508407045155764
11905,JG075B,99,S075_WT,4.0,False,E3,10000.0,HEX,JG075B_099,STANDARD,,133,L-MMMMx,1.0,2+2,E3,0.0,13,-0.0002725139451685001,-0.0010565847624093294
11906,JG075B,99,S075_WT,4.0,False,E3,10000.0,FAM,JG075B_099,STANDARD,,132,L-MMMMx,1.0,2+2,E3,0.0,14,0.004148411787434298,-0.0008633351535536349
11907,JG075B,99,S075_WT,4.0,False,E3,10000.0,HEX,JG075B_099,STANDARD,,133,L-MMMMx,1.0,2+2,E3,0.0,14,-0.0005402335104465872,-0.0010665326844900846
11908,JG075B,99,S075_WT,4.0,False,E3,10000.0,FAM,JG075B_099,STANDARD,,132,L-MMMMx,1.0,2+2,E3,0.0,15,0.005346159557605538,-0.0004934061435051262
11909,JG075B,99,S075_WT,4.0,False,E3,10000.0,HEX,JG075B_099,STANDARD,,133,L-MMMMx,1.0,2+2,E3,0.0,15,-0.0010322360812696552,-0.0008844345575198531
11910,JG075B,99,S075_WT,4.0,False,E3,10000.0,FAM,JG075B_099,STANDARD,,132,L-MMMMx,1.0,2+2,E3,0.0,16,0.005649015499685278,-0.0008157702395692468
11911,JG075B,99,S075_WT,4.0,False,E3,10000.0,HEX,JG075B_099,STANDARD,,133,L-MMMMx,1.0,2+2,E3,0.0,16,-0.0014131935047942657,-0.0007974207401275635
11912,JG075B,99,S075_WT,4.0,False,E3,10000.0,FAM,JG075B_099,STANDARD,,132,L-MMMMx,1.0,2+2,E3,0.0,17,0.006376790482805472,-0.000809414719697088
11913,JG075B,99,S075_WT,4.0,False,E3,10000.0,HEX,JG075B_099,STANDARD,,133,L-MMMMx,1.0,2+2,E3,0.0,17,-0.0017301272491289331,-0.0007652282947674394
11914,JG075B,99,S075_WT,4.0,False,E3,10000.0,FAM,JG075B_099,STANDARD,,132,L-MMMMx,1.0,2+2,E3,0.0,18,0.00662783172767765,-0.0011718629393726587
11915,JG075B,99,S075_WT,4.0,False,E3,10000.0,HEX,JG075B_099,STANDARD,,133,L-MMMMx,1.0,2+2,E3,0.0,18,-0.0030469197833136066,0.00012311041064094752
11916,JG075B,99,S075_WT,4.0,False,E3,10000.0,FAM,JG075B_099,STANDARD,,132,L-MMMMx,1.0,2+2,E3,0.0,19,0.009656082956967496,0.0006141532212495804
11917,JG075B,99,S075_WT,4.0,False,E3,10000.0,HEX,JG075B_099,STANDARD,,133,L-MMMMx,1.0,2+2,E3,0.0,19,-0.0014159430947132685,-0.001512628747150302
11918,JG075B,99,S075_WT,4.0,False,E3,10000.0,FAM,JG075B_099,STANDARD,,132,L-MMMMx,1.0,2+2,E3,0.0,20,0.014137495668314187,0.0035243427846580744
11919,JG075B,99,S075_WT,4.0,False,E3,10000.0,HEX,JG075B_099,STANDARD,,133,L-MMMMx,1.0,2+2,E3,0.0,20,-0.001400193861316449,-0.0017653018003329635
11920,JG075B,99,S075_WT,4.0,False,E3,10000.0,FAM,JG075B_099,STANDARD,,132,L-MMMMx,1.0,2+2,E3,0.0,21,0.01965165812147525,0.007233473006635904
11921,JG075B,99,S075_WT,4.0,False,E3,10000.0,HEX,JG075B_099,STANDARD,,133,L-MMMMx,1.0,2+2,E3,0.0,21,-0.005312042400068748,0.0013450980186462402
11922,JG075B,99,S075_WT,4.0,False,E3,10000.0,FAM,JG075B_099,STANDARD,,132,L-MMMMx,1.0,2+2,E3,0.0,22,0.029868013977207192,0.01458024512976408
11923,JG075B,99,S075_WT,4.0,False,E3,10000.0,HEX,JG075B_099,STANDARD,,133,L-MMMMx,1.0,2+2,E3,0.0,22,-0.009116656931979942,0.0043636769987642765
11924,JG075B,99,S075_WT,4.0,False,E3,10000.0,FAM,JG075B_099,STANDARD,,132,L-MMMMx,1.0,2+2,E3,0.0,23,0.048711227988459914,0.028600798919796944
11925,JG075B,99,S075_WT,4.0,False,E3,10000.0,HEX,JG075B_099,STANDARD,,133,L-MMMMx,1.0,2+2,E3,0.0,23,-0.013216521733294934,0.007635069079697132
11926,JG075B,99,S075_WT,4.0,False,E3,10000.0,FAM,JG075B_099,STANDARD,,132,L-MMMMx,1.0,2+2,E3,0.0,24,0.08115319965085273,0.05314142629504204
11927,JG075B,99,S075_WT,4.0,False,E3,10000.0,HEX,JG075B_099,STANDARD,,133,L-MMMMx,1.0,2+2,E3,0.0,24,-0.02300313017101416,0.015775833278894424
11928,JG075B,99,S075_WT,4.0,False,E3,10000.0,FAM,JG075B_099,STANDARD,,132,L-MMMMx,1.0,2+2,E3,0.0,25,0.13035697545429203,0.0906490683555603
11929,JG075B,99,S075_WT,4.0,False,E3,10000.0,HEX,JG075B_099,STANDARD,,133,L-MMMMx,1.0,2+2,E3,0.0,25,-0.03758511043981333,0.02802271582186222
11930,JG075B,99,S075_WT,4.0,False,E3,10000.0,FAM,JG075B_099,STANDARD,,132,L-MMMMx,1.0,2+2,E3,0.0,26,0.1976877667293664,0.14217987656593323
11931,JG075B,99,S075_WT,4.0,False,E3,10000.0,HEX,JG075B_099,STANDARD,,133,L-MMMMx,1.0,2+2,E3,0.0,26,-0.061000914031993765,0.04783371090888977
11932,JG075B,99,S075_WT,4.0,False,E3,10000.0,FAM,JG075B_099,STANDARD,,132,L-MMMMx,1.0,2+2,E3,0.0,27,0.27998214174678493,0.20528657734394073
11933,JG075B,99,S075_WT,4.0,False,E3,10000.0,HEX,JG075B_099,STANDARD,,133,L-MMMMx,1.0,2+2,E3,0.0,27,-0.09338690668556372,0.07532558590173721
11934,JG075B,99,S075_WT,4.0,False,E3,10000.0,FAM,JG075B_099,STANDARD,,132,L-MMMMx,1.0,2+2,E3,0.0,28,0.3670088358866378,0.2720542252063751
11935,JG075B,99,S075_WT,4.0,False,E3,10000.0,HEX,JG075B_099,STANDARD,,133,L-MMMMx,1.0,2+2,E3,0.0,28,-0.13349367822182193,0.1094285100698471
11936,JG075B,99,S075_WT,4.0,False,E3,10000.0,FAM,JG075B_099,STANDARD,,132,L-MMMMx,1.0,2+2,E3,0.0,29,0.45373716212323967,0.338591068983078
11937,JG075B,99,S075_WT,4.0,False,E3,10000.0,HEX,JG075B_099,STANDARD,,133,L-MMMMx,1.0,2+2,E3,0.0,29,-0.17838619802444358,0.14762930572032928
11938,JG075B,99,S075_WT,4.0,False,E3,10000.0,FAM,JG075B_099,STANDARD,,132,L-MMMMx,1.0,2+2,E3,0.0,30,0.5359621170035815,0.4016440808773041
11939,JG075B,99,S075_WT,4.0,False,E3,10000.0,HEX,JG075B_099,STANDARD,,133,L-MMMMx,1.0,2+2,E3,0.0,30,-0.22235154914539038,0.18503621220588684
11940,JG075B,99,S075_WT,4.0,False,E3,10000.0,FAM,JG075B_099,STANDARD,,132,L-MMMMx,1.0,2+2,E3,0.0,31,0.6054593019570702,0.45485082268714905
11941,JG075B,99,S075_WT,4.0,False,E3,10000.0,HEX,JG075B_099,STANDARD,,133,L-MMMMx,1.0,2+2,E3,0.0,31,-0.26320913275421476,0.2197820246219635
11942,JG075B,99,S075_WT,4.0,False,E3,10000.0,FAM,JG075B_099,STANDARD,,132,L-MMMMx,1.0,2+2,E3,0.0,32,0.6647718362561666,0.5001786351203918
11943,JG075B,99,S075_WT,4.0,False,E3,10000.0,HEX,JG075B_099,STANDARD,,133,L-MMMMx,1.0,2+2,E3,0.0,32,-0.3025053321433381,0.25319087505340576
11944,JG075B,99,S075_WT,4.0,False,E3,10000.0,FAM,JG075B_099,STANDARD,,132,L-MMMMx,1.0,2+2,E3,0.0,33,0.7131462687127774,0.5370447039604187
11945,JG075B,99,S075_WT,4.0,False,E3,10000.0,HEX,JG075B_099,STANDARD,,133,L-MMMMx,1.0,2+2,E3,0.0,33,-0.3372239167814858,0.28268006443977356
11946,JG075B,99,S075_WT,4.0,False,E3,10000.0,FAM,JG075B_099,STANDARD,,132,L-MMMMx,1.0,2+2,E3,0.0,34,0.7490331665226734,0.5642503499984741
11947,JG075B,99,S075_WT,4.0,False,E3,10000.0,HEX,JG075B_099,STANDARD,,133,L-MMMMx,1.0,2+2,E3,0.0,34,-0.36411187815992785,0.3054641783237457
11948,JG075B,99,S075_WT,4.0,False,E3,10000.0,FAM,JG075B_099,STANDARD,,132,L-MMMMx,1.0,2+2,E3,0.0,35,0.775285920758546,0.5840029716491699
11949,JG075B,99,S075_WT,4.0,False,E3,10000.0,HEX,JG075B_099,STANDARD,,133,L-MMMMx,1.0,2+2,E3,0.0,35,-0.38623629682097266,0.324169397354126
11950,JG075B,99,S075_WT,4.0,False,E3,10000.0,FAM,JG075B_099,STANDARD,,132,L-MMMMx,1.0,2+2,E3,0.0,36,0.7959565563138418,0.5994372367858887
11951,JG075B,99,S075_WT,4.0,False,E3,10000.0,HEX,JG075B_099,STANDARD,,133,L-MMMMx,1.0,2+2,E3,0.0,36,-0.4069872779150077,0.3416985869407654
11952,JG075B,99,S075_WT,4.0,False,E3,10000.0,FAM,JG075B_099,STANDARD,,132,L-MMMMx,1.0,2+2,E3,0.0,37,0.8101799025789791,0.6098838448524475
11953,JG075B,99,S075_WT,4.0,False,E3,10000.0,HEX,JG075B_099,STANDARD,,133,L-MMMMx,1.0,2+2,E3,0.0,37,-0.4230520528587344,0.3552151322364807
11954,JG075B,99,S075_WT,4.0,False,E3,10000.0,FAM,JG075B_099,STANDARD,,132,L-MMMMx,1.0,2+2,E3,0.0,38,0.821782234168121,0.6183027625083923
11955,JG075B,99,S075_WT,4.0,False,E3,10000.0,HEX,JG075B_099,STANDARD,,133,L-MMMMx,1.0,2+2,E3,0.0,38,-0.43666774369815037,0.3666346073150635
11956,JG075B,99,S075_WT,4.0,False,E3,10000.0,FAM,JG075B_099,STANDARD,,132,L-MMMMx,1.0,2+2,E3,0.0,39,0.8315282512593867,0.6252856850624084
11957,JG075B,99,S075_WT,4.0,False,E3,10000.0,HEX,JG075B_099,STANDARD,,133,L-MMMMx,1.0,2+2,E3,0.0,39,-0.4490825250367401,0.3770258128643036
11958,JG075B,99,S075_WT,4.0,False,E3,10000.0,FAM,JG075B_099,STANDARD,,132,L-MMMMx,1.0,2+2,E3,0.0,40,0.8368010997621327,0.6288081407546997
11959,JG075B,99,S075_WT,4.0,False,E3,10000.0,HEX,JG075B_099,STANDARD,,133,L-MMMMx,1.0,2+2,E3,0.0,40,-0.4592803015821573,0.3855186402797699
11960,JG075B,99,S075_WT,4.0,False,E3,10000.0,FAM,JG075B_099,STANDARD,,132,L-MMMMx,1.0,2+2,E3,0.0,41,0.8429928212446519,0.6330414414405823
11961,JG075B,99,S075_WT,4.0,False,E3,10000.0,HEX,JG075B_099,STANDARD,,133,L-MMMMx,1.0,2+2,E3,0.0,41,-0.47218861690874026,0.39633241295814514
11962,JG075B,99,S075_WT,4.0,False,E3,10000.0,FAM,JG075B_099,STANDARD,,132,L-MMMMx,1.0,2+2,E3,0.0,42,0.8495768705162876,0.6375782489776611
11963,JG075B,99,S075_WT,4.0,False,E3,10000.0,HEX,JG075B_099,STANDARD,,133,L-MMMMx,1.0,2+2,E3,0.0,42,-0.4796432076433205,0.40247634053230286
11964,JG075B,99,S075_WT,4.0,False,E3,10000.0,FAM,JG075B_099,STANDARD,,132,L-MMMMx,1.0,2+2,E3,0.0,43,0.8556238190381331,0.6416995525360107
11965,JG075B,99,S075_WT,4.0,False,E3,10000.0,HEX,JG075B_099,STANDARD,,133,L-MMMMx,1.0,2+2,E3,0.0,43,-0.4880726846263978,0.4094550311565399
11966,JG075B,99,S075_WT,4.0,False,E3,10000.0,FAM,JG075B_099,STANDARD,,132,L-MMMMx,1.0,2+2,E3,0.0,44,0.86017010606182,0.6446599364280701
11967,JG075B,99,S075_WT,4.0,False,E3,10000.0,HEX,JG075B_099,STANDARD,,133,L-MMMMx,1.0,2+2,E3,0.0,44,-0.49699346808158446,0.4168544411659241
11968,JG075B,99,S075_WT,4.0,False,E3,10000.0,FAM,JG075B_099,STANDARD,,132,L-MMMMx,1.0,2+2,E3,0.0,45,0.8631159545867775,0.646382212638855
11969,JG075B,99,S075_WT,4.0,False,E3,10000.0,HEX,JG075B_099,STANDARD,,133,L-MMMMx,1.0,2+2,E3,0.0,45,-0.5053413622954195,0.4237632751464844
11970,JG075B,99,S075_WT,4.0,False,E3,10000.0,FAM,JG075B_099,STANDARD,,132,L-MMMMx,1.0,2+2,E3,0.0,46,0.8672425618250523,0.649017870426178
11971,JG075B,99,S075_WT,4.0,False,E3,10000.0,HEX,JG075B_099,STANDARD,,133,L-MMMMx,1.0,2+2,E3,0.0,46,-0.5138588261559048,0.43081730604171753
11972,JG075B,99,S075_WT,4.0,False,E3,10000.0,FAM,JG075B_099,STANDARD,,132,L-MMMMx,1.0,2+2,E3,0.0,47,0.8706196473169552,0.6510737538337708
11973,JG075B,99,S075_WT,4.0,False,E3,10000.0,HEX,JG075B_099,STANDARD,,133,L-MMMMx,1.0,2+2,E3,0.0,47,-0.5200027326225128,0.4358389377593994
11974,JG075B,99,S075_WT,4.0,False,E3,10000.0,FAM,JG075B_099,STANDARD,,132,L-MMMMx,1.0,2+2,E3,0.0,48,0.8733512256962855,0.6526302695274353
11975,JG075B,99,S075_WT,4.0,False,E3,10000.0,HEX,JG075B_099,STANDARD,,133,L-MMMMx,1.0,2+2,E3,0.0,48,-0.5292082204515912,0.44348210096359253
11976,JG075B,99,S075_WT,4.0,False,E3,10000.0,FAM,JG075B_099,STANDARD,,132,L-MMMMx,1.0,2+2,E3,0.0,49,0.8759925039639026,0.6541169285774231
11977,JG075B,99,S075_WT,4.0,False,E3,10000.0,HEX,JG075B_099,STANDARD,,133,L-MMMMx,1.0,2+2,E3,0.0,49,-0.5380944078007084,0.4508518874645233
11978,JG075B,99,S075_WT,4.0,False,E3,10000.0,FAM,JG075B_099,STANDARD,,132,L-MMMMx,1.0,2+2,E3,0.0,50,0.878905298949675,0.6558136343955994
11979,JG075B,99,S075_WT,4.0,False,E3,10000.0,HEX,JG075B_099,STANDARD,,133,L-MMMMx,1.0,2+2,E3,0.0,50,-0.5441201863156064,0.45577237010002136
12600,JG075B,103,S075_WT,4.0,False,E7,10000.0,FAM,JG075B_103,STANDARD,,140,L-MMMMx,0.1,2+2,E7,-1.0,1,-0.00047173525723487086,0.003959144465625286
12601,JG075B,103,S075_WT,4.0,False,E7,10000.0,HEX,JG075B_103,STANDARD,,141,L-MMMMx,0.1,2+2,E7,-1.0,1,0.0014761839124561025,0.0012257563648745418
12602,JG075B,103,S075_WT,4.0,False,E7,10000.0,FAM,JG075B_103,STANDARD,,140,L-MMMMx,0.1,2+2,E7,-1.0,2,-0.0007969158216430737,0.0029666267801076174
12603,JG075B,103,S075_WT,4.0,False,E7,10000.0,HEX,JG075B_103,STANDARD,,141,L-MMMMx,0.1,2+2,E7,-1.0,2,0.0010035676908087877,0.0012864331947639585
12604,JG075B,103,S075_WT,4.0,False,E7,10000.0,FAM,JG075B_103,STANDARD,,140,L-MMMMx,0.1,2+2,E7,-1.0,3,-0.0018829249083566668,0.0013855283614248037
12605,JG075B,103,S075_WT,4.0,False,E7,10000.0,HEX,JG075B_103,STANDARD,,141,L-MMMMx,0.1,2+2,E7,-1.0,3,-6.038438810252877e-05,0.0018534513656049967
12606,JG075B,103,S075_WT,4.0,False,E7,10000.0,FAM,JG075B_103,STANDARD,,140,L-MMMMx,0.1,2+2,E7,-1.0,4,-0.002414112233595679,0.00023364296066574752
12607,JG075B,103,S075_WT,4.0,False,E7,10000.0,HEX,JG075B_103,STANDARD,,141,L-MMMMx,0.1,2+2,E7,-1.0,4,-0.0005916469263766736,0.00196434510871768
12608,JG075B,103,S075_WT,4.0,False,E7,10000.0,FAM,JG075B_103,STANDARD,,140,L-MMMMx,0.1,2+2,E7,-1.0,5,-0.0013380808469391557,0.00032511044992133975
12609,JG075B,103,S075_WT,4.0,False,E7,10000.0,HEX,JG075B_103,STANDARD,,141,L-MMMMx,0.1,2+2,E7,-1.0,5,-0.0007781143693014463,0.0017800021450966597
12610,JG075B,103,S075_WT,4.0,False,E7,10000.0,FAM,JG075B_103,STANDARD,,140,L-MMMMx,0.1,2+2,E7,-1.0,6,-0.0006541461057685564,0.0001132499091909267
12611,JG075B,103,S075_WT,4.0,False,E7,10000.0,HEX,JG075B_103,STANDARD,,141,L-MMMMx,0.1,2+2,E7,-1.0,6,-0.0004902253437947254,0.001189483213238418
12612,JG075B,103,S075_WT,4.0,False,E7,10000.0,FAM,JG075B_103,STANDARD,,140,L-MMMMx,0.1,2+2,E7,-1.0,7,-8.410738860848345e-05,-0.00018672119767870754
12613,JG075B,103,S075_WT,4.0,False,E7,10000.0,HEX,JG075B_103,STANDARD,,141,L-MMMMx,0.1,2+2,E7,-1.0,7,-0.00022069592186109213,0.0006146851228550076
12614,JG075B,103,S075_WT,4.0,False,E7,10000.0,FAM,JG075B_103,STANDARD,,140,L-MMMMx,0.1,2+2,E7,-1.0,8,0.0014507633668886868,0.00025970686692744493
12615,JG075B,103,S075_WT,4.0,False,E7,10000.0,HEX,JG075B_103,STANDARD,,141,L-MMMMx,0.1,2+2,E7,-1.0,8,7.236163659464028e-05,1.974061888176948e-05
12616,JG075B,103,S075_WT,4.0,False,E7,10000.0,FAM,JG075B_103,STANDARD,,140,L-MMMMx,0.1,2+2,E7,-1.0,9,0.0026003562140045713,0.00040808189078234136
12617,JG075B,103,S075_WT,4.0,False,E7,10000.0,HEX,JG075B_103,STANDARD,,141,L-MMMMx,0.1,2+2,E7,-1.0,9,0.0008817156109805787,-0.0010172915644943714
12618,JG075B,103,S075_WT,4.0,False,E7,10000.0,FAM,JG075B_103,STANDARD,,140,L-MMMMx,0.1,2+2,E7,-1.0,10,0.002322251902375284,-0.0005480171530507505
12619,JG075B,103,S075_WT,4.0,False,E7,10000.0,HEX,JG075B_103,STANDARD,,141,L-MMMMx,0.1,2+2,E7,-1.0,10,0.0011869897018612471,-0.001622696639969945
12620,JG075B,103,S075_WT,4.0,False,E7,10000.0,FAM,JG075B_103,STANDARD,,140,L-MMMMx,0.1,2+2,E7,-1.0,11,0.002941562736805596,-0.0008098710677586496
12621,JG075B,103,S075_WT,4.0,False,E7,10000.0,HEX,JG075B_103,STANDARD,,141,L-MMMMx,0.1,2+2,E7,-1.0,11,0.0008422468139154005,-0.0016715135425329208
12622,JG075B,103,S075_WT,4.0,False,E7,10000.0,FAM,JG075B_103,STANDARD,,140,L-MMMMx,0.1,2+2,E7,-1.0,12,0.0036099530688139267,-0.0010337568819522858
12623,JG075B,103,S075_WT,4.0,False,E7,10000.0,HEX,JG075B_103,STANDARD,,141,L-MMMMx,0.1,2+2,E7,-1.0,12,0.00029934202465509857,-0.0015506510389968753
12624,JG075B,103,S075_WT,4.0,False,E7,10000.0,FAM,JG075B_103,STANDARD,,140,L-MMMMx,0.1,2+2,E7,-1.0,13,0.005169402097038551,-0.0005683149211108685
12625,JG075B,103,S075_WT,4.0,False,E7,10000.0,HEX,JG075B_103,STANDARD,,141,L-MMMMx,0.1,2+2,E7,-1.0,13,-0.0005154415196974781,-0.001196987577714026
12626,JG075B,103,S075_WT,4.0,False,E7,10000.0,FAM,JG075B_103,STANDARD,,140,L-MMMMx,0.1,2+2,E7,-1.0,14,0.006175300653757255,-0.000531102588865906
12627,JG075B,103,S075_WT,4.0,False,E7,10000.0,HEX,JG075B_103,STANDARD,,141,L-MMMMx,0.1,2+2,E7,-1.0,14,-0.0012829773638595968,-0.000883780827280134
12628,JG075B,103,S075_WT,4.0,False,E7,10000.0,FAM,JG075B_103,STANDARD,,140,L-MMMMx,0.1,2+2,E7,-1.0,15,0.006694680391863094,-0.0008702637278474867
12629,JG075B,103,S075_WT,4.0,False,E7,10000.0,HEX,JG075B_103,STANDARD,,141,L-MMMMx,0.1,2+2,E7,-1.0,15,-0.0021466444403797596,-0.0004882600042037666
12630,JG075B,103,S075_WT,4.0,False,E7,10000.0,FAM,JG075B_103,STANDARD,,140,L-MMMMx,0.1,2+2,E7,-1.0,16,0.006996669545327838,-0.001377599430270493
12631,JG075B,103,S075_WT,4.0,False,E7,10000.0,HEX,JG075B_103,STANDARD,,141,L-MMMMx,0.1,2+2,E7,-1.0,16,-0.0015199815733969258,-0.0013688597828149796
12632,JG075B,103,S075_WT,4.0,False,E7,10000.0,FAM,JG075B_103,STANDARD,,140,L-MMMMx,0.1,2+2,E7,-1.0,17,0.008651118605756066,-0.0008386649424210191
12633,JG075B,103,S075_WT,4.0,False,E7,10000.0,HEX,JG075B_103,STANDARD,,141,L-MMMMx,0.1,2+2,E7,-1.0,17,-0.0012398192436119592,-0.001952762482687831
12634,JG075B,103,S075_WT,4.0,False,E7,10000.0,FAM,JG075B_103,STANDARD,,140,L-MMMMx,0.1,2+2,E7,-1.0,18,0.01104665267003699,0.0002735768212005496
12635,JG075B,103,S075_WT,4.0,False,E7,10000.0,HEX,JG075B_103,STANDARD,,141,L-MMMMx,0.1,2+2,E7,-1.0,18,-0.0018850331413141407,-0.001744296052493155
12636,JG075B,103,S075_WT,4.0,False,E7,10000.0,FAM,JG075B_103,STANDARD,,140,L-MMMMx,0.1,2+2,E7,-1.0,19,0.013075323268512995,0.0011020110687240958
12637,JG075B,103,S075_WT,4.0,False,E7,10000.0,HEX,JG075B_103,STANDARD,,141,L-MMMMx,0.1,2+2,E7,-1.0,19,-0.0018535172720526602,-0.0021152908448129892
12638,JG075B,103,S075_WT,4.0,False,E7,10000.0,FAM,JG075B_103,STANDARD,,140,L-MMMMx,0.1,2+2,E7,-1.0,20,0.016051451609087726,0.0026634035166352987
12639,JG075B,103,S075_WT,4.0,False,E7,10000.0,HEX,JG075B_103,STANDARD,,141,L-MMMMx,0.1,2+2,E7,-1.0,20,-0.0025970899179966348,-0.0018226030515506864
12640,JG075B,103,S075_WT,4.0,False,E7,10000.0,FAM,JG075B_103,STANDARD,,140,L-MMMMx,0.1,2+2,E7,-1.0,21,0.022869726426464693,0.007197101134806871
12641,JG075B,103,S075_WT,4.0,False,E7,10000.0,HEX,JG075B_103,STANDARD,,141,L-MMMMx,0.1,2+2,E7,-1.0,21,-0.0052758517928832675,0.0001271237269975245
12642,JG075B,103,S075_WT,4.0,False,E7,10000.0,FAM,JG075B_103,STANDARD,,140,L-MMMMx,0.1,2+2,E7,-1.0,22,0.033906950362567446,0.014994599856436253
12643,JG075B,103,S075_WT,4.0,False,E7,10000.0,HEX,JG075B_103,STANDARD,,141,L-MMMMx,0.1,2+2,E7,-1.0,22,-0.009258510973283807,0.003193334909155965
12644,JG075B,103,S075_WT,4.0,False,E7,10000.0,FAM,JG075B_103,STANDARD,,140,L-MMMMx,0.1,2+2,E7,-1.0,23,0.05446232229403793,0.03015538863837719
12645,JG075B,103,S075_WT,4.0,False,E7,10000.0,HEX,JG075B_103,STANDARD,,141,L-MMMMx,0.1,2+2,E7,-1.0,23,-0.013747181711120056,0.006692827213555574
12646,JG075B,103,S075_WT,4.0,False,E7,10000.0,FAM,JG075B_103,STANDARD,,140,L-MMMMx,0.1,2+2,E7,-1.0,24,0.08853790156616062,0.0557754784822464
12647,JG075B,103,S075_WT,4.0,False,E7,10000.0,HEX,JG075B_103,STANDARD,,141,L-MMMMx,0.1,2+2,E7,-1.0,24,-0.02146065155731476,0.012953609228134155
12648,JG075B,103,S075_WT,4.0,False,E7,10000.0,FAM,JG075B_103,STANDARD,,140,L-MMMMx,0.1,2+2,E7,-1.0,25,0.14046404852764216,0.09520486742258072
12649,JG075B,103,S075_WT,4.0,False,E7,10000.0,HEX,JG075B_103,STANDARD,,141,L-MMMMx,0.1,2+2,E7,-1.0,25,-0.038087943871559435,0.026847003027796745
12650,JG075B,103,S075_WT,4.0,False,E7,10000.0,FAM,JG075B_103,STANDARD,,140,L-MMMMx,0.1,2+2,E7,-1.0,26,0.20874491717262944,0.14728635549545288
12651,JG075B,103,S075_WT,4.0,False,E7,10000.0,HEX,JG075B_103,STANDARD,,141,L-MMMMx,0.1,2+2,E7,-1.0,26,-0.05964512909330108,0.044961705803871155
12652,JG075B,103,S075_WT,4.0,False,E7,10000.0,FAM,JG075B_103,STANDARD,,140,L-MMMMx,0.1,2+2,E7,-1.0,27,0.2886973834480815,0.2083970457315445
12653,JG075B,103,S075_WT,4.0,False,E7,10000.0,HEX,JG075B_103,STANDARD,,141,L-MMMMx,0.1,2+2,E7,-1.0,27,-0.09231025733105333,0.07258777320384979
12654,JG075B,103,S075_WT,4.0,False,E7,10000.0,FAM,JG075B_103,STANDARD,,140,L-MMMMx,0.1,2+2,E7,-1.0,28,0.37171943713877414,0.27188238501548767
12655,JG075B,103,S075_WT,4.0,False,E7,10000.0,HEX,JG075B_103,STANDARD,,141,L-MMMMx,0.1,2+2,E7,-1.0,28,-0.13237696838633975,0.10655157268047333
12656,JG075B,103,S075_WT,4.0,False,E7,10000.0,FAM,JG075B_103,STANDARD,,140,L-MMMMx,0.1,2+2,E7,-1.0,29,0.450780420954687,0.3323034346103668
12657,JG075B,103,S075_WT,4.0,False,E7,10000.0,HEX,JG075B_103,STANDARD,,141,L-MMMMx,0.1,2+2,E7,-1.0,29,-0.17668462604973453,0.14414675533771515
12658,JG075B,103,S075_WT,4.0,False,E7,10000.0,FAM,JG075B_103,STANDARD,,140,L-MMMMx,0.1,2+2,E7,-1.0,30,0.5213125129905429,0.38612645864486694
12659,JG075B,103,S075_WT,4.0,False,E7,10000.0,HEX,JG075B_103,STANDARD,,141,L-MMMMx,0.1,2+2,E7,-1.0,30,-0.22114469452648772,0.1818724423646927
12660,JG075B,103,S075_WT,4.0,False,E7,10000.0,FAM,JG075B_103,STANDARD,,140,L-MMMMx,0.1,2+2,E7,-1.0,31,0.5788871553785407,0.4299255609512329
12661,JG075B,103,S075_WT,4.0,False,E7,10000.0,HEX,JG075B_103,STANDARD,,141,L-MMMMx,0.1,2+2,E7,-1.0,31,-0.2645808714053014,0.218721404671669
12662,JG075B,103,S075_WT,4.0,False,E7,10000.0,FAM,JG075B_103,STANDARD,,140,L-MMMMx,0.1,2+2,E7,-1.0,32,0.6231047007812595,0.4633915424346924
12663,JG075B,103,S075_WT,4.0,False,E7,10000.0,HEX,JG075B_103,STANDARD,,141,L-MMMMx,0.1,2+2,E7,-1.0,32,-0.3084083253710698,0.2559053897857666
12664,JG075B,103,S075_WT,4.0,False,E7,10000.0,FAM,JG075B_103,STANDARD,,140,L-MMMMx,0.1,2+2,E7,-1.0,33,0.6574018697473136,0.4891830384731293
12665,JG075B,103,S075_WT,4.0,False,E7,10000.0,HEX,JG075B_103,STANDARD,,141,L-MMMMx,0.1,2+2,E7,-1.0,33,-0.3474699394936859,0.28900855779647827
12666,JG075B,103,S075_WT,4.0,False,E7,10000.0,FAM,JG075B_103,STANDARD,,140,L-MMMMx,0.1,2+2,E7,-1.0,34,0.6833653862533465,0.5085275769233704
12667,JG075B,103,S075_WT,4.0,False,E7,10000.0,HEX,JG075B_103,STANDARD,,141,L-MMMMx,0.1,2+2,E7,-1.0,34,-0.38372095064504586,0.3197050988674164
12668,JG075B,103,S075_WT,4.0,False,E7,10000.0,FAM,JG075B_103,STANDARD,,140,L-MMMMx,0.1,2+2,E7,-1.0,35,0.7035426842529249,0.5233958959579468
12669,JG075B,103,S075_WT,4.0,False,E7,10000.0,HEX,JG075B_103,STANDARD,,141,L-MMMMx,0.1,2+2,E7,-1.0,35,-0.41547272776058963,0.3465490937232971
12670,JG075B,103,S075_WT,4.0,False,E7,10000.0,FAM,JG075B_103,STANDARD,,140,L-MMMMx,0.1,2+2,E7,-1.0,36,0.7210530470418822,0.5362010598182678
12671,JG075B,103,S075_WT,4.0,False,E7,10000.0,HEX,JG075B_103,STANDARD,,141,L-MMMMx,0.1,2+2,E7,-1.0,36,-0.4415653615537263,0.36854735016822815
12672,JG075B,103,S075_WT,4.0,False,E7,10000.0,FAM,JG075B_103,STANDARD,,140,L-MMMMx,0.1,2+2,E7,-1.0,37,0.7319258122847663,0.5438713431358337
12673,JG075B,103,S075_WT,4.0,False,E7,10000.0,HEX,JG075B_103,STANDARD,,141,L-MMMMx,0.1,2+2,E7,-1.0,37,-0.463335709604062,0.38684457540512085
12674,JG075B,103,S075_WT,4.0,False,E7,10000.0,FAM,JG075B_103,STANDARD,,140,L-MMMMx,0.1,2+2,E7,-1.0,38,0.7405520925812105,0.5498037338256836
12675,JG075B,103,S075_WT,4.0,False,E7,10000.0,HEX,JG075B_103,STANDARD,,141,L-MMMMx,0.1,2+2,E7,-1.0,38,-0.48607502706382855,0.405971497297287
12676,JG075B,103,S075_WT,4.0,False,E7,10000.0,FAM,JG075B_103,STANDARD,,140,L-MMMMx,0.1,2+2,E7,-1.0,39,0.7493949544595883,0.5559036731719971
12677,JG075B,103,S075_WT,4.0,False,E7,10000.0,HEX,JG075B_103,STANDARD,,141,L-MMMMx,0.1,2+2,E7,-1.0,39,-0.5045346600220709,0.42143386602401733
12678,JG075B,103,S075_WT,4.0,False,E7,10000.0,FAM,JG075B_103,STANDARD,,140,L-MMMMx,0.1,2+2,E7,-1.0,40,0.7571604558754333,0.5611701011657715
12679,JG075B,103,S075_WT,4.0,False,E7,10000.0,HEX,JG075B_103,STANDARD,,141,L-MMMMx,0.1,2+2,E7,-1.0,40,-0.5208441136636531,0.43505510687828064
12680,JG075B,103,S075_WT,4.0,False,E7,10000.0,FAM,JG075B_103,STANDARD,,140,L-MMMMx,0.1,2+2,E7,-1.0,41,0.7653649760937894,0.5667762160301208
12681,JG075B,103,S075_WT,4.0,False,E7,10000.0,HEX,JG075B_103,STANDARD,,141,L-MMMMx,0.1,2+2,E7,-1.0,41,-0.5341015921050137,0.4460630416870117
12682,JG075B,103,S075_WT,4.0,False,E7,10000.0,FAM,JG075B_103,STANDARD,,140,L-MMMMx,0.1,2+2,E7,-1.0,42,0.7720602054517753,0.5712147355079651
12683,JG075B,103,S075_WT,4.0,False,E7,10000.0,HEX,JG075B_103,STANDARD,,141,L-MMMMx,0.1,2+2,E7,-1.0,42,-0.5459949258971921,0.45590290427207947
12684,JG075B,103,S075_WT,4.0,False,E7,10000.0,FAM,JG075B_103,STANDARD,,140,L-MMMMx,0.1,2+2,E7,-1.0,43,0.7765943959587907,0.5739814639091492
12685,JG075B,103,S075_WT,4.0,False,E7,10000.0,HEX,JG075B_103,STANDARD,,141,L-MMMMx,0.1,2+2,E7,-1.0,43,-0.5575006023157268,0.46541082859039307
12686,JG075B,103,S075_WT,4.0,False,E7,10000.0,FAM,JG075B_103,STANDARD,,140,L-MMMMx,0.1,2+2,E7,-1.0,44,0.7806015019400113,0.5763404369354248
12687,JG075B,103,S075_WT,4.0,False,E7,10000.0,HEX,JG075B_103,STANDARD,,141,L-MMMMx,0.1,2+2,E7,-1.0,44,-0.5662136003048825,0.47252747416496277
12688,JG075B,103,S075_WT,4.0,False,E7,10000.0,FAM,JG075B_103,STANDARD,,140,L-MMMMx,0.1,2+2,E7,-1.0,45,0.7833655945233887,0.5777377486228943
12689,JG075B,103,S075_WT,4.0,False,E7,10000.0,HEX,JG075B_103,STANDARD,,141,L-MMMMx,0.1,2+2,E7,-1.0,45,-0.5778036438875143,0.48210763931274414
12690,JG075B,103,S075_WT,4.0,False,E7,10000.0,FAM,JG075B_103,STANDARD,,140,L-MMMMx,0.1,2+2,E7,-1.0,46,0.787323852150662,0.5800589323043823
12691,JG075B,103,S075_WT,4.0,False,E7,10000.0,HEX,JG075B_103,STANDARD,,141,L-MMMMx,0.1,2+2,E7,-1.0,46,-0.587829205611169,0.4903481900691986
12692,JG075B,103,S075_WT,4.0,False,E7,10000.0,FAM,JG075B_103,STANDARD,,140,L-MMMMx,0.1,2+2,E7,-1.0,47,0.7916477019537717,0.5826629400253296
12693,JG075B,103,S075_WT,4.0,False,E7,10000.0,HEX,JG075B_103,STANDARD,,141,L-MMMMx,0.1,2+2,E7,-1.0,47,-0.5975587165518994,0.49833524227142334
12694,JG075B,103,S075_WT,4.0,False,E7,10000.0,FAM,JG075B_103,STANDARD,,140,L-MMMMx,0.1,2+2,E7,-1.0,48,0.7969536039957029,0.586026668548584
12695,JG075B,103,S075_WT,4.0,False,E7,10000.0,HEX,JG075B_103,STANDARD,,141,L-MMMMx,0.1,2+2,E7,-1.0,48,-0.6085070963402687,0.5073659420013428
12696,JG075B,103,S075_WT,4.0,False,E7,10000.0,FAM,JG075B_103,STANDARD,,140,L-MMMMx,0.1,2+2,E7,-1.0,49,0.7980919093288547,0.5861663222312927
12697,JG075B,103,S075_WT,4.0,False,E7,10000.0,HEX,JG075B_103,STANDARD,,141,L-MMMMx,0.1,2+2,E7,-1.0,49,-0.6176083781919104,0.514815092086792
12698,JG075B,103,S075_WT,4.0,False,E7,10000.0,FAM,JG075B_103,STANDARD,,140,L-MMMMx,0.1,2+2,E7,-1.0,50,0.79919446444713,0.5862783193588257
12699,JG075B,103,S075_WT,4.0,False,E7,10000.0,HEX,JG075B_103,STANDARD,,141,L-MMMMx,0.1,2+2,E7,-1.0,50,-0.6231422237458566,0.5192095041275024
12780,JG075B,104,S075_WT,4.0,False,E8,10000.0,FAM,JG075B_104,STANDARD,,142,L-MMMMx,0.0,2+2,E8,-2.0,1,-0.0028924061913506898,0.0021281142253428698
12781,JG075B,104,S075_WT,4.0,False,E8,10000.0,HEX,JG075B_104,STANDARD,,143,L-MMMMx,0.0,2+2,E8,-2.0,1,0.0011255937953154145,0.0011938073439523578
12782,JG075B,104,S075_WT,4.0,False,E8,10000.0,FAM,JG075B_104,STANDARD,,142,L-MMMMx,0.0,2+2,E8,-2.0,2,-0.0034266561696960226,0.000970036955550313
12783,JG075B,104,S075_WT,4.0,False,E8,10000.0,HEX,JG075B_104,STANDARD,,143,L-MMMMx,0.0,2+2,E8,-2.0,2,0.0006157710974223541,0.0012779051903635263
12784,JG075B,104,S075_WT,4.0,False,E8,10000.0,FAM,JG075B_104,STANDARD,,142,L-MMMMx,0.0,2+2,E8,-2.0,3,-0.004066635097101694,-0.00026983284624293447
12785,JG075B,104,S075_WT,4.0,False,E8,10000.0,HEX,JG075B_104,STANDARD,,143,L-MMMMx,0.0,2+2,E8,-2.0,3,-0.0002956831557913624,0.0017059070523828268
12786,JG075B,104,S075_WT,4.0,False,E8,10000.0,FAM,JG075B_104,STANDARD,,142,L-MMMMx,0.0,2+2,E8,-2.0,4,-0.0027855215241370233,-2.353533091081772e-05
12787,JG075B,104,S075_WT,4.0,False,E8,10000.0,HEX,JG075B_104,STANDARD,,143,L-MMMMx,0.0,2+2,E8,-2.0,4,-0.00018693513424802082,0.0012603432405740023
12788,JG075B,104,S075_WT,4.0,False,E8,10000.0,FAM,JG075B_104,STANDARD,,142,L-MMMMx,0.0,2+2,E8,-2.0,5,-0.0008402167284544491,0.0007365840137936175
12789,JG075B,104,S075_WT,4.0,False,E8,10000.0,HEX,JG075B_104,STANDARD,,143,L-MMMMx,0.0,2+2,E8,-2.0,5,-0.0004666624023369426,0.001147418050095439
12790,JG075B,104,S075_WT,4.0,False,E8,10000.0,FAM,JG075B_104,STANDARD,,142,L-MMMMx,0.0,2+2,E8,-2.0,6,0.0005755765333114389,0.0010870704427361488
12791,JG075B,104,S075_WT,4.0,False,E8,10000.0,HEX,JG075B_104,STANDARD,,143,L-MMMMx,0.0,2+2,E8,-2.0,6,-0.0011892998794672447,0.0014137423131614923
12792,JG075B,104,S075_WT,4.0,False,E8,10000.0,FAM,JG075B_104,STANDARD,,142,L-MMMMx,0.0,2+2,E8,-2.0,7,0.0007248953187214843,0.0004578055231831968
12793,JG075B,104,S075_WT,4.0,False,E8,10000.0,HEX,JG075B_104,STANDARD,,143,L-MMMMx,0.0,2+2,E8,-2.0,7,0.0003450061002719538,-0.00025247997837141156
12794,JG075B,104,S075_WT,4.0,False,E8,10000.0,FAM,JG075B_104,STANDARD,,142,L-MMMMx,0.0,2+2,E8,-2.0,8,0.0012788310296118466,0.00014155441022012383
12795,JG075B,104,S075_WT,4.0,False,E8,10000.0,HEX,JG075B_104,STANDARD,,143,L-MMMMx,0.0,2+2,E8,-2.0,8,0.0007661110171075722,-0.0009655047906562686
12796,JG075B,104,S075_WT,4.0,False,E8,10000.0,FAM,JG075B_104,STANDARD,,142,L-MMMMx,0.0,2+2,E8,-2.0,9,0.0021555010348192,7.497223123209551e-05
12797,JG075B,104,S075_WT,4.0,False,E8,10000.0,HEX,JG075B_104,STANDARD,,143,L-MMMMx,0.0,2+2,E8,-2.0,9,0.0007166009960976815,-0.0012755574425682425
12798,JG075B,104,S075_WT,4.0,False,E8,10000.0,FAM,JG075B_104,STANDARD,,142,L-MMMMx,0.0,2+2,E8,-2.0,10,0.002957569433229196,-4.9322137783747166e-05
12799,JG075B,104,S075_WT,4.0,False,E8,10000.0,HEX,JG075B_104,STANDARD,,143,L-MMMMx,0.0,2+2,E8,-2.0,10,0.0003108624583663631,-0.001280583324842155
12800,JG075B,104,S075_WT,4.0,False,E8,10000.0,FAM,JG075B_104,STANDARD,,142,L-MMMMx,0.0,2+2,E8,-2.0,11,0.0031180601607880844,-0.0006699443911202252
12801,JG075B,104,S075_WT,4.0,False,E8,10000.0,HEX,JG075B_104,STANDARD,,143,L-MMMMx,0.0,2+2,E8,-2.0,11,-0.0007031097329033343,-0.0007647987804375589
12802,JG075B,104,S075_WT,4.0,False,E8,10000.0,FAM,JG075B_104,STANDARD,,142,L-MMMMx,0.0,2+2,E8,-2.0,12,0.0035000827963708285,-0.0011191883822903037
12803,JG075B,104,S075_WT,4.0,False,E8,10000.0,HEX,JG075B_104,STANDARD,,143,L-MMMMx,0.0,2+2,E8,-2.0,12,-0.0006039156662051351,-0.001202181912958622
12804,JG075B,104,S075_WT,4.0,False,E8,10000.0,FAM,JG075B_104,STANDARD,,142,L-MMMMx,0.0,2+2,E8,-2.0,13,0.00505294423112148,-0.0006626652902923524
12805,JG075B,104,S075_WT,4.0,False,E8,10000.0,HEX,JG075B_104,STANDARD,,143,L-MMMMx,0.0,2+2,E8,-2.0,13,-0.0007120720038418558,-0.0014620176516473293
12806,JG075B,104,S075_WT,4.0,False,E8,10000.0,FAM,JG075B_104,STANDARD,,142,L-MMMMx,0.0,2+2,E8,-2.0,14,0.006807825199073957,-4.985880877939053e-05
12807,JG075B,104,S075_WT,4.0,False,E8,10000.0,HEX,JG075B_104,STANDARD,,143,L-MMMMx,0.0,2+2,E8,-2.0,14,-0.0011131988875951,-0.0014709923416376114
12808,JG075B,104,S075_WT,4.0,False,E8,10000.0,FAM,JG075B_104,STANDARD,,142,L-MMMMx,0.0,2+2,E8,-2.0,15,0.007301278326606792,-0.0004128995933569968
12809,JG075B,104,S075_WT,4.0,False,E8,10000.0,HEX,JG075B_104,STANDARD,,143,L-MMMMx,0.0,2+2,E8,-2.0,15,-0.0030026544310495355,-0.00020556013623718172
12810,JG075B,104,S075_WT,4.0,False,E8,10000.0,FAM,JG075B_104,STANDARD,,142,L-MMMMx,0.0,2+2,E8,-2.0,16,0.007901943574830072,-0.0006930005038157105
12811,JG075B,104,S075_WT,4.0,False,E8,10000.0,HEX,JG075B_104,STANDARD,,143,L-MMMMx,0.0,2+2,E8,-2.0,16,-0.0031903748516589167,-0.0003972677804995328
12812,JG075B,104,S075_WT,4.0,False,E8,10000.0,FAM,JG075B_104,STANDARD,,142,L-MMMMx,0.0,2+2,E8,-2.0,17,0.008200619669588608,-0.001206721761263907
12813,JG075B,104,S075_WT,4.0,False,E8,10000.0,HEX,JG075B_104,STANDARD,,143,L-MMMMx,0.0,2+2,E8,-2.0,17,-0.003833326428541666,-0.0001991759636439383
12814,JG075B,104,S075_WT,4.0,False,E8,10000.0,FAM,JG075B_104,STANDARD,,142,L-MMMMx,0.0,2+2,E8,-2.0,18,0.009558704071564957,-0.0009008792694658041
12815,JG075B,104,S075_WT,4.0,False,E8,10000.0,HEX,JG075B_104,STANDARD,,143,L-MMMMx,0.0,2+2,E8,-2.0,18,-0.005029833105003891,0.0004729068896267563
12816,JG075B,104,S075_WT,4.0,False,E8,10000.0,FAM,JG075B_104,STANDARD,,142,L-MMMMx,0.0,2+2,E8,-2.0,19,0.012841097722771746,0.0008936190861277282
12817,JG075B,104,S075_WT,4.0,False,E8,10000.0,HEX,JG075B_104,STANDARD,,143,L-MMMMx,0.0,2+2,E8,-2.0,19,-0.005046226229710857,0.00013449732796289027
12818,JG075B,104,S075_WT,4.0,False,E8,10000.0,FAM,JG075B_104,STANDARD,,142,L-MMMMx,0.0,2+2,E8,-2.0,20,0.01609521480316043,0.002666242653504014
12819,JG075B,104,S075_WT,4.0,False,E8,10000.0,HEX,JG075B_104,STANDARD,,143,L-MMMMx,0.0,2+2,E8,-2.0,20,-0.004805080232827182,-0.0004244345473125577
12820,JG075B,104,S075_WT,4.0,False,E8,10000.0,FAM,JG075B_104,STANDARD,,142,L-MMMMx,0.0,2+2,E8,-2.0,21,0.021535680962077575,0.006130237132310867
12821,JG075B,104,S075_WT,4.0,False,E8,10000.0,HEX,JG075B_104,STANDARD,,143,L-MMMMx,0.0,2+2,E8,-2.0,21,-0.0066022504893166085,0.0007619768148288131
12822,JG075B,104,S075_WT,4.0,False,E8,10000.0,FAM,JG075B_104,STANDARD,,142,L-MMMMx,0.0,2+2,E8,-2.0,22,0.033653308751850276,0.014759719371795654
12823,JG075B,104,S075_WT,4.0,False,E8,10000.0,HEX,JG075B_104,STANDARD,,143,L-MMMMx,0.0,2+2,E8,-2.0,22,-0.009631950530700765,0.0030037628021091223
12824,JG075B,104,S075_WT,4.0,False,E8,10000.0,FAM,JG075B_104,STANDARD,,142,L-MMMMx,0.0,2+2,E8,-2.0,23,0.05386050132766133,0.029647331684827805
12825,JG075B,104,S075_WT,4.0,False,E8,10000.0,HEX,JG075B_104,STANDARD,,143,L-MMMMx,0.0,2+2,E8,-2.0,23,-0.015078018036853054,0.007314605172723532
12826,JG075B,104,S075_WT,4.0,False,E8,10000.0,FAM,JG075B_104,STANDARD,,142,L-MMMMx,0.0,2+2,E8,-2.0,24,0.0862447641302646,0.053955189883708954
12827,JG075B,104,S075_WT,4.0,False,E8,10000.0,HEX,JG075B_104,STANDARD,,143,L-MMMMx,0.0,2+2,E8,-2.0,24,-0.025083758349636092,0.015529745258390903
12828,JG075B,104,S075_WT,4.0,False,E8,10000.0,FAM,JG075B_104,STANDARD,,142,L-MMMMx,0.0,2+2,E8,-2.0,25,0.1309757180606303,0.08781450986862183
12829,JG075B,104,S075_WT,4.0,False,E8,10000.0,HEX,JG075B_104,STANDARD,,143,L-MMMMx,0.0,2+2,E8,-2.0,25,-0.039646961355633975,0.027647290378808975
12830,JG075B,104,S075_WT,4.0,False,E8,10000.0,FAM,JG075B_104,STANDARD,,142,L-MMMMx,0.0,2+2,E8,-2.0,26,0.18386450119595762,0.12798477709293365
12831,JG075B,104,S075_WT,4.0,False,E8,10000.0,HEX,JG075B_104,STANDARD,,143,L-MMMMx,0.0,2+2,E8,-2.0,26,-0.061900280095982876,0.04634962975978851
12832,JG075B,104,S075_WT,4.0,False,E8,10000.0,FAM,JG075B_104,STANDARD,,142,L-MMMMx,0.0,2+2,E8,-2.0,27,0.24023068615889667,0.1708451807498932
12833,JG075B,104,S075_WT,4.0,False,E8,10000.0,HEX,JG075B_104,STANDARD,,143,L-MMMMx,0.0,2+2,E8,-2.0,27,-0.0910882212342672,0.07098985463380814
12834,JG075B,104,S075_WT,4.0,False,E8,10000.0,FAM,JG075B_104,STANDARD,,142,L-MMMMx,0.0,2+2,E8,-2.0,28,0.29379371526487585,0.21153703331947327
12835,JG075B,104,S075_WT,4.0,False,E8,10000.0,HEX,JG075B_104,STANDARD,,143,L-MMMMx,0.0,2+2,E8,-2.0,28,-0.12846625100799716,0.10264299064874649
12836,JG075B,104,S075_WT,4.0,False,E8,10000.0,FAM,JG075B_104,STANDARD,,142,L-MMMMx,0.0,2+2,E8,-2.0,29,0.33685234502737516,0.24410264194011688
12837,JG075B,104,S075_WT,4.0,False,E8,10000.0,HEX,JG075B_104,STANDARD,,143,L-MMMMx,0.0,2+2,E8,-2.0,29,-0.17195077194247532,0.139524906873703
12838,JG075B,104,S075_WT,4.0,False,E8,10000.0,FAM,JG075B_104,STANDARD,,142,L-MMMMx,0.0,2+2,E8,-2.0,30,0.37116523176031463,0.2699024975299835
12839,JG075B,104,S075_WT,4.0,False,E8,10000.0,HEX,JG075B_104,STANDARD,,143,L-MMMMx,0.0,2+2,E8,-2.0,30,-0.2189819854329815,0.17944374680519104
12840,JG075B,104,S075_WT,4.0,False,E8,10000.0,FAM,JG075B_104,STANDARD,,142,L-MMMMx,0.0,2+2,E8,-2.0,31,0.39917621854678437,0.2908271551132202
12841,JG075B,104,S075_WT,4.0,False,E8,10000.0,HEX,JG075B_104,STANDARD,,143,L-MMMMx,0.0,2+2,E8,-2.0,31,-0.26946000131410386,0.22231397032737732
12842,JG075B,104,S075_WT,4.0,False,E8,10000.0,FAM,JG075B_104,STANDARD,,142,L-MMMMx,0.0,2+2,E8,-2.0,32,0.422413550024869,0.3080589175224304
12843,JG075B,104,S075_WT,4.0,False,E8,10000.0,HEX,JG075B_104,STANDARD,,143,L-MMMMx,0.0,2+2,E8,-2.0,32,-0.31977245011617944,0.26504242420196533
12844,JG075B,104,S075_WT,4.0,False,E8,10000.0,FAM,JG075B_104,STANDARD,,142,L-MMMMx,0.0,2+2,E8,-2.0,33,0.4404312730831376,0.3212527334690094
12845,JG075B,104,S075_WT,4.0,False,E8,10000.0,HEX,JG075B_104,STANDARD,,143,L-MMMMx,0.0,2+2,E8,-2.0,33,-0.36599751168638256,0.30427098274230957
12846,JG075B,104,S075_WT,4.0,False,E8,10000.0,FAM,JG075B_104,STANDARD,,142,L-MMMMx,0.0,2+2,E8,-2.0,34,0.45390548284128734,0.3309316635131836
12847,JG075B,104,S075_WT,4.0,False,E8,10000.0,HEX,JG075B_104,STANDARD,,143,L-MMMMx,0.0,2+2,E8,-2.0,34,-0.4107503244771703,0.3422388732433319
12848,JG075B,104,S075_WT,4.0,False,E8,10000.0,FAM,JG075B_104,STANDARD,,142,L-MMMMx,0.0,2+2,E8,-2.0,35,0.46554510560284335,0.33919137716293335
12849,JG075B,104,S075_WT,4.0,False,E8,10000.0,HEX,JG075B_104,STANDARD,,143,L-MMMMx,0.0,2+2,E8,-2.0,35,-0.45280220464904103,0.3778940737247467
12850,JG075B,104,S075_WT,4.0,False,E8,10000.0,FAM,JG075B_104,STANDARD,,142,L-MMMMx,0.0,2+2,E8,-2.0,36,0.4757829192922888,0.34636661410331726
12851,JG075B,104,S075_WT,4.0,False,E8,10000.0,HEX,JG075B_104,STANDARD,,143,L-MMMMx,0.0,2+2,E8,-2.0,36,-0.4886746773199064,0.4082580506801605
12852,JG075B,104,S075_WT,4.0,False,E8,10000.0,FAM,JG075B_104,STANDARD,,142,L-MMMMx,0.0,2+2,E8,-2.0,37,0.4838639317639925,0.35187336802482605
12853,JG075B,104,S075_WT,4.0,False,E8,10000.0,HEX,JG075B_104,STANDARD,,143,L-MMMMx,0.0,2+2,E8,-2.0,37,-0.5208600543241962,0.43546488881111145
12854,JG075B,104,S075_WT,4.0,False,E8,10000.0,FAM,JG075B_104,STANDARD,,142,L-MMMMx,0.0,2+2,E8,-2.0,38,0.4900245259042486,0.35589444637298584
12855,JG075B,104,S075_WT,4.0,False,E8,10000.0,HEX,JG075B_104,STANDARD,,143,L-MMMMx,0.0,2+2,E8,-2.0,38,-0.5527392175043419,0.46240952610969543
12856,JG075B,104,S075_WT,4.0,False,E8,10000.0,FAM,JG075B_104,STANDARD,,142,L-MMMMx,0.0,2+2,E8,-2.0,39,0.49681306024114663,0.36040130257606506
12857,JG075B,104,S075_WT,4.0,False,E8,10000.0,HEX,JG075B_104,STANDARD,,143,L-MMMMx,0.0,2+2,E8,-2.0,39,-0.5802683206030111,0.4856293499469757
12858,JG075B,104,S075_WT,4.0,False,E8,10000.0,FAM,JG075B_104,STANDARD,,142,L-MMMMx,0.0,2+2,E8,-2.0,40,0.5010086253292367,0.3629022538661957
12859,JG075B,104,S075_WT,4.0,False,E8,10000.0,HEX,JG075B_104,STANDARD,,143,L-MMMMx,0.0,2+2,E8,-2.0,40,-0.5991996996595087,0.5014871954917908
12860,JG075B,104,S075_WT,4.0,False,E8,10000.0,FAM,JG075B_104,STANDARD,,142,L-MMMMx,0.0,2+2,E8,-2.0,41,0.5066821227918034,0.36654651165008545
12861,JG075B,104,S075_WT,4.0,False,E8,10000.0,HEX,JG075B_104,STANDARD,,143,L-MMMMx,0.0,2+2,E8,-2.0,41,-0.6186924127187111,0.517825722694397
12862,JG075B,104,S075_WT,4.0,False,E8,10000.0,FAM,JG075B_104,STANDARD,,142,L-MMMMx,0.0,2+2,E8,-2.0,42,0.512592696571556,0.3703741729259491
12863,JG075B,104,S075_WT,4.0,False,E8,10000.0,HEX,JG075B_104,STANDARD,,143,L-MMMMx,0.0,2+2,E8,-2.0,42,-0.6388482990224283,0.5347321033477783
12864,JG075B,104,S075_WT,4.0,False,E8,10000.0,FAM,JG075B_104,STANDARD,,142,L-MMMMx,0.0,2+2,E8,-2.0,43,0.5145368456490853,0.371133416891098
12865,JG075B,104,S075_WT,4.0,False,E8,10000.0,HEX,JG075B_104,STANDARD,,143,L-MMMMx,0.0,2+2,E8,-2.0,43,-0.6539688160610595,0.5473268628120422
12866,JG075B,104,S075_WT,4.0,False,E8,10000.0,FAM,JG075B_104,STANDARD,,142,L-MMMMx,0.0,2+2,E8,-2.0,44,0.5178019035279922,0.37291449308395386
12867,JG075B,104,S075_WT,4.0,False,E8,10000.0,HEX,JG075B_104,STANDARD,,143,L-MMMMx,0.0,2+2,E8,-2.0,44,-0.6663928555125411,0.5576127171516418
12868,JG075B,104,S075_WT,4.0,False,E8,10000.0,FAM,JG075B_104,STANDARD,,142,L-MMMMx,0.0,2+2,E8,-2.0,45,0.5236064594291463,0.37666016817092896
12869,JG075B,104,S075_WT,4.0,False,E8,10000.0,HEX,JG075B_104,STANDARD,,143,L-MMMMx,0.0,2+2,E8,-2.0,45,-0.6788724436413738,0.5679461359977722
12870,JG075B,104,S075_WT,4.0,False,E8,10000.0,FAM,JG075B_104,STANDARD,,142,L-MMMMx,0.0,2+2,E8,-2.0,46,0.5261830174801769,0.3779086172580719
12871,JG075B,104,S075_WT,4.0,False,E8,10000.0,HEX,JG075B_104,STANDARD,,143,L-MMMMx,0.0,2+2,E8,-2.0,46,-0.6915901671401534,0.5784834623336792
12872,JG075B,104,S075_WT,4.0,False,E8,10000.0,FAM,JG075B_104,STANDARD,,142,L-MMMMx,0.0,2+2,E8,-2.0,47,0.5276080950111078,0.37826627492904663
12873,JG075B,104,S075_WT,4.0,False,E8,10000.0,HEX,JG075B_104,STANDARD,,143,L-MMMMx,0.0,2+2,E8,-2.0,47,-0.7002828390468698,0.5855742692947388
12874,JG075B,104,S075_WT,4.0,False,E8,10000.0,FAM,JG075B_104,STANDARD,,142,L-MMMMx,0.0,2+2,E8,-2.0,48,0.5299938054710854,0.3793671131134033
12875,JG075B,104,S075_WT,4.0,False,E8,10000.0,HEX,JG075B_104,STANDARD,,143,L-MMMMx,0.0,2+2,E8,-2.0,48,-0.7099763616841034,0.5935220718383789
12876,JG075B,104,S075_WT,4.0,False,E8,10000.0,FAM,JG075B_104,STANDARD,,142,L-MMMMx,0.0,2+2,E8,-2.0,49,0.5331395161886919,0.3810558617115021
12877,JG075B,104,S075_WT,4.0,False,E8,10000.0,HEX,JG075B_104,STANDARD,,143,L-MMMMx,0.0,2+2,E8,-2.0,49,-0.7210810852435633,0.6026782393455505
12878,JG075B,104,S075_WT,4.0,False,E8,10000.0,FAM,JG075B_104,STANDARD,,142,L-MMMMx,0.0,2+2,E8,-2.0,50,0.5366300932032516,0.3830114006996155
12879,JG075B,104,S075_WT,4.0,False,E8,10000.0,HEX,JG075B_104,STANDARD,,143,L-MMMMx,0.0,2+2,E8,-2.0,50,-0.7291742073281945,0.6092556715011597
14400,JG075B,121,S075_WT,3.0,False,F1,1000.0,FAM,JG075B_121,STANDARD,,160,L-MMMMx,3.1622776601683795,2+2,F1,0.5,1,-0.001740432083289718,0.0018881598953157663
14401,JG075B,121,S075_WT,3.0,False,F1,1000.0,HEX,JG075B_121,STANDARD,,161,L-MMMMx,3.1622776601683795,2+2,F1,0.5,1,-0.00014718354708041353,0.0018000027630478144
14402,JG075B,121,S075_WT,3.0,False,F1,1000.0,FAM,JG075B_121,STANDARD,,160,L-MMMMx,3.1622776601683795,2+2,F1,0.5,2,-0.0021057160676184205,0.0010241547133773565
14403,JG075B,121,S075_WT,3.0,False,F1,1000.0,HEX,JG075B_121,STANDARD,,161,L-MMMMx,3.1622776601683795,2+2,F1,0.5,2,-0.00044737611735127955,0.0017824438400566578
14404,JG075B,121,S075_WT,3.0,False,F1,1000.0,FAM,JG075B_121,STANDARD,,160,L-MMMMx,3.1622776601683795,2+2,F1,0.5,3,-0.0014198166055871628,0.0009733506594784558
14405,JG075B,121,S075_WT,3.0,False,F1,1000.0,HEX,JG075B_121,STANDARD,,161,L-MMMMx,3.1622776601683795,2+2,F1,0.5,3,0.0005884709759955471,0.0006208779523149133
14406,JG075B,121,S075_WT,3.0,False,F1,1000.0,FAM,JG075B_121,STANDARD,,160,L-MMMMx,3.1622776601683795,2+2,F1,0.5,4,-0.00091758002008903,0.0007804639753885567
14407,JG075B,121,S075_WT,3.0,False,F1,1000.0,HEX,JG075B_121,STANDARD,,161,L-MMMMx,3.1622776601683795,2+2,F1,0.5,4,0.00017970440885975734,0.0006962873158045113
14408,JG075B,121,S075_WT,3.0,False,F1,1000.0,FAM,JG075B_121,STANDARD,,160,L-MMMMx,3.1622776601683795,2+2,F1,0.5,5,-0.00027827526160613403,0.0006936139543540776
14409,JG075B,121,S075_WT,3.0,False,F1,1000.0,HEX,JG075B_121,STANDARD,,161,L-MMMMx,3.1622776601683795,2+2,F1,0.5,5,-0.001179811183876509,0.0015857918187975883
14410,JG075B,121,S075_WT,3.0,False,F1,1000.0,FAM,JG075B_121,STANDARD,,160,L-MMMMx,3.1622776601683795,2+2,F1,0.5,6,-0.0009033261628646449,-0.0003713483165483922
14411,JG075B,121,S075_WT,3.0,False,F1,1000.0,HEX,JG075B_121,STANDARD,,161,L-MMMMx,3.1622776601683795,2+2,F1,0.5,6,-0.0008498429911283416,0.0010286468314006925
14412,JG075B,121,S075_WT,3.0,False,F1,1000.0,FAM,JG075B_121,STANDARD,,160,L-MMMMx,3.1622776601683795,2+2,F1,0.5,7,-0.0008922890545003575,-0.0009442295413464308
14413,JG075B,121,S075_WT,3.0,False,F1,1000.0,HEX,JG075B_121,STANDARD,,161,L-MMMMx,3.1622776601683795,2+2,F1,0.5,7,0.0002796467816751535,-0.0002131021610694006
14414,JG075B,121,S075_WT,3.0,False,F1,1000.0,FAM,JG075B_121,STANDARD,,160,L-MMMMx,3.1622776601683795,2+2,F1,0.5,8,0.001276878347481952,0.00015243027883116156
14415,JG075B,121,S075_WT,3.0,False,F1,1000.0,HEX,JG075B_121,STANDARD,,161,L-MMMMx,3.1622776601683795,2+2,F1,0.5,8,0.0007731981721361409,-0.0009103180491365492
14416,JG075B,121,S075_WT,3.0,False,F1,1000.0,FAM,JG075B_121,STANDARD,,160,L-MMMMx,3.1622776601683795,2+2,F1,0.5,9,0.0016666250327227751,-0.00012747918663080782
14417,JG075B,121,S075_WT,3.0,False,F1,1000.0,HEX,JG075B_121,STANDARD,,161,L-MMMMx,3.1622776601683795,2+2,F1,0.5,9,0.0006195517835609828,-0.0010533597087487578
14418,JG075B,121,S075_WT,3.0,False,F1,1000.0,FAM,JG075B_121,STANDARD,,160,L-MMMMx,3.1622776601683795,2+2,F1,0.5,10,0.0014677837244426023,-0.0008627234492450953
14419,JG075B,121,S075_WT,3.0,False,F1,1000.0,HEX,JG075B_121,STANDARD,,161,L-MMMMx,3.1622776601683795,2+2,F1,0.5,10,-0.0004109179472227309,-0.00044560639071278274
14420,JG075B,121,S075_WT,3.0,False,F1,1000.0,FAM,JG075B_121,STANDARD,,160,L-MMMMx,3.1622776601683795,2+2,F1,0.5,11,0.0026520866400967865,-0.0005279600154608488
14421,JG075B,121,S075_WT,3.0,False,F1,1000.0,HEX,JG075B_121,STANDARD,,161,L-MMMMx,3.1622776601683795,2+2,F1,0.5,11,-0.0013563940250671455,8.936967060435563e-05
14422,JG075B,121,S075_WT,3.0,False,F1,1000.0,FAM,JG075B_121,STANDARD,,160,L-MMMMx,3.1622776601683795,2+2,F1,0.5,12,0.004449401726245643,0.0002810328733175993
14423,JG075B,121,S075_WT,3.0,False,F1,1000.0,HEX,JG075B_121,STANDARD,,161,L-MMMMx,3.1622776601683795,2+2,F1,0.5,12,-0.0010370413377024693,-0.0004586855648085475
14424,JG075B,121,S075_WT,3.0,False,F1,1000.0,FAM,JG075B_121,STANDARD,,160,L-MMMMx,3.1622776601683795,2+2,F1,0.5,13,0.005067595366461071,0.0001778511650627479
14425,JG075B,121,S075_WT,3.0,False,F1,1000.0,HEX,JG075B_121,STANDARD,,161,L-MMMMx,3.1622776601683795,2+2,F1,0.5,13,-0.0012344549328997276,-0.0005642508040182292
14426,JG075B,121,S075_WT,3.0,False,F1,1000.0,FAM,JG075B_121,STANDARD,,160,L-MMMMx,3.1622776601683795,2+2,F1,0.5,14,0.005260831441697601,-0.00025407993234694004
14427,JG075B,121,S075_WT,3.0,False,F1,1000.0,HEX,JG075B_121,STANDARD,,161,L-MMMMx,3.1622776601683795,2+2,F1,0.5,14,-0.002128315291125395,-7.347162318183109e-05
14428,JG075B,121,S075_WT,3.0,False,F1,1000.0,FAM,JG075B_121,STANDARD,,160,L-MMMMx,3.1622776601683795,2+2,F1,0.5,15,0.005477952358769586,-0.0006675336044281721
14429,JG075B,121,S075_WT,3.0,False,F1,1000.0,HEX,JG075B_121,STANDARD,,161,L-MMMMx,3.1622776601683795,2+2,F1,0.5,15,-0.001832751777300445,-0.0006011569639667869
14430,JG075B,121,S075_WT,3.0,False,F1,1000.0,FAM,JG075B_121,STANDARD,,160,L-MMMMx,3.1622776601683795,2+2,F1,0.5,16,0.005944554301206756,-0.0008879874367266893
14431,JG075B,121,S075_WT,3.0,False,F1,1000.0,HEX,JG075B_121,STANDARD,,161,L-MMMMx,3.1622776601683795,2+2,F1,0.5,16,-0.0012674500119277603,-0.0013598103541880846
14432,JG075B,121,S075_WT,3.0,False,F1,1000.0,FAM,JG075B_121,STANDARD,,160,L-MMMMx,3.1622776601683795,2+2,F1,0.5,17,0.006723007525350407,-0.000867191469296813
14433,JG075B,121,S075_WT,3.0,False,F1,1000.0,HEX,JG075B_121,STANDARD,,161,L-MMMMx,3.1622776601683795,2+2,F1,0.5,17,-0.001854800704055992,-0.001131485216319561
14434,JG075B,121,S075_WT,3.0,False,F1,1000.0,FAM,JG075B_121,STANDARD,,160,L-MMMMx,3.1622776601683795,2+2,F1,0.5,18,0.00741570646251708,-0.0009127355297096074
14435,JG075B,121,S075_WT,3.0,False,F1,1000.0,HEX,JG075B_121,STANDARD,,161,L-MMMMx,3.1622776601683795,2+2,F1,0.5,18,-0.0020139462724691557,-0.0012698181672021747
14436,JG075B,121,S075_WT,3.0,False,F1,1000.0,FAM,JG075B_121,STANDARD,,160,L-MMMMx,3.1622776601683795,2+2,F1,0.5,19,0.009780382852104133,0.0003351710911374539
14437,JG075B,121,S075_WT,3.0,False,F1,1000.0,HEX,JG075B_121,STANDARD,,161,L-MMMMx,3.1622776601683795,2+2,F1,0.5,19,-0.0031866463729238134,-0.0005402776878327131
14438,JG075B,121,S075_WT,3.0,False,F1,1000.0,FAM,JG075B_121,STANDARD,,160,L-MMMMx,3.1622776601683795,2+2,F1,0.5,20,0.014014587450453852,0.003029354615136981
14439,JG075B,121,S075_WT,3.0,False,F1,1000.0,HEX,JG075B_121,STANDARD,,161,L-MMMMx,3.1622776601683795,2+2,F1,0.5,20,-0.004156137856389897,1.5261994121829048e-05
14440,JG075B,121,S075_WT,3.0,False,F1,1000.0,FAM,JG075B_121,STANDARD,,160,L-MMMMx,3.1622776601683795,2+2,F1,0.5,21,0.02002463003926974,0.007097335532307625
14441,JG075B,121,S075_WT,3.0,False,F1,1000.0,HEX,JG075B_121,STANDARD,,161,L-MMMMx,3.1622776601683795,2+2,F1,0.5,21,-0.005859352189001504,0.0011990644270554185
14442,JG075B,121,S075_WT,3.0,False,F1,1000.0,FAM,JG075B_121,STANDARD,,160,L-MMMMx,3.1622776601683795,2+2,F1,0.5,22,0.031775471411114406,0.015606429427862167
14443,JG075B,121,S075_WT,3.0,False,F1,1000.0,HEX,JG075B_121,STANDARD,,161,L-MMMMx,3.1622776601683795,2+2,F1,0.5,22,-0.00873413546165805,0.0033860427793115377
14444,JG075B,121,S075_WT,3.0,False,F1,1000.0,FAM,JG075B_121,STANDARD,,160,L-MMMMx,3.1622776601683795,2+2,F1,0.5,23,0.05102241629726323,0.029914548620581627
14445,JG075B,121,S075_WT,3.0,False,F1,1000.0,HEX,JG075B_121,STANDARD,,161,L-MMMMx,3.1622776601683795,2+2,F1,0.5,23,-0.015354417082967234,0.008780168369412422
14446,JG075B,121,S075_WT,3.0,False,F1,1000.0,FAM,JG075B_121,STANDARD,,160,L-MMMMx,3.1622776601683795,2+2,F1,0.5,24,0.08348642365244617,0.05444745719432831
14447,JG075B,121,S075_WT,3.0,False,F1,1000.0,HEX,JG075B_121,STANDARD,,161,L-MMMMx,3.1622776601683795,2+2,F1,0.5,24,-0.024563368003146104,0.016390886157751083
14448,JG075B,121,S075_WT,3.0,False,F1,1000.0,FAM,JG075B_121,STANDARD,,160,L-MMMMx,3.1622776601683795,2+2,F1,0.5,25,0.1333280403047075,0.09242377430200577
14449,JG075B,121,S075_WT,3.0,False,F1,1000.0,HEX,JG075B_121,STANDARD,,161,L-MMMMx,3.1622776601683795,2+2,F1,0.5,25,-0.0394527280614348,0.028865551576018333
14450,JG075B,121,S075_WT,3.0,False,F1,1000.0,FAM,JG075B_121,STANDARD,,160,L-MMMMx,3.1622776601683795,2+2,F1,0.5,26,0.20236170523083455,0.14524716138839722
14451,JG075B,121,S075_WT,3.0,False,F1,1000.0,HEX,JG075B_121,STANDARD,,161,L-MMMMx,3.1622776601683795,2+2,F1,0.5,26,-0.06396570504363652,0.04958060383796692
14452,JG075B,121,S075_WT,3.0,False,F1,1000.0,FAM,JG075B_121,STANDARD,,160,L-MMMMx,3.1622776601683795,2+2,F1,0.5,27,0.28648080511660506,0.20974072813987732
14453,JG075B,121,S075_WT,3.0,False,F1,1000.0,HEX,JG075B_121,STANDARD,,161,L-MMMMx,3.1622776601683795,2+2,F1,0.5,27,-0.09862691374530985,0.07898525148630142
14454,JG075B,121,S075_WT,3.0,False,F1,1000.0,FAM,JG075B_121,STANDARD,,160,L-MMMMx,3.1622776601683795,2+2,F1,0.5,28,0.3777245992261383,0.27974599599838257
14455,JG075B,121,S075_WT,3.0,False,F1,1000.0,HEX,JG075B_121,STANDARD,,161,L-MMMMx,3.1622776601683795,2+2,F1,0.5,28,-0.14190347518907862,0.11576694995164871
14456,JG075B,121,S075_WT,3.0,False,F1,1000.0,FAM,JG075B_121,STANDARD,,160,L-MMMMx,3.1622776601683795,2+2,F1,0.5,29,0.4675497107785224,0.34865373373031616
14457,JG075B,121,S075_WT,3.0,False,F1,1000.0,HEX,JG075B_121,STANDARD,,161,L-MMMMx,3.1622776601683795,2+2,F1,0.5,29,-0.18897370501248612,0.15579703450202942
14458,JG075B,121,S075_WT,3.0,False,F1,1000.0,FAM,JG075B_121,STANDARD,,160,L-MMMMx,3.1622776601683795,2+2,F1,0.5,30,0.5545602633881671,0.4153841435909271
14459,JG075B,121,S075_WT,3.0,False,F1,1000.0,HEX,JG075B_121,STANDARD,,161,L-MMMMx,3.1622776601683795,2+2,F1,0.5,30,-0.23713305088330414,0.19675970077514648
14460,JG075B,121,S075_WT,3.0,False,F1,1000.0,FAM,JG075B_121,STANDARD,,160,L-MMMMx,3.1622776601683795,2+2,F1,0.5,31,0.6318956829532837,0.47462981939315796
14461,JG075B,121,S075_WT,3.0,False,F1,1000.0,HEX,JG075B_121,STANDARD,,161,L-MMMMx,3.1622776601683795,2+2,F1,0.5,31,-0.2825855472961389,0.23540456593036652
14462,JG075B,121,S075_WT,3.0,False,F1,1000.0,FAM,JG075B_121,STANDARD,,160,L-MMMMx,3.1622776601683795,2+2,F1,0.5,32,0.6948491146747493,0.5227494835853577
14463,JG075B,121,S075_WT,3.0,False,F1,1000.0,HEX,JG075B_121,STANDARD,,161,L-MMMMx,3.1622776601683795,2+2,F1,0.5,32,-0.32111335812017583,0.26812005043029785
14464,JG075B,121,S075_WT,3.0,False,F1,1000.0,FAM,JG075B_121,STANDARD,,160,L-MMMMx,3.1622776601683795,2+2,F1,0.5,33,0.7491960674041312,0.5642111897468567
14465,JG075B,121,S075_WT,3.0,False,F1,1000.0,HEX,JG075B_121,STANDARD,,161,L-MMMMx,3.1622776601683795,2+2,F1,0.5,33,-0.35481233216747315,0.29670077562332153
14466,JG075B,121,S075_WT,3.0,False,F1,1000.0,FAM,JG075B_121,STANDARD,,160,L-MMMMx,3.1622776601683795,2+2,F1,0.5,34,0.7956435324597589,0.5995617508888245
14467,JG075B,121,S075_WT,3.0,False,F1,1000.0,HEX,JG075B_121,STANDARD,,161,L-MMMMx,3.1622776601683795,2+2,F1,0.5,34,-0.38401684045514284,0.32143303751945496
14468,JG075B,121,S075_WT,3.0,False,F1,1000.0,FAM,JG075B_121,STANDARD,,160,L-MMMMx,3.1622776601683795,2+2,F1,0.5,35,0.8295298050983664,0.6251949667930603
14469,JG075B,121,S075_WT,3.0,False,F1,1000.0,HEX,JG075B_121,STANDARD,,161,L-MMMMx,3.1622776601683795,2+2,F1,0.5,35,-0.40645022253025076,0.3403674066066742
14470,JG075B,121,S075_WT,3.0,False,F1,1000.0,FAM,JG075B_121,STANDARD,,160,L-MMMMx,3.1622776601683795,2+2,F1,0.5,36,0.8548733173390769,0.6442193984985352
14471,JG075B,121,S075_WT,3.0,False,F1,1000.0,HEX,JG075B_121,STANDARD,,161,L-MMMMx,3.1622776601683795,2+2,F1,0.5,36,-0.42707103316482925,0.35774973034858704
14472,JG075B,121,S075_WT,3.0,False,F1,1000.0,FAM,JG075B_121,STANDARD,,160,L-MMMMx,3.1622776601683795,2+2,F1,0.5,37,0.8740850513454876,0.6585002541542053
14473,JG075B,121,S075_WT,3.0,False,F1,1000.0,HEX,JG075B_121,STANDARD,,161,L-MMMMx,3.1622776601683795,2+2,F1,0.5,37,-0.4418007603856052,0.37008771300315857
14474,JG075B,121,S075_WT,3.0,False,F1,1000.0,FAM,JG075B_121,STANDARD,,160,L-MMMMx,3.1622776601683795,2+2,F1,0.5,38,0.8906830902242076,0.6707592010498047
14475,JG075B,121,S075_WT,3.0,False,F1,1000.0,HEX,JG075B_121,STANDARD,,161,L-MMMMx,3.1622776601683795,2+2,F1,0.5,38,-0.4542515996375632,0.380474328994751
14476,JG075B,121,S075_WT,3.0,False,F1,1000.0,FAM,JG075B_121,STANDARD,,160,L-MMMMx,3.1622776601683795,2+2,F1,0.5,39,0.901636524594194,0.6786513924598694
14477,JG075B,121,S075_WT,3.0,False,F1,1000.0,HEX,JG075B_121,STANDARD,,161,L-MMMMx,3.1622776601683795,2+2,F1,0.5,39,-0.4643191361136524,0.38882023096084595
14478,JG075B,121,S075_WT,3.0,False,F1,1000.0,FAM,JG075B_121,STANDARD,,160,L-MMMMx,3.1622776601683795,2+2,F1,0.5,40,0.9099955258057116,0.6845365762710571
14479,JG075B,121,S075_WT,3.0,False,F1,1000.0,HEX,JG075B_121,STANDARD,,161,L-MMMMx,3.1622776601683795,2+2,F1,0.5,40,-0.4737862178393285,0.3966519832611084
14480,JG075B,121,S075_WT,3.0,False,F1,1000.0,FAM,JG075B_121,STANDARD,,160,L-MMMMx,3.1622776601683795,2+2,F1,0.5,41,0.9160820769362779,0.6886637210845947
14481,JG075B,121,S075_WT,3.0,False,F1,1000.0,HEX,JG075B_121,STANDARD,,161,L-MMMMx,3.1622776601683795,2+2,F1,0.5,41,-0.4855293335290966,0.4064326286315918
14482,JG075B,121,S075_WT,3.0,False,F1,1000.0,FAM,JG075B_121,STANDARD,,160,L-MMMMx,3.1622776601683795,2+2,F1,0.5,42,0.9237861711942427,0.6940422058105469
14483,JG075B,121,S075_WT,3.0,False,F1,1000.0,HEX,JG075B_121,STANDARD,,161,L-MMMMx,3.1622776601683795,2+2,F1,0.5,42,-0.49464746096960915,0.4139655828475952
14484,JG075B,121,S075_WT,3.0,False,F1,1000.0,FAM,JG075B_121,STANDARD,,160,L-MMMMx,3.1622776601683795,2+2,F1,0.5,43,0.9304967330797295,0.6986521482467651
14485,JG075B,121,S075_WT,3.0,False,F1,1000.0,HEX,JG075B_121,STANDARD,,161,L-MMMMx,3.1622776601683795,2+2,F1,0.5,43,-0.5026516912485045,0.42054471373558044
14486,JG075B,121,S075_WT,3.0,False,F1,1000.0,FAM,JG075B_121,STANDARD,,160,L-MMMMx,3.1622776601683795,2+2,F1,0.5,44,0.9339082589726014,0.700709879398346
14487,JG075B,121,S075_WT,3.0,False,F1,1000.0,HEX,JG075B_121,STANDARD,,161,L-MMMMx,3.1622776601683795,2+2,F1,0.5,44,-0.509932674963895,0.42650458216667175
14488,JG075B,121,S075_WT,3.0,False,F1,1000.0,FAM,JG075B_121,STANDARD,,160,L-MMMMx,3.1622776601683795,2+2,F1,0.5,45,0.9373089211148322,0.7027592658996582
14489,JG075B,121,S075_WT,3.0,False,F1,1000.0,HEX,JG075B_121,STANDARD,,161,L-MMMMx,3.1622776601683795,2+2,F1,0.5,45,-0.5179555606883167,0.4330997169017792
14490,JG075B,121,S075_WT,3.0,False,F1,1000.0,FAM,JG075B_121,STANDARD,,160,L-MMMMx,3.1622776601683795,2+2,F1,0.5,46,0.9409164568065088,0.7049686312675476
14491,JG075B,121,S075_WT,3.0,False,F1,1000.0,HEX,JG075B_121,STANDARD,,161,L-MMMMx,3.1622776601683795,2+2,F1,0.5,46,-0.5256441798104334,0.43940863013267517
14492,JG075B,121,S075_WT,3.0,False,F1,1000.0,FAM,JG075B_121,STANDARD,,160,L-MMMMx,3.1622776601683795,2+2,F1,0.5,47,0.9438098357273051,0.7066255211830139
14493,JG075B,121,S075_WT,3.0,False,F1,1000.0,HEX,JG075B_121,STANDARD,,161,L-MMMMx,3.1622776601683795,2+2,F1,0.5,47,-0.5309190766428938,0.4436507523059845
14494,JG075B,121,S075_WT,3.0,False,F1,1000.0,FAM,JG075B_121,STANDARD,,160,L-MMMMx,3.1622776601683795,2+2,F1,0.5,48,0.9481782192032563,0.7094235420227051
14495,JG075B,121,S075_WT,3.0,False,F1,1000.0,HEX,JG075B_121,STANDARD,,161,L-MMMMx,3.1622776601683795,2+2,F1,0.5,48,-0.5385739349773974,0.44993075728416443
14496,JG075B,121,S075_WT,3.0,False,F1,1000.0,FAM,JG075B_121,STANDARD,,160,L-MMMMx,3.1622776601683795,2+2,F1,0.5,49,0.9518853007518729,0.7117099165916443
14497,JG075B,121,S075_WT,3.0,False,F1,1000.0,HEX,JG075B_121,STANDARD,,161,L-MMMMx,3.1622776601683795,2+2,F1,0.5,49,-0.5464001032053355,0.4563574194908142
14498,JG075B,121,S075_WT,3.0,False,F1,1000.0,FAM,JG075B_121,STANDARD,,160,L-MMMMx,3.1622776601683795,2+2,F1,0.5,50,0.9550586716572824,0.7135834693908691
14499,JG075B,121,S075_WT,3.0,False,F1,1000.0,HEX,JG075B_121,STANDARD,,161,L-MMMMx,3.1622776601683795,2+2,F1,0.5,50,-0.5553743470417322,0.4637671709060669
14760,JG075B,123,S075_WT,3.0,False,F3,1000.0,FAM,JG075B_123,STANDARD,,164,L-MMMMx,1.0,2+2,F3,0.0,1,0.0021938347613174153,0.005093336571007967
14761,JG075B,123,S075_WT,3.0,False,F3,1000.0,HEX,JG075B_123,STANDARD,,165,L-MMMMx,1.0,2+2,F3,0.0,1,0.0010790204407538258,0.0010481557110324502
14762,JG075B,123,S075_WT,3.0,False,F3,1000.0,FAM,JG075B_123,STANDARD,,164,L-MMMMx,1.0,2+2,F3,0.0,2,0.0017635608928332051,0.004171875771135092
14763,JG075B,123,S075_WT,3.0,False,F3,1000.0,HEX,JG075B_123,STANDARD,,165,L-MMMMx,1.0,2+2,F3,0.0,2,0.0004552463834327288,0.0012553436681628227
14764,JG075B,123,S075_WT,3.0,False,F3,1000.0,FAM,JG075B_123,STANDARD,,164,L-MMMMx,1.0,2+2,F3,0.0,3,-1.387584107840061e-05,0.0022082426585257053
14765,JG075B,123,S075_WT,3.0,False,F3,1000.0,HEX,JG075B_123,STANDARD,,165,L-MMMMx,1.0,2+2,F3,0.0,3,-0.0003841790553838216,0.0016471869312226772
14766,JG075B,123,S075_WT,3.0,False,F3,1000.0,FAM,JG075B_123,STANDARD,,164,L-MMMMx,1.0,2+2,F3,0.0,4,-0.0006196069872071029,0.0011510472977533937
14767,JG075B,123,S075_WT,3.0,False,F3,1000.0,HEX,JG075B_123,STANDARD,,165,L-MMMMx,1.0,2+2,F3,0.0,4,0.0005067228833087416,0.0005574076785705984
14768,JG075B,123,S075_WT,3.0,False,F3,1000.0,FAM,JG075B_123,STANDARD,,164,L-MMMMx,1.0,2+2,F3,0.0,5,-0.000523085259434949,0.0006371184135787189
14769,JG075B,123,S075_WT,3.0,False,F3,1000.0,HEX,JG075B_123,STANDARD,,165,L-MMMMx,1.0,2+2,F3,0.0,5,0.0007627131852614628,1.1282408195256721e-05
14770,JG075B,123,S075_WT,3.0,False,F3,1000.0,FAM,JG075B_123,STANDARD,,164,L-MMMMx,1.0,2+2,F3,0.0,6,-0.0005864571381757964,-5.04999150052754e-07
14771,JG075B,123,S075_WT,3.0,False,F3,1000.0,HEX,JG075B_123,STANDARD,,165,L-MMMMx,1.0,2+2,F3,0.0,6,0.0003238751536950611,6.0115798987681046e-05
14772,JG075B,123,S075_WT,3.0,False,F3,1000.0,FAM,JG075B_123,STANDARD,,164,L-MMMMx,1.0,2+2,F3,0.0,7,-0.00030804463503895463,-0.0003737221995834261
14773,JG075B,123,S075_WT,3.0,False,F3,1000.0,HEX,JG075B_123,STANDARD,,165,L-MMMMx,1.0,2+2,F3,0.0,7,-0.0006419444090564053,0.0005601861630566418
14774,JG075B,123,S075_WT,3.0,False,F3,1000.0,FAM,JG075B_123,STANDARD,,164,L-MMMMx,1.0,2+2,F3,0.0,8,0.0006568837131442534,-0.00021584708883892745
14775,JG075B,123,S075_WT,3.0,False,F3,1000.0,HEX,JG075B_123,STANDARD,,165,L-MMMMx,1.0,2+2,F3,0.0,8,-1.9144889934448492e-05,-0.00030002580024302006
14776,JG075B,123,S075_WT,3.0,False,F3,1000.0,FAM,JG075B_123,STANDARD,,164,L-MMMMx,1.0,2+2,F3,0.0,9,0.000644228599365306,-0.000814235711004585
14777,JG075B,123,S075_WT,3.0,False,F3,1000.0,HEX,JG075B_123,STANDARD,,165,L-MMMMx,1.0,2+2,F3,0.0,9,0.00015098163568688406,-0.0007726287585683167
14778,JG075B,123,S075_WT,3.0,False,F3,1000.0,FAM,JG075B_123,STANDARD,,164,L-MMMMx,1.0,2+2,F3,0.0,10,0.000749957548425644,-0.0013210418401286006
14779,JG075B,123,S075_WT,3.0,False,F3,1000.0,HEX,JG075B_123,STANDARD,,165,L-MMMMx,1.0,2+2,F3,0.0,10,-0.0006990245035774742,-0.00037172561860643327
14780,JG075B,123,S075_WT,3.0,False,F3,1000.0,FAM,JG075B_123,STANDARD,,164,L-MMMMx,1.0,2+2,F3,0.0,11,0.0015189531456812227,-0.001314741326496005
14781,JG075B,123,S075_WT,3.0,False,F3,1000.0,HEX,JG075B_123,STANDARD,,165,L-MMMMx,1.0,2+2,F3,0.0,11,-0.0018190821388107195,0.0002604137407615781
14782,JG075B,123,S075_WT,3.0,False,F3,1000.0,FAM,JG075B_123,STANDARD,,164,L-MMMMx,1.0,2+2,F3,0.0,12,0.0033033241885127994,-0.0005229410598985851
14783,JG075B,123,S075_WT,3.0,False,F3,1000.0,HEX,JG075B_123,STANDARD,,165,L-MMMMx,1.0,2+2,F3,0.0,12,-0.0018092149395444249,-7.496441685361788e-05
14784,JG075B,123,S075_WT,3.0,False,F3,1000.0,FAM,JG075B_123,STANDARD,,164,L-MMMMx,1.0,2+2,F3,0.0,13,0.0038147872572683386,-0.0007158690714277327
14785,JG075B,123,S075_WT,3.0,False,F3,1000.0,HEX,JG075B_123,STANDARD,,165,L-MMMMx,1.0,2+2,F3,0.0,13,-0.0021103298406109057,-0.000144058809382841
14786,JG075B,123,S075_WT,3.0,False,F3,1000.0,FAM,JG075B_123,STANDARD,,164,L-MMMMx,1.0,2+2,F3,0.0,14,0.004215705884658004,-0.000994314905256033
14787,JG075B,123,S075_WT,3.0,False,F3,1000.0,HEX,JG075B_123,STANDARD,,165,L-MMMMx,1.0,2+2,F3,0.0,14,-0.002129489957704716,-0.0004545818374026567
14788,JG075B,123,S075_WT,3.0,False,F3,1000.0,FAM,JG075B_123,STANDARD,,164,L-MMMMx,1.0,2+2,F3,0.0,15,0.004491845475426633,-0.0013692904030904174
14789,JG075B,123,S075_WT,3.0,False,F3,1000.0,HEX,JG075B_123,STANDARD,,165,L-MMMMx,1.0,2+2,F3,0.0,15,-0.0016142724947807007,-0.0012226748513057828
14790,JG075B,123,S075_WT,3.0,False,F3,1000.0,FAM,JG075B_123,STANDARD,,164,L-MMMMx,1.0,2+2,F3,0.0,16,0.005703384815560927,-0.001020635711029172
14791,JG075B,123,S075_WT,3.0,False,F3,1000.0,HEX,JG075B_123,STANDARD,,165,L-MMMMx,1.0,2+2,F3,0.0,16,-0.0015033143598214519,-0.0016446138033643365
14792,JG075B,123,S075_WT,3.0,False,F3,1000.0,FAM,JG075B_123,STANDARD,,164,L-MMMMx,1.0,2+2,F3,0.0,17,0.007379869568779286,-0.00031229687738232315
14793,JG075B,123,S075_WT,3.0,False,F3,1000.0,HEX,JG075B_123,STANDARD,,165,L-MMMMx,1.0,2+2,F3,0.0,17,-0.0020597060616591406,-0.0014951230259612203
14794,JG075B,123,S075_WT,3.0,False,F3,1000.0,FAM,JG075B_123,STANDARD,,164,L-MMMMx,1.0,2+2,F3,0.0,18,0.009565814145954081,0.0007901628268882632
14795,JG075B,123,S075_WT,3.0,False,F3,1000.0,HEX,JG075B_123,STANDARD,,165,L-MMMMx,1.0,2+2,F3,0.0,18,-0.0029599705280505865,-0.0010511854197829962
14796,JG075B,123,S075_WT,3.0,False,F3,1000.0,FAM,JG075B_123,STANDARD,,164,L-MMMMx,1.0,2+2,F3,0.0,19,0.011099086158005813,0.001387711614370346
14797,JG075B,123,S075_WT,3.0,False,F3,1000.0,HEX,JG075B_123,STANDARD,,165,L-MMMMx,1.0,2+2,F3,0.0,19,-0.003995382559701368,-0.0004915252793580294
14798,JG075B,123,S075_WT,3.0,False,F3,1000.0,FAM,JG075B_123,STANDARD,,164,L-MMMMx,1.0,2+2,F3,0.0,20,0.013687028032846714,0.0028011584654450417
14799,JG075B,123,S075_WT,3.0,False,F3,1000.0,HEX,JG075B_123,STANDARD,,165,L-MMMMx,1.0,2+2,F3,0.0,20,-0.005296512872828432,0.00029566066223196685
14800,JG075B,123,S075_WT,3.0,False,F3,1000.0,FAM,JG075B_123,STANDARD,,164,L-MMMMx,1.0,2+2,F3,0.0,21,0.020490066632568967,0.00747542642056942
14801,JG075B,123,S075_WT,3.0,False,F3,1000.0,HEX,JG075B_123,STANDARD,,165,L-MMMMx,1.0,2+2,F3,0.0,21,-0.0072333727386839014,0.0016272008651867509
14802,JG075B,123,S075_WT,3.0,False,F3,1000.0,FAM,JG075B_123,STANDARD,,164,L-MMMMx,1.0,2+2,F3,0.0,22,0.032858292641921735,0.01645495370030403
14803,JG075B,123,S075_WT,3.0,False,F3,1000.0,HEX,JG075B_123,STANDARD,,165,L-MMMMx,1.0,2+2,F3,0.0,22,-0.009222683642614523,0.0030036531388759613
14804,JG075B,123,S075_WT,3.0,False,F3,1000.0,FAM,JG075B_123,STANDARD,,164,L-MMMMx,1.0,2+2,F3,0.0,23,0.050033150450967845,0.029152914881706238
14805,JG075B,123,S075_WT,3.0,False,F3,1000.0,HEX,JG075B_123,STANDARD,,165,L-MMMMx,1.0,2+2,F3,0.0,23,-0.015400524921514055,0.007966606877744198
14806,JG075B,123,S075_WT,3.0,False,F3,1000.0,FAM,JG075B_123,STANDARD,,164,L-MMMMx,1.0,2+2,F3,0.0,24,0.08315807449410093,0.054189931601285934
14807,JG075B,123,S075_WT,3.0,False,F3,1000.0,HEX,JG075B_123,STANDARD,,165,L-MMMMx,1.0,2+2,F3,0.0,24,-0.025242090352677653,0.016066687181591988
14808,JG075B,123,S075_WT,3.0,False,F3,1000.0,FAM,JG075B_123,STANDARD,,164,L-MMMMx,1.0,2+2,F3,0.0,25,0.13383288688703524,0.09280363470315933
14809,JG075B,123,S075_WT,3.0,False,F3,1000.0,HEX,JG075B_123,STANDARD,,165,L-MMMMx,1.0,2+2,F3,0.0,25,-0.04034687556037986,0.028673488646745682
14810,JG075B,123,S075_WT,3.0,False,F3,1000.0,FAM,JG075B_123,STANDARD,,164,L-MMMMx,1.0,2+2,F3,0.0,26,0.20386197185862412,0.146389901638031
14811,JG075B,123,S075_WT,3.0,False,F3,1000.0,HEX,JG075B_123,STANDARD,,165,L-MMMMx,1.0,2+2,F3,0.0,26,-0.06450390246534562,0.04903142526745796
14812,JG075B,123,S075_WT,3.0,False,F3,1000.0,FAM,JG075B_123,STANDARD,,164,L-MMMMx,1.0,2+2,F3,0.0,27,0.28784207737448764,0.21076875925064087
14813,JG075B,123,S075_WT,3.0,False,F3,1000.0,HEX,JG075B_123,STANDARD,,165,L-MMMMx,1.0,2+2,F3,0.0,27,-0.09874042134180792,0.07802010327577591
14814,JG075B,123,S075_WT,3.0,False,F3,1000.0,FAM,JG075B_123,STANDARD,,164,L-MMMMx,1.0,2+2,F3,0.0,28,0.3779145126116841,0.2798606753349304
14815,JG075B,123,S075_WT,3.0,False,F3,1000.0,HEX,JG075B_123,STANDARD,,165,L-MMMMx,1.0,2+2,F3,0.0,28,-0.1406123599961945,0.11354673653841019
14816,JG075B,123,S075_WT,3.0,False,F3,1000.0,FAM,JG075B_123,STANDARD,,164,L-MMMMx,1.0,2+2,F3,0.0,29,0.4676773694795422,0.34871309995651245
14817,JG075B,123,S075_WT,3.0,False,F3,1000.0,HEX,JG075B_123,STANDARD,,165,L-MMMMx,1.0,2+2,F3,0.0,29,-0.18886035403819862,0.15453298389911652
14818,JG075B,123,S075_WT,3.0,False,F3,1000.0,FAM,JG075B_123,STANDARD,,164,L-MMMMx,1.0,2+2,F3,0.0,30,0.5539103549156275,0.41483479738235474
14819,JG075B,123,S075_WT,3.0,False,F3,1000.0,HEX,JG075B_123,STANDARD,,165,L-MMMMx,1.0,2+2,F3,0.0,30,-0.23633863692756038,0.19486014544963837
14820,JG075B,123,S075_WT,3.0,False,F3,1000.0,FAM,JG075B_123,STANDARD,,164,L-MMMMx,1.0,2+2,F3,0.0,31,0.6310687184596541,0.4739363193511963
14821,JG075B,123,S075_WT,3.0,False,F3,1000.0,HEX,JG075B_123,STANDARD,,165,L-MMMMx,1.0,2+2,F3,0.0,31,-0.2828441566695018,0.23435436189174652
14822,JG075B,123,S075_WT,3.0,False,F3,1000.0,FAM,JG075B_123,STANDARD,,164,L-MMMMx,1.0,2+2,F3,0.0,32,0.6953067694324828,0.523042619228363
14823,JG075B,123,S075_WT,3.0,False,F3,1000.0,HEX,JG075B_123,STANDARD,,165,L-MMMMx,1.0,2+2,F3,0.0,32,-0.32498447618294446,0.2701108157634735
14824,JG075B,123,S075_WT,3.0,False,F3,1000.0,FAM,JG075B_123,STANDARD,,164,L-MMMMx,1.0,2+2,F3,0.0,33,0.7486001694932904,0.5636820793151855
14825,JG075B,123,S075_WT,3.0,False,F3,1000.0,HEX,JG075B_123,STANDARD,,165,L-MMMMx,1.0,2+2,F3,0.0,33,-0.3589804407464297,0.2988935112953186
14826,JG075B,123,S075_WT,3.0,False,F3,1000.0,FAM,JG075B_123,STANDARD,,164,L-MMMMx,1.0,2+2,F3,0.0,34,0.7922430147822973,0.5968558192253113
14827,JG075B,123,S075_WT,3.0,False,F3,1000.0,HEX,JG075B_123,STANDARD,,165,L-MMMMx,1.0,2+2,F3,0.0,34,-0.3886158689427978,0.3239424228668213
14828,JG075B,123,S075_WT,3.0,False,F3,1000.0,FAM,JG075B_123,STANDARD,,164,L-MMMMx,1.0,2+2,F3,0.0,35,0.8257301023707451,0.622173011302948
14829,JG075B,123,S075_WT,3.0,False,F3,1000.0,HEX,JG075B_123,STANDARD,,165,L-MMMMx,1.0,2+2,F3,0.0,35,-0.41276081853508134,0.34429001808166504
14830,JG075B,123,S075_WT,3.0,False,F3,1000.0,FAM,JG075B_123,STANDARD,,164,L-MMMMx,1.0,2+2,F3,0.0,36,0.8475804179690818,0.6384879350662231
14831,JG075B,123,S075_WT,3.0,False,F3,1000.0,HEX,JG075B_123,STANDARD,,165,L-MMMMx,1.0,2+2,F3,0.0,36,-0.43175526413503756,0.36022740602493286
14832,JG075B,123,S075_WT,3.0,False,F3,1000.0,FAM,JG075B_123,STANDARD,,164,L-MMMMx,1.0,2+2,F3,0.0,37,0.8683176228900092,0.6539417505264282
14833,JG075B,123,S075_WT,3.0,False,F3,1000.0,HEX,JG075B_123,STANDARD,,165,L-MMMMx,1.0,2+2,F3,0.0,37,-0.44970681464217105,0.3752717971801758
14834,JG075B,123,S075_WT,3.0,False,F3,1000.0,FAM,JG075B_123,STANDARD,,164,L-MMMMx,1.0,2+2,F3,0.0,38,0.8842321700528506,0.6656647324562073
14835,JG075B,123,S075_WT,3.0,False,F3,1000.0,HEX,JG075B_123,STANDARD,,165,L-MMMMx,1.0,2+2,F3,0.0,38,-0.4630203290299822,0.3863447904586792
14836,JG075B,123,S075_WT,3.0,False,F3,1000.0,FAM,JG075B_123,STANDARD,,164,L-MMMMx,1.0,2+2,F3,0.0,39,0.8917887946744507,0.6709219813346863
14837,JG075B,123,S075_WT,3.0,False,F3,1000.0,HEX,JG075B_123,STANDARD,,165,L-MMMMx,1.0,2+2,F3,0.0,39,-0.4722426624479314,0.3939146399497986
14838,JG075B,123,S075_WT,3.0,False,F3,1000.0,FAM,JG075B_123,STANDARD,,164,L-MMMMx,1.0,2+2,F3,0.0,40,0.8979977748813929,0.6751366257667542
14839,JG075B,123,S075_WT,3.0,False,F3,1000.0,HEX,JG075B_123,STANDARD,,165,L-MMMMx,1.0,2+2,F3,0.0,40,-0.48178241687931483,0.40175628662109375
14840,JG075B,123,S075_WT,3.0,False,F3,1000.0,FAM,JG075B_123,STANDARD,,164,L-MMMMx,1.0,2+2,F3,0.0,41,0.9059912609649512,0.6807318329811096
14841,JG075B,123,S075_WT,3.0,False,F3,1000.0,HEX,JG075B_123,STANDARD,,165,L-MMMMx,1.0,2+2,F3,0.0,41,-0.49293649383757404,0.410980224609375
14842,JG075B,123,S075_WT,3.0,False,F3,1000.0,FAM,JG075B_123,STANDARD,,164,L-MMMMx,1.0,2+2,F3,0.0,42,0.9148592404511948,0.6870035529136658
14843,JG075B,123,S075_WT,3.0,False,F3,1000.0,HEX,JG075B_123,STANDARD,,165,L-MMMMx,1.0,2+2,F3,0.0,42,-0.5022498073574001,0.4186279773712158
14844,JG075B,123,S075_WT,3.0,False,F3,1000.0,FAM,JG075B_123,STANDARD,,164,L-MMMMx,1.0,2+2,F3,0.0,43,0.9210902563509271,0.6912353038787842
14845,JG075B,123,S075_WT,3.0,False,F3,1000.0,HEX,JG075B_123,STANDARD,,165,L-MMMMx,1.0,2+2,F3,0.0,43,-0.512549144705142,0.42712002992630005
14846,JG075B,123,S075_WT,3.0,False,F3,1000.0,FAM,JG075B_123,STANDARD,,164,L-MMMMx,1.0,2+2,F3,0.0,44,0.9264844552597726,0.6948196887969971
14847,JG075B,123,S075_WT,3.0,False,F3,1000.0,HEX,JG075B_123,STANDARD,,165,L-MMMMx,1.0,2+2,F3,0.0,44,-0.5220601502596508,0.43493708968162537
14848,JG075B,123,S075_WT,3.0,False,F3,1000.0,FAM,JG075B_123,STANDARD,,164,L-MMMMx,1.0,2+2,F3,0.0,45,0.9298994483071047,0.6968729496002197
14849,JG075B,123,S075_WT,3.0,False,F3,1000.0,HEX,JG075B_123,STANDARD,,165,L-MMMMx,1.0,2+2,F3,0.0,45,-0.5308113640681871,0.4421035349369049
14850,JG075B,123,S075_WT,3.0,False,F3,1000.0,FAM,JG075B_123,STANDARD,,164,L-MMMMx,1.0,2+2,F3,0.0,46,0.9346157029472077,0.699932873249054
14851,JG075B,123,S075_WT,3.0,False,F3,1000.0,HEX,JG075B_123,STANDARD,,165,L-MMMMx,1.0,2+2,F3,0.0,46,-0.5370121417997021,0.4470861256122589
14852,JG075B,123,S075_WT,3.0,False,F3,1000.0,FAM,JG075B_123,STANDARD,,164,L-MMMMx,1.0,2+2,F3,0.0,47,0.9373769447591402,0.7014803886413574
14853,JG075B,123,S075_WT,3.0,False,F3,1000.0,HEX,JG075B_123,STANDARD,,165,L-MMMMx,1.0,2+2,F3,0.0,47,-0.5461473236586997,0.4545813500881195
14854,JG075B,123,S075_WT,3.0,False,F3,1000.0,FAM,JG075B_123,STANDARD,,164,L-MMMMx,1.0,2+2,F3,0.0,48,0.9414815933525018,0.7040671706199646
14855,JG075B,123,S075_WT,3.0,False,F3,1000.0,HEX,JG075B_123,STANDARD,,165,L-MMMMx,1.0,2+2,F3,0.0,48,-0.555667169666872,0.4624059498310089
14856,JG075B,123,S075_WT,3.0,False,F3,1000.0,FAM,JG075B_123,STANDARD,,164,L-MMMMx,1.0,2+2,F3,0.0,49,0.9452778963425553,0.7064154148101807
14857,JG075B,123,S075_WT,3.0,False,F3,1000.0,HEX,JG075B_123,STANDARD,,165,L-MMMMx,1.0,2+2,F3,0.0,49,-0.5630037020596136,0.4683610498905182
14858,JG075B,123,S075_WT,3.0,False,F3,1000.0,FAM,JG075B_123,STANDARD,,164,L-MMMMx,1.0,2+2,F3,0.0,50,0.9474286878258997,0.7074906826019287
14859,JG075B,123,S075_WT,3.0,False,F3,1000.0,HEX,JG075B_123,STANDARD,,165,L-MMMMx,1.0,2+2,F3,0.0,50,-0.5712450931702568,0.47509095072746277
15480,JG075B,127,S075_WT,3.0,False,F7,1000.0,FAM,JG075B_127,STANDARD,,172,L-MMMMx,0.1,2+2,F7,-1.0,1,-0.003580487071396355,0.0011180788278579712
15481,JG075B,127,S075_WT,3.0,False,F7,1000.0,HEX,JG075B_127,STANDARD,,173,L-MMMMx,0.1,2+2,F7,-1.0,1,0.000961012131010172,0.0012375428341329098
15482,JG075B,127,S075_WT,3.0,False,F7,1000.0,FAM,JG075B_127,STANDARD,,172,L-MMMMx,0.1,2+2,F7,-1.0,2,-0.003391392319542586,0.0005981042631901801
15483,JG075B,127,S075_WT,3.0,False,F7,1000.0,HEX,JG075B_127,STANDARD,,173,L-MMMMx,0.1,2+2,F7,-1.0,2,0.00048075622598031176,0.0013183568371459842
15484,JG075B,127,S075_WT,3.0,False,F7,1000.0,FAM,JG075B_127,STANDARD,,172,L-MMMMx,0.1,2+2,F7,-1.0,3,-0.0026161943681974774,0.0005315421731211245
15485,JG075B,127,S075_WT,3.0,False,F7,1000.0,HEX,JG075B_127,STANDARD,,173,L-MMMMx,0.1,2+2,F7,-1.0,3,0.0009734548955170514,0.0005660617025569081
15486,JG075B,127,S075_WT,3.0,False,F7,1000.0,FAM,JG075B_127,STANDARD,,172,L-MMMMx,0.1,2+2,F7,-1.0,4,-0.0013550747192853905,0.0008408917346969247
15487,JG075B,127,S075_WT,3.0,False,F7,1000.0,HEX,JG075B_127,STANDARD,,173,L-MMMMx,0.1,2+2,F7,-1.0,4,0.0008741564140118015,0.0003206742985639721
15488,JG075B,127,S075_WT,3.0,False,F7,1000.0,FAM,JG075B_127,STANDARD,,172,L-MMMMx,0.1,2+2,F7,-1.0,5,-0.0007314684657185403,0.0006570575060322881
15489,JG075B,127,S075_WT,3.0,False,F7,1000.0,HEX,JG075B_127,STANDARD,,173,L-MMMMx,0.1,2+2,F7,-1.0,5,0.0001449582065051447,0.0006146493251435459
15490,JG075B,127,S075_WT,3.0,False,F7,1000.0,FAM,JG075B_127,STANDARD,,172,L-MMMMx,0.1,2+2,F7,-1.0,6,-0.0003135222575365013,0.0003141236084047705
15491,JG075B,127,S075_WT,3.0,False,F7,1000.0,HEX,JG075B_127,STANDARD,,173,L-MMMMx,0.1,2+2,F7,-1.0,6,-0.0003255697190011553,0.0006871335208415985
15492,JG075B,127,S075_WT,3.0,False,F7,1000.0,FAM,JG075B_127,STANDARD,,172,L-MMMMx,0.1,2+2,F7,-1.0,7,0.0003502644638277373,0.00016137321654241532
15493,JG075B,127,S075_WT,3.0,False,F7,1000.0,HEX,JG075B_127,STANDARD,,173,L-MMMMx,0.1,2+2,F7,-1.0,7,-0.0004899012228311721,0.0004974317853339016
15494,JG075B,127,S075_WT,3.0,False,F7,1000.0,FAM,JG075B_127,STANDARD,,172,L-MMMMx,0.1,2+2,F7,-1.0,8,0.0006706295359304046,-0.0002570499782450497
15495,JG075B,127,S075_WT,3.0,False,F7,1000.0,HEX,JG075B_127,STANDARD,,173,L-MMMMx,0.1,2+2,F7,-1.0,8,-0.000560450827461786,0.00022742764849681407
15496,JG075B,127,S075_WT,3.0,False,F7,1000.0,FAM,JG075B_127,STANDARD,,172,L-MMMMx,0.1,2+2,F7,-1.0,9,0.0011490583274699699,-0.0005531942588277161
15497,JG075B,127,S075_WT,3.0,False,F7,1000.0,HEX,JG075B_127,STANDARD,,173,L-MMMMx,0.1,2+2,F7,-1.0,9,-0.0002784612385534316,-0.00034444418270140886
15498,JG075B,127,S075_WT,3.0,False,F7,1000.0,FAM,JG075B_127,STANDARD,,172,L-MMMMx,0.1,2+2,F7,-1.0,10,0.002846307483509798,9.354736539535224e-05
15499,JG075B,127,S075_WT,3.0,False,F7,1000.0,HEX,JG075B_127,STANDARD,,173,L-MMMMx,0.1,2+2,F7,-1.0,10,-0.0003381865081864526,-0.000623716798145324
15500,JG075B,127,S075_WT,3.0,False,F7,1000.0,FAM,JG075B_127,STANDARD,,172,L-MMMMx,0.1,2+2,F7,-1.0,11,0.0031369898610411444,-0.0003478385042399168
15501,JG075B,127,S075_WT,3.0,False,F7,1000.0,HEX,JG075B_127,STANDARD,,173,L-MMMMx,0.1,2+2,F7,-1.0,11,-0.0009512058403813238,-0.0004292219236958772
15502,JG075B,127,S075_WT,3.0,False,F7,1000.0,FAM,JG075B_127,STANDARD,,172,L-MMMMx,0.1,2+2,F7,-1.0,12,0.0030404873952382125,-0.001088752644136548
15503,JG075B,127,S075_WT,3.0,False,F7,1000.0,HEX,JG075B_127,STANDARD,,173,L-MMMMx,0.1,2+2,F7,-1.0,12,-0.0009750820262602587,-0.000739190960302949
15504,JG075B,127,S075_WT,3.0,False,F7,1000.0,FAM,JG075B_127,STANDARD,,172,L-MMMMx,0.1,2+2,F7,-1.0,13,0.004751162143825874,-0.00043162491056136787
15505,JG075B,127,S075_WT,3.0,False,F7,1000.0,HEX,JG075B_127,STANDARD,,173,L-MMMMx,0.1,2+2,F7,-1.0,13,-0.000937475293254152,-0.001101805828511715
15506,JG075B,127,S075_WT,3.0,False,F7,1000.0,FAM,JG075B_127,STANDARD,,172,L-MMMMx,0.1,2+2,F7,-1.0,14,0.004908532432370775,-0.0009761417168192565
15507,JG075B,127,S075_WT,3.0,False,F7,1000.0,HEX,JG075B_127,STANDARD,,173,L-MMMMx,0.1,2+2,F7,-1.0,14,-0.002010633277653775,-0.0005133093218319118
15508,JG075B,127,S075_WT,3.0,False,F7,1000.0,FAM,JG075B_127,STANDARD,,172,L-MMMMx,0.1,2+2,F7,-1.0,15,0.005850673870964189,-0.0009135554428212345
15509,JG075B,127,S075_WT,3.0,False,F7,1000.0,HEX,JG075B_127,STANDARD,,173,L-MMMMx,0.1,2+2,F7,-1.0,15,-0.002361623651554824,-0.0005431812023743987
15510,JG075B,127,S075_WT,3.0,False,F7,1000.0,FAM,JG075B_127,STANDARD,,172,L-MMMMx,0.1,2+2,F7,-1.0,16,0.007163434859360838,-0.0005642559262923896
15511,JG075B,127,S075_WT,3.0,False,F7,1000.0,HEX,JG075B_127,STANDARD,,173,L-MMMMx,0.1,2+2,F7,-1.0,16,-0.003419015000089786,3.181484134984203e-05
15512,JG075B,127,S075_WT,3.0,False,F7,1000.0,FAM,JG075B_127,STANDARD,,172,L-MMMMx,0.1,2+2,F7,-1.0,17,0.007358982370904025,-0.0010792386019602418
15513,JG075B,127,S075_WT,3.0,False,F7,1000.0,HEX,JG075B_127,STANDARD,,173,L-MMMMx,0.1,2+2,F7,-1.0,17,-0.003713412548569336,-4.651563358493149e-05
15514,JG075B,127,S075_WT,3.0,False,F7,1000.0,FAM,JG075B_127,STANDARD,,172,L-MMMMx,0.1,2+2,F7,-1.0,18,0.00936399927117524,-0.00019440625328570604
15515,JG075B,127,S075_WT,3.0,False,F7,1000.0,HEX,JG075B_127,STANDARD,,173,L-MMMMx,0.1,2+2,F7,-1.0,18,-0.003240169838079717,-0.0007821512408554554
15516,JG075B,127,S075_WT,3.0,False,F7,1000.0,FAM,JG075B_127,STANDARD,,172,L-MMMMx,0.1,2+2,F7,-1.0,19,0.011203594379766698,0.000562454923056066
15517,JG075B,127,S075_WT,3.0,False,F7,1000.0,HEX,JG075B_127,STANDARD,,173,L-MMMMx,0.1,2+2,F7,-1.0,19,-0.0031702119173557235,-0.0011724673677235842
15518,JG075B,127,S075_WT,3.0,False,F7,1000.0,FAM,JG075B_127,STANDARD,,172,L-MMMMx,0.1,2+2,F7,-1.0,20,0.01553251008078169,0.003245067782700062
15519,JG075B,127,S075_WT,3.0,False,F7,1000.0,HEX,JG075B_127,STANDARD,,173,L-MMMMx,0.1,2+2,F7,-1.0,20,-0.004454722873693878,-0.0004029962292406708
15520,JG075B,127,S075_WT,3.0,False,F7,1000.0,FAM,JG075B_127,STANDARD,,172,L-MMMMx,0.1,2+2,F7,-1.0,21,0.022215893327695996,0.00774910906329751
15521,JG075B,127,S075_WT,3.0,False,F7,1000.0,HEX,JG075B_127,STANDARD,,173,L-MMMMx,0.1,2+2,F7,-1.0,21,-0.006220377260921824,0.0007784621557220817
15522,JG075B,127,S075_WT,3.0,False,F7,1000.0,FAM,JG075B_127,STANDARD,,172,L-MMMMx,0.1,2+2,F7,-1.0,22,0.033632269865967394,0.015914618968963623
15523,JG075B,127,S075_WT,3.0,False,F7,1000.0,HEX,JG075B_127,STANDARD,,173,L-MMMMx,0.1,2+2,F7,-1.0,22,-0.009171905416760663,0.00297534535638988
15524,JG075B,127,S075_WT,3.0,False,F7,1000.0,FAM,JG075B_127,STANDARD,,172,L-MMMMx,0.1,2+2,F7,-1.0,23,0.05401370621536194,0.03101554699242115
15525,JG075B,127,S075_WT,3.0,False,F7,1000.0,HEX,JG075B_127,STANDARD,,173,L-MMMMx,0.1,2+2,F7,-1.0,23,-0.015297469682263459,0.007890051230788231
15526,JG075B,127,S075_WT,3.0,False,F7,1000.0,FAM,JG075B_127,STANDARD,,172,L-MMMMx,0.1,2+2,F7,-1.0,24,0.0882347133551118,0.05682284012436867
15527,JG075B,127,S075_WT,3.0,False,F7,1000.0,HEX,JG075B_127,STANDARD,,173,L-MMMMx,0.1,2+2,F7,-1.0,24,-0.02505562508506136,0.015915226191282272
15528,JG075B,127,S075_WT,3.0,False,F7,1000.0,FAM,JG075B_127,STANDARD,,172,L-MMMMx,0.1,2+2,F7,-1.0,25,0.1402302419297315,0.09638059884309769
15529,JG075B,127,S075_WT,3.0,False,F7,1000.0,HEX,JG075B_127,STANDARD,,173,L-MMMMx,0.1,2+2,F7,-1.0,25,-0.04123998978779681,0.02944295108318329
15530,JG075B,127,S075_WT,3.0,False,F7,1000.0,FAM,JG075B_127,STANDARD,,172,L-MMMMx,0.1,2+2,F7,-1.0,26,0.21069849979958524,0.15022894740104675
15531,JG075B,127,S075_WT,3.0,False,F7,1000.0,HEX,JG075B_127,STANDARD,,173,L-MMMMx,0.1,2+2,F7,-1.0,26,-0.06516867891221045,0.04960188642144203
15532,JG075B,127,S075_WT,3.0,False,F7,1000.0,FAM,JG075B_127,STANDARD,,172,L-MMMMx,0.1,2+2,F7,-1.0,27,0.2940986659461085,0.21408149600028992
15533,JG075B,127,S075_WT,3.0,False,F7,1000.0,HEX,JG075B_127,STANDARD,,173,L-MMMMx,0.1,2+2,F7,-1.0,27,-0.0969328465848576,0.07647008448839188
15534,JG075B,127,S075_WT,3.0,False,F7,1000.0,FAM,JG075B_127,STANDARD,,172,L-MMMMx,0.1,2+2,F7,-1.0,28,0.383757585228044,0.2827758491039276
15535,JG075B,127,S075_WT,3.0,False,F7,1000.0,HEX,JG075B_127,STANDARD,,173,L-MMMMx,0.1,2+2,F7,-1.0,28,-0.13752173609020474,0.11089460551738739
15536,JG075B,127,S075_WT,3.0,False,F7,1000.0,FAM,JG075B_127,STANDARD,,172,L-MMMMx,0.1,2+2,F7,-1.0,29,0.4695110246783748,0.34844890236854553
15537,JG075B,127,S075_WT,3.0,False,F7,1000.0,HEX,JG075B_127,STANDARD,,173,L-MMMMx,0.1,2+2,F7,-1.0,29,-0.18470281963376442,0.15096379816532135
15538,JG075B,127,S075_WT,3.0,False,F7,1000.0,FAM,JG075B_127,STANDARD,,172,L-MMMMx,0.1,2+2,F7,-1.0,30,0.5458865817932135,0.4068671762943268
15539,JG075B,127,S075_WT,3.0,False,F7,1000.0,HEX,JG075B_127,STANDARD,,173,L-MMMMx,0.1,2+2,F7,-1.0,30,-0.23084205223257184,0.19014090299606323
15540,JG075B,127,S075_WT,3.0,False,F7,1000.0,FAM,JG075B_127,STANDARD,,172,L-MMMMx,0.1,2+2,F7,-1.0,31,0.6121091549310611,0.45743104815483093
15541,JG075B,127,S075_WT,3.0,False,F7,1000.0,HEX,JG075B_127,STANDARD,,173,L-MMMMx,0.1,2+2,F7,-1.0,31,-0.274968619815605,0.22759461402893066
15542,JG075B,127,S075_WT,3.0,False,F7,1000.0,FAM,JG075B_127,STANDARD,,172,L-MMMMx,0.1,2+2,F7,-1.0,32,0.664903901132646,0.4976070821285248
15543,JG075B,127,S075_WT,3.0,False,F7,1000.0,HEX,JG075B_127,STANDARD,,173,L-MMMMx,0.1,2+2,F7,-1.0,32,-0.3168004283791484,0.26308339834213257
15544,JG075B,127,S075_WT,3.0,False,F7,1000.0,FAM,JG075B_127,STANDARD,,172,L-MMMMx,0.1,2+2,F7,-1.0,33,0.7086112354946086,0.5307530760765076
15545,JG075B,127,S075_WT,3.0,False,F7,1000.0,HEX,JG075B_127,STANDARD,,173,L-MMMMx,0.1,2+2,F7,-1.0,33,-0.3543266923739547,0.2948854863643646
15546,JG075B,127,S075_WT,3.0,False,F7,1000.0,FAM,JG075B_127,STANDARD,,172,L-MMMMx,0.1,2+2,F7,-1.0,34,0.7417992232249749,0.5557612180709839
15547,JG075B,127,S075_WT,3.0,False,F7,1000.0,HEX,JG075B_127,STANDARD,,173,L-MMMMx,0.1,2+2,F7,-1.0,34,-0.38723691696879076,0.3227350413799286
15548,JG075B,127,S075_WT,3.0,False,F7,1000.0,FAM,JG075B_127,STANDARD,,172,L-MMMMx,0.1,2+2,F7,-1.0,35,0.7643844985209516,0.5725670456886292
15549,JG075B,127,S075_WT,3.0,False,F7,1000.0,HEX,JG075B_127,STANDARD,,173,L-MMMMx,0.1,2+2,F7,-1.0,35,-0.4150954139787694,0.3462589383125305
15550,JG075B,127,S075_WT,3.0,False,F7,1000.0,FAM,JG075B_127,STANDARD,,172,L-MMMMx,0.1,2+2,F7,-1.0,36,0.7829521122765739,0.5862647891044617
15551,JG075B,127,S075_WT,3.0,False,F7,1000.0,HEX,JG075B_127,STANDARD,,173,L-MMMMx,0.1,2+2,F7,-1.0,36,-0.44252518379099776,0.3694157302379608
15552,JG075B,127,S075_WT,3.0,False,F7,1000.0,FAM,JG075B_127,STANDARD,,172,L-MMMMx,0.1,2+2,F7,-1.0,37,0.7962326236722258,0.5958724021911621
15553,JG075B,127,S075_WT,3.0,False,F7,1000.0,HEX,JG075B_127,STANDARD,,173,L-MMMMx,0.1,2+2,F7,-1.0,37,-0.463190127084023,0.3867800235748291
15554,JG075B,127,S075_WT,3.0,False,F7,1000.0,FAM,JG075B_127,STANDARD,,172,L-MMMMx,0.1,2+2,F7,-1.0,38,0.8074212081624762,0.6038616895675659
15555,JG075B,127,S075_WT,3.0,False,F7,1000.0,HEX,JG075B_127,STANDARD,,173,L-MMMMx,0.1,2+2,F7,-1.0,38,-0.4787745243054449,0.3997940123081207
15556,JG075B,127,S075_WT,3.0,False,F7,1000.0,FAM,JG075B_127,STANDARD,,172,L-MMMMx,0.1,2+2,F7,-1.0,39,0.8190938844632174,0.6122254729270935
15557,JG075B,127,S075_WT,3.0,False,F7,1000.0,HEX,JG075B_127,STANDARD,,173,L-MMMMx,0.1,2+2,F7,-1.0,39,-0.49420014141027835,0.4126720428466797
15558,JG075B,127,S075_WT,3.0,False,F7,1000.0,FAM,JG075B_127,STANDARD,,172,L-MMMMx,0.1,2+2,F7,-1.0,40,0.8272682019138331,0.6178829073905945
15559,JG075B,127,S075_WT,3.0,False,F7,1000.0,HEX,JG075B_127,STANDARD,,173,L-MMMMx,0.1,2+2,F7,-1.0,40,-0.5098048647141395,0.4257034361362457
15560,JG075B,127,S075_WT,3.0,False,F7,1000.0,FAM,JG075B_127,STANDARD,,172,L-MMMMx,0.1,2+2,F7,-1.0,41,0.8336530824237119,0.622156023979187
15561,JG075B,127,S075_WT,3.0,False,F7,1000.0,HEX,JG075B_127,STANDARD,,173,L-MMMMx,0.1,2+2,F7,-1.0,41,-0.5235700079473807,0.4371596872806549
15562,JG075B,127,S075_WT,3.0,False,F7,1000.0,FAM,JG075B_127,STANDARD,,172,L-MMMMx,0.1,2+2,F7,-1.0,42,0.8380064415636698,0.6248575448989868
15563,JG075B,127,S075_WT,3.0,False,F7,1000.0,HEX,JG075B_127,STANDARD,,173,L-MMMMx,0.1,2+2,F7,-1.0,42,-0.5350518777899079,0.4466608166694641
15564,JG075B,127,S075_WT,3.0,False,F7,1000.0,FAM,JG075B_127,STANDARD,,172,L-MMMMx,0.1,2+2,F7,-1.0,43,0.8459201830946484,0.6303133964538574
15565,JG075B,127,S075_WT,3.0,False,F7,1000.0,HEX,JG075B_127,STANDARD,,173,L-MMMMx,0.1,2+2,F7,-1.0,43,-0.5459160992437943,0.4556330740451813
15566,JG075B,127,S075_WT,3.0,False,F7,1000.0,FAM,JG075B_127,STANDARD,,172,L-MMMMx,0.1,2+2,F7,-1.0,44,0.8496016077002612,0.632495105266571
15567,JG075B,127,S075_WT,3.0,False,F7,1000.0,HEX,JG075B_127,STANDARD,,173,L-MMMMx,0.1,2+2,F7,-1.0,44,-0.5556559820553583,0.46364259719848633
15568,JG075B,127,S075_WT,3.0,False,F7,1000.0,FAM,JG075B_127,STANDARD,,172,L-MMMMx,0.1,2+2,F7,-1.0,45,0.8538538029778643,0.6351183652877808
15569,JG075B,127,S075_WT,3.0,False,F7,1000.0,HEX,JG075B_127,STANDARD,,173,L-MMMMx,0.1,2+2,F7,-1.0,45,-0.5669005518463948,0.4729405343532562
15570,JG075B,127,S075_WT,3.0,False,F7,1000.0,FAM,JG075B_127,STANDARD,,172,L-MMMMx,0.1,2+2,F7,-1.0,46,0.8600847418297197,0.6392723917961121
15571,JG075B,127,S075_WT,3.0,False,F7,1000.0,HEX,JG075B_127,STANDARD,,173,L-MMMMx,0.1,2+2,F7,-1.0,46,-0.5766740562258291,0.4809788465499878
15572,JG075B,127,S075_WT,3.0,False,F7,1000.0,FAM,JG075B_127,STANDARD,,172,L-MMMMx,0.1,2+2,F7,-1.0,47,0.8638076952409753,0.6414862275123596
15573,JG075B,127,S075_WT,3.0,False,F7,1000.0,HEX,JG075B_127,STANDARD,,173,L-MMMMx,0.1,2+2,F7,-1.0,47,-0.5843069178409807,0.48718422651290894
15574,JG075B,127,S075_WT,3.0,False,F7,1000.0,FAM,JG075B_127,STANDARD,,172,L-MMMMx,0.1,2+2,F7,-1.0,48,0.8662711470087335,0.6427257061004639
15575,JG075B,127,S075_WT,3.0,False,F7,1000.0,HEX,JG075B_127,STANDARD,,173,L-MMMMx,0.1,2+2,F7,-1.0,48,-0.5932835980228752,0.4945402443408966
15576,JG075B,127,S075_WT,3.0,False,F7,1000.0,FAM,JG075B_127,STANDARD,,172,L-MMMMx,0.1,2+2,F7,-1.0,49,0.8698261360483721,0.6448096036911011
15577,JG075B,127,S075_WT,3.0,False,F7,1000.0,HEX,JG075B_127,STANDARD,,173,L-MMMMx,0.1,2+2,F7,-1.0,49,-0.6021397139075617,0.5017930269241333
15578,JG075B,127,S075_WT,3.0,False,F7,1000.0,FAM,JG075B_127,STANDARD,,172,L-MMMMx,0.1,2+2,F7,-1.0,50,0.8746292236457286,0.6478590369224548
15579,JG075B,127,S075_WT,3.0,False,F7,1000.0,HEX,JG075B_127,STANDARD,,173,L-MMMMx,0.1,2+2,F7,-1.0,50,-0.6094609321286025,0.507731556892395
15660,JG075B,128,S075_WT,3.0,False,F8,1000.0,FAM,JG075B_128,STANDARD,,174,L-MMMMx,0.0,2+2,F8,-2.0,1,-0.001553680068442592,0.0028168244753032923
15661,JG075B,128,S075_WT,3.0,False,F8,1000.0,HEX,JG075B_128,STANDARD,,175,L-MMMMx,0.0,2+2,F8,-2.0,1,0.0006138568259597573,0.0017138519324362278
15662,JG075B,128,S075_WT,3.0,False,F8,1000.0,FAM,JG075B_128,STANDARD,,174,L-MMMMx,0.0,2+2,F8,-2.0,2,-0.0017445661834340203,0.0019765011966228485
15663,JG075B,128,S075_WT,3.0,False,F8,1000.0,HEX,JG075B_128,STANDARD,,175,L-MMMMx,0.0,2+2,F8,-2.0,2,0.00021227747804262653,0.0017147127073258162
15664,JG075B,128,S075_WT,3.0,False,F8,1000.0,FAM,JG075B_128,STANDARD,,174,L-MMMMx,0.0,2+2,F8,-2.0,3,-0.0006869685013230866,0.0021020113490521908
15665,JG075B,128,S075_WT,3.0,False,F8,1000.0,HEX,JG075B_128,STANDARD,,175,L-MMMMx,0.0,2+2,F8,-2.0,3,0.0009433551520761966,0.000745716504752636
15666,JG075B,128,S075_WT,3.0,False,F8,1000.0,FAM,JG075B_128,STANDARD,,174,L-MMMMx,0.0,2+2,F8,-2.0,4,-0.0016897080950893596,0.0006336338701657951
15667,JG075B,128,S075_WT,3.0,False,F8,1000.0,HEX,JG075B_128,STANDARD,,175,L-MMMMx,0.0,2+2,F8,-2.0,4,0.0006450072433965601,0.0006581835332326591
15668,JG075B,128,S075_WT,3.0,False,F8,1000.0,FAM,JG075B_128,STANDARD,,174,L-MMMMx,0.0,2+2,F8,-2.0,5,-0.0014633029088523015,0.00011612920934567228
15669,JG075B,128,S075_WT,3.0,False,F8,1000.0,HEX,JG075B_128,STANDARD,,175,L-MMMMx,0.0,2+2,F8,-2.0,5,0.0001289544620161392,0.0007570641464553773
15670,JG075B,128,S075_WT,3.0,False,F8,1000.0,FAM,JG075B_128,STANDARD,,174,L-MMMMx,0.0,2+2,F8,-2.0,6,-0.0004184181264279816,0.0002318047045264393
15671,JG075B,128,S075_WT,3.0,False,F8,1000.0,HEX,JG075B_128,STANDARD,,175,L-MMMMx,0.0,2+2,F8,-2.0,6,-6.96425009943607e-05,0.0005841177771799266
15672,JG075B,128,S075_WT,3.0,False,F8,1000.0,FAM,JG075B_128,STANDARD,,174,L-MMMMx,0.0,2+2,F8,-2.0,7,0.00033979076806319754,0.00012570622493512928
15673,JG075B,128,S075_WT,3.0,False,F8,1000.0,HEX,JG075B_128,STANDARD,,175,L-MMMMx,0.0,2+2,F8,-2.0,7,-0.0003253369609937714,0.00046006208867765963
15674,JG075B,128,S075_WT,3.0,False,F8,1000.0,FAM,JG075B_128,STANDARD,,174,L-MMMMx,0.0,2+2,F8,-2.0,8,0.0013704409552323545,0.0002303697692696005
15675,JG075B,128,S075_WT,3.0,False,F8,1000.0,HEX,JG075B_128,STANDARD,,175,L-MMMMx,0.0,2+2,F8,-2.0,8,0.00011102992013909618,-0.0002565829490777105
15676,JG075B,128,S075_WT,3.0,False,F8,1000.0,FAM,JG075B_128,STANDARD,,174,L-MMMMx,0.0,2+2,F8,-2.0,9,0.0014503396035658,-0.00040047310176305473
15677,JG075B,128,S075_WT,3.0,False,F8,1000.0,HEX,JG075B_128,STANDARD,,175,L-MMMMx,0.0,2+2,F8,-2.0,9,-9.341427206624494e-05,-0.00042452255729585886
15678,JG075B,128,S075_WT,3.0,False,F8,1000.0,FAM,JG075B_128,STANDARD,,174,L-MMMMx,0.0,2+2,F8,-2.0,10,0.0010978263048313775,-0.0013658321695402265
15679,JG075B,128,S075_WT,3.0,False,F8,1000.0,HEX,JG075B_128,STANDARD,,175,L-MMMMx,0.0,2+2,F8,-2.0,10,-0.001339953043573615,0.0002998491981998086
15680,JG075B,128,S075_WT,3.0,False,F8,1000.0,FAM,JG075B_128,STANDARD,,174,L-MMMMx,0.0,2+2,F8,-2.0,11,0.0012758646863516368,-0.0019207536242902279
15681,JG075B,128,S075_WT,3.0,False,F8,1000.0,HEX,JG075B_128,STANDARD,,175,L-MMMMx,0.0,2+2,F8,-2.0,11,-0.001305757194264499,-7.243002619361505e-05
15682,JG075B,128,S075_WT,3.0,False,F8,1000.0,FAM,JG075B_128,STANDARD,,174,L-MMMMx,0.0,2+2,F8,-2.0,12,0.0035254508098363896,-0.0008731147972866893
15683,JG075B,128,S075_WT,3.0,False,F8,1000.0,HEX,JG075B_128,STANDARD,,175,L-MMMMx,0.0,2+2,F8,-2.0,12,-0.0008861836945989581,-0.0007746954797767103
15684,JG075B,128,S075_WT,3.0,False,F8,1000.0,FAM,JG075B_128,STANDARD,,174,L-MMMMx,0.0,2+2,F8,-2.0,13,0.004966515775221727,-0.0004509521822910756
15685,JG075B,128,S075_WT,3.0,False,F8,1000.0,HEX,JG075B_128,STANDARD,,175,L-MMMMx,0.0,2+2,F8,-2.0,13,-0.0007228093265002399,-0.0012575859436765313
15686,JG075B,128,S075_WT,3.0,False,F8,1000.0,FAM,JG075B_128,STANDARD,,174,L-MMMMx,0.0,2+2,F8,-2.0,14,0.0060857132349050715,-0.00027778802905231714
15687,JG075B,128,S075_WT,3.0,False,F8,1000.0,HEX,JG075B_128,STANDARD,,175,L-MMMMx,0.0,2+2,F8,-2.0,14,-0.0009458915617641373,-0.0014095664955675602
15688,JG075B,128,S075_WT,3.0,False,F8,1000.0,FAM,JG075B_128,STANDARD,,174,L-MMMMx,0.0,2+2,F8,-2.0,15,0.007074006351754738,-0.00020589212363120168
15689,JG075B,128,S075_WT,3.0,False,F8,1000.0,HEX,JG075B_128,STANDARD,,175,L-MMMMx,0.0,2+2,F8,-2.0,15,-0.00214908078587761,-0.0007223134743981063
15690,JG075B,128,S075_WT,3.0,False,F8,1000.0,FAM,JG075B_128,STANDARD,,174,L-MMMMx,0.0,2+2,F8,-2.0,16,0.007473306973729744,-0.0005896439542993903
15691,JG075B,128,S075_WT,3.0,False,F8,1000.0,HEX,JG075B_128,STANDARD,,175,L-MMMMx,0.0,2+2,F8,-2.0,16,-0.0026794035908882983,-0.0006112139672040939
15692,JG075B,128,S075_WT,3.0,False,F8,1000.0,FAM,JG075B_128,STANDARD,,174,L-MMMMx,0.0,2+2,F8,-2.0,17,0.007307499942665545,-0.0014105660375207663
15693,JG075B,128,S075_WT,3.0,False,F8,1000.0,HEX,JG075B_128,STANDARD,,175,L-MMMMx,0.0,2+2,F8,-2.0,17,-0.0026890793630083335,-0.0009459273423999548
15694,JG075B,128,S075_WT,3.0,False,F8,1000.0,FAM,JG075B_128,STANDARD,,174,L-MMMMx,0.0,2+2,F8,-2.0,18,0.00888081758873011,-0.000886092078872025
15695,JG075B,128,S075_WT,3.0,False,F8,1000.0,HEX,JG075B_128,STANDARD,,175,L-MMMMx,0.0,2+2,F8,-2.0,18,-0.0033551240147171365,-0.0007186136208474636
15696,JG075B,128,S075_WT,3.0,False,F8,1000.0,FAM,JG075B_128,STANDARD,,174,L-MMMMx,0.0,2+2,F8,-2.0,19,0.012592175294514004,0.0012923809699714184
15697,JG075B,128,S075_WT,3.0,False,F8,1000.0,HEX,JG075B_128,STANDARD,,175,L-MMMMx,0.0,2+2,F8,-2.0,19,-0.0034528736765844672,-0.0009779122192412615
15698,JG075B,128,S075_WT,3.0,False,F8,1000.0,FAM,JG075B_128,STANDARD,,174,L-MMMMx,0.0,2+2,F8,-2.0,20,0.016533906152194716,0.003649071790277958
15699,JG075B,128,S075_WT,3.0,False,F8,1000.0,HEX,JG075B_128,STANDARD,,175,L-MMMMx,0.0,2+2,F8,-2.0,20,-0.0048012342874341465,-0.00016635381325613707
15700,JG075B,128,S075_WT,3.0,False,F8,1000.0,FAM,JG075B_128,STANDARD,,174,L-MMMMx,0.0,2+2,F8,-2.0,21,0.022161251936505085,0.007309763226658106
15701,JG075B,128,S075_WT,3.0,False,F8,1000.0,HEX,JG075B_128,STANDARD,,175,L-MMMMx,0.0,2+2,F8,-2.0,21,-0.006695266679930973,0.0011124454904347658
15702,JG075B,128,S075_WT,3.0,False,F8,1000.0,FAM,JG075B_128,STANDARD,,174,L-MMMMx,0.0,2+2,F8,-2.0,22,0.03194860521372148,0.014188658446073532
15703,JG075B,128,S075_WT,3.0,False,F8,1000.0,HEX,JG075B_128,STANDARD,,175,L-MMMMx,0.0,2+2,F8,-2.0,22,-0.010141425179236989,0.0037202793173491955
15704,JG075B,128,S075_WT,3.0,False,F8,1000.0,FAM,JG075B_128,STANDARD,,174,L-MMMMx,0.0,2+2,F8,-2.0,23,0.052333123478191565,0.029265576973557472
15705,JG075B,128,S075_WT,3.0,False,F8,1000.0,HEX,JG075B_128,STANDARD,,175,L-MMMMx,0.0,2+2,F8,-2.0,23,-0.015847781396898922,0.008263446390628815
15706,JG075B,128,S075_WT,3.0,False,F8,1000.0,FAM,JG075B_128,STANDARD,,174,L-MMMMx,0.0,2+2,F8,-2.0,24,0.08508155307090867,0.053907282650470734
15707,JG075B,128,S075_WT,3.0,False,F8,1000.0,HEX,JG075B_128,STANDARD,,175,L-MMMMx,0.0,2+2,F8,-2.0,24,-0.023715454510639722,0.01465727761387825
15708,JG075B,128,S075_WT,3.0,False,F8,1000.0,FAM,JG075B_128,STANDARD,,174,L-MMMMx,0.0,2+2,F8,-2.0,25,0.13292971000443207,0.09023021906614304
15709,JG075B,128,S075_WT,3.0,False,F8,1000.0,HEX,JG075B_128,STANDARD,,175,L-MMMMx,0.0,2+2,F8,-2.0,25,-0.03881856908142912,0.02724657952785492
15710,JG075B,128,S075_WT,3.0,False,F8,1000.0,FAM,JG075B_128,STANDARD,,174,L-MMMMx,0.0,2+2,F8,-2.0,26,0.19260972415234845,0.1357063353061676
15711,JG075B,128,S075_WT,3.0,False,F8,1000.0,HEX,JG075B_128,STANDARD,,175,L-MMMMx,0.0,2+2,F8,-2.0,26,-0.06177515635220041,0.04656055197119713
15712,JG075B,128,S075_WT,3.0,False,F8,1000.0,FAM,JG075B_128,STANDARD,,174,L-MMMMx,0.0,2+2,F8,-2.0,27,0.25725543544179463,0.1850239485502243
15713,JG075B,128,S075_WT,3.0,False,F8,1000.0,HEX,JG075B_128,STANDARD,,175,L-MMMMx,0.0,2+2,F8,-2.0,27,-0.0946796207301808,0.07439256459474564
15714,JG075B,128,S075_WT,3.0,False,F8,1000.0,FAM,JG075B_128,STANDARD,,174,L-MMMMx,0.0,2+2,F8,-2.0,28,0.3214488371699665,0.23399165272712708
15715,JG075B,128,S075_WT,3.0,False,F8,1000.0,HEX,JG075B_128,STANDARD,,175,L-MMMMx,0.0,2+2,F8,-2.0,28,-0.1335721872801817,0.10735199600458145
15716,JG075B,128,S075_WT,3.0,False,F8,1000.0,FAM,JG075B_128,STANDARD,,174,L-MMMMx,0.0,2+2,F8,-2.0,29,0.37751453541304014,0.27667170763015747
15717,JG075B,128,S075_WT,3.0,False,F8,1000.0,HEX,JG075B_128,STANDARD,,175,L-MMMMx,0.0,2+2,F8,-2.0,29,-0.17652561970106412,0.14378860592842102
15718,JG075B,128,S075_WT,3.0,False,F8,1000.0,FAM,JG075B_128,STANDARD,,174,L-MMMMx,0.0,2+2,F8,-2.0,30,0.42116932312296473,0.30975064635276794
15719,JG075B,128,S075_WT,3.0,False,F8,1000.0,HEX,JG075B_128,STANDARD,,175,L-MMMMx,0.0,2+2,F8,-2.0,30,-0.22184154154627647,0.18224814534187317
15720,JG075B,128,S075_WT,3.0,False,F8,1000.0,FAM,JG075B_128,STANDARD,,174,L-MMMMx,0.0,2+2,F8,-2.0,31,0.45750517891149045,0.3371675908565521
15721,JG075B,128,S075_WT,3.0,False,F8,1000.0,HEX,JG075B_128,STANDARD,,175,L-MMMMx,0.0,2+2,F8,-2.0,31,-0.26930155184440435,0.2225435972213745
15722,JG075B,128,S075_WT,3.0,False,F8,1000.0,FAM,JG075B_128,STANDARD,,174,L-MMMMx,0.0,2+2,F8,-2.0,32,0.48313168800401274,0.3562997579574585
15723,JG075B,128,S075_WT,3.0,False,F8,1000.0,HEX,JG075B_128,STANDARD,,175,L-MMMMx,0.0,2+2,F8,-2.0,32,-0.3172537387380337,0.26326048374176025
15724,JG075B,128,S075_WT,3.0,False,F8,1000.0,FAM,JG075B_128,STANDARD,,174,L-MMMMx,0.0,2+2,F8,-2.0,33,0.502993012660471,0.3709719181060791
15725,JG075B,128,S075_WT,3.0,False,F8,1000.0,HEX,JG075B_128,STANDARD,,175,L-MMMMx,0.0,2+2,F8,-2.0,33,-0.36019251828099336,0.2996845543384552
15726,JG075B,128,S075_WT,3.0,False,F8,1000.0,FAM,JG075B_128,STANDARD,,174,L-MMMMx,0.0,2+2,F8,-2.0,34,0.5205862789649605,0.38388949632644653
15727,JG075B,128,S075_WT,3.0,False,F8,1000.0,HEX,JG075B_128,STANDARD,,175,L-MMMMx,0.0,2+2,F8,-2.0,34,-0.40035469927485984,0.333731085062027
15728,JG075B,128,S075_WT,3.0,False,F8,1000.0,FAM,JG075B_128,STANDARD,,174,L-MMMMx,0.0,2+2,F8,-2.0,35,0.5328541501146659,0.3926873505115509
15729,JG075B,128,S075_WT,3.0,False,F8,1000.0,HEX,JG075B_128,STANDARD,,175,L-MMMMx,0.0,2+2,F8,-2.0,35,-0.4398566306388088,0.36721229553222656
15730,JG075B,128,S075_WT,3.0,False,F8,1000.0,FAM,JG075B_128,STANDARD,,174,L-MMMMx,0.0,2+2,F8,-2.0,36,0.5452175606317131,0.40155908465385437
15731,JG075B,128,S075_WT,3.0,False,F8,1000.0,HEX,JG075B_128,STANDARD,,175,L-MMMMx,0.0,2+2,F8,-2.0,36,-0.4727902441504242,0.39506927132606506
15732,JG075B,128,S075_WT,3.0,False,F8,1000.0,FAM,JG075B_128,STANDARD,,174,L-MMMMx,0.0,2+2,F8,-2.0,37,0.5546118541649825,0.40813392400741577
15733,JG075B,128,S075_WT,3.0,False,F8,1000.0,HEX,JG075B_128,STANDARD,,175,L-MMMMx,0.0,2+2,F8,-2.0,37,-0.5043251865166593,0.42172861099243164
15734,JG075B,128,S075_WT,3.0,False,F8,1000.0,FAM,JG075B_128,STANDARD,,174,L-MMMMx,0.0,2+2,F8,-2.0,38,0.5618982718823344,0.41307806968688965
15735,JG075B,128,S075_WT,3.0,False,F8,1000.0,HEX,JG075B_128,STANDARD,,175,L-MMMMx,0.0,2+2,F8,-2.0,38,-0.5301203077195726,0.44347313046455383
15736,JG075B,128,S075_WT,3.0,False,F8,1000.0,FAM,JG075B_128,STANDARD,,174,L-MMMMx,0.0,2+2,F8,-2.0,39,0.5685594460787355,0.4175385534763336
15737,JG075B,128,S075_WT,3.0,False,F8,1000.0,HEX,JG075B_128,STANDARD,,175,L-MMMMx,0.0,2+2,F8,-2.0,39,-0.5546141419871484,0.4641034007072449
15738,JG075B,128,S075_WT,3.0,False,F8,1000.0,FAM,JG075B_128,STANDARD,,174,L-MMMMx,0.0,2+2,F8,-2.0,40,0.5740969540385938,0.4211297333240509
15739,JG075B,128,S075_WT,3.0,False,F8,1000.0,HEX,JG075B_128,STANDARD,,175,L-MMMMx,0.0,2+2,F8,-2.0,40,-0.5744488483443776,0.48074421286582947
15740,JG075B,128,S075_WT,3.0,False,F8,1000.0,FAM,JG075B_128,STANDARD,,174,L-MMMMx,0.0,2+2,F8,-2.0,41,0.579002669407966,0.42423215508461
15741,JG075B,128,S075_WT,3.0,False,F8,1000.0,HEX,JG075B_128,STANDARD,,175,L-MMMMx,0.0,2+2,F8,-2.0,41,-0.5919039412489205,0.49534744024276733
15742,JG075B,128,S075_WT,3.0,False,F8,1000.0,FAM,JG075B_128,STANDARD,,174,L-MMMMx,0.0,2+2,F8,-2.0,42,0.5855003480096096,0.4285661578178406
15743,JG075B,128,S075_WT,3.0,False,F8,1000.0,HEX,JG075B_128,STANDARD,,175,L-MMMMx,0.0,2+2,F8,-2.0,42,-0.6095299959975412,0.5100970268249512
15744,JG075B,128,S075_WT,3.0,False,F8,1000.0,FAM,JG075B_128,STANDARD,,174,L-MMMMx,0.0,2+2,F8,-2.0,43,0.5919519519808738,0.4328644871711731
15745,JG075B,128,S075_WT,3.0,False,F8,1000.0,HEX,JG075B_128,STANDARD,,175,L-MMMMx,0.0,2+2,F8,-2.0,43,-0.6240291057144778,0.5221691727638245
15746,JG075B,128,S075_WT,3.0,False,F8,1000.0,FAM,JG075B_128,STANDARD,,174,L-MMMMx,0.0,2+2,F8,-2.0,44,0.5965907735047039,0.4357604682445526
15747,JG075B,128,S075_WT,3.0,False,F8,1000.0,HEX,JG075B_128,STANDARD,,175,L-MMMMx,0.0,2+2,F8,-2.0,44,-0.6357036556809491,0.531822681427002
15748,JG075B,128,S075_WT,3.0,False,F8,1000.0,FAM,JG075B_128,STANDARD,,174,L-MMMMx,0.0,2+2,F8,-2.0,45,0.5982375177774433,0.4363417327404022
15749,JG075B,128,S075_WT,3.0,False,F8,1000.0,HEX,JG075B_128,STANDARD,,175,L-MMMMx,0.0,2+2,F8,-2.0,45,-0.647233417114977,0.5413522720336914
15750,JG075B,128,S075_WT,3.0,False,F8,1000.0,FAM,JG075B_128,STANDARD,,174,L-MMMMx,0.0,2+2,F8,-2.0,46,0.6008151544987503,0.4376431703567505
15751,JG075B,128,S075_WT,3.0,False,F8,1000.0,HEX,JG075B_128,STANDARD,,175,L-MMMMx,0.0,2+2,F8,-2.0,46,-0.6589386650347212,0.5510320663452148
15752,JG075B,128,S075_WT,3.0,False,F8,1000.0,FAM,JG075B_128,STANDARD,,174,L-MMMMx,0.0,2+2,F8,-2.0,47,0.6050485500943926,0.4402254819869995
15753,JG075B,128,S075_WT,3.0,False,F8,1000.0,HEX,JG075B_128,STANDARD,,175,L-MMMMx,0.0,2+2,F8,-2.0,47,-0.6690357160962701,0.5593348145484924
15754,JG075B,128,S075_WT,3.0,False,F8,1000.0,FAM,JG075B_128,STANDARD,,174,L-MMMMx,0.0,2+2,F8,-2.0,48,0.6050688907338913,0.4395485520362854
15755,JG075B,128,S075_WT,3.0,False,F8,1000.0,HEX,JG075B_128,STANDARD,,175,L-MMMMx,0.0,2+2,F8,-2.0,48,-0.6768560370950134,0.5656881332397461
15756,JG075B,128,S075_WT,3.0,False,F8,1000.0,FAM,JG075B_128,STANDARD,,174,L-MMMMx,0.0,2+2,F8,-2.0,49,0.6076652500892822,0.4408644735813141
15757,JG075B,128,S075_WT,3.0,False,F8,1000.0,HEX,JG075B_128,STANDARD,,175,L-MMMMx,0.0,2+2,F8,-2.0,49,-0.6882244428472121,0.5750795006752014
15758,JG075B,128,S075_WT,3.0,False,F8,1000.0,FAM,JG075B_128,STANDARD,,174,L-MMMMx,0.0,2+2,F8,-2.0,50,0.6121419628801388,0.4436350166797638
15759,JG075B,128,S075_WT,3.0,False,F8,1000.0,HEX,JG075B_128,STANDARD,,175,L-MMMMx,0.0,2+2,F8,-2.0,50,-0.695788738739067,0.5812135934829712
17280,JG075B,145,S075_WT,2.0,False,G1,100.0,FAM,JG075B_145,STANDARD,,192,L-MMMMx,3.1622776601683795,2+2,G1,0.5,1,-0.0008096094593604653,0.0022477125748991966
17281,JG075B,145,S075_WT,2.0,False,G1,100.0,HEX,JG075B_145,STANDARD,,193,L-MMMMx,3.1622776601683795,2+2,G1,0.5,1,-8.660338121466462e-05,0.0017148765036836267
17282,JG075B,145,S075_WT,2.0,False,G1,100.0,FAM,JG075B_145,STANDARD,,192,L-MMMMx,3.1622776601683795,2+2,G1,0.5,2,-0.0011192648765756216,0.0015231373254209757
17283,JG075B,145,S075_WT,2.0,False,G1,100.0,HEX,JG075B_145,STANDARD,,193,L-MMMMx,3.1622776601683795,2+2,G1,0.5,2,0.00027745624603556826,0.0011445010313764215
17284,JG075B,145,S075_WT,2.0,False,G1,100.0,FAM,JG075B_145,STANDARD,,192,L-MMMMx,3.1622776601683795,2+2,G1,0.5,3,-0.0012375718915380184,0.0009465900948271155
17285,JG075B,145,S075_WT,2.0,False,G1,100.0,HEX,JG075B_145,STANDARD,,193,L-MMMMx,3.1622776601683795,2+2,G1,0.5,3,-0.00034670066557804805,0.0014203028986230493
17286,JG075B,145,S075_WT,2.0,False,G1,100.0,FAM,JG075B_145,STANDARD,,192,L-MMMMx,3.1622776601683795,2+2,G1,0.5,4,-0.002574545175246901,-0.0005727238021790981
17287,JG075B,145,S075_WT,2.0,False,G1,100.0,HEX,JG075B_145,STANDARD,,193,L-MMMMx,3.1622776601683795,2+2,G1,0.5,4,-0.0008243462004316399,0.0015706518897786736
17288,JG075B,145,S075_WT,2.0,False,G1,100.0,FAM,JG075B_145,STANDARD,,192,L-MMMMx,3.1622776601683795,2+2,G1,0.5,5,-0.001930386400520025,-0.0005594234680756927
17289,JG075B,145,S075_WT,2.0,False,G1,100.0,HEX,JG075B_145,STANDARD,,193,L-MMMMx,3.1622776601683795,2+2,G1,0.5,5,0.0004427274831290416,0.00022705520677845925
17290,JG075B,145,S075_WT,2.0,False,G1,100.0,FAM,JG075B_145,STANDARD,,192,L-MMMMx,3.1622776601683795,2+2,G1,0.5,6,0.000228148394451662,0.0006254062172956765
17291,JG075B,145,S075_WT,2.0,False,G1,100.0,HEX,JG075B_145,STANDARD,,193,L-MMMMx,3.1622776601683795,2+2,G1,0.5,6,0.0005410862313708349,-0.00011580932914512232
17292,JG075B,145,S075_WT,2.0,False,G1,100.0,FAM,JG075B_145,STANDARD,,192,L-MMMMx,3.1622776601683795,2+2,G1,0.5,7,0.0005818751972470794,0.000414026842918247
17293,JG075B,145,S075_WT,2.0,False,G1,100.0,HEX,JG075B_145,STANDARD,,193,L-MMMMx,3.1622776601683795,2+2,G1,0.5,7,0.0002666841184415007,-0.00013949097774457186
17294,JG075B,145,S075_WT,2.0,False,G1,100.0,FAM,JG075B_145,STANDARD,,192,L-MMMMx,3.1622776601683795,2+2,G1,0.5,8,0.0010834953997301037,0.00031705861329101026
17295,JG075B,145,S075_WT,2.0,False,G1,100.0,HEX,JG075B_145,STANDARD,,193,L-MMMMx,3.1622776601683795,2+2,G1,0.5,8,0.00026322102734098457,-0.0003951688122469932
17296,JG075B,145,S075_WT,2.0,False,G1,100.0,FAM,JG075B_145,STANDARD,,192,L-MMMMx,3.1622776601683795,2+2,G1,0.5,9,0.0014775182421382423,0.0001368524826830253
17297,JG075B,145,S075_WT,2.0,False,G1,100.0,HEX,JG075B_145,STANDARD,,193,L-MMMMx,3.1622776601683795,2+2,G1,0.5,9,-0.00011573511238181997,-0.0003293242771178484
17298,JG075B,145,S075_WT,2.0,False,G1,100.0,FAM,JG075B_145,STANDARD,,192,L-MMMMx,3.1622776601683795,2+2,G1,0.5,10,0.002371466233737857,0.0003433910897001624
17299,JG075B,145,S075_WT,2.0,False,G1,100.0,HEX,JG075B_145,STANDARD,,193,L-MMMMx,3.1622776601683795,2+2,G1,0.5,10,-0.00022693688189085384,-0.0004927490372210741
17300,JG075B,145,S075_WT,2.0,False,G1,100.0,FAM,JG075B_145,STANDARD,,192,L-MMMMx,3.1622776601683795,2+2,G1,0.5,11,0.0024376888839235814,-9.040298027684912e-05
17301,JG075B,145,S075_WT,2.0,False,G1,100.0,HEX,JG075B_145,STANDARD,,193,L-MMMMx,3.1622776601683795,2+2,G1,0.5,11,-0.0008844891292928639,-0.00018835182709153742
17302,JG075B,145,S075_WT,2.0,False,G1,100.0,FAM,JG075B_145,STANDARD,,192,L-MMMMx,3.1622776601683795,2+2,G1,0.5,12,0.0029232060801368948,-0.0001998285879381001
17303,JG075B,145,S075_WT,2.0,False,G1,100.0,HEX,JG075B_145,STANDARD,,193,L-MMMMx,3.1622776601683795,2+2,G1,0.5,12,-0.0010054362807932998,-0.0003434319223742932
17304,JG075B,145,S075_WT,2.0,False,G1,100.0,FAM,JG075B_145,STANDARD,,192,L-MMMMx,3.1622776601683795,2+2,G1,0.5,13,0.0030464056352817155,-0.0005895450594834983
17305,JG075B,145,S075_WT,2.0,False,G1,100.0,HEX,JG075B_145,STANDARD,,193,L-MMMMx,3.1622776601683795,2+2,G1,0.5,13,-0.0006719527895410907,-0.0008876260253600776
17306,JG075B,145,S075_WT,2.0,False,G1,100.0,FAM,JG075B_145,STANDARD,,192,L-MMMMx,3.1622776601683795,2+2,G1,0.5,14,0.0029917786905677207,-0.0011168289929628372
17307,JG075B,145,S075_WT,2.0,False,G1,100.0,HEX,JG075B_145,STANDARD,,193,L-MMMMx,3.1622776601683795,2+2,G1,0.5,14,-0.0006678110021947449,-0.0011498156236484647
17308,JG075B,145,S075_WT,2.0,False,G1,100.0,FAM,JG075B_145,STANDARD,,192,L-MMMMx,3.1622776601683795,2+2,G1,0.5,15,0.003580925281196159,-0.0011460863752290606
17309,JG075B,145,S075_WT,2.0,False,G1,100.0,HEX,JG075B_145,STANDARD,,193,L-MMMMx,3.1622776601683795,2+2,G1,0.5,15,-0.001171055567243609,-0.0009775470243766904
17310,JG075B,145,S075_WT,2.0,False,G1,100.0,FAM,JG075B_145,STANDARD,,192,L-MMMMx,3.1622776601683795,2+2,G1,0.5,16,0.005168959071746441,-0.00040259931120090187
17311,JG075B,145,S075_WT,2.0,False,G1,100.0,HEX,JG075B_145,STANDARD,,193,L-MMMMx,3.1622776601683795,2+2,G1,0.5,16,-0.001972613236036426,-0.0005498427199199796
17312,JG075B,145,S075_WT,2.0,False,G1,100.0,FAM,JG075B_145,STANDARD,,192,L-MMMMx,3.1622776601683795,2+2,G1,0.5,17,0.00570559753427532,-0.00047247722977772355
17313,JG075B,145,S075_WT,2.0,False,G1,100.0,HEX,JG075B_145,STANDARD,,193,L-MMMMx,3.1622776601683795,2+2,G1,0.5,17,-0.0019227899706053828,-0.0008511479245498776
17314,JG075B,145,S075_WT,2.0,False,G1,100.0,FAM,JG075B_145,STANDARD,,192,L-MMMMx,3.1622776601683795,2+2,G1,0.5,18,0.0070161819201498676,5.637348658638075e-05
17315,JG075B,145,S075_WT,2.0,False,G1,100.0,HEX,JG075B_145,STANDARD,,193,L-MMMMx,3.1622776601683795,2+2,G1,0.5,18,-0.002428175039198787,-0.0006770464824512601
17316,JG075B,145,S075_WT,2.0,False,G1,100.0,FAM,JG075B_145,STANDARD,,192,L-MMMMx,3.1622776601683795,2+2,G1,0.5,19,0.0081732098873855,0.00046643216046504676
17317,JG075B,145,S075_WT,2.0,False,G1,100.0,HEX,JG075B_145,STANDARD,,193,L-MMMMx,3.1622776601683795,2+2,G1,0.5,19,-0.00343160133495636,-7.648867176612839e-05
17318,JG075B,145,S075_WT,2.0,False,G1,100.0,FAM,JG075B_145,STANDARD,,192,L-MMMMx,3.1622776601683795,2+2,G1,0.5,20,0.010580609324707262,0.0018437848193570971
17319,JG075B,145,S075_WT,2.0,False,G1,100.0,HEX,JG075B_145,STANDARD,,193,L-MMMMx,3.1622776601683795,2+2,G1,0.5,20,-0.003509077121788006,-0.000268791860435158
17320,JG075B,145,S075_WT,2.0,False,G1,100.0,FAM,JG075B_145,STANDARD,,192,L-MMMMx,3.1622776601683795,2+2,G1,0.5,21,0.016877308539487067,0.0062299203127622604
17321,JG075B,145,S075_WT,2.0,False,G1,100.0,HEX,JG075B_145,STANDARD,,193,L-MMMMx,3.1622776601683795,2+2,G1,0.5,21,-0.00543382487002559,0.0011206632480025291
17322,JG075B,145,S075_WT,2.0,False,G1,100.0,FAM,JG075B_145,STANDARD,,192,L-MMMMx,3.1622776601683795,2+2,G1,0.5,22,0.02913647327910407,0.015228650532662868
17323,JG075B,145,S075_WT,2.0,False,G1,100.0,HEX,JG075B_145,STANDARD,,193,L-MMMMx,3.1622776601683795,2+2,G1,0.5,22,-0.008052095766694163,0.003103959374129772
17324,JG075B,145,S075_WT,2.0,False,G1,100.0,FAM,JG075B_145,STANDARD,,192,L-MMMMx,3.1622776601683795,2+2,G1,0.5,23,0.04871372241347418,0.029888689517974854
17325,JG075B,145,S075_WT,2.0,False,G1,100.0,HEX,JG075B_145,STANDARD,,193,L-MMMMx,3.1622776601683795,2+2,G1,0.5,23,-0.013598297072808107,0.007594346068799496
17326,JG075B,145,S075_WT,2.0,False,G1,100.0,FAM,JG075B_145,STANDARD,,192,L-MMMMx,3.1622776601683795,2+2,G1,0.5,24,0.08187601467689823,0.05505818873643875
17327,JG075B,145,S075_WT,2.0,False,G1,100.0,HEX,JG075B_145,STANDARD,,193,L-MMMMx,3.1622776601683795,2+2,G1,0.5,24,-0.024078324244151274,0.016309406608343124
17328,JG075B,145,S075_WT,2.0,False,G1,100.0,FAM,JG075B_145,STANDARD,,192,L-MMMMx,3.1622776601683795,2+2,G1,0.5,25,0.13372079908038542,0.09468056261539459
17329,JG075B,145,S075_WT,2.0,False,G1,100.0,HEX,JG075B_145,STANDARD,,193,L-MMMMx,3.1622776601683795,2+2,G1,0.5,25,-0.039725788009031836,0.02944917231798172
17330,JG075B,145,S075_WT,2.0,False,G1,100.0,FAM,JG075B_145,STANDARD,,192,L-MMMMx,3.1622776601683795,2+2,G1,0.5,26,0.20419175362593028,0.14871224761009216
17331,JG075B,145,S075_WT,2.0,False,G1,100.0,HEX,JG075B_145,STANDARD,,193,L-MMMMx,3.1622776601683795,2+2,G1,0.5,26,-0.063480957126595,0.049531299620866776
17332,JG075B,145,S075_WT,2.0,False,G1,100.0,FAM,JG075B_145,STANDARD,,192,L-MMMMx,3.1622776601683795,2+2,G1,0.5,27,0.2884541625627135,0.2134130597114563
17333,JG075B,145,S075_WT,2.0,False,G1,100.0,HEX,JG075B_145,STANDARD,,193,L-MMMMx,3.1622776601683795,2+2,G1,0.5,27,-0.09755533721017536,0.07844942808151245
17334,JG075B,145,S075_WT,2.0,False,G1,100.0,FAM,JG075B_145,STANDARD,,192,L-MMMMx,3.1622776601683795,2+2,G1,0.5,28,0.37968424215016067,0.28350409865379333
17335,JG075B,145,S075_WT,2.0,False,G1,100.0,HEX,JG075B_145,STANDARD,,193,L-MMMMx,3.1622776601683795,2+2,G1,0.5,28,-0.14010837365095388,0.11462754756212234
17336,JG075B,145,S075_WT,2.0,False,G1,100.0,FAM,JG075B_145,STANDARD,,192,L-MMMMx,3.1622776601683795,2+2,G1,0.5,29,0.47112150347856113,0.3537554442882538
17337,JG075B,145,S075_WT,2.0,False,G1,100.0,HEX,JG075B_145,STANDARD,,193,L-MMMMx,3.1622776601683795,2+2,G1,0.5,29,-0.1880689137291473,0.1554359346628189
17338,JG075B,145,S075_WT,2.0,False,G1,100.0,FAM,JG075B_145,STANDARD,,192,L-MMMMx,3.1622776601683795,2+2,G1,0.5,30,0.5592880053851651,0.42147648334503174
17339,JG075B,145,S075_WT,2.0,False,G1,100.0,HEX,JG075B_145,STANDARD,,193,L-MMMMx,3.1622776601683795,2+2,G1,0.5,30,-0.23667647756169846,0.19679835438728333
17340,JG075B,145,S075_WT,2.0,False,G1,100.0,FAM,JG075B_145,STANDARD,,192,L-MMMMx,3.1622776601683795,2+2,G1,0.5,31,0.635035622303362,0.47959020733833313
17341,JG075B,145,S075_WT,2.0,False,G1,100.0,HEX,JG075B_145,STANDARD,,193,L-MMMMx,3.1622776601683795,2+2,G1,0.5,31,-0.28306832438369733,0.23626352846622467
17342,JG075B,145,S075_WT,2.0,False,G1,100.0,FAM,JG075B_145,STANDARD,,192,L-MMMMx,3.1622776601683795,2+2,G1,0.5,32,0.7012725263463109,0.5303463935852051
17343,JG075B,145,S075_WT,2.0,False,G1,100.0,HEX,JG075B_145,STANDARD,,193,L-MMMMx,3.1622776601683795,2+2,G1,0.5,32,-0.32380429954724327,0.27088576555252075
17344,JG075B,145,S075_WT,2.0,False,G1,100.0,FAM,JG075B_145,STANDARD,,192,L-MMMMx,3.1622776601683795,2+2,G1,0.5,33,0.758896710519148,0.5744397640228271
17345,JG075B,145,S075_WT,2.0,False,G1,100.0,HEX,JG075B_145,STANDARD,,193,L-MMMMx,3.1622776601683795,2+2,G1,0.5,33,-0.35950939528240633,0.3012002110481262
17346,JG075B,145,S075_WT,2.0,False,G1,100.0,FAM,JG075B_145,STANDARD,,192,L-MMMMx,3.1622776601683795,2+2,G1,0.5,34,0.8077136289327298,0.6117197871208191
17347,JG075B,145,S075_WT,2.0,False,G1,100.0,HEX,JG075B_145,STANDARD,,193,L-MMMMx,3.1622776601683795,2+2,G1,0.5,34,-0.3889053655212714,0.32611238956451416
17348,JG075B,145,S075_WT,2.0,False,G1,100.0,FAM,JG075B_145,STANDARD,,192,L-MMMMx,3.1622776601683795,2+2,G1,0.5,35,0.8451319303436631,0.6401817202568054
17349,JG075B,145,S075_WT,2.0,False,G1,100.0,HEX,JG075B_145,STANDARD,,193,L-MMMMx,3.1622776601683795,2+2,G1,0.5,35,-0.4107529805288247,0.3445611298084259
17350,JG075B,145,S075_WT,2.0,False,G1,100.0,FAM,JG075B_145,STANDARD,,192,L-MMMMx,3.1622776601683795,2+2,G1,0.5,36,0.8715448671155869,0.6601299047470093
17351,JG075B,145,S075_WT,2.0,False,G1,100.0,HEX,JG075B_145,STANDARD,,193,L-MMMMx,3.1622776601683795,2+2,G1,0.5,36,-0.42985921958219653,0.3606625199317932
17352,JG075B,145,S075_WT,2.0,False,G1,100.0,FAM,JG075B_145,STANDARD,,192,L-MMMMx,3.1622776601683795,2+2,G1,0.5,37,0.8921185764417568,0.6755608320236206
17353,JG075B,145,S075_WT,2.0,False,G1,100.0,HEX,JG075B_145,STANDARD,,193,L-MMMMx,3.1622776601683795,2+2,G1,0.5,37,-0.44477584930759334,0.3731765151023865
17354,JG075B,145,S075_WT,2.0,False,G1,100.0,FAM,JG075B_145,STANDARD,,192,L-MMMMx,3.1622776601683795,2+2,G1,0.5,38,0.9087549851631672,0.6879457831382751
17355,JG075B,145,S075_WT,2.0,False,G1,100.0,HEX,JG075B_145,STANDARD,,193,L-MMMMx,3.1622776601683795,2+2,G1,0.5,38,-0.457274788980666,0.3836202919483185
17356,JG075B,145,S075_WT,2.0,False,G1,100.0,FAM,JG075B_145,STANDARD,,192,L-MMMMx,3.1622776601683795,2+2,G1,0.5,39,0.9227509631436064,0.6982881426811218
17357,JG075B,145,S075_WT,2.0,False,G1,100.0,HEX,JG075B_145,STANDARD,,193,L-MMMMx,3.1622776601683795,2+2,G1,0.5,39,-0.4689551165664609,0.3933631181716919
17358,JG075B,145,S075_WT,2.0,False,G1,100.0,FAM,JG075B_145,STANDARD,,192,L-MMMMx,3.1622776601683795,2+2,G1,0.5,40,0.9352818757450093,0.7074970602989197
17359,JG075B,145,S075_WT,2.0,False,G1,100.0,HEX,JG075B_145,STANDARD,,193,L-MMMMx,3.1622776601683795,2+2,G1,0.5,40,-0.4803709266410606,0.4028794765472412
17360,JG075B,145,S075_WT,2.0,False,G1,100.0,FAM,JG075B_145,STANDARD,,192,L-MMMMx,3.1622776601683795,2+2,G1,0.5,41,0.9422978554144824,0.7124396562576294
17361,JG075B,145,S075_WT,2.0,False,G1,100.0,HEX,JG075B_145,STANDARD,,193,L-MMMMx,3.1622776601683795,2+2,G1,0.5,41,-0.4869091730289636,0.4082193076610565
17362,JG075B,145,S075_WT,2.0,False,G1,100.0,FAM,JG075B_145,STANDARD,,192,L-MMMMx,3.1622776601683795,2+2,G1,0.5,42,0.9484015882215947,0.7166765332221985
17363,JG075B,145,S075_WT,2.0,False,G1,100.0,HEX,JG075B_145,STANDARD,,193,L-MMMMx,3.1622776601683795,2+2,G1,0.5,42,-0.49630991654722684,0.4160102307796478
17364,JG075B,145,S075_WT,2.0,False,G1,100.0,FAM,JG075B_145,STANDARD,,192,L-MMMMx,3.1622776601683795,2+2,G1,0.5,43,0.9561928236283206,0.7222188115119934
17365,JG075B,145,S075_WT,2.0,False,G1,100.0,HEX,JG075B_145,STANDARD,,193,L-MMMMx,3.1622776601683795,2+2,G1,0.5,43,-0.5053512642996214,0.4234933853149414
17366,JG075B,145,S075_WT,2.0,False,G1,100.0,FAM,JG075B_145,STANDARD,,192,L-MMMMx,3.1622776601683795,2+2,G1,0.5,44,0.9624848614465487,0.7266013622283936
17367,JG075B,145,S075_WT,2.0,False,G1,100.0,HEX,JG075B_145,STANDARD,,193,L-MMMMx,3.1622776601683795,2+2,G1,0.5,44,-0.5120638138054278,0.4289824664592743
17368,JG075B,145,S075_WT,2.0,False,G1,100.0,FAM,JG075B_145,STANDARD,,192,L-MMMMx,3.1622776601683795,2+2,G1,0.5,45,0.967178001723585,0.7297469973564148
17369,JG075B,145,S075_WT,2.0,False,G1,100.0,HEX,JG075B_145,STANDARD,,193,L-MMMMx,3.1622776601683795,2+2,G1,0.5,45,-0.519479144572557,0.4350733458995819
17370,JG075B,145,S075_WT,2.0,False,G1,100.0,FAM,JG075B_145,STANDARD,,192,L-MMMMx,3.1622776601683795,2+2,G1,0.5,46,0.9696039311752985,0.7311386466026306
17371,JG075B,145,S075_WT,2.0,False,G1,100.0,HEX,JG075B_145,STANDARD,,193,L-MMMMx,3.1622776601683795,2+2,G1,0.5,46,-0.527104140272244,0.4413437247276306
17372,JG075B,145,S075_WT,2.0,False,G1,100.0,FAM,JG075B_145,STANDARD,,192,L-MMMMx,3.1622776601683795,2+2,G1,0.5,47,0.9748461146230429,0.7347090244293213
17373,JG075B,145,S075_WT,2.0,False,G1,100.0,HEX,JG075B_145,STANDARD,,193,L-MMMMx,3.1622776601683795,2+2,G1,0.5,47,-0.535806766390566,0.44853684306144714
17374,JG075B,145,S075_WT,2.0,False,G1,100.0,FAM,JG075B_145,STANDARD,,192,L-MMMMx,3.1622776601683795,2+2,G1,0.5,48,0.9801277465837543,0.738309919834137
17375,JG075B,145,S075_WT,2.0,False,G1,100.0,HEX,JG075B_145,STANDARD,,193,L-MMMMx,3.1622776601683795,2+2,G1,0.5,48,-0.5430941542141223,0.4545181691646576
17376,JG075B,145,S075_WT,2.0,False,G1,100.0,FAM,JG075B_145,STANDARD,,192,L-MMMMx,3.1622776601683795,2+2,G1,0.5,49,0.9817257195504232,0.7390610575675964
17377,JG075B,145,S075_WT,2.0,False,G1,100.0,HEX,JG075B_145,STANDARD,,193,L-MMMMx,3.1622776601683795,2+2,G1,0.5,49,-0.548003738441648,0.4584634304046631
17378,JG075B,145,S075_WT,2.0,False,G1,100.0,FAM,JG075B_145,STANDARD,,192,L-MMMMx,3.1622776601683795,2+2,G1,0.5,50,0.9858091029297635,0.7417349815368652
17379,JG075B,145,S075_WT,2.0,False,G1,100.0,HEX,JG075B_145,STANDARD,,193,L-MMMMx,3.1622776601683795,2+2,G1,0.5,50,-0.5555772228365233,0.4646897315979004
17640,JG075B,147,S075_WT,2.0,False,G3,100.0,FAM,JG075B_147,STANDARD,,196,L-MMMMx,1.0,2+2,G3,0.0,1,-0.003223353307794771,0.0009202237124554813
17641,JG075B,147,S075_WT,2.0,False,G3,100.0,HEX,JG075B_147,STANDARD,,197,L-MMMMx,1.0,2+2,G3,0.0,1,0.0013479929837165218,0.0005221214960329235
17642,JG075B,147,S075_WT,2.0,False,G3,100.0,FAM,JG075B_147,STANDARD,,196,L-MMMMx,1.0,2+2,G3,0.0,2,-0.002247387851247276,0.0010788572253659368
17643,JG075B,147,S075_WT,2.0,False,G3,100.0,HEX,JG075B_147,STANDARD,,197,L-MMMMx,1.0,2+2,G3,0.0,2,0.0007279256520457259,0.0007988993311300874
17644,JG075B,147,S075_WT,2.0,False,G3,100.0,FAM,JG075B_147,STANDARD,,196,L-MMMMx,1.0,2+2,G3,0.0,3,-0.0026663934677365326,0.00015833372890483588
17645,JG075B,147,S075_WT,2.0,False,G3,100.0,HEX,JG075B_147,STANDARD,,197,L-MMMMx,1.0,2+2,G3,0.0,3,-0.00015519738352155751,0.0013009230606257915
17646,JG075B,147,S075_WT,2.0,False,G3,100.0,FAM,JG075B_147,STANDARD,,196,L-MMMMx,1.0,2+2,G3,0.0,4,-0.0023067339784206956,-0.0001598103262949735
17647,JG075B,147,S075_WT,2.0,False,G3,100.0,HEX,JG075B_147,STANDARD,,197,L-MMMMx,1.0,2+2,G3,0.0,4,0.00023945578219454103,0.0007088290876708925
17648,JG075B,147,S075_WT,2.0,False,G3,100.0,FAM,JG075B_147,STANDARD,,196,L-MMMMx,1.0,2+2,G3,0.0,5,-0.000552238249852661,0.0006010982906445861
17649,JG075B,147,S075_WT,2.0,False,G3,100.0,HEX,JG075B_147,STANDARD,,197,L-MMMMx,1.0,2+2,G3,0.0,5,0.0007820125220980072,-9.909843356581405e-06
17650,JG075B,147,S075_WT,2.0,False,G3,100.0,FAM,JG075B_147,STANDARD,,196,L-MMMMx,1.0,2+2,G3,0.0,6,0.00010347770640750008,0.0005119850975461304
17651,JG075B,147,S075_WT,2.0,False,G3,100.0,HEX,JG075B_147,STANDARD,,197,L-MMMMx,1.0,2+2,G3,0.0,6,0.0006950175853569023,-0.00018958438886329532
17652,JG075B,147,S075_WT,2.0,False,G3,100.0,FAM,JG075B_147,STANDARD,,196,L-MMMMx,1.0,2+2,G3,0.0,7,0.00020739603036095666,-4.00166163672111e-06
17653,JG075B,147,S075_WT,2.0,False,G3,100.0,HEX,JG075B_147,STANDARD,,197,L-MMMMx,1.0,2+2,G3,0.0,7,5.304054667329367e-05,0.00010595398634904996
17654,JG075B,147,S075_WT,2.0,False,G3,100.0,FAM,JG075B_147,STANDARD,,196,L-MMMMx,1.0,2+2,G3,0.0,8,0.001223041143506065,0.00018532823014538735
17655,JG075B,147,S075_WT,2.0,False,G3,100.0,HEX,JG075B_147,STANDARD,,197,L-MMMMx,1.0,2+2,G3,0.0,8,8.067566560605513e-05,-0.00017187450430355966
17656,JG075B,147,S075_WT,2.0,False,G3,100.0,FAM,JG075B_147,STANDARD,,196,L-MMMMx,1.0,2+2,G3,0.0,9,0.0019588676297611148,0.00015818895190022886
17657,JG075B,147,S075_WT,2.0,False,G3,100.0,HEX,JG075B_147,STANDARD,,197,L-MMMMx,1.0,2+2,G3,0.0,9,-0.00026084776578906056,-0.00013360466982703656
17658,JG075B,147,S075_WT,2.0,False,G3,100.0,FAM,JG075B_147,STANDARD,,196,L-MMMMx,1.0,2+2,G3,0.0,10,0.0020325831859742526,-0.00038116282667033374
17659,JG075B,147,S075_WT,2.0,False,G3,100.0,HEX,JG075B_147,STANDARD,,197,L-MMMMx,1.0,2+2,G3,0.0,10,-0.0014341569526181812,0.000616895966231823
17660,JG075B,147,S075_WT,2.0,False,G3,100.0,FAM,JG075B_147,STANDARD,,196,L-MMMMx,1.0,2+2,G3,0.0,11,0.0025803550667135296,-0.0005537821562029421
17661,JG075B,147,S075_WT,2.0,False,G3,100.0,HEX,JG075B_147,STANDARD,,197,L-MMMMx,1.0,2+2,G3,0.0,11,-0.0014561188670345192,0.00038153576315380633
17662,JG075B,147,S075_WT,2.0,False,G3,100.0,FAM,JG075B_147,STANDARD,,196,L-MMMMx,1.0,2+2,G3,0.0,12,0.00332086221148956,-0.0005773004377260804
17663,JG075B,147,S075_WT,2.0,False,G3,100.0,HEX,JG075B_147,STANDARD,,197,L-MMMMx,1.0,2+2,G3,0.0,12,-0.001194455360565375,-9.668354323366657e-05
17664,JG075B,147,S075_WT,2.0,False,G3,100.0,FAM,JG075B_147,STANDARD,,196,L-MMMMx,1.0,2+2,G3,0.0,13,0.004859604622800381,1.670029632805381e-05
17665,JG075B,147,S075_WT,2.0,False,G3,100.0,HEX,JG075B_147,STANDARD,,197,L-MMMMx,1.0,2+2,G3,0.0,13,-0.0007206557711048184,-0.0007565480191260576
17666,JG075B,147,S075_WT,2.0,False,G3,100.0,FAM,JG075B_147,STANDARD,,196,L-MMMMx,1.0,2+2,G3,0.0,14,0.005258866720836942,-0.0002708069805521518
17667,JG075B,147,S075_WT,2.0,False,G3,100.0,HEX,JG075B_147,STANDARD,,197,L-MMMMx,1.0,2+2,G3,0.0,14,-0.0008071982436820368,-0.0009366099839098752
17668,JG075B,147,S075_WT,2.0,False,G3,100.0,FAM,JG075B_147,STANDARD,,196,L-MMMMx,1.0,2+2,G3,0.0,15,0.005530325653084591,-0.0006571834092028439
17669,JG075B,147,S075_WT,2.0,False,G3,100.0,HEX,JG075B_147,STANDARD,,197,L-MMMMx,1.0,2+2,G3,0.0,15,-0.0012779524012702802,-0.0007876841118559241
17670,JG075B,147,S075_WT,2.0,False,G3,100.0,FAM,JG075B_147,STANDARD,,196,L-MMMMx,1.0,2+2,G3,0.0,16,0.007124330654093737,-2.0431276425370015e-05
17671,JG075B,147,S075_WT,2.0,False,G3,100.0,HEX,JG075B_147,STANDARD,,197,L-MMMMx,1.0,2+2,G3,0.0,16,-0.0008521836230530622,-0.0014064214192330837
17672,JG075B,147,S075_WT,2.0,False,G3,100.0,FAM,JG075B_147,STANDARD,,196,L-MMMMx,1.0,2+2,G3,0.0,17,0.007448047308841057,-0.0003663809038698673
17673,JG075B,147,S075_WT,2.0,False,G3,100.0,HEX,JG075B_147,STANDARD,,197,L-MMMMx,1.0,2+2,G3,0.0,17,-0.00099775526654963,-0.001535938587039709
17674,JG075B,147,S075_WT,2.0,False,G3,100.0,FAM,JG075B_147,STANDARD,,196,L-MMMMx,1.0,2+2,G3,0.0,18,0.008397893535123328,-0.00022795336553826928
17675,JG075B,147,S075_WT,2.0,False,G3,100.0,HEX,JG075B_147,STANDARD,,197,L-MMMMx,1.0,2+2,G3,0.0,18,-0.0013403750534187785,-0.0014967300230637193
17676,JG075B,147,S075_WT,2.0,False,G3,100.0,FAM,JG075B_147,STANDARD,,196,L-MMMMx,1.0,2+2,G3,0.0,19,0.008964156906315862,-0.00038626755122095346
17677,JG075B,147,S075_WT,2.0,False,G3,100.0,HEX,JG075B_147,STANDARD,,197,L-MMMMx,1.0,2+2,G3,0.0,19,-0.0032394715640575653,-0.0001247615582542494
17678,JG075B,147,S075_WT,2.0,False,G3,100.0,FAM,JG075B_147,STANDARD,,196,L-MMMMx,1.0,2+2,G3,0.0,20,0.012785346360604409,0.001973446225747466
17679,JG075B,147,S075_WT,2.0,False,G3,100.0,HEX,JG075B_147,STANDARD,,197,L-MMMMx,1.0,2+2,G3,0.0,20,-0.0033413456108034,-0.00029169561457820237
17680,JG075B,147,S075_WT,2.0,False,G3,100.0,FAM,JG075B_147,STANDARD,,196,L-MMMMx,1.0,2+2,G3,0.0,21,0.019392471471368255,0.006488374434411526
17681,JG075B,147,S075_WT,2.0,False,G3,100.0,HEX,JG075B_147,STANDARD,,197,L-MMMMx,1.0,2+2,G3,0.0,21,-0.00459167812030028,0.0005247575463727117
17682,JG075B,147,S075_WT,2.0,False,G3,100.0,FAM,JG075B_147,STANDARD,,196,L-MMMMx,1.0,2+2,G3,0.0,22,0.032062994825693324,0.01569397933781147
17683,JG075B,147,S075_WT,2.0,False,G3,100.0,HEX,JG075B_147,STANDARD,,197,L-MMMMx,1.0,2+2,G3,0.0,22,-0.00929647010626371,0.00429915077984333
17684,JG075B,147,S075_WT,2.0,False,G3,100.0,FAM,JG075B_147,STANDARD,,196,L-MMMMx,1.0,2+2,G3,0.0,23,0.0519066755183441,0.030448777601122856
17685,JG075B,147,S075_WT,2.0,False,G3,100.0,HEX,JG075B_147,STANDARD,,197,L-MMMMx,1.0,2+2,G3,0.0,23,-0.013335809124424959,0.00750373862683773
17686,JG075B,147,S075_WT,2.0,False,G3,100.0,FAM,JG075B_147,STANDARD,,196,L-MMMMx,1.0,2+2,G3,0.0,24,0.08257889597254495,0.05358058959245682
17687,JG075B,147,S075_WT,2.0,False,G3,100.0,HEX,JG075B_147,STANDARD,,197,L-MMMMx,1.0,2+2,G3,0.0,24,-0.023508734945764068,0.015960315242409706
17688,JG075B,147,S075_WT,2.0,False,G3,100.0,FAM,JG075B_147,STANDARD,,196,L-MMMMx,1.0,2+2,G3,0.0,25,0.1317089369578019,0.09099147468805313
17689,JG075B,147,S075_WT,2.0,False,G3,100.0,HEX,JG075B_147,STANDARD,,197,L-MMMMx,1.0,2+2,G3,0.0,25,-0.03972284046604113,0.029589755460619926
17690,JG075B,147,S075_WT,2.0,False,G3,100.0,FAM,JG075B_147,STANDARD,,196,L-MMMMx,1.0,2+2,G3,0.0,26,0.20142281906503967,0.1443261206150055
17691,JG075B,147,S075_WT,2.0,False,G3,100.0,HEX,JG075B_147,STANDARD,,197,L-MMMMx,1.0,2+2,G3,0.0,26,-0.06496405852001821,0.05094881355762482
17692,JG075B,147,S075_WT,2.0,False,G3,100.0,FAM,JG075B_147,STANDARD,,196,L-MMMMx,1.0,2+2,G3,0.0,27,0.28282401656962747,0.20670214295387268
17693,JG075B,147,S075_WT,2.0,False,G3,100.0,HEX,JG075B_147,STANDARD,,197,L-MMMMx,1.0,2+2,G3,0.0,27,-0.09812298178278124,0.07908754795789719
17694,JG075B,147,S075_WT,2.0,False,G3,100.0,FAM,JG075B_147,STANDARD,,196,L-MMMMx,1.0,2+2,G3,0.0,28,0.372983169192262,0.27585336565971375
17695,JG075B,147,S075_WT,2.0,False,G3,100.0,HEX,JG075B_147,STANDARD,,197,L-MMMMx,1.0,2+2,G3,0.0,28,-0.13934800109761716,0.11413300782442093
17696,JG075B,147,S075_WT,2.0,False,G3,100.0,FAM,JG075B_147,STANDARD,,196,L-MMMMx,1.0,2+2,G3,0.0,29,0.464133812418637,0.3457716107368469
17697,JG075B,147,S075_WT,2.0,False,G3,100.0,HEX,JG075B_147,STANDARD,,197,L-MMMMx,1.0,2+2,G3,0.0,29,-0.18598428298292177,0.1538119614124298
17698,JG075B,147,S075_WT,2.0,False,G3,100.0,FAM,JG075B_147,STANDARD,,196,L-MMMMx,1.0,2+2,G3,0.0,30,0.5490738574326552,0.4108852744102478
17699,JG075B,147,S075_WT,2.0,False,G3,100.0,HEX,JG075B_147,STANDARD,,197,L-MMMMx,1.0,2+2,G3,0.0,30,-0.23475027888270458,0.19531451165676117
17700,JG075B,147,S075_WT,2.0,False,G3,100.0,FAM,JG075B_147,STANDARD,,196,L-MMMMx,1.0,2+2,G3,0.0,31,0.6250570867583773,0.4690699279308319
17701,JG075B,147,S075_WT,2.0,False,G3,100.0,HEX,JG075B_147,STANDARD,,197,L-MMMMx,1.0,2+2,G3,0.0,31,-0.28104091295173556,0.23469749093055725
17702,JG075B,147,S075_WT,2.0,False,G3,100.0,FAM,JG075B_147,STANDARD,,196,L-MMMMx,1.0,2+2,G3,0.0,32,0.6917086624747405,0.5200355648994446
17703,JG075B,147,S075_WT,2.0,False,G3,100.0,HEX,JG075B_147,STANDARD,,197,L-MMMMx,1.0,2+2,G3,0.0,32,-0.3218445489102504,0.26938214898109436
17704,JG075B,147,S075_WT,2.0,False,G3,100.0,FAM,JG075B_147,STANDARD,,196,L-MMMMx,1.0,2+2,G3,0.0,33,0.7483343061631018,0.5632451176643372
17705,JG075B,147,S075_WT,2.0,False,G3,100.0,HEX,JG075B_147,STANDARD,,197,L-MMMMx,1.0,2+2,G3,0.0,33,-0.35581809909515544,0.29821839928627014
17706,JG075B,147,S075_WT,2.0,False,G3,100.0,FAM,JG075B_147,STANDARD,,196,L-MMMMx,1.0,2+2,G3,0.0,34,0.7910348559177615,0.5956820845603943
17707,JG075B,147,S075_WT,2.0,False,G3,100.0,HEX,JG075B_147,STANDARD,,197,L-MMMMx,1.0,2+2,G3,0.0,34,-0.3857728277714847,0.3236134946346283
17708,JG075B,147,S075_WT,2.0,False,G3,100.0,FAM,JG075B_147,STANDARD,,196,L-MMMMx,1.0,2+2,G3,0.0,35,0.824928679248304,0.6213061213493347
17709,JG075B,147,S075_WT,2.0,False,G3,100.0,HEX,JG075B_147,STANDARD,,197,L-MMMMx,1.0,2+2,G3,0.0,35,-0.40980118082922823,0.343934029340744
17710,JG075B,147,S075_WT,2.0,False,G3,100.0,FAM,JG075B_147,STANDARD,,196,L-MMMMx,1.0,2+2,G3,0.0,36,0.8541015480182533,0.6432780623435974
17711,JG075B,147,S075_WT,2.0,False,G3,100.0,HEX,JG075B_147,STANDARD,,197,L-MMMMx,1.0,2+2,G3,0.0,36,-0.428928442063753,0.36005789041519165
17712,JG075B,147,S075_WT,2.0,False,G3,100.0,FAM,JG075B_147,STANDARD,,196,L-MMMMx,1.0,2+2,G3,0.0,37,0.8732520289625377,0.6574965715408325
17713,JG075B,147,S075_WT,2.0,False,G3,100.0,HEX,JG075B_147,STANDARD,,197,L-MMMMx,1.0,2+2,G3,0.0,37,-0.44309801864963744,0.3719366788864136
17714,JG075B,147,S075_WT,2.0,False,G3,100.0,FAM,JG075B_147,STANDARD,,196,L-MMMMx,1.0,2+2,G3,0.0,38,0.8884045726229511,0.6686223149299622
17715,JG075B,147,S075_WT,2.0,False,G3,100.0,HEX,JG075B_147,STANDARD,,197,L-MMMMx,1.0,2+2,G3,0.0,38,-0.45475760249376496,0.38166624307632446
17716,JG075B,147,S075_WT,2.0,False,G3,100.0,FAM,JG075B_147,STANDARD,,196,L-MMMMx,1.0,2+2,G3,0.0,39,0.8987657399632951,0.6760413646697998
17717,JG075B,147,S075_WT,2.0,False,G3,100.0,HEX,JG075B_147,STANDARD,,197,L-MMMMx,1.0,2+2,G3,0.0,39,-0.46763034717607926,0.39243456721305847
17718,JG075B,147,S075_WT,2.0,False,G3,100.0,FAM,JG075B_147,STANDARD,,196,L-MMMMx,1.0,2+2,G3,0.0,40,0.9074887923931113,0.6821932196617126
17719,JG075B,147,S075_WT,2.0,False,G3,100.0,HEX,JG075B_147,STANDARD,,197,L-MMMMx,1.0,2+2,G3,0.0,40,-0.47749789449173063,0.4006296694278717
17720,JG075B,147,S075_WT,2.0,False,G3,100.0,FAM,JG075B_147,STANDARD,,196,L-MMMMx,1.0,2+2,G3,0.0,41,0.9153531462350043,0.687680721282959
17721,JG075B,147,S075_WT,2.0,False,G3,100.0,HEX,JG075B_147,STANDARD,,197,L-MMMMx,1.0,2+2,G3,0.0,41,-0.4860587949119491,0.4077059030532837
17722,JG075B,147,S075_WT,2.0,False,G3,100.0,FAM,JG075B_147,STANDARD,,196,L-MMMMx,1.0,2+2,G3,0.0,42,0.9209596120446779,0.6914215087890625
17723,JG075B,147,S075_WT,2.0,False,G3,100.0,HEX,JG075B_147,STANDARD,,197,L-MMMMx,1.0,2+2,G3,0.0,42,-0.4943235053295003,0.4145285487174988
17724,JG075B,147,S075_WT,2.0,False,G3,100.0,FAM,JG075B_147,STANDARD,,196,L-MMMMx,1.0,2+2,G3,0.0,43,0.927900855273569,0.6961949467658997
17725,JG075B,147,S075_WT,2.0,False,G3,100.0,HEX,JG075B_147,STANDARD,,197,L-MMMMx,1.0,2+2,G3,0.0,43,-0.5024530333768565,0.42123544216156006
17726,JG075B,147,S075_WT,2.0,False,G3,100.0,FAM,JG075B_147,STANDARD,,196,L-MMMMx,1.0,2+2,G3,0.0,44,0.9342846571131713,0.7005370855331421
17727,JG075B,147,S075_WT,2.0,False,G3,100.0,HEX,JG075B_147,STANDARD,,197,L-MMMMx,1.0,2+2,G3,0.0,44,-0.5106735415260896,0.4280202090740204
17728,JG075B,147,S075_WT,2.0,False,G3,100.0,FAM,JG075B_147,STANDARD,,196,L-MMMMx,1.0,2+2,G3,0.0,45,0.9373360612294662,0.7023013234138489
17729,JG075B,147,S075_WT,2.0,False,G3,100.0,HEX,JG075B_147,STANDARD,,197,L-MMMMx,1.0,2+2,G3,0.0,45,-0.5194366586226297,0.43526962399482727
17730,JG075B,147,S075_WT,2.0,False,G3,100.0,FAM,JG075B_147,STANDARD,,196,L-MMMMx,1.0,2+2,G3,0.0,46,0.9436663918425079,0.7066020965576172
17731,JG075B,147,S075_WT,2.0,False,G3,100.0,HEX,JG075B_147,STANDARD,,197,L-MMMMx,1.0,2+2,G3,0.0,46,-0.5282466231625998,0.442559152841568
17732,JG075B,147,S075_WT,2.0,False,G3,100.0,FAM,JG075B_147,STANDARD,,196,L-MMMMx,1.0,2+2,G3,0.0,47,0.947754089902954,0.709168016910553
17733,JG075B,147,S075_WT,2.0,False,G3,100.0,HEX,JG075B_147,STANDARD,,197,L-MMMMx,1.0,2+2,G3,0.0,47,-0.5372025596028269,0.4499736428260803
17734,JG075B,147,S075_WT,2.0,False,G3,100.0,FAM,JG075B_147,STANDARD,,196,L-MMMMx,1.0,2+2,G3,0.0,48,0.951629598110449,0.7115697264671326
17735,JG075B,147,S075_WT,2.0,False,G3,100.0,HEX,JG075B_147,STANDARD,,197,L-MMMMx,1.0,2+2,G3,0.0,48,-0.545599180726619,0.4569092392921448
17736,JG075B,147,S075_WT,2.0,False,G3,100.0,FAM,JG075B_147,STANDARD,,196,L-MMMMx,1.0,2+2,G3,0.0,49,0.9541407425140012,0.7129159569740295
17737,JG075B,147,S075_WT,2.0,False,G3,100.0,HEX,JG075B_147,STANDARD,,197,L-MMMMx,1.0,2+2,G3,0.0,49,-0.5516959613103114,0.4618755280971527
17738,JG075B,147,S075_WT,2.0,False,G3,100.0,FAM,JG075B_147,STANDARD,,196,L-MMMMx,1.0,2+2,G3,0.0,50,0.9577221589754125,0.7150902152061462
17739,JG075B,147,S075_WT,2.0,False,G3,100.0,HEX,JG075B_147,STANDARD,,197,L-MMMMx,1.0,2+2,G3,0.0,50,-0.5582125590282192,0.4672013223171234
18360,JG075B,151,S075_WT,2.0,False,G7,100.0,FAM,JG075B_151,STANDARD,,204,L-MMMMx,0.1,2+2,G7,-1.0,1,0.00020637514599218312,0.004044528119266033
18361,JG075B,151,S075_WT,2.0,False,G7,100.0,HEX,JG075B_151,STANDARD,,205,L-MMMMx,0.1,2+2,G7,-1.0,1,0.00020505545388828397,0.0016051173442974687
18362,JG075B,151,S075_WT,2.0,False,G7,100.0,FAM,JG075B_151,STANDARD,,204,L-MMMMx,0.1,2+2,G7,-1.0,2,-0.00013982022683737668,0.0031012692488729954
18363,JG075B,151,S075_WT,2.0,False,G7,100.0,HEX,JG075B_151,STANDARD,,205,L-MMMMx,0.1,2+2,G7,-1.0,2,0.0006667603281987969,0.0009428771445527673
18364,JG075B,151,S075_WT,2.0,False,G7,100.0,FAM,JG075B_151,STANDARD,,204,L-MMMMx,0.1,2+2,G7,-1.0,3,-0.0016521930022830851,0.001255849376320839
18365,JG075B,151,S075_WT,2.0,False,G7,100.0,HEX,JG075B_151,STANDARD,,205,L-MMMMx,0.1,2+2,G7,-1.0,3,0.0002446808731640383,0.0010373924160376191
18366,JG075B,151,S075_WT,2.0,False,G7,100.0,FAM,JG075B_151,STANDARD,,204,L-MMMMx,0.1,2+2,G7,-1.0,4,-0.0014982706062289476,0.0006994843133725226
18367,JG075B,151,S075_WT,2.0,False,G7,100.0,HEX,JG075B_151,STANDARD,,205,L-MMMMx,0.1,2+2,G7,-1.0,4,-0.0003960083828992779,0.0013190960744395852
18368,JG075B,151,S075_WT,2.0,False,G7,100.0,FAM,JG075B_151,STANDARD,,204,L-MMMMx,0.1,2+2,G7,-1.0,5,-0.001140325432173881,0.00030095234978944063
18369,JG075B,151,S075_WT,2.0,False,G7,100.0,HEX,JG075B_151,STANDARD,,205,L-MMMMx,0.1,2+2,G7,-1.0,5,-0.00030828254250881787,0.00097708182875067
18370,JG075B,151,S075_WT,2.0,False,G7,100.0,FAM,JG075B_151,STANDARD,,204,L-MMMMx,0.1,2+2,G7,-1.0,6,-0.00045016907494453007,0.00015942069876473397
18371,JG075B,151,S075_WT,2.0,False,G7,100.0,HEX,JG075B_151,STANDARD,,205,L-MMMMx,0.1,2+2,G7,-1.0,6,-0.00013178671365739043,0.0005590568180195987
18372,JG075B,151,S075_WT,2.0,False,G7,100.0,FAM,JG075B_151,STANDARD,,204,L-MMMMx,0.1,2+2,G7,-1.0,7,0.00021427255337326138,-2.003993358812295e-06
18373,JG075B,151,S075_WT,2.0,False,G7,100.0,HEX,JG075B_151,STANDARD,,205,L-MMMMx,0.1,2+2,G7,-1.0,7,2.0832929315102058e-05,0.00016147612768691033
18374,JG075B,151,S075_WT,2.0,False,G7,100.0,FAM,JG075B_151,STANDARD,,204,L-MMMMx,0.1,2+2,G7,-1.0,8,0.000575357428411537,-0.0003981070767622441
18375,JG075B,151,S075_WT,2.0,False,G7,100.0,HEX,JG075B_151,STANDARD,,205,L-MMMMx,0.1,2+2,G7,-1.0,8,0.00034392714726576285,-0.00038207630859687924
18376,JG075B,151,S075_WT,2.0,False,G7,100.0,FAM,JG075B_151,STANDARD,,204,L-MMMMx,0.1,2+2,G7,-1.0,9,0.001129139043548122,-0.0006451389635913074
18377,JG075B,151,S075_WT,2.0,False,G7,100.0,HEX,JG075B_151,STANDARD,,205,L-MMMMx,0.1,2+2,G7,-1.0,9,0.000413223774211768,-0.0007083102245815098
18378,JG075B,151,S075_WT,2.0,False,G7,100.0,FAM,JG075B_151,STANDARD,,204,L-MMMMx,0.1,2+2,G7,-1.0,10,0.0028221890902975235,-1.0826726793311536e-05
18379,JG075B,151,S075_WT,2.0,False,G7,100.0,HEX,JG075B_151,STANDARD,,205,L-MMMMx,0.1,2+2,G7,-1.0,10,-0.00018658708489118503,-0.0004616093938238919
18380,JG075B,151,S075_WT,2.0,False,G7,100.0,FAM,JG075B_151,STANDARD,,204,L-MMMMx,0.1,2+2,G7,-1.0,11,0.003237900910049794,-0.0003646701225079596
18381,JG075B,151,S075_WT,2.0,False,G7,100.0,HEX,JG075B_151,STANDARD,,205,L-MMMMx,0.1,2+2,G7,-1.0,11,-0.0011299400616589014,7.925526733743027e-05
18382,JG075B,151,S075_WT,2.0,False,G7,100.0,FAM,JG075B_151,STANDARD,,204,L-MMMMx,0.1,2+2,G7,-1.0,12,0.0033654151463003747,-0.0009414646774530411
18383,JG075B,151,S075_WT,2.0,False,G7,100.0,HEX,JG075B_151,STANDARD,,205,L-MMMMx,0.1,2+2,G7,-1.0,12,-0.000333794560364881,-0.000869355455506593
18384,JG075B,151,S075_WT,2.0,False,G7,100.0,FAM,JG075B_151,STANDARD,,204,L-MMMMx,0.1,2+2,G7,-1.0,13,0.005284253996271726,-0.00013248105824459344
18385,JG075B,151,S075_WT,2.0,False,G7,100.0,HEX,JG075B_151,STANDARD,,205,L-MMMMx,0.1,2+2,G7,-1.0,13,-0.00018202763831663623,-0.0012662059161812067
18386,JG075B,151,S075_WT,2.0,False,G7,100.0,FAM,JG075B_151,STANDARD,,204,L-MMMMx,0.1,2+2,G7,-1.0,14,0.005614327100862352,-0.0005525749875232577
18387,JG075B,151,S075_WT,2.0,False,G7,100.0,HEX,JG075B_151,STANDARD,,205,L-MMMMx,0.1,2+2,G7,-1.0,14,-0.0010884873832597592,-0.0007569317822344601
18388,JG075B,151,S075_WT,2.0,False,G7,100.0,FAM,JG075B_151,STANDARD,,204,L-MMMMx,0.1,2+2,G7,-1.0,15,0.005250006214994757,-0.0015098558505997062
18389,JG075B,151,S075_WT,2.0,False,G7,100.0,HEX,JG075B_151,STANDARD,,205,L-MMMMx,0.1,2+2,G7,-1.0,15,-0.0009494938726073878,-0.0011428447905927896
18390,JG075B,151,S075_WT,2.0,False,G7,100.0,FAM,JG075B_151,STANDARD,,204,L-MMMMx,0.1,2+2,G7,-1.0,16,0.006407265325861054,-0.001290034269914031
18391,JG075B,151,S075_WT,2.0,False,G7,100.0,HEX,JG075B_151,STANDARD,,205,L-MMMMx,0.1,2+2,G7,-1.0,16,-0.00034715965566737525,-0.001925501273944974
18392,JG075B,151,S075_WT,2.0,False,G7,100.0,FAM,JG075B_151,STANDARD,,204,L-MMMMx,0.1,2+2,G7,-1.0,17,0.008768436037049675,-0.00013886041415389627
18393,JG075B,151,S075_WT,2.0,False,G7,100.0,HEX,JG075B_151,STANDARD,,205,L-MMMMx,0.1,2+2,G7,-1.0,17,-0.000671663473513221,-0.001914536813274026
18394,JG075B,151,S075_WT,2.0,False,G7,100.0,FAM,JG075B_151,STANDARD,,204,L-MMMMx,0.1,2+2,G7,-1.0,18,0.009831388546604364,8.005019481061026e-06
18395,JG075B,151,S075_WT,2.0,False,G7,100.0,HEX,JG075B_151,STANDARD,,205,L-MMMMx,0.1,2+2,G7,-1.0,18,-0.0032930668143933157,6.318718806141987e-05
18396,JG075B,151,S075_WT,2.0,False,G7,100.0,FAM,JG075B_151,STANDARD,,204,L-MMMMx,0.1,2+2,G7,-1.0,19,0.011841143891304227,0.0008873221231624484
18397,JG075B,151,S075_WT,2.0,False,G7,100.0,HEX,JG075B_151,STANDARD,,205,L-MMMMx,0.1,2+2,G7,-1.0,19,-0.0043706450256247534,0.0007189845200628042
18398,JG075B,151,S075_WT,2.0,False,G7,100.0,FAM,JG075B_151,STANDARD,,204,L-MMMMx,0.1,2+2,G7,-1.0,20,0.015025070355847426,0.0026749842800199986
18399,JG075B,151,S075_WT,2.0,False,G7,100.0,HEX,JG075B_151,STANDARD,,205,L-MMMMx,0.1,2+2,G7,-1.0,20,-0.004036065178898512,0.00016559728828724474
18400,JG075B,151,S075_WT,2.0,False,G7,100.0,FAM,JG075B_151,STANDARD,,204,L-MMMMx,0.1,2+2,G7,-1.0,21,0.02240217342429718,0.007706509903073311
18401,JG075B,151,S075_WT,2.0,False,G7,100.0,HEX,JG075B_151,STANDARD,,205,L-MMMMx,0.1,2+2,G7,-1.0,21,-0.004531060974190367,0.0003225484397262335
18402,JG075B,151,S075_WT,2.0,False,G7,100.0,FAM,JG075B_151,STANDARD,,204,L-MMMMx,0.1,2+2,G7,-1.0,22,0.03378457184886072,0.015836553648114204
18403,JG075B,151,S075_WT,2.0,False,G7,100.0,HEX,JG075B_151,STANDARD,,205,L-MMMMx,0.1,2+2,G7,-1.0,22,-0.009165181538248291,0.004023695830255747
18404,JG075B,151,S075_WT,2.0,False,G7,100.0,FAM,JG075B_151,STANDARD,,204,L-MMMMx,0.1,2+2,G7,-1.0,23,0.05310417288291546,0.030106859281659126
18405,JG075B,151,S075_WT,2.0,False,G7,100.0,HEX,JG075B_151,STANDARD,,205,L-MMMMx,0.1,2+2,G7,-1.0,23,-0.014551001700732306,0.00836849957704544
18406,JG075B,151,S075_WT,2.0,False,G7,100.0,FAM,JG075B_151,STANDARD,,204,L-MMMMx,0.1,2+2,G7,-1.0,24,0.0882975627529375,0.05665720999240875
18407,JG075B,151,S075_WT,2.0,False,G7,100.0,HEX,JG075B_151,STANDARD,,205,L-MMMMx,0.1,2+2,G7,-1.0,24,-0.0253660611829656,0.017362181097269058
18408,JG075B,151,S075_WT,2.0,False,G7,100.0,FAM,JG075B_151,STANDARD,,204,L-MMMMx,0.1,2+2,G7,-1.0,25,0.1394766535001075,0.09557418525218964
18409,JG075B,151,S075_WT,2.0,False,G7,100.0,HEX,JG075B_151,STANDARD,,205,L-MMMMx,0.1,2+2,G7,-1.0,25,-0.040562557396194035,0.030107544735074043
18410,JG075B,151,S075_WT,2.0,False,G7,100.0,FAM,JG075B_151,STANDARD,,204,L-MMMMx,0.1,2+2,G7,-1.0,26,0.20898296862700744,0.14866919815540314
18411,JG075B,151,S075_WT,2.0,False,G7,100.0,HEX,JG075B_151,STANDARD,,205,L-MMMMx,0.1,2+2,G7,-1.0,26,-0.06381524765729338,0.0497511625289917
18412,JG075B,151,S075_WT,2.0,False,G7,100.0,FAM,JG075B_151,STANDARD,,204,L-MMMMx,0.1,2+2,G7,-1.0,27,0.29110175153299694,0.21152128279209137
18413,JG075B,151,S075_WT,2.0,False,G7,100.0,HEX,JG075B_151,STANDARD,,205,L-MMMMx,0.1,2+2,G7,-1.0,27,-0.09810823754190229,0.0788482204079628
18414,JG075B,151,S075_WT,2.0,False,G7,100.0,FAM,JG075B_151,STANDARD,,204,L-MMMMx,0.1,2+2,G7,-1.0,28,0.3818038605440652,0.28101345896720886
18415,JG075B,151,S075_WT,2.0,False,G7,100.0,HEX,JG075B_151,STANDARD,,205,L-MMMMx,0.1,2+2,G7,-1.0,28,-0.1414465777465094,0.11569052189588547
18416,JG075B,151,S075_WT,2.0,False,G7,100.0,FAM,JG075B_151,STANDARD,,204,L-MMMMx,0.1,2+2,G7,-1.0,29,0.47092128734722777,0.3492797315120697
18417,JG075B,151,S075_WT,2.0,False,G7,100.0,HEX,JG075B_151,STANDARD,,205,L-MMMMx,0.1,2+2,G7,-1.0,29,-0.18953043171182976,0.15659624338150024
18418,JG075B,151,S075_WT,2.0,False,G7,100.0,FAM,JG075B_151,STANDARD,,204,L-MMMMx,0.1,2+2,G7,-1.0,30,0.553437097962824,0.4124389588832855
18419,JG075B,151,S075_WT,2.0,False,G7,100.0,HEX,JG075B_151,STANDARD,,205,L-MMMMx,0.1,2+2,G7,-1.0,30,-0.23745672373331053,0.19736705720424652
18420,JG075B,151,S075_WT,2.0,False,G7,100.0,FAM,JG075B_151,STANDARD,,204,L-MMMMx,0.1,2+2,G7,-1.0,31,0.6247391294324274,0.46692314743995667
18421,JG075B,151,S075_WT,2.0,False,G7,100.0,HEX,JG075B_151,STANDARD,,205,L-MMMMx,0.1,2+2,G7,-1.0,31,-0.28198960413551377,0.23523220419883728
18422,JG075B,151,S075_WT,2.0,False,G7,100.0,FAM,JG075B_151,STANDARD,,204,L-MMMMx,0.1,2+2,G7,-1.0,32,0.6818366913667312,0.510418713092804
18423,JG075B,151,S075_WT,2.0,False,G7,100.0,HEX,JG075B_151,STANDARD,,205,L-MMMMx,0.1,2+2,G7,-1.0,32,-0.3216318690001389,0.26890966296195984
18424,JG075B,151,S075_WT,2.0,False,G7,100.0,FAM,JG075B_151,STANDARD,,204,L-MMMMx,0.1,2+2,G7,-1.0,33,0.7259888231219715,0.5438995957374573
18425,JG075B,151,S075_WT,2.0,False,G7,100.0,HEX,JG075B_151,STANDARD,,205,L-MMMMx,0.1,2+2,G7,-1.0,33,-0.35611879198637675,0.29817280173301697
18426,JG075B,151,S075_WT,2.0,False,G7,100.0,FAM,JG075B_151,STANDARD,,204,L-MMMMx,0.1,2+2,G7,-1.0,34,0.7636969786457596,0.572395384311676
18427,JG075B,151,S075_WT,2.0,False,G7,100.0,HEX,JG075B_151,STANDARD,,205,L-MMMMx,0.1,2+2,G7,-1.0,34,-0.38763271217145895,0.32489022612571716
18428,JG075B,151,S075_WT,2.0,False,G7,100.0,FAM,JG075B_151,STANDARD,,204,L-MMMMx,0.1,2+2,G7,-1.0,35,0.7955720705539447,0.5963786840438843
18429,JG075B,151,S075_WT,2.0,False,G7,100.0,HEX,JG075B_151,STANDARD,,205,L-MMMMx,0.1,2+2,G7,-1.0,35,-0.4132554097229959,0.3465632200241089
18430,JG075B,151,S075_WT,2.0,False,G7,100.0,FAM,JG075B_151,STANDARD,,204,L-MMMMx,0.1,2+2,G7,-1.0,36,0.8151178841545443,0.6108239889144897
18431,JG075B,151,S075_WT,2.0,False,G7,100.0,HEX,JG075B_151,STANDARD,,205,L-MMMMx,0.1,2+2,G7,-1.0,36,-0.4343417711772779,0.36435186862945557
18432,JG075B,151,S075_WT,2.0,False,G7,100.0,FAM,JG075B_151,STANDARD,,204,L-MMMMx,0.1,2+2,G7,-1.0,37,0.828077028855694,0.6201738119125366
18433,JG075B,151,S075_WT,2.0,False,G7,100.0,HEX,JG075B_151,STANDARD,,205,L-MMMMx,0.1,2+2,G7,-1.0,37,-0.4554006367323699,0.38211697340011597
18434,JG075B,151,S075_WT,2.0,False,G7,100.0,FAM,JG075B_151,STANDARD,,204,L-MMMMx,0.1,2+2,G7,-1.0,38,0.8406554029492603,0.6292290687561035
18435,JG075B,151,S075_WT,2.0,False,G7,100.0,HEX,JG075B_151,STANDARD,,205,L-MMMMx,0.1,2+2,G7,-1.0,38,-0.47159119671365707,0.39571353793144226
18436,JG075B,151,S075_WT,2.0,False,G7,100.0,FAM,JG075B_151,STANDARD,,204,L-MMMMx,0.1,2+2,G7,-1.0,39,0.8517492955988146,0.637135922908783
18437,JG075B,151,S075_WT,2.0,False,G7,100.0,HEX,JG075B_151,STANDARD,,205,L-MMMMx,0.1,2+2,G7,-1.0,39,-0.4843098251407645,0.406337171792984
18438,JG075B,151,S075_WT,2.0,False,G7,100.0,FAM,JG075B_151,STANDARD,,204,L-MMMMx,0.1,2+2,G7,-1.0,40,0.8606739052745712,0.6433646082878113
18439,JG075B,151,S075_WT,2.0,False,G7,100.0,HEX,JG075B_151,STANDARD,,205,L-MMMMx,0.1,2+2,G7,-1.0,40,-0.49588552908989453,0.415982186794281
18440,JG075B,151,S075_WT,2.0,False,G7,100.0,FAM,JG075B_151,STANDARD,,204,L-MMMMx,0.1,2+2,G7,-1.0,41,0.870432943457031,0.6502388119697571
18441,JG075B,151,S075_WT,2.0,False,G7,100.0,HEX,JG075B_151,STANDARD,,205,L-MMMMx,0.1,2+2,G7,-1.0,41,-0.5093852498836129,0.4272746443748474
18442,JG075B,151,S075_WT,2.0,False,G7,100.0,FAM,JG075B_151,STANDARD,,204,L-MMMMx,0.1,2+2,G7,-1.0,42,0.8769327793992276,0.6545916795730591
18443,JG075B,151,S075_WT,2.0,False,G7,100.0,HEX,JG075B_151,STANDARD,,205,L-MMMMx,0.1,2+2,G7,-1.0,42,-0.5202872694976516,0.4363427758216858
18444,JG075B,151,S075_WT,2.0,False,G7,100.0,FAM,JG075B_151,STANDARD,,204,L-MMMMx,0.1,2+2,G7,-1.0,43,0.8812437622068968,0.657251238822937
18445,JG075B,151,S075_WT,2.0,False,G7,100.0,HEX,JG075B_151,STANDARD,,205,L-MMMMx,0.1,2+2,G7,-1.0,43,-0.5288177504040826,0.4433802664279938
18446,JG075B,151,S075_WT,2.0,False,G7,100.0,FAM,JG075B_151,STANDARD,,204,L-MMMMx,0.1,2+2,G7,-1.0,44,0.8848303408760596,0.6593503952026367
18447,JG075B,151,S075_WT,2.0,False,G7,100.0,HEX,JG075B_151,STANDARD,,205,L-MMMMx,0.1,2+2,G7,-1.0,44,-0.5382095838588108,0.45115527510643005
18448,JG075B,151,S075_WT,2.0,False,G7,100.0,FAM,JG075B_151,STANDARD,,204,L-MMMMx,0.1,2+2,G7,-1.0,45,0.8881389308054085,0.6612344980239868
18449,JG075B,151,S075_WT,2.0,False,G7,100.0,HEX,JG075B_151,STANDARD,,205,L-MMMMx,0.1,2+2,G7,-1.0,45,-0.546834316531073,0.4582734704017639
18450,JG075B,151,S075_WT,2.0,False,G7,100.0,FAM,JG075B_151,STANDARD,,204,L-MMMMx,0.1,2+2,G7,-1.0,46,0.8905747223853637,0.6624433994293213
18451,JG075B,151,S075_WT,2.0,False,G7,100.0,HEX,JG075B_151,STANDARD,,205,L-MMMMx,0.1,2+2,G7,-1.0,46,-0.5552644200029926,0.4652249813079834
18452,JG075B,151,S075_WT,2.0,False,G7,100.0,FAM,JG075B_151,STANDARD,,204,L-MMMMx,0.1,2+2,G7,-1.0,47,0.8962573885452801,0.6661641001701355
18453,JG075B,151,S075_WT,2.0,False,G7,100.0,HEX,JG075B_151,STANDARD,,205,L-MMMMx,0.1,2+2,G7,-1.0,47,-0.5666435456753818,0.4747016429901123
18454,JG075B,151,S075_WT,2.0,False,G7,100.0,FAM,JG075B_151,STANDARD,,204,L-MMMMx,0.1,2+2,G7,-1.0,48,0.9003847662623238,0.6686816215515137
18455,JG075B,151,S075_WT,2.0,False,G7,100.0,HEX,JG075B_151,STANDARD,,205,L-MMMMx,0.1,2+2,G7,-1.0,48,-0.5761984750587232,0.4826163351535797
18456,JG075B,151,S075_WT,2.0,False,G7,100.0,FAM,JG075B_151,STANDARD,,204,L-MMMMx,0.1,2+2,G7,-1.0,49,0.9034797794769376,0.6704005002975464
18457,JG075B,151,S075_WT,2.0,False,G7,100.0,HEX,JG075B_151,STANDARD,,205,L-MMMMx,0.1,2+2,G7,-1.0,49,-0.5843738064014391,0.48934969305992126
18458,JG075B,151,S075_WT,2.0,False,G7,100.0,FAM,JG075B_151,STANDARD,,204,L-MMMMx,0.1,2+2,G7,-1.0,50,0.9053813981264244,0.6711961627006531
18459,JG075B,151,S075_WT,2.0,False,G7,100.0,HEX,JG075B_151,STANDARD,,205,L-MMMMx,0.1,2+2,G7,-1.0,50,-0.5903012261680952,0.4941582679748535
18540,JG075B,152,S075_WT,2.0,False,G8,100.0,FAM,JG075B_152,STANDARD,,206,L-MMMMx,0.0,2+2,G8,-2.0,1,-0.004184277574125927,0.0008742445497773588
18541,JG075B,152,S075_WT,2.0,False,G8,100.0,HEX,JG075B_152,STANDARD,,207,L-MMMMx,0.0,2+2,G8,-2.0,1,0.00019140104255792,0.0016199791571125388
18542,JG075B,152,S075_WT,2.0,False,G8,100.0,FAM,JG075B_152,STANDARD,,206,L-MMMMx,0.0,2+2,G8,-2.0,2,-0.003768989517696543,0.0004769178049173206
18543,JG075B,152,S075_WT,2.0,False,G8,100.0,HEX,JG075B_152,STANDARD,,207,L-MMMMx,0.0,2+2,G8,-2.0,2,6.994921949007224e-05,0.0014410814037546515
18544,JG075B,152,S075_WT,2.0,False,G8,100.0,FAM,JG075B_152,STANDARD,,206,L-MMMMx,0.0,2+2,G8,-2.0,3,-0.002575248237123509,0.0006818065303377807
18545,JG075B,152,S075_WT,2.0,False,G8,100.0,HEX,JG075B_152,STANDARD,,207,L-MMMMx,0.0,2+2,G8,-2.0,3,-0.0007535877661869245,0.0018633560976013541
18546,JG075B,152,S075_WT,2.0,False,G8,100.0,FAM,JG075B_152,STANDARD,,206,L-MMMMx,0.0,2+2,G8,-2.0,4,-0.002147671044330399,0.00029398672631941736
18547,JG075B,152,S075_WT,2.0,False,G8,100.0,HEX,JG075B_152,STANDARD,,207,L-MMMMx,0.0,2+2,G8,-2.0,4,-0.0006013335750391095,0.0014500929974019527
18548,JG075B,152,S075_WT,2.0,False,G8,100.0,FAM,JG075B_152,STANDARD,,206,L-MMMMx,0.0,2+2,G8,-2.0,5,-0.0016334535139760937,-2.6807696485775523e-05
18549,JG075B,152,S075_WT,2.0,False,G8,100.0,HEX,JG075B_152,STANDARD,,207,L-MMMMx,0.0,2+2,G8,-2.0,5,0.0006042571896365302,0.0001348922960460186
18550,JG075B,152,S075_WT,2.0,False,G8,100.0,FAM,JG075B_152,STANDARD,,206,L-MMMMx,0.0,2+2,G8,-2.0,6,-0.0010777842258557387,-0.00031553482403978705
18551,JG075B,152,S075_WT,2.0,False,G8,100.0,HEX,JG075B_152,STANDARD,,207,L-MMMMx,0.0,2+2,G8,-2.0,6,0.0006836298454629314,-0.00021596481383312494
18552,JG075B,152,S075_WT,2.0,False,G8,100.0,FAM,JG075B_152,STANDARD,,206,L-MMMMx,0.0,2+2,G8,-2.0,7,0.0005581733441192336,0.00023145480372477323
18553,JG075B,152,S075_WT,2.0,False,G8,100.0,HEX,JG075B_152,STANDARD,,207,L-MMMMx,0.0,2+2,G8,-2.0,7,-9.427786953289373e-05,0.00016723906446713954
18554,JG075B,152,S075_WT,2.0,False,G8,100.0,FAM,JG075B_152,STANDARD,,206,L-MMMMx,0.0,2+2,G8,-2.0,8,0.002031367274167105,0.0006525295902974904
18555,JG075B,152,S075_WT,2.0,False,G8,100.0,HEX,JG075B_152,STANDARD,,207,L-MMMMx,0.0,2+2,G8,-2.0,8,0.00026635347155250667,-0.0004244506126269698
18556,JG075B,152,S075_WT,2.0,False,G8,100.0,FAM,JG075B_152,STANDARD,,206,L-MMMMx,0.0,2+2,G8,-2.0,9,0.0023602076127275146,0.00018832640489563346
18557,JG075B,152,S075_WT,2.0,False,G8,100.0,HEX,JG075B_152,STANDARD,,207,L-MMMMx,0.0,2+2,G8,-2.0,9,0.0005035839131717789,-0.0009104761411435902
18558,JG075B,152,S075_WT,2.0,False,G8,100.0,FAM,JG075B_152,STANDARD,,206,L-MMMMx,0.0,2+2,G8,-2.0,10,0.002484408790271887,-0.00043418671702966094
18559,JG075B,152,S075_WT,2.0,False,G8,100.0,HEX,JG075B_152,STANDARD,,207,L-MMMMx,0.0,2+2,G8,-2.0,10,-0.0006086252090648193,-0.00024102097086142749
18560,JG075B,152,S075_WT,2.0,False,G8,100.0,FAM,JG075B_152,STANDARD,,206,L-MMMMx,0.0,2+2,G8,-2.0,11,0.0032099301229930907,-0.0005915153888054192
18561,JG075B,152,S075_WT,2.0,False,G8,100.0,HEX,JG075B_152,STANDARD,,207,L-MMMMx,0.0,2+2,G8,-2.0,11,-0.0002436606534868134,-0.0008364210370928049
18562,JG075B,152,S075_WT,2.0,False,G8,100.0,FAM,JG075B_152,STANDARD,,206,L-MMMMx,0.0,2+2,G8,-2.0,12,0.0049831099617066036,6.163009675219655e-05
18563,JG075B,152,S075_WT,2.0,False,G8,100.0,HEX,JG075B_152,STANDARD,,207,L-MMMMx,0.0,2+2,G8,-2.0,12,-4.179202652205709e-05,-0.0012921674642711878
18564,JG075B,152,S075_WT,2.0,False,G8,100.0,FAM,JG075B_152,STANDARD,,206,L-MMMMx,0.0,2+2,G8,-2.0,13,0.005531806416968543,-0.0002324912347830832
18565,JG075B,152,S075_WT,2.0,False,G8,100.0,HEX,JG075B_152,STANDARD,,207,L-MMMMx,0.0,2+2,G8,-2.0,13,-0.0012793163196873803,-0.0005154089885763824
18566,JG075B,152,S075_WT,2.0,False,G8,100.0,FAM,JG075B_152,STANDARD,,206,L-MMMMx,0.0,2+2,G8,-2.0,14,0.006109241730309918,-0.0005043800338171422
18567,JG075B,152,S075_WT,2.0,False,G8,100.0,HEX,JG075B_152,STANDARD,,207,L-MMMMx,0.0,2+2,G8,-2.0,14,-0.002710356055253401,0.00042705037049017847
18568,JG075B,152,S075_WT,2.0,False,G8,100.0,FAM,JG075B_152,STANDARD,,206,L-MMMMx,0.0,2+2,G8,-2.0,15,0.006844124380073083,-0.0006544667412526906
18569,JG075B,152,S075_WT,2.0,False,G8,100.0,HEX,JG075B_152,STANDARD,,207,L-MMMMx,0.0,2+2,G8,-2.0,15,-0.0028419187121373284,0.0002568102499935776
18570,JG075B,152,S075_WT,2.0,False,G8,100.0,FAM,JG075B_152,STANDARD,,206,L-MMMMx,0.0,2+2,G8,-2.0,16,0.0074465232055263555,-0.000907043635379523
18571,JG075B,152,S075_WT,2.0,False,G8,100.0,HEX,JG075B_152,STANDARD,,207,L-MMMMx,0.0,2+2,G8,-2.0,16,-0.0027014459917184047,-0.00014636485138908029
18572,JG075B,152,S075_WT,2.0,False,G8,100.0,FAM,JG075B_152,STANDARD,,206,L-MMMMx,0.0,2+2,G8,-2.0,17,0.008411933102940116,-0.0008787932456471026
18573,JG075B,152,S075_WT,2.0,False,G8,100.0,HEX,JG075B_152,STANDARD,,207,L-MMMMx,0.0,2+2,G8,-2.0,17,-0.0010273633902739543,-0.0018627196550369263
18574,JG075B,152,S075_WT,2.0,False,G8,100.0,FAM,JG075B_152,STANDARD,,206,L-MMMMx,0.0,2+2,G8,-2.0,18,0.009332924899327619,-0.0008849049336276948
18575,JG075B,152,S075_WT,2.0,False,G8,100.0,HEX,JG075B_152,STANDARD,,207,L-MMMMx,0.0,2+2,G8,-2.0,18,-0.0004587377535434878,-0.0026325080543756485
18576,JG075B,152,S075_WT,2.0,False,G8,100.0,FAM,JG075B_152,STANDARD,,206,L-MMMMx,0.0,2+2,G8,-2.0,19,0.01237146202018209,0.0007471276330761611
18577,JG075B,152,S075_WT,2.0,False,G8,100.0,HEX,JG075B_152,STANDARD,,207,L-MMMMx,0.0,2+2,G8,-2.0,19,-0.0025224616099656016,-0.0011483021080493927
18578,JG075B,152,S075_WT,2.0,False,G8,100.0,FAM,JG075B_152,STANDARD,,206,L-MMMMx,0.0,2+2,G8,-2.0,20,0.015660905552124182,0.002573262667283416
18579,JG075B,152,S075_WT,2.0,False,G8,100.0,HEX,JG075B_152,STANDARD,,207,L-MMMMx,0.0,2+2,G8,-2.0,20,-0.004886639073676208,0.0005931724444963038
18580,JG075B,152,S075_WT,2.0,False,G8,100.0,FAM,JG075B_152,STANDARD,,206,L-MMMMx,0.0,2+2,G8,-2.0,21,0.022246457257359232,0.006949284579604864
18581,JG075B,152,S075_WT,2.0,False,G8,100.0,HEX,JG075B_152,STANDARD,,207,L-MMMMx,0.0,2+2,G8,-2.0,21,-0.0072644078647712525,0.002346284920349717
18582,JG075B,152,S075_WT,2.0,False,G8,100.0,FAM,JG075B_152,STANDARD,,206,L-MMMMx,0.0,2+2,G8,-2.0,22,0.033811536198025564,0.01517749484628439
18583,JG075B,152,S075_WT,2.0,False,G8,100.0,HEX,JG075B_152,STANDARD,,207,L-MMMMx,0.0,2+2,G8,-2.0,22,-0.008342943211733988,0.0029869063291698694
18584,JG075B,152,S075_WT,2.0,False,G8,100.0,FAM,JG075B_152,STANDARD,,206,L-MMMMx,0.0,2+2,G8,-2.0,23,0.05480003276942514,0.030695710331201553
18585,JG075B,152,S075_WT,2.0,False,G8,100.0,HEX,JG075B_152,STANDARD,,207,L-MMMMx,0.0,2+2,G8,-2.0,23,-0.01446408725040497,0.00794534757733345
18586,JG075B,152,S075_WT,2.0,False,G8,100.0,FAM,JG075B_152,STANDARD,,206,L-MMMMx,0.0,2+2,G8,-2.0,24,0.08750161725299399,0.05527523532509804
18587,JG075B,152,S075_WT,2.0,False,G8,100.0,HEX,JG075B_152,STANDARD,,207,L-MMMMx,0.0,2+2,G8,-2.0,24,-0.024552924347132552,0.016301194205880165
18588,JG075B,152,S075_WT,2.0,False,G8,100.0,FAM,JG075B_152,STANDARD,,206,L-MMMMx,0.0,2+2,G8,-2.0,25,0.13748596509719138,0.09322479367256165
18589,JG075B,152,S075_WT,2.0,False,G8,100.0,HEX,JG075B_152,STANDARD,,207,L-MMMMx,0.0,2+2,G8,-2.0,25,-0.03965170570342934,0.0289468914270401
18590,JG075B,152,S075_WT,2.0,False,G8,100.0,FAM,JG075B_152,STANDARD,,206,L-MMMMx,0.0,2+2,G8,-2.0,26,0.20410379384347735,0.14404210448265076
18591,JG075B,152,S075_WT,2.0,False,G8,100.0,HEX,JG075B_152,STANDARD,,207,L-MMMMx,0.0,2+2,G8,-2.0,26,-0.06410702830967122,0.04960428923368454
18592,JG075B,152,S075_WT,2.0,False,G8,100.0,FAM,JG075B_152,STANDARD,,206,L-MMMMx,0.0,2+2,G8,-2.0,27,0.2776587052333025,0.20022597908973694
18593,JG075B,152,S075_WT,2.0,False,G8,100.0,HEX,JG075B_152,STANDARD,,207,L-MMMMx,0.0,2+2,G8,-2.0,27,-0.09812707788864951,0.07845164835453033
18594,JG075B,152,S075_WT,2.0,False,G8,100.0,FAM,JG075B_152,STANDARD,,206,L-MMMMx,0.0,2+2,G8,-2.0,28,0.3503760676774104,0.25576192140579224
18595,JG075B,152,S075_WT,2.0,False,G8,100.0,HEX,JG075B_152,STANDARD,,207,L-MMMMx,0.0,2+2,G8,-2.0,28,-0.1358861172933076,0.11050057411193848
18596,JG075B,152,S075_WT,2.0,False,G8,100.0,FAM,JG075B_152,STANDARD,,206,L-MMMMx,0.0,2+2,G8,-2.0,29,0.4160779512632451,0.3058706521987915
18597,JG075B,152,S075_WT,2.0,False,G8,100.0,HEX,JG075B_152,STANDARD,,207,L-MMMMx,0.0,2+2,G8,-2.0,29,-0.18093585099041196,0.1487922966480255
18598,JG075B,152,S075_WT,2.0,False,G8,100.0,FAM,JG075B_152,STANDARD,,206,L-MMMMx,0.0,2+2,G8,-2.0,30,0.47136457989916,0.34792208671569824
18599,JG075B,152,S075_WT,2.0,False,G8,100.0,HEX,JG075B_152,STANDARD,,207,L-MMMMx,0.0,2+2,G8,-2.0,30,-0.22712610762493152,0.18806059658527374
18600,JG075B,152,S075_WT,2.0,False,G8,100.0,FAM,JG075B_152,STANDARD,,206,L-MMMMx,0.0,2+2,G8,-2.0,31,0.5161379486857528,0.38184040784835815
18601,JG075B,152,S075_WT,2.0,False,G8,100.0,HEX,JG075B_152,STANDARD,,207,L-MMMMx,0.0,2+2,G8,-2.0,31,-0.27154183461362386,0.22580942511558533
18602,JG075B,152,S075_WT,2.0,False,G8,100.0,FAM,JG075B_152,STANDARD,,206,L-MMMMx,0.0,2+2,G8,-2.0,32,0.5488879962838846,0.40645739436149597
18603,JG075B,152,S075_WT,2.0,False,G8,100.0,HEX,JG075B_152,STANDARD,,207,L-MMMMx,0.0,2+2,G8,-2.0,32,-0.31409236509903316,0.2619611620903015
18604,JG075B,152,S075_WT,2.0,False,G8,100.0,FAM,JG075B_152,STANDARD,,206,L-MMMMx,0.0,2+2,G8,-2.0,33,0.5747427982356277,0.42574021220207214
18605,JG075B,152,S075_WT,2.0,False,G8,100.0,HEX,JG075B_152,STANDARD,,207,L-MMMMx,0.0,2+2,G8,-2.0,33,-0.35718000535191147,0.2985728085041046
18606,JG075B,152,S075_WT,2.0,False,G8,100.0,FAM,JG075B_152,STANDARD,,206,L-MMMMx,0.0,2+2,G8,-2.0,34,0.5951389122055695,0.44080016016960144
18607,JG075B,152,S075_WT,2.0,False,G8,100.0,HEX,JG075B_152,STANDARD,,207,L-MMMMx,0.0,2+2,G8,-2.0,34,-0.39448574527422664,0.3302335739135742
18608,JG075B,152,S075_WT,2.0,False,G8,100.0,FAM,JG075B_152,STANDARD,,206,L-MMMMx,0.0,2+2,G8,-2.0,35,0.612878800619778,0.45380523800849915
18609,JG075B,152,S075_WT,2.0,False,G8,100.0,HEX,JG075B_152,STANDARD,,207,L-MMMMx,0.0,2+2,G8,-2.0,35,-0.42997139588990474,0.3603358864784241
18610,JG075B,152,S075_WT,2.0,False,G8,100.0,FAM,JG075B_152,STANDARD,,206,L-MMMMx,0.0,2+2,G8,-2.0,36,0.6252334276788599,0.4626442492008209
18611,JG075B,152,S075_WT,2.0,False,G8,100.0,HEX,JG075B_152,STANDARD,,207,L-MMMMx,0.0,2+2,G8,-2.0,36,-0.4601806182559523,0.3859201669692993
18612,JG075B,152,S075_WT,2.0,False,G8,100.0,FAM,JG075B_152,STANDARD,,206,L-MMMMx,0.0,2+2,G8,-2.0,37,0.6350854626487242,0.46954724192619324
18613,JG075B,152,S075_WT,2.0,False,G8,100.0,HEX,JG075B_152,STANDARD,,207,L-MMMMx,0.0,2+2,G8,-2.0,37,-0.4849558156235941,0.4068514406681061
18614,JG075B,152,S075_WT,2.0,False,G8,100.0,FAM,JG075B_152,STANDARD,,206,L-MMMMx,0.0,2+2,G8,-2.0,38,0.6425636525316518,0.47461381554603577
18615,JG075B,152,S075_WT,2.0,False,G8,100.0,HEX,JG075B_152,STANDARD,,207,L-MMMMx,0.0,2+2,G8,-2.0,38,-0.5105348677857838,0.42847105860710144
18616,JG075B,152,S075_WT,2.0,False,G8,100.0,FAM,JG075B_152,STANDARD,,206,L-MMMMx,0.0,2+2,G8,-2.0,39,0.6493779208594306,0.47916677594184875
18617,JG075B,152,S075_WT,2.0,False,G8,100.0,HEX,JG075B_152,STANDARD,,207,L-MMMMx,0.0,2+2,G8,-2.0,39,-0.531308054428785,0.44597557187080383
18618,JG075B,152,S075_WT,2.0,False,G8,100.0,FAM,JG075B_152,STANDARD,,206,L-MMMMx,0.0,2+2,G8,-2.0,40,0.6572707824157724,0.48455414175987244
18619,JG075B,152,S075_WT,2.0,False,G8,100.0,HEX,JG075B_152,STANDARD,,207,L-MMMMx,0.0,2+2,G8,-2.0,40,-0.5474262897537217,0.4594941735267639
18620,JG075B,152,S075_WT,2.0,False,G8,100.0,FAM,JG075B_152,STANDARD,,206,L-MMMMx,0.0,2+2,G8,-2.0,41,0.6637086718649505,0.48881593346595764
18621,JG075B,152,S075_WT,2.0,False,G8,100.0,HEX,JG075B_152,STANDARD,,207,L-MMMMx,0.0,2+2,G8,-2.0,41,-0.5638418288392675,0.4732673764228821
18622,JG075B,152,S075_WT,2.0,False,G8,100.0,FAM,JG075B_152,STANDARD,,206,L-MMMMx,0.0,2+2,G8,-2.0,42,0.6690064838798084,0.4921957552433014
18623,JG075B,152,S075_WT,2.0,False,G8,100.0,HEX,JG075B_152,STANDARD,,207,L-MMMMx,0.0,2+2,G8,-2.0,42,-0.5782583116388912,0.4853288531303406
18624,JG075B,152,S075_WT,2.0,False,G8,100.0,FAM,JG075B_152,STANDARD,,206,L-MMMMx,0.0,2+2,G8,-2.0,43,0.6738535658148683,0.4952268898487091
18625,JG075B,152,S075_WT,2.0,False,G8,100.0,HEX,JG075B_152,STANDARD,,207,L-MMMMx,0.0,2+2,G8,-2.0,43,-0.5901798374289733,0.49525395035743713
18626,JG075B,152,S075_WT,2.0,False,G8,100.0,FAM,JG075B_152,STANDARD,,206,L-MMMMx,0.0,2+2,G8,-2.0,44,0.6772392036211058,0.4971274435520172
18627,JG075B,152,S075_WT,2.0,False,G8,100.0,HEX,JG075B_152,STANDARD,,207,L-MMMMx,0.0,2+2,G8,-2.0,44,-0.5986399427554522,0.5022152066230774
18628,JG075B,152,S075_WT,2.0,False,G8,100.0,FAM,JG075B_152,STANDARD,,206,L-MMMMx,0.0,2+2,G8,-2.0,45,0.681144221165449,0.4994297921657562
18629,JG075B,152,S075_WT,2.0,False,G8,100.0,HEX,JG075B_152,STANDARD,,207,L-MMMMx,0.0,2+2,G8,-2.0,45,-0.6113159003314115,0.5127862691879272
18630,JG075B,152,S075_WT,2.0,False,G8,100.0,FAM,JG075B_152,STANDARD,,206,L-MMMMx,0.0,2+2,G8,-2.0,46,0.6845946562361498,0.501380443572998
18631,JG075B,152,S075_WT,2.0,False,G8,100.0,HEX,JG075B_152,STANDARD,,207,L-MMMMx,0.0,2+2,G8,-2.0,46,-0.6222392205660886,0.5218566656112671
18632,JG075B,152,S075_WT,2.0,False,G8,100.0,FAM,JG075B_152,STANDARD,,206,L-MMMMx,0.0,2+2,G8,-2.0,47,0.6887788952863373,0.5038987994194031
18633,JG075B,152,S075_WT,2.0,False,G8,100.0,HEX,JG075B_152,STANDARD,,207,L-MMMMx,0.0,2+2,G8,-2.0,47,-0.6323643244057985,0.5302435755729675
18634,JG075B,152,S075_WT,2.0,False,G8,100.0,FAM,JG075B_152,STANDARD,,206,L-MMMMx,0.0,2+2,G8,-2.0,48,0.6933213299161798,0.5066942572593689
18635,JG075B,152,S075_WT,2.0,False,G8,100.0,HEX,JG075B_152,STANDARD,,207,L-MMMMx,0.0,2+2,G8,-2.0,48,-0.6419538498952094,0.5381718873977661
18636,JG075B,152,S075_WT,2.0,False,G8,100.0,FAM,JG075B_152,STANDARD,,206,L-MMMMx,0.0,2+2,G8,-2.0,49,0.6960546033488016,0.5080901384353638
18637,JG075B,152,S075_WT,2.0,False,G8,100.0,HEX,JG075B_152,STANDARD,,207,L-MMMMx,0.0,2+2,G8,-2.0,49,-0.651112351061115,0.5457311272621155
18638,JG075B,152,S075_WT,2.0,False,G8,100.0,FAM,JG075B_152,STANDARD,,206,L-MMMMx,0.0,2+2,G8,-2.0,50,0.7012960933656541,0.5114263892173767
18639,JG075B,152,S075_WT,2.0,False,G8,100.0,HEX,JG075B_152,STANDARD,,207,L-MMMMx,0.0,2+2,G8,-2.0,50,-0.6601592676032189,0.5531948208808899
20160,JG075B,169,S075_WT,1.0,False,H1,10.0,FAM,JG075B_169,STANDARD,,224,L-MMMMx,3.1622776601683795,2+2,H1,0.5,1,-0.003608965892891292,0.0015857901889830828
20161,JG075B,169,S075_WT,1.0,False,H1,10.0,HEX,JG075B_169,STANDARD,,225,L-MMMMx,3.1622776601683795,2+2,H1,0.5,1,0.000602719246541012,0.0010698091937229037
20162,JG075B,169,S075_WT,1.0,False,H1,10.0,FAM,JG075B_169,STANDARD,,224,L-MMMMx,3.1622776601683795,2+2,H1,0.5,2,-0.0028685646889459833,0.0013905534287914634
20163,JG075B,169,S075_WT,1.0,False,H1,10.0,HEX,JG075B_169,STANDARD,,225,L-MMMMx,3.1622776601683795,2+2,H1,0.5,2,0.0004242221338877789,0.0009918356081470847
20164,JG075B,169,S075_WT,1.0,False,H1,10.0,FAM,JG075B_169,STANDARD,,224,L-MMMMx,3.1622776601683795,2+2,H1,0.5,3,-0.002021317341725452,0.0012779735261574388
20165,JG075B,169,S075_WT,1.0,False,H1,10.0,HEX,JG075B_169,STANDARD,,225,L-MMMMx,3.1622776601683795,2+2,H1,0.5,3,1.5509949463994744e-06,0.0011229402152821422
20166,JG075B,169,S075_WT,1.0,False,H1,10.0,FAM,JG075B_169,STANDARD,,224,L-MMMMx,3.1622776601683795,2+2,H1,0.5,4,-0.0013008330139558384,0.0010673289652913809
20167,JG075B,169,S075_WT,1.0,False,H1,10.0,HEX,JG075B_169,STANDARD,,225,L-MMMMx,3.1622776601683795,2+2,H1,0.5,4,0.0005927650349355086,0.0003858882701024413
20168,JG075B,169,S075_WT,1.0,False,H1,10.0,FAM,JG075B_169,STANDARD,,224,L-MMMMx,3.1622776601683795,2+2,H1,0.5,5,-0.0019200571695246512,-0.0001797211734810844
20169,JG075B,169,S075_WT,1.0,False,H1,10.0,HEX,JG075B_169,STANDARD,,225,L-MMMMx,3.1622776601683795,2+2,H1,0.5,5,0.000622140400652449,0.00012992028496228158
20170,JG075B,169,S075_WT,1.0,False,H1,10.0,FAM,JG075B_169,STANDARD,,224,L-MMMMx,3.1622776601683795,2+2,H1,0.5,6,-0.0018971450571349134,-0.0009300112724304199
20171,JG075B,169,S075_WT,1.0,False,H1,10.0,HEX,JG075B_169,STANDARD,,225,L-MMMMx,3.1622776601683795,2+2,H1,0.5,6,0.00019934744443617707,0.0002611291711218655
20172,JG075B,169,S075_WT,1.0,False,H1,10.0,FAM,JG075B_169,STANDARD,,224,L-MMMMx,3.1622776601683795,2+2,H1,0.5,7,-0.00029081239582359574,-0.000455358880572021
20173,JG075B,169,S075_WT,1.0,False,H1,10.0,HEX,JG075B_169,STANDARD,,225,L-MMMMx,3.1622776601683795,2+2,H1,0.5,7,0.00023180304696111419,2.523685225241934e-06
20174,JG075B,169,S075_WT,1.0,False,H1,10.0,FAM,JG075B_169,STANDARD,,224,L-MMMMx,3.1622776601683795,2+2,H1,0.5,8,0.0013259602528061228,2.736996793828439e-05
20175,JG075B,169,S075_WT,1.0,False,H1,10.0,HEX,JG075B_169,STANDARD,,225,L-MMMMx,3.1622776601683795,2+2,H1,0.5,8,2.1494223093090054e-05,-4.8210600652964786e-05
20176,JG075B,169,S075_WT,1.0,False,H1,10.0,FAM,JG075B_169,STANDARD,,224,L-MMMMx,3.1622776601683795,2+2,H1,0.5,9,0.003011700382235721,0.0005634524277411401
20177,JG075B,169,S075_WT,1.0,False,H1,10.0,HEX,JG075B_169,STANDARD,,225,L-MMMMx,3.1622776601683795,2+2,H1,0.5,9,-0.0007960563136463312,0.0004210162442177534
20178,JG075B,169,S075_WT,1.0,False,H1,10.0,FAM,JG075B_169,STANDARD,,224,L-MMMMx,3.1622776601683795,2+2,H1,0.5,10,0.003092504343122607,-0.00014205224579200149
20179,JG075B,169,S075_WT,1.0,False,H1,10.0,HEX,JG075B_169,STANDARD,,225,L-MMMMx,3.1622776601683795,2+2,H1,0.5,10,-0.0008730448313784072,0.00025612415629439056
20180,JG075B,169,S075_WT,1.0,False,H1,10.0,FAM,JG075B_169,STANDARD,,224,L-MMMMx,3.1622776601683795,2+2,H1,0.5,11,0.004802524184756716,0.0004128131258767098
20181,JG075B,169,S075_WT,1.0,False,H1,10.0,HEX,JG075B_169,STANDARD,,225,L-MMMMx,3.1622776601683795,2+2,H1,0.5,11,-0.0005298507630704796,-0.00026855646865442395
20182,JG075B,169,S075_WT,1.0,False,H1,10.0,FAM,JG075B_169,STANDARD,,224,L-MMMMx,3.1622776601683795,2+2,H1,0.5,12,0.005032974384530424,-0.00017692442634142935
20183,JG075B,169,S075_WT,1.0,False,H1,10.0,HEX,JG075B_169,STANDARD,,225,L-MMMMx,3.1622776601683795,2+2,H1,0.5,12,-0.000584337889883122,-0.0004527157580014318
20184,JG075B,169,S075_WT,1.0,False,H1,10.0,FAM,JG075B_169,STANDARD,,224,L-MMMMx,3.1622776601683795,2+2,H1,0.5,13,0.00486325717371413,-0.0010762335732579231
20185,JG075B,169,S075_WT,1.0,False,H1,10.0,HEX,JG075B_169,STANDARD,,225,L-MMMMx,3.1622776601683795,2+2,H1,0.5,13,-0.0005489760752286062,-0.0007138097425922751
20186,JG075B,169,S075_WT,1.0,False,H1,10.0,FAM,JG075B_169,STANDARD,,224,L-MMMMx,3.1622776601683795,2+2,H1,0.5,14,0.005980566960413704,-0.0009798918617889285
20187,JG075B,169,S075_WT,1.0,False,H1,10.0,HEX,JG075B_169,STANDARD,,225,L-MMMMx,3.1622776601683795,2+2,H1,0.5,14,-0.0004416376535804495,-0.001036534900777042
20188,JG075B,169,S075_WT,1.0,False,H1,10.0,FAM,JG075B_169,STANDARD,,224,L-MMMMx,3.1622776601683795,2+2,H1,0.5,15,0.0067263518847566015,-0.0011709637474268675
20189,JG075B,169,S075_WT,1.0,False,H1,10.0,HEX,JG075B_169,STANDARD,,225,L-MMMMx,3.1622776601683795,2+2,H1,0.5,15,-0.0009069622412020546,-0.0008689076057635248
20190,JG075B,169,S075_WT,1.0,False,H1,10.0,FAM,JG075B_169,STANDARD,,224,L-MMMMx,3.1622776601683795,2+2,H1,0.5,16,0.008216900849073623,-0.0007858821772970259
20191,JG075B,169,S075_WT,1.0,False,H1,10.0,HEX,JG075B_169,STANDARD,,225,L-MMMMx,3.1622776601683795,2+2,H1,0.5,16,-0.0008414593522455596,-0.0011558103142306209
20192,JG075B,169,S075_WT,1.0,False,H1,10.0,FAM,JG075B_169,STANDARD,,224,L-MMMMx,3.1622776601683795,2+2,H1,0.5,17,0.009289676962931604,-0.0007239919505082071
20193,JG075B,169,S075_WT,1.0,False,H1,10.0,HEX,JG075B_169,STANDARD,,225,L-MMMMx,3.1622776601683795,2+2,H1,0.5,17,-0.0011745077818017238,-0.0011014468036592007
20194,JG075B,169,S075_WT,1.0,False,H1,10.0,FAM,JG075B_169,STANDARD,,224,L-MMMMx,3.1622776601683795,2+2,H1,0.5,18,0.010907720901529984,-0.00024027963809203357
20195,JG075B,169,S075_WT,1.0,False,H1,10.0,HEX,JG075B_169,STANDARD,,225,L-MMMMx,3.1622776601683795,2+2,H1,0.5,18,-0.0023402817000553497,-0.00033404771238565445
20196,JG075B,169,S075_WT,1.0,False,H1,10.0,FAM,JG075B_169,STANDARD,,224,L-MMMMx,3.1622776601683795,2+2,H1,0.5,19,0.012845629101031255,0.0004908813862130046
20197,JG075B,169,S075_WT,1.0,False,H1,10.0,HEX,JG075B_169,STANDARD,,225,L-MMMMx,3.1622776601683795,2+2,H1,0.5,19,-0.002890356306066469,-9.385171142639592e-05
20198,JG075B,169,S075_WT,1.0,False,H1,10.0,FAM,JG075B_169,STANDARD,,224,L-MMMMx,3.1622776601683795,2+2,H1,0.5,20,0.017109593441829184,0.003021491691470146
20199,JG075B,169,S075_WT,1.0,False,H1,10.0,HEX,JG075B_169,STANDARD,,225,L-MMMMx,3.1622776601683795,2+2,H1,0.5,20,-0.00274915268199819,-0.0004455745511222631
20200,JG075B,169,S075_WT,1.0,False,H1,10.0,FAM,JG075B_169,STANDARD,,224,L-MMMMx,3.1622776601683795,2+2,H1,0.5,21,0.023660203934895267,0.007321063429117203
20201,JG075B,169,S075_WT,1.0,False,H1,10.0,HEX,JG075B_169,STANDARD,,225,L-MMMMx,3.1622776601683795,2+2,H1,0.5,21,-0.004301713850503426,0.0006530177197419107
20202,JG075B,169,S075_WT,1.0,False,H1,10.0,FAM,JG075B_169,STANDARD,,224,L-MMMMx,3.1622776601683795,2+2,H1,0.5,22,0.034807375191318005,0.015176558867096901
20203,JG075B,169,S075_WT,1.0,False,H1,10.0,HEX,JG075B_169,STANDARD,,225,L-MMMMx,3.1622776601683795,2+2,H1,0.5,22,-0.0076472860856839,0.0032869065180420876
20204,JG075B,169,S075_WT,1.0,False,H1,10.0,FAM,JG075B_169,STANDARD,,224,L-MMMMx,3.1622776601683795,2+2,H1,0.5,23,0.055200908057384056,0.030185088515281677
20205,JG075B,169,S075_WT,1.0,False,H1,10.0,HEX,JG075B_169,STANDARD,,225,L-MMMMx,3.1622776601683795,2+2,H1,0.5,23,-0.013118117303575056,0.007740584667772055
20206,JG075B,169,S075_WT,1.0,False,H1,10.0,FAM,JG075B_169,STANDARD,,224,L-MMMMx,3.1622776601683795,2+2,H1,0.5,24,0.08968543819806205,0.056094489991664886
20207,JG075B,169,S075_WT,1.0,False,H1,10.0,HEX,JG075B_169,STANDARD,,225,L-MMMMx,3.1622776601683795,2+2,H1,0.5,24,-0.022725027858359965,0.015735851600766182
20208,JG075B,169,S075_WT,1.0,False,H1,10.0,FAM,JG075B_169,STANDARD,,224,L-MMMMx,3.1622776601683795,2+2,H1,0.5,25,0.14071091474068545,0.09480005502700806
20209,JG075B,169,S075_WT,1.0,False,H1,10.0,HEX,JG075B_169,STANDARD,,225,L-MMMMx,3.1622776601683795,2+2,H1,0.5,25,-0.03785894479722933,0.028463711962103844
20210,JG075B,169,S075_WT,1.0,False,H1,10.0,FAM,JG075B_169,STANDARD,,224,L-MMMMx,3.1622776601683795,2+2,H1,0.5,26,0.21217684630640002,0.14931845664978027
20211,JG075B,169,S075_WT,1.0,False,H1,10.0,HEX,JG075B_169,STANDARD,,225,L-MMMMx,3.1622776601683795,2+2,H1,0.5,26,-0.06145700443511682,0.0484391413629055
20212,JG075B,169,S075_WT,1.0,False,H1,10.0,FAM,JG075B_169,STANDARD,,224,L-MMMMx,3.1622776601683795,2+2,H1,0.5,27,0.29720792338696206,0.21433094143867493
20213,JG075B,169,S075_WT,1.0,False,H1,10.0,HEX,JG075B_169,STANDARD,,225,L-MMMMx,3.1622776601683795,2+2,H1,0.5,27,-0.09338012624903086,0.07554304599761963
20214,JG075B,169,S075_WT,1.0,False,H1,10.0,FAM,JG075B_169,STANDARD,,224,L-MMMMx,3.1622776601683795,2+2,H1,0.5,28,0.39120764300492256,0.2862815856933594
20215,JG075B,169,S075_WT,1.0,False,H1,10.0,HEX,JG075B_169,STANDARD,,225,L-MMMMx,3.1622776601683795,2+2,H1,0.5,28,-0.13515015605173591,0.11107853055000305
20216,JG075B,169,S075_WT,1.0,False,H1,10.0,FAM,JG075B_169,STANDARD,,224,L-MMMMx,3.1622776601683795,2+2,H1,0.5,29,0.48463794028873813,0.3577917516231537
20217,JG075B,169,S075_WT,1.0,False,H1,10.0,HEX,JG075B_169,STANDARD,,225,L-MMMMx,3.1622776601683795,2+2,H1,0.5,29,-0.18433805738187506,0.15296570956707
20218,JG075B,169,S075_WT,1.0,False,H1,10.0,FAM,JG075B_169,STANDARD,,224,L-MMMMx,3.1622776601683795,2+2,H1,0.5,30,0.5715177811752413,0.42423444986343384
20219,JG075B,169,S075_WT,1.0,False,H1,10.0,HEX,JG075B_169,STANDARD,,225,L-MMMMx,3.1622776601683795,2+2,H1,0.5,30,-0.23055775899198294,0.19231130182743073
20220,JG075B,169,S075_WT,1.0,False,H1,10.0,FAM,JG075B_169,STANDARD,,224,L-MMMMx,3.1622776601683795,2+2,H1,0.5,31,0.6511428324978554,0.4850648045539856
20221,JG075B,169,S075_WT,1.0,False,H1,10.0,HEX,JG075B_169,STANDARD,,225,L-MMMMx,3.1622776601683795,2+2,H1,0.5,31,-0.27445969552011423,0.22967226803302765
20222,JG075B,169,S075_WT,1.0,False,H1,10.0,FAM,JG075B_169,STANDARD,,224,L-MMMMx,3.1622776601683795,2+2,H1,0.5,32,0.720711980168358,0.5381158590316772
20223,JG075B,169,S075_WT,1.0,False,H1,10.0,HEX,JG075B_169,STANDARD,,225,L-MMMMx,3.1622776601683795,2+2,H1,0.5,32,-0.3154164383907011,0.264511376619339
20224,JG075B,169,S075_WT,1.0,False,H1,10.0,FAM,JG075B_169,STANDARD,,224,L-MMMMx,3.1622776601683795,2+2,H1,0.5,33,0.7764128952383028,0.5804383158683777
20225,JG075B,169,S075_WT,1.0,False,H1,10.0,HEX,JG075B_169,STANDARD,,225,L-MMMMx,3.1622776601683795,2+2,H1,0.5,33,-0.34996862063134565,0.29386645555496216
20226,JG075B,169,S075_WT,1.0,False,H1,10.0,FAM,JG075B_169,STANDARD,,224,L-MMMMx,3.1622776601683795,2+2,H1,0.5,34,0.8233199508795708,0.6159578561782837
20227,JG075B,169,S075_WT,1.0,False,H1,10.0,HEX,JG075B_169,STANDARD,,225,L-MMMMx,3.1622776601683795,2+2,H1,0.5,34,-0.37816176709792193,0.31777650117874146
20228,JG075B,169,S075_WT,1.0,False,H1,10.0,FAM,JG075B_169,STANDARD,,224,L-MMMMx,3.1622776601683795,2+2,H1,0.5,35,0.8593032355834543,0.6430267095565796
20229,JG075B,169,S075_WT,1.0,False,H1,10.0,HEX,JG075B_169,STANDARD,,225,L-MMMMx,3.1622776601683795,2+2,H1,0.5,35,-0.4002947477731449,0.33649742603302
20230,JG075B,169,S075_WT,1.0,False,H1,10.0,FAM,JG075B_169,STANDARD,,224,L-MMMMx,3.1622776601683795,2+2,H1,0.5,36,0.8864108360134056,0.6632292866706848
20231,JG075B,169,S075_WT,1.0,False,H1,10.0,HEX,JG075B_169,STANDARD,,225,L-MMMMx,3.1622776601683795,2+2,H1,0.5,36,-0.41872855546911003,0.35205087065696716
20232,JG075B,169,S075_WT,1.0,False,H1,10.0,FAM,JG075B_169,STANDARD,,224,L-MMMMx,3.1622776601683795,2+2,H1,0.5,37,0.9075071610885107,0.6787815093994141
20233,JG075B,169,S075_WT,1.0,False,H1,10.0,HEX,JG075B_169,STANDARD,,225,L-MMMMx,3.1622776601683795,2+2,H1,0.5,37,-0.43549235274110565,0.3661743402481079
20234,JG075B,169,S075_WT,1.0,False,H1,10.0,FAM,JG075B_169,STANDARD,,224,L-MMMMx,3.1622776601683795,2+2,H1,0.5,38,0.9229104185403195,0.6899295449256897
20235,JG075B,169,S075_WT,1.0,False,H1,10.0,HEX,JG075B_169,STANDARD,,225,L-MMMMx,3.1622776601683795,2+2,H1,0.5,38,-0.4493174996834654,0.37778156995773315
20236,JG075B,169,S075_WT,1.0,False,H1,10.0,FAM,JG075B_169,STANDARD,,224,L-MMMMx,3.1622776601683795,2+2,H1,0.5,39,0.9370173454634781,0.7000747323036194
20237,JG075B,169,S075_WT,1.0,False,H1,10.0,HEX,JG075B_169,STANDARD,,225,L-MMMMx,3.1622776601683795,2+2,H1,0.5,39,-0.4587050869360403,0.38558903336524963
20238,JG075B,169,S075_WT,1.0,False,H1,10.0,FAM,JG075B_169,STANDARD,,224,L-MMMMx,3.1622776601683795,2+2,H1,0.5,40,0.9475927059015724,0.7074878215789795
20239,JG075B,169,S075_WT,1.0,False,H1,10.0,HEX,JG075B_169,STANDARD,,225,L-MMMMx,3.1622776601683795,2+2,H1,0.5,40,-0.46753871883227527,0.39292216300964355
20240,JG075B,169,S075_WT,1.0,False,H1,10.0,FAM,JG075B_169,STANDARD,,224,L-MMMMx,3.1622776601683795,2+2,H1,0.5,41,0.957062891593577,0.7140460014343262
20241,JG075B,169,S075_WT,1.0,False,H1,10.0,HEX,JG075B_169,STANDARD,,225,L-MMMMx,3.1622776601683795,2+2,H1,0.5,41,-0.47721038396989945,0.4009728729724884
20242,JG075B,169,S075_WT,1.0,False,H1,10.0,FAM,JG075B_169,STANDARD,,224,L-MMMMx,3.1622776601683795,2+2,H1,0.5,42,0.9638959596033166,0.7185640931129456
20243,JG075B,169,S075_WT,1.0,False,H1,10.0,HEX,JG075B_169,STANDARD,,225,L-MMMMx,3.1622776601683795,2+2,H1,0.5,42,-0.4865733989378817,0.40875929594039917
20244,JG075B,169,S075_WT,1.0,False,H1,10.0,FAM,JG075B_169,STANDARD,,224,L-MMMMx,3.1622776601683795,2+2,H1,0.5,43,0.9711739020542107,0.723426342010498
20245,JG075B,169,S075_WT,1.0,False,H1,10.0,HEX,JG075B_169,STANDARD,,225,L-MMMMx,3.1622776601683795,2+2,H1,0.5,43,-0.4959119112311427,0.416524738073349
20246,JG075B,169,S075_WT,1.0,False,H1,10.0,FAM,JG075B_169,STANDARD,,224,L-MMMMx,3.1622776601683795,2+2,H1,0.5,44,0.9749049454925397,0.7255446910858154
20247,JG075B,169,S075_WT,1.0,False,H1,10.0,HEX,JG075B_169,STANDARD,,225,L-MMMMx,3.1622776601683795,2+2,H1,0.5,44,-0.5040261947166695,0.42324191331863403
20248,JG075B,169,S075_WT,1.0,False,H1,10.0,FAM,JG075B_169,STANDARD,,224,L-MMMMx,3.1622776601683795,2+2,H1,0.5,45,0.9760009515412795,0.7256245613098145
20249,JG075B,169,S075_WT,1.0,False,H1,10.0,HEX,JG075B_169,STANDARD,,225,L-MMMMx,3.1622776601683795,2+2,H1,0.5,45,-0.5115116922341367,0.42942067980766296
20250,JG075B,169,S075_WT,1.0,False,H1,10.0,FAM,JG075B_169,STANDARD,,224,L-MMMMx,3.1622776601683795,2+2,H1,0.5,46,0.9803518451491771,0.7282223701477051
20251,JG075B,169,S075_WT,1.0,False,H1,10.0,HEX,JG075B_169,STANDARD,,225,L-MMMMx,3.1622776601683795,2+2,H1,0.5,46,-0.5192706173263342,0.435833603143692
20252,JG075B,169,S075_WT,1.0,False,H1,10.0,FAM,JG075B_169,STANDARD,,224,L-MMMMx,3.1622776601683795,2+2,H1,0.5,47,0.9879436806505152,0.7333274483680725
20253,JG075B,169,S075_WT,1.0,False,H1,10.0,HEX,JG075B_169,STANDARD,,225,L-MMMMx,3.1622776601683795,2+2,H1,0.5,47,-0.5275930343272488,0.44272899627685547
20254,JG075B,169,S075_WT,1.0,False,H1,10.0,FAM,JG075B_169,STANDARD,,224,L-MMMMx,3.1622776601683795,2+2,H1,0.5,48,0.9879130155955136,0.732535719871521
20255,JG075B,169,S075_WT,1.0,False,H1,10.0,HEX,JG075B_169,STANDARD,,225,L-MMMMx,3.1622776601683795,2+2,H1,0.5,48,-0.5331368340928005,0.44724515080451965
20256,JG075B,169,S075_WT,1.0,False,H1,10.0,FAM,JG075B_169,STANDARD,,224,L-MMMMx,3.1622776601683795,2+2,H1,0.5,49,0.9925849677064057,0.7353819608688354
20257,JG075B,169,S075_WT,1.0,False,H1,10.0,HEX,JG075B_169,STANDARD,,225,L-MMMMx,3.1622776601683795,2+2,H1,0.5,49,-0.5394692440910709,0.45243656635284424
20258,JG075B,169,S075_WT,1.0,False,H1,10.0,FAM,JG075B_169,STANDARD,,224,L-MMMMx,3.1622776601683795,2+2,H1,0.5,50,0.9970840243815599,0.7380944490432739
20259,JG075B,169,S075_WT,1.0,False,H1,10.0,HEX,JG075B_169,STANDARD,,225,L-MMMMx,3.1622776601683795,2+2,H1,0.5,50,-0.5473355076049166,0.45894137024879456
20520,JG075B,171,S075_WT,1.0,False,H3,10.0,FAM,JG075B_171,STANDARD,,228,L-MMMMx,1.0,2+2,H3,0.0,1,-0.005579559246416386,0.0001903989614220336
20521,JG075B,171,S075_WT,1.0,False,H3,10.0,HEX,JG075B_171,STANDARD,,229,L-MMMMx,1.0,2+2,H3,0.0,1,0.000814455072772063,0.0012397206155583262
20522,JG075B,171,S075_WT,1.0,False,H3,10.0,FAM,JG075B_171,STANDARD,,228,L-MMMMx,1.0,2+2,H3,0.0,2,-0.0052239447706371985,-0.0003214203752577305
20523,JG075B,171,S075_WT,1.0,False,H3,10.0,HEX,JG075B_171,STANDARD,,229,L-MMMMx,1.0,2+2,H3,0.0,2,0.001335711192037179,0.0004848522657994181
20524,JG075B,171,S075_WT,1.0,False,H3,10.0,FAM,JG075B_171,STANDARD,,228,L-MMMMx,1.0,2+2,H3,0.0,3,-0.0039307924669086895,-0.00010795551497722045
20525,JG075B,171,S075_WT,1.0,False,H3,10.0,HEX,JG075B_171,STANDARD,,229,L-MMMMx,1.0,2+2,H3,0.0,3,0.0009389697301800656,0.0005160350701771677
20526,JG075B,171,S075_WT,1.0,False,H3,10.0,FAM,JG075B_171,STANDARD,,228,L-MMMMx,1.0,2+2,H3,0.0,4,-0.003316643840229911,-0.0004197714733891189
20527,JG075B,171,S075_WT,1.0,False,H3,10.0,HEX,JG075B_171,STANDARD,,229,L-MMMMx,1.0,2+2,H3,0.0,4,0.0006159277196329302,0.0004841115151066333
20528,JG075B,171,S075_WT,1.0,False,H3,10.0,FAM,JG075B_171,STANDARD,,228,L-MMMMx,1.0,2+2,H3,0.0,5,-0.0018761374719520145,-9.231272269971669e-05
20529,JG075B,171,S075_WT,1.0,False,H3,10.0,HEX,JG075B_171,STANDARD,,229,L-MMMMx,1.0,2+2,H3,0.0,5,0.0001984773210440876,0.0005330267013050616
20530,JG075B,171,S075_WT,1.0,False,H3,10.0,FAM,JG075B_171,STANDARD,,228,L-MMMMx,1.0,2+2,H3,0.0,6,-0.0006297724914640884,8.495722431689501e-05
20531,JG075B,171,S075_WT,1.0,False,H3,10.0,HEX,JG075B_171,STANDARD,,229,L-MMMMx,1.0,2+2,H3,0.0,6,-0.00021100274727321546,0.0005751171847805381
20532,JG075B,171,S075_WT,1.0,False,H3,10.0,FAM,JG075B_171,STANDARD,,228,L-MMMMx,1.0,2+2,H3,0.0,7,-0.00036565236949007607,-0.0004976426134817302
20533,JG075B,171,S075_WT,1.0,False,H3,10.0,HEX,JG075B_171,STANDARD,,229,L-MMMMx,1.0,2+2,H3,0.0,7,-0.0003124765372586891,0.0003534720162861049
20534,JG075B,171,S075_WT,1.0,False,H3,10.0,FAM,JG075B_171,STANDARD,,228,L-MMMMx,1.0,2+2,H3,0.0,8,0.0022677862766535242,0.0007526748231612146
20535,JG075B,171,S075_WT,1.0,False,H3,10.0,HEX,JG075B_171,STANDARD,,229,L-MMMMx,1.0,2+2,H3,0.0,8,-0.0001360503182786288,-0.00010612978803692386
20536,JG075B,171,S075_WT,1.0,False,H3,10.0,FAM,JG075B_171,STANDARD,,228,L-MMMMx,1.0,2+2,H3,0.0,9,0.0037086778843158632,0.0010804316261783242
20537,JG075B,171,S075_WT,1.0,False,H3,10.0,HEX,JG075B_171,STANDARD,,229,L-MMMMx,1.0,2+2,H3,0.0,9,-0.0001938265115133694,-0.0003651917795650661
20538,JG075B,171,S075_WT,1.0,False,H3,10.0,FAM,JG075B_171,STANDARD,,228,L-MMMMx,1.0,2+2,H3,0.0,10,0.004142534479075392,0.0006291407626122236
20539,JG075B,171,S075_WT,1.0,False,H3,10.0,HEX,JG075B_171,STANDARD,,229,L-MMMMx,1.0,2+2,H3,0.0,10,-0.0009000186565331806,-6.903649773448706e-05
20540,JG075B,171,S075_WT,1.0,False,H3,10.0,FAM,JG075B_171,STANDARD,,228,L-MMMMx,1.0,2+2,H3,0.0,11,0.004538233112805857,0.0001483307423768565
20541,JG075B,171,S075_WT,1.0,False,H3,10.0,HEX,JG075B_171,STANDARD,,229,L-MMMMx,1.0,2+2,H3,0.0,11,-0.0012888593979901216,-4.461879507289268e-05
20542,JG075B,171,S075_WT,1.0,False,H3,10.0,FAM,JG075B_171,STANDARD,,228,L-MMMMx,1.0,2+2,H3,0.0,12,0.005507533928002491,0.00011126238678116351
20543,JG075B,171,S075_WT,1.0,False,H3,10.0,HEX,JG075B_171,STANDARD,,229,L-MMMMx,1.0,2+2,H3,0.0,12,-0.0012483986602579613,-0.0003877978306263685
20544,JG075B,171,S075_WT,1.0,False,H3,10.0,FAM,JG075B_171,STANDARD,,228,L-MMMMx,1.0,2+2,H3,0.0,13,0.006374033613460553,-5.333462468115613e-06
20545,JG075B,171,S075_WT,1.0,False,H3,10.0,HEX,JG075B_171,STANDARD,,229,L-MMMMx,1.0,2+2,H3,0.0,13,-0.0014751354137686346,-0.0005021844408474863
20546,JG075B,171,S075_WT,1.0,False,H3,10.0,FAM,JG075B_171,STANDARD,,228,L-MMMMx,1.0,2+2,H3,0.0,14,0.007272797097365703,-9.696986671769992e-05
20547,JG075B,171,S075_WT,1.0,False,H3,10.0,HEX,JG075B_171,STANDARD,,229,L-MMMMx,1.0,2+2,H3,0.0,14,-0.0013157636132735278,-0.0009471831144765019
20548,JG075B,171,S075_WT,1.0,False,H3,10.0,FAM,JG075B_171,STANDARD,,228,L-MMMMx,1.0,2+2,H3,0.0,15,0.007249470852637689,-0.0009019397548399866
20549,JG075B,171,S075_WT,1.0,False,H3,10.0,HEX,JG075B_171,STANDARD,,229,L-MMMMx,1.0,2+2,H3,0.0,15,-0.0017300119577794812,-0.0009010097128339112
20550,JG075B,171,S075_WT,1.0,False,H3,10.0,FAM,JG075B_171,STANDARD,,228,L-MMMMx,1.0,2+2,H3,0.0,16,0.00808844518407731,-0.0010398293379694223
20551,JG075B,171,S075_WT,1.0,False,H3,10.0,HEX,JG075B_171,STANDARD,,229,L-MMMMx,1.0,2+2,H3,0.0,16,-0.001882440173605714,-0.0010790242813527584
20552,JG075B,171,S075_WT,1.0,False,H3,10.0,FAM,JG075B_171,STANDARD,,228,L-MMMMx,1.0,2+2,H3,0.0,17,0.00892506955527183,-0.0011795369209721684
20553,JG075B,171,S075_WT,1.0,False,H3,10.0,HEX,JG075B_171,STANDARD,,229,L-MMMMx,1.0,2+2,H3,0.0,17,-0.0031377323864375042,-0.0003126926894765347
20554,JG075B,171,S075_WT,1.0,False,H3,10.0,FAM,JG075B_171,STANDARD,,228,L-MMMMx,1.0,2+2,H3,0.0,18,0.010460075144553554,-0.0007789730443619192
20555,JG075B,171,S075_WT,1.0,False,H3,10.0,HEX,JG075B_171,STANDARD,,229,L-MMMMx,1.0,2+2,H3,0.0,18,-0.0031238278146319145,-0.0006331325275823474
20556,JG075B,171,S075_WT,1.0,False,H3,10.0,FAM,JG075B_171,STANDARD,,228,L-MMMMx,1.0,2+2,H3,0.0,19,0.012700916334011455,0.00016762892482802272
20557,JG075B,171,S075_WT,1.0,False,H3,10.0,HEX,JG075B_171,STANDARD,,229,L-MMMMx,1.0,2+2,H3,0.0,19,-0.0033006368879044943,-0.000790270569268614
20558,JG075B,171,S075_WT,1.0,False,H3,10.0,FAM,JG075B_171,STANDARD,,228,L-MMMMx,1.0,2+2,H3,0.0,20,0.016275263652718253,0.002145838225260377
20559,JG075B,171,S075_WT,1.0,False,H3,10.0,HEX,JG075B_171,STANDARD,,229,L-MMMMx,1.0,2+2,H3,0.0,20,-0.004545557229902577,-3.2820065825944766e-05
20560,JG075B,171,S075_WT,1.0,False,H3,10.0,FAM,JG075B_171,STANDARD,,228,L-MMMMx,1.0,2+2,H3,0.0,21,0.02160921112183695,0.005485283676534891
20561,JG075B,171,S075_WT,1.0,False,H3,10.0,HEX,JG075B_171,STANDARD,,229,L-MMMMx,1.0,2+2,H3,0.0,21,-0.005828554171538497,0.0007572342292405665
20562,JG075B,171,S075_WT,1.0,False,H3,10.0,FAM,JG075B_171,STANDARD,,228,L-MMMMx,1.0,2+2,H3,0.0,22,0.03191424908386764,0.012670391239225864
20563,JG075B,171,S075_WT,1.0,False,H3,10.0,HEX,JG075B_171,STANDARD,,229,L-MMMMx,1.0,2+2,H3,0.0,22,-0.008752168768959104,0.002952095353975892
20564,JG075B,171,S075_WT,1.0,False,H3,10.0,FAM,JG075B_171,STANDARD,,228,L-MMMMx,1.0,2+2,H3,0.0,23,0.0514817131378729,0.027020959183573723
20565,JG075B,171,S075_WT,1.0,False,H3,10.0,HEX,JG075B_171,STANDARD,,229,L-MMMMx,1.0,2+2,H3,0.0,23,-0.01402518613489264,0.0071586729027330875
20566,JG075B,171,S075_WT,1.0,False,H3,10.0,FAM,JG075B_171,STANDARD,,228,L-MMMMx,1.0,2+2,H3,0.0,24,0.08391443905503909,0.051324162632226944
20567,JG075B,171,S075_WT,1.0,False,H3,10.0,HEX,JG075B_171,STANDARD,,229,L-MMMMx,1.0,2+2,H3,0.0,24,-0.023303207449935574,0.014794603921473026
20568,JG075B,171,S075_WT,1.0,False,H3,10.0,FAM,JG075B_171,STANDARD,,228,L-MMMMx,1.0,2+2,H3,0.0,25,0.13389678365443738,0.089203841984272
20569,JG075B,171,S075_WT,1.0,False,H3,10.0,HEX,JG075B_171,STANDARD,,229,L-MMMMx,1.0,2+2,H3,0.0,25,-0.039264437710003604,0.02815314754843712
20570,JG075B,171,S075_WT,1.0,False,H3,10.0,FAM,JG075B_171,STANDARD,,228,L-MMMMx,1.0,2+2,H3,0.0,26,0.201404399806971,0.14064116775989532
20571,JG075B,171,S075_WT,1.0,False,H3,10.0,HEX,JG075B_171,STANDARD,,229,L-MMMMx,1.0,2+2,H3,0.0,26,-0.06390704567515881,0.048945266753435135
20572,JG075B,171,S075_WT,1.0,False,H3,10.0,FAM,JG075B_171,STANDARD,,228,L-MMMMx,1.0,2+2,H3,0.0,27,0.28322015341315776,0.20314733684062958
20573,JG075B,171,S075_WT,1.0,False,H3,10.0,HEX,JG075B_171,STANDARD,,229,L-MMMMx,1.0,2+2,H3,0.0,27,-0.09816550906356962,0.07797113060951233
20574,JG075B,171,S075_WT,1.0,False,H3,10.0,FAM,JG075B_171,STANDARD,,228,L-MMMMx,1.0,2+2,H3,0.0,28,0.37187328971018985,0.27094295620918274
20575,JG075B,171,S075_WT,1.0,False,H3,10.0,HEX,JG075B_171,STANDARD,,229,L-MMMMx,1.0,2+2,H3,0.0,28,-0.1396016899231978,0.11314303427934647
20576,JG075B,171,S075_WT,1.0,False,H3,10.0,FAM,JG075B_171,STANDARD,,228,L-MMMMx,1.0,2+2,H3,0.0,29,0.45935152293254816,0.3378296494483948
20577,JG075B,171,S075_WT,1.0,False,H3,10.0,HEX,JG075B_171,STANDARD,,229,L-MMMMx,1.0,2+2,H3,0.0,29,-0.18661445679779168,0.1530899852514267
20578,JG075B,171,S075_WT,1.0,False,H3,10.0,FAM,JG075B_171,STANDARD,,228,L-MMMMx,1.0,2+2,H3,0.0,30,0.5428865228636264,0.4016658365726471
20579,JG075B,171,S075_WT,1.0,False,H3,10.0,HEX,JG075B_171,STANDARD,,229,L-MMMMx,1.0,2+2,H3,0.0,30,-0.23400704993550048,0.19336217641830444
20580,JG075B,171,S075_WT,1.0,False,H3,10.0,FAM,JG075B_171,STANDARD,,228,L-MMMMx,1.0,2+2,H3,0.0,31,0.6178980243660299,0.45890823006629944
20581,JG075B,171,S075_WT,1.0,False,H3,10.0,HEX,JG075B_171,STANDARD,,229,L-MMMMx,1.0,2+2,H3,0.0,31,-0.280073018144694,0.2324984222650528
20582,JG075B,171,S075_WT,1.0,False,H3,10.0,FAM,JG075B_171,STANDARD,,228,L-MMMMx,1.0,2+2,H3,0.0,32,0.6808053814571162,0.5067867636680603
20583,JG075B,171,S075_WT,1.0,False,H3,10.0,HEX,JG075B_171,STANDARD,,229,L-MMMMx,1.0,2+2,H3,0.0,32,-0.3208867127296213,0.2671373188495636
20584,JG075B,171,S075_WT,1.0,False,H3,10.0,FAM,JG075B_171,STANDARD,,228,L-MMMMx,1.0,2+2,H3,0.0,33,0.733575934625358,0.5468233823776245
20585,JG075B,171,S075_WT,1.0,False,H3,10.0,HEX,JG075B_171,STANDARD,,229,L-MMMMx,1.0,2+2,H3,0.0,33,-0.3560031177826324,0.2968977987766266
20586,JG075B,171,S075_WT,1.0,False,H3,10.0,FAM,JG075B_171,STANDARD,,228,L-MMMMx,1.0,2+2,H3,0.0,34,0.776610949213591,0.5793285965919495
20587,JG075B,171,S075_WT,1.0,False,H3,10.0,HEX,JG075B_171,STANDARD,,229,L-MMMMx,1.0,2+2,H3,0.0,34,-0.384278612727036,0.32080063223838806
20588,JG075B,171,S075_WT,1.0,False,H3,10.0,FAM,JG075B_171,STANDARD,,228,L-MMMMx,1.0,2+2,H3,0.0,35,0.8099979516099606,0.6043700575828552
20589,JG075B,171,S075_WT,1.0,False,H3,10.0,HEX,JG075B_171,STANDARD,,229,L-MMMMx,1.0,2+2,H3,0.0,35,-0.4083458777028738,0.34110012650489807
20590,JG075B,171,S075_WT,1.0,False,H3,10.0,FAM,JG075B_171,STANDARD,,228,L-MMMMx,1.0,2+2,H3,0.0,36,0.8358049068301558,0.6235474944114685
20591,JG075B,171,S075_WT,1.0,False,H3,10.0,HEX,JG075B_171,STANDARD,,229,L-MMMMx,1.0,2+2,H3,0.0,36,-0.42811730868703024,0.357721209526062
20592,JG075B,171,S075_WT,1.0,False,H3,10.0,FAM,JG075B_171,STANDARD,,228,L-MMMMx,1.0,2+2,H3,0.0,37,0.854322131274293,0.6370856165885925
20593,JG075B,171,S075_WT,1.0,False,H3,10.0,HEX,JG075B_171,STANDARD,,229,L-MMMMx,1.0,2+2,H3,0.0,37,-0.44249829045225675,0.36972662806510925
20594,JG075B,171,S075_WT,1.0,False,H3,10.0,FAM,JG075B_171,STANDARD,,228,L-MMMMx,1.0,2+2,H3,0.0,38,0.8674340619153127,0.6464421153068542
20595,JG075B,171,S075_WT,1.0,False,H3,10.0,HEX,JG075B_171,STANDARD,,229,L-MMMMx,1.0,2+2,H3,0.0,38,-0.4569082995338434,0.3817569315433502
20596,JG075B,171,S075_WT,1.0,False,H3,10.0,FAM,JG075B_171,STANDARD,,228,L-MMMMx,1.0,2+2,H3,0.0,39,0.8788780601174486,0.6545083522796631
20597,JG075B,171,S075_WT,1.0,False,H3,10.0,HEX,JG075B_171,STANDARD,,229,L-MMMMx,1.0,2+2,H3,0.0,39,-0.4691569917193511,0.3919365406036377
20598,JG075B,171,S075_WT,1.0,False,H3,10.0,FAM,JG075B_171,STANDARD,,228,L-MMMMx,1.0,2+2,H3,0.0,40,0.8884484080494084,0.661125123500824
20599,JG075B,171,S075_WT,1.0,False,H3,10.0,HEX,JG075B_171,STANDARD,,229,L-MMMMx,1.0,2+2,H3,0.0,40,-0.47911391810983794,0.400153785943985
20600,JG075B,171,S075_WT,1.0,False,H3,10.0,FAM,JG075B_171,STANDARD,,228,L-MMMMx,1.0,2+2,H3,0.0,41,0.8962705396547666,0.6663894057273865
20601,JG075B,171,S075_WT,1.0,False,H3,10.0,HEX,JG075B_171,STANDARD,,229,L-MMMMx,1.0,2+2,H3,0.0,41,-0.4885545480843945,0.4079289734363556
20602,JG075B,171,S075_WT,1.0,False,H3,10.0,FAM,JG075B_171,STANDARD,,228,L-MMMMx,1.0,2+2,H3,0.0,42,0.9006659669355056,0.6690028309822083
20603,JG075B,171,S075_WT,1.0,False,H3,10.0,HEX,JG075B_171,STANDARD,,229,L-MMMMx,1.0,2+2,H3,0.0,42,-0.4975383284731685,0.4153129458427429
20604,JG075B,171,S075_WT,1.0,False,H3,10.0,FAM,JG075B_171,STANDARD,,228,L-MMMMx,1.0,2+2,H3,0.0,43,0.9066898781421614,0.6728760004043579
20605,JG075B,171,S075_WT,1.0,False,H3,10.0,HEX,JG075B_171,STANDARD,,229,L-MMMMx,1.0,2+2,H3,0.0,43,-0.506673510332166,0.4228265583515167
20606,JG075B,171,S075_WT,1.0,False,H3,10.0,FAM,JG075B_171,STANDARD,,228,L-MMMMx,1.0,2+2,H3,0.0,44,0.9140334653841646,0.6777701377868652
20607,JG075B,171,S075_WT,1.0,False,H3,10.0,HEX,JG075B_171,STANDARD,,229,L-MMMMx,1.0,2+2,H3,0.0,44,-0.5167773135512376,0.4311695694923401
20608,JG075B,171,S075_WT,1.0,False,H3,10.0,FAM,JG075B_171,STANDARD,,228,L-MMMMx,1.0,2+2,H3,0.0,45,0.9171901939481661,0.6794252991676331
20609,JG075B,171,S075_WT,1.0,False,H3,10.0,HEX,JG075B_171,STANDARD,,229,L-MMMMx,1.0,2+2,H3,0.0,45,-0.5267128001013432,0.43936848640441895
20610,JG075B,171,S075_WT,1.0,False,H3,10.0,FAM,JG075B_171,STANDARD,,228,L-MMMMx,1.0,2+2,H3,0.0,46,0.9208716956016557,0.6814863681793213
20611,JG075B,171,S075_WT,1.0,False,H3,10.0,HEX,JG075B_171,STANDARD,,229,L-MMMMx,1.0,2+2,H3,0.0,46,-0.5332424148651967,0.4446510374546051
20612,JG075B,171,S075_WT,1.0,False,H3,10.0,FAM,JG075B_171,STANDARD,,228,L-MMMMx,1.0,2+2,H3,0.0,47,0.9255653752138304,0.6843305230140686
20613,JG075B,171,S075_WT,1.0,False,H3,10.0,HEX,JG075B_171,STANDARD,,229,L-MMMMx,1.0,2+2,H3,0.0,47,-0.5412667623969172,0.4512134790420532
20614,JG075B,171,S075_WT,1.0,False,H3,10.0,FAM,JG075B_171,STANDARD,,228,L-MMMMx,1.0,2+2,H3,0.0,48,0.92870060742018,0.6859689950942993
20615,JG075B,171,S075_WT,1.0,False,H3,10.0,HEX,JG075B_171,STANDARD,,229,L-MMMMx,1.0,2+2,H3,0.0,48,-0.54979682564412,0.45820897817611694
20616,JG075B,171,S075_WT,1.0,False,H3,10.0,FAM,JG075B_171,STANDARD,,228,L-MMMMx,1.0,2+2,H3,0.0,49,0.9317325184236221,0.687527596950531
20617,JG075B,171,S075_WT,1.0,False,H3,10.0,HEX,JG075B_171,STANDARD,,229,L-MMMMx,1.0,2+2,H3,0.0,49,-0.5568446859003019,0.4639352858066559
20618,JG075B,171,S075_WT,1.0,False,H3,10.0,FAM,JG075B_171,STANDARD,,228,L-MMMMx,1.0,2+2,H3,0.0,50,0.9361084525915083,0.6901259422302246
20619,JG075B,171,S075_WT,1.0,False,H3,10.0,HEX,JG075B_171,STANDARD,,229,L-MMMMx,1.0,2+2,H3,0.0,50,-0.5620687675266643,0.4680999517440796
21240,JG075B,175,S075_WT,1.0,False,H7,10.0,FAM,JG075B_175,STANDARD,,236,L-MMMMx,0.1,2+2,H7,-1.0,1,-0.00618484014401452,-0.0005975376698188484
21241,JG075B,175,S075_WT,1.0,False,H7,10.0,HEX,JG075B_175,STANDARD,,237,L-MMMMx,0.1,2+2,H7,-1.0,1,0.0009846403317223616,0.0009433758677914739
21242,JG075B,175,S075_WT,1.0,False,H7,10.0,FAM,JG075B_175,STANDARD,,236,L-MMMMx,0.1,2+2,H7,-1.0,2,-0.004724725091068483,-0.0002090835478156805
21243,JG075B,175,S075_WT,1.0,False,H7,10.0,HEX,JG075B_175,STANDARD,,237,L-MMMMx,0.1,2+2,H7,-1.0,2,0.001060428079173354,0.0005587226478382945
21244,JG075B,175,S075_WT,1.0,False,H7,10.0,FAM,JG075B_175,STANDARD,,236,L-MMMMx,0.1,2+2,H7,-1.0,3,-0.0030467571662200197,0.0003479027363937348
21245,JG075B,175,S075_WT,1.0,False,H7,10.0,HEX,JG075B_175,STANDARD,,237,L-MMMMx,0.1,2+2,H7,-1.0,3,0.0007058353944290546,0.0005425900453701615
21246,JG075B,175,S075_WT,1.0,False,H7,10.0,FAM,JG075B_175,STANDARD,,236,L-MMMMx,0.1,2+2,H7,-1.0,4,-0.002778823174340023,-0.00018592069682199508
21247,JG075B,175,S075_WT,1.0,False,H7,10.0,HEX,JG075B_175,STANDARD,,237,L-MMMMx,0.1,2+2,H7,-1.0,4,0.0001472161767076169,0.0007011585985310376
21248,JG075B,175,S075_WT,1.0,False,H7,10.0,FAM,JG075B_175,STANDARD,,236,L-MMMMx,0.1,2+2,H7,-1.0,5,-0.0022089578149029495,-0.00048616842832416296
21249,JG075B,175,S075_WT,1.0,False,H7,10.0,HEX,JG075B_175,STANDARD,,237,L-MMMMx,0.1,2+2,H7,-1.0,5,0.001500310258810263,-0.0007772100507281721
21250,JG075B,175,S075_WT,1.0,False,H7,10.0,FAM,JG075B_175,STANDARD,,236,L-MMMMx,0.1,2+2,H7,-1.0,6,-0.0007610355884745285,-0.00010714671952882782
21251,JG075B,175,S075_WT,1.0,False,H7,10.0,HEX,JG075B_175,STANDARD,,237,L-MMMMx,0.1,2+2,H7,-1.0,6,0.001268857436514465,-0.000898783328011632
21252,JG075B,175,S075_WT,1.0,False,H7,10.0,FAM,JG075B_175,STANDARD,,236,L-MMMMx,0.1,2+2,H7,-1.0,7,0.0001599754698821956,-0.0001357462751911953
21253,JG075B,175,S075_WT,1.0,False,H7,10.0,HEX,JG075B_175,STANDARD,,237,L-MMMMx,0.1,2+2,H7,-1.0,7,-0.0014179965859185996,0.001082122791558504
21254,JG075B,175,S075_WT,1.0,False,H7,10.0,FAM,JG075B_175,STANDARD,,236,L-MMMMx,0.1,2+2,H7,-1.0,8,0.0014862005747651229,0.00014912988990545273
21255,JG075B,175,S075_WT,1.0,False,H7,10.0,HEX,JG075B_175,STANDARD,,237,L-MMMMx,0.1,2+2,H7,-1.0,8,-0.001666521229167193,0.0009751676116138697
21256,JG075B,175,S075_WT,1.0,False,H7,10.0,FAM,JG075B_175,STANDARD,,236,L-MMMMx,0.1,2+2,H7,-1.0,9,0.0031695040650881203,0.0007102437666617334
21257,JG075B,175,S075_WT,1.0,False,H7,10.0,HEX,JG075B_175,STANDARD,,237,L-MMMMx,0.1,2+2,H7,-1.0,9,-0.0004039025773740096,-0.00042572992970235646
21258,JG075B,175,S075_WT,1.0,False,H7,10.0,FAM,JG075B_175,STANDARD,,236,L-MMMMx,0.1,2+2,H7,-1.0,10,0.003979893634202082,0.0005960668786428869
21259,JG075B,175,S075_WT,1.0,False,H7,10.0,HEX,JG075B_175,STANDARD,,237,L-MMMMx,0.1,2+2,H7,-1.0,10,-0.0001337988740015973,-0.0009767696028575301
21260,JG075B,175,S075_WT,1.0,False,H7,10.0,FAM,JG075B_175,STANDARD,,236,L-MMMMx,0.1,2+2,H7,-1.0,11,0.004088377044861187,-6.110837421147153e-05
21261,JG075B,175,S075_WT,1.0,False,H7,10.0,HEX,JG075B_175,STANDARD,,237,L-MMMMx,0.1,2+2,H7,-1.0,11,-0.0019868832596666927,0.00029020701185800135
21262,JG075B,175,S075_WT,1.0,False,H7,10.0,FAM,JG075B_175,STANDARD,,236,L-MMMMx,0.1,2+2,H7,-1.0,12,0.0052140272642339485,6.860200664959848e-05
21263,JG075B,175,S075_WT,1.0,False,H7,10.0,HEX,JG075B_175,STANDARD,,237,L-MMMMx,0.1,2+2,H7,-1.0,12,-0.003186766014890226,0.0009978684829548001
21264,JG075B,175,S075_WT,1.0,False,H7,10.0,FAM,JG075B_175,STANDARD,,236,L-MMMMx,0.1,2+2,H7,-1.0,13,0.006782298274362313,0.0005407261778600514
21265,JG075B,175,S075_WT,1.0,False,H7,10.0,HEX,JG075B_175,STANDARD,,237,L-MMMMx,0.1,2+2,H7,-1.0,13,-0.0037398686503058165,0.0011517134262248874
21266,JG075B,175,S075_WT,1.0,False,H7,10.0,FAM,JG075B_175,STANDARD,,236,L-MMMMx,0.1,2+2,H7,-1.0,14,0.0070373652708019185,-3.0512369448842946e-06
21267,JG075B,175,S075_WT,1.0,False,H7,10.0,HEX,JG075B_175,STANDARD,,237,L-MMMMx,0.1,2+2,H7,-1.0,14,-0.0029807033931755983,0.00018190647824667394
21268,JG075B,175,S075_WT,1.0,False,H7,10.0,FAM,JG075B_175,STANDARD,,236,L-MMMMx,0.1,2+2,H7,-1.0,15,0.006751999196775884,-0.000964910548646003
21269,JG075B,175,S075_WT,1.0,False,H7,10.0,HEX,JG075B_175,STANDARD,,237,L-MMMMx,0.1,2+2,H7,-1.0,15,-0.0013295572443466261,-0.001551674329675734
21270,JG075B,175,S075_WT,1.0,False,H7,10.0,FAM,JG075B_175,STANDARD,,236,L-MMMMx,0.1,2+2,H7,-1.0,16,0.007563313340412508,-0.0010783722391352057
21271,JG075B,175,S075_WT,1.0,False,H7,10.0,HEX,JG075B_175,STANDARD,,237,L-MMMMx,0.1,2+2,H7,-1.0,16,-0.001099670644156589,-0.0020682774484157562
21272,JG075B,175,S075_WT,1.0,False,H7,10.0,FAM,JG075B_175,STANDARD,,236,L-MMMMx,0.1,2+2,H7,-1.0,17,0.009197113569834601,-0.0005555542884394526
21273,JG075B,175,S075_WT,1.0,False,H7,10.0,HEX,JG075B_175,STANDARD,,237,L-MMMMx,0.1,2+2,H7,-1.0,17,-0.002653989461913845,-0.0010571239981800318
21274,JG075B,175,S075_WT,1.0,False,H7,10.0,FAM,JG075B_175,STANDARD,,236,L-MMMMx,0.1,2+2,H7,-1.0,18,0.010367740487341064,-0.00039104968891479075
21275,JG075B,175,S075_WT,1.0,False,H7,10.0,HEX,JG075B_175,STANDARD,,237,L-MMMMx,0.1,2+2,H7,-1.0,18,-0.0028987551721086123,-0.0011672978289425373
21276,JG075B,175,S075_WT,1.0,False,H7,10.0,FAM,JG075B_175,STANDARD,,236,L-MMMMx,0.1,2+2,H7,-1.0,19,0.01167085122915742,-0.00012405490269884467
21277,JG075B,175,S075_WT,1.0,False,H7,10.0,HEX,JG075B_175,STANDARD,,237,L-MMMMx,0.1,2+2,H7,-1.0,19,-0.004633868228274218,-1.3362420077100978e-06
21278,JG075B,175,S075_WT,1.0,False,H7,10.0,FAM,JG075B_175,STANDARD,,236,L-MMMMx,0.1,2+2,H7,-1.0,20,0.014961373431375954,0.0016804118640720844
21279,JG075B,175,S075_WT,1.0,False,H7,10.0,HEX,JG075B_175,STANDARD,,237,L-MMMMx,0.1,2+2,H7,-1.0,20,-0.0050250757053576425,1.3883176507079042e-05
21280,JG075B,175,S075_WT,1.0,False,H7,10.0,FAM,JG075B_175,STANDARD,,236,L-MMMMx,0.1,2+2,H7,-1.0,21,0.021671453767632153,0.006130266934633255
21281,JG075B,175,S075_WT,1.0,False,H7,10.0,HEX,JG075B_175,STANDARD,,237,L-MMMMx,0.1,2+2,H7,-1.0,21,-0.005668862600696797,0.0002453780616633594
21282,JG075B,175,S075_WT,1.0,False,H7,10.0,FAM,JG075B_175,STANDARD,,236,L-MMMMx,0.1,2+2,H7,-1.0,22,0.03348501211126412,0.014528199099004269
21283,JG075B,175,S075_WT,1.0,False,H7,10.0,HEX,JG075B_175,STANDARD,,237,L-MMMMx,0.1,2+2,H7,-1.0,22,-0.008958242267216133,0.002742207143455744
21284,JG075B,175,S075_WT,1.0,False,H7,10.0,FAM,JG075B_175,STANDARD,,236,L-MMMMx,0.1,2+2,H7,-1.0,23,0.05469791062410165,0.0301975104957819
21285,JG075B,175,S075_WT,1.0,False,H7,10.0,HEX,JG075B_175,STANDARD,,237,L-MMMMx,0.1,2+2,H7,-1.0,23,-0.015618271125075963,0.008125212043523788
21286,JG075B,175,S075_WT,1.0,False,H7,10.0,FAM,JG075B_175,STANDARD,,236,L-MMMMx,0.1,2+2,H7,-1.0,24,0.08865849593996815,0.055728502571582794
21287,JG075B,175,S075_WT,1.0,False,H7,10.0,HEX,JG075B_175,STANDARD,,237,L-MMMMx,0.1,2+2,H7,-1.0,24,-0.025572900389807664,0.01632927544414997
21288,JG075B,175,S075_WT,1.0,False,H7,10.0,FAM,JG075B_175,STANDARD,,236,L-MMMMx,0.1,2+2,H7,-1.0,25,0.1416784916096367,0.0960039496421814
21289,JG075B,175,S075_WT,1.0,False,H7,10.0,HEX,JG075B_175,STANDARD,,237,L-MMMMx,0.1,2+2,H7,-1.0,25,-0.040283989567525075,0.02860613912343979
21290,JG075B,175,S075_WT,1.0,False,H7,10.0,FAM,JG075B_175,STANDARD,,236,L-MMMMx,0.1,2+2,H7,-1.0,26,0.2111321445126833,0.14899256825447083
21291,JG075B,175,S075_WT,1.0,False,H7,10.0,HEX,JG075B_175,STANDARD,,237,L-MMMMx,0.1,2+2,H7,-1.0,26,-0.06424863219049985,0.04880651459097862
21292,JG075B,175,S075_WT,1.0,False,H7,10.0,FAM,JG075B_175,STANDARD,,236,L-MMMMx,0.1,2+2,H7,-1.0,27,0.2949864308455878,0.21312159299850464
21293,JG075B,175,S075_WT,1.0,False,H7,10.0,HEX,JG075B_175,STANDARD,,237,L-MMMMx,0.1,2+2,H7,-1.0,27,-0.09731175486779384,0.07679761946201324
21294,JG075B,175,S075_WT,1.0,False,H7,10.0,FAM,JG075B_175,STANDARD,,236,L-MMMMx,0.1,2+2,H7,-1.0,28,0.3825004142828224,0.28008177876472473
21295,JG075B,175,S075_WT,1.0,False,H7,10.0,HEX,JG075B_175,STANDARD,,237,L-MMMMx,0.1,2+2,H7,-1.0,28,-0.13850872140446877,0.11175347119569778
21296,JG075B,175,S075_WT,1.0,False,H7,10.0,FAM,JG075B_175,STANDARD,,236,L-MMMMx,0.1,2+2,H7,-1.0,29,0.469542171282607,0.34667661786079407
21297,JG075B,175,S075_WT,1.0,False,H7,10.0,HEX,JG075B_175,STANDARD,,237,L-MMMMx,0.1,2+2,H7,-1.0,29,-0.1852643146092967,0.15146899223327637
21298,JG075B,175,S075_WT,1.0,False,H7,10.0,FAM,JG075B_175,STANDARD,,236,L-MMMMx,0.1,2+2,H7,-1.0,30,0.5483826440748648,0.4069269299507141
21299,JG075B,175,S075_WT,1.0,False,H7,10.0,HEX,JG075B_175,STANDARD,,237,L-MMMMx,0.1,2+2,H7,-1.0,30,-0.23141565932572203,0.19066710770130157
21300,JG075B,175,S075_WT,1.0,False,H7,10.0,FAM,JG075B_175,STANDARD,,236,L-MMMMx,0.1,2+2,H7,-1.0,31,0.6139097830759161,0.4568779766559601
21301,JG075B,175,S075_WT,1.0,False,H7,10.0,HEX,JG075B_175,STANDARD,,237,L-MMMMx,0.1,2+2,H7,-1.0,31,-0.27572498762602965,0.2282879799604416
21302,JG075B,175,S075_WT,1.0,False,H7,10.0,FAM,JG075B_175,STANDARD,,236,L-MMMMx,0.1,2+2,H7,-1.0,32,0.6701635937104132,0.4996551275253296
21303,JG075B,175,S075_WT,1.0,False,H7,10.0,HEX,JG075B_175,STANDARD,,237,L-MMMMx,0.1,2+2,H7,-1.0,32,-0.31702073057017455,0.2633284032344818
21304,JG075B,175,S075_WT,1.0,False,H7,10.0,FAM,JG075B_175,STANDARD,,236,L-MMMMx,0.1,2+2,H7,-1.0,33,0.7155076561211198,0.5339924097061157
21305,JG075B,175,S075_WT,1.0,False,H7,10.0,HEX,JG075B_175,STANDARD,,237,L-MMMMx,0.1,2+2,H7,-1.0,33,-0.3533415604225158,0.2941089868545532
21306,JG075B,175,S075_WT,1.0,False,H7,10.0,FAM,JG075B_175,STANDARD,,236,L-MMMMx,0.1,2+2,H7,-1.0,34,0.7456072567542847,0.5565365552902222
21307,JG075B,175,S075_WT,1.0,False,H7,10.0,HEX,JG075B_175,STANDARD,,237,L-MMMMx,0.1,2+2,H7,-1.0,34,-0.3857811526770385,0.3215661644935608
21308,JG075B,175,S075_WT,1.0,False,H7,10.0,FAM,JG075B_175,STANDARD,,236,L-MMMMx,0.1,2+2,H7,-1.0,35,0.7694250669368479,0.5742210149765015
21309,JG075B,175,S075_WT,1.0,False,H7,10.0,HEX,JG075B_175,STANDARD,,237,L-MMMMx,0.1,2+2,H7,-1.0,35,-0.41298448157770945,0.34453973174095154
21310,JG075B,175,S075_WT,1.0,False,H7,10.0,FAM,JG075B_175,STANDARD,,236,L-MMMMx,0.1,2+2,H7,-1.0,36,0.7895000453559181,0.5890100598335266
21311,JG075B,175,S075_WT,1.0,False,H7,10.0,HEX,JG075B_175,STANDARD,,237,L-MMMMx,0.1,2+2,H7,-1.0,36,-0.4359551822499005,0.36388903856277466
21312,JG075B,175,S075_WT,1.0,False,H7,10.0,FAM,JG075B_175,STANDARD,,236,L-MMMMx,0.1,2+2,H7,-1.0,37,0.8049734163756955,0.6002392172813416
21313,JG075B,175,S075_WT,1.0,False,H7,10.0,HEX,JG075B_175,STANDARD,,237,L-MMMMx,0.1,2+2,H7,-1.0,37,-0.4560826677260999,0.38080376386642456
21314,JG075B,175,S075_WT,1.0,False,H7,10.0,FAM,JG075B_175,STANDARD,,236,L-MMMMx,0.1,2+2,H7,-1.0,38,0.818706429952314,0.6101220846176147
21315,JG075B,175,S075_WT,1.0,False,H7,10.0,HEX,JG075B_175,STANDARD,,237,L-MMMMx,0.1,2+2,H7,-1.0,38,-0.47136802094012853,0.3935723602771759
21316,JG075B,175,S075_WT,1.0,False,H7,10.0,FAM,JG075B_175,STANDARD,,236,L-MMMMx,0.1,2+2,H7,-1.0,39,0.8294558415442995,0.6176967620849609
21317,JG075B,175,S075_WT,1.0,False,H7,10.0,HEX,JG075B_175,STANDARD,,237,L-MMMMx,0.1,2+2,H7,-1.0,39,-0.4852783007551703,0.4051635265350342
21318,JG075B,175,S075_WT,1.0,False,H7,10.0,FAM,JG075B_175,STANDARD,,236,L-MMMMx,0.1,2+2,H7,-1.0,40,0.8371381312531049,0.6228986978530884
21319,JG075B,175,S075_WT,1.0,False,H7,10.0,HEX,JG075B_175,STANDARD,,237,L-MMMMx,0.1,2+2,H7,-1.0,40,-0.5010684647563536,0.41836434602737427
21320,JG075B,175,S075_WT,1.0,False,H7,10.0,FAM,JG075B_175,STANDARD,,236,L-MMMMx,0.1,2+2,H7,-1.0,41,0.8412460158572957,0.6253355145454407
21321,JG075B,175,S075_WT,1.0,False,H7,10.0,HEX,JG075B_175,STANDARD,,237,L-MMMMx,0.1,2+2,H7,-1.0,41,-0.5135440155126468,0.42872700095176697
21322,JG075B,175,S075_WT,1.0,False,H7,10.0,FAM,JG075B_175,STANDARD,,236,L-MMMMx,0.1,2+2,H7,-1.0,42,0.8472518978607597,0.6292405724525452
21323,JG075B,175,S075_WT,1.0,False,H7,10.0,HEX,JG075B_175,STANDARD,,237,L-MMMMx,0.1,2+2,H7,-1.0,42,-0.5232806266602567,0.4367443919181824
21324,JG075B,175,S075_WT,1.0,False,H7,10.0,FAM,JG075B_175,STANDARD,,236,L-MMMMx,0.1,2+2,H7,-1.0,43,0.8551696458813365,0.634624719619751
21325,JG075B,175,S075_WT,1.0,False,H7,10.0,HEX,JG075B_175,STANDARD,,237,L-MMMMx,0.1,2+2,H7,-1.0,43,-0.5345231081551521,0.4460511803627014
21326,JG075B,175,S075_WT,1.0,False,H7,10.0,FAM,JG075B_175,STANDARD,,236,L-MMMMx,0.1,2+2,H7,-1.0,44,0.8601169671042284,0.6377108693122864
21327,JG075B,175,S075_WT,1.0,False,H7,10.0,HEX,JG075B_175,STANDARD,,237,L-MMMMx,0.1,2+2,H7,-1.0,44,-0.5441322636282886,0.4539594352245331
21328,JG075B,175,S075_WT,1.0,False,H7,10.0,FAM,JG075B_175,STANDARD,,236,L-MMMMx,0.1,2+2,H7,-1.0,45,0.8635933673094406,0.6396591663360596
21329,JG075B,175,S075_WT,1.0,False,H7,10.0,HEX,JG075B_175,STANDARD,,237,L-MMMMx,0.1,2+2,H7,-1.0,45,-0.5549104472811651,0.46286869049072266
21330,JG075B,175,S075_WT,1.0,False,H7,10.0,FAM,JG075B_175,STANDARD,,236,L-MMMMx,0.1,2+2,H7,-1.0,46,0.8697860133664824,0.6437087059020996
21331,JG075B,175,S075_WT,1.0,False,H7,10.0,HEX,JG075B_175,STANDARD,,237,L-MMMMx,0.1,2+2,H7,-1.0,46,-0.56417176222708,0.4704790711402893
21332,JG075B,175,S075_WT,1.0,False,H7,10.0,FAM,JG075B_175,STANDARD,,236,L-MMMMx,0.1,2+2,H7,-1.0,47,0.8752252082354308,0.6471753716468811
21333,JG075B,175,S075_WT,1.0,False,H7,10.0,HEX,JG075B_175,STANDARD,,237,L-MMMMx,0.1,2+2,H7,-1.0,47,-0.5739343378567097,0.47851869463920593
21334,JG075B,175,S075_WT,1.0,False,H7,10.0,FAM,JG075B_175,STANDARD,,236,L-MMMMx,0.1,2+2,H7,-1.0,48,0.8765958129174016,0.6474946141242981
21335,JG075B,175,S075_WT,1.0,False,H7,10.0,HEX,JG075B_175,STANDARD,,237,L-MMMMx,0.1,2+2,H7,-1.0,48,-0.5811393075925673,0.48436832427978516
21336,JG075B,175,S075_WT,1.0,False,H7,10.0,FAM,JG075B_175,STANDARD,,236,L-MMMMx,0.1,2+2,H7,-1.0,49,0.8812570553734063,0.6503594517707825
21337,JG075B,175,S075_WT,1.0,False,H7,10.0,HEX,JG075B_175,STANDARD,,237,L-MMMMx,0.1,2+2,H7,-1.0,49,-0.5901232968109553,0.49174126982688904
21338,JG075B,175,S075_WT,1.0,False,H7,10.0,FAM,JG075B_175,STANDARD,,236,L-MMMMx,0.1,2+2,H7,-1.0,50,0.88285441195706,0.6508541107177734
21339,JG075B,175,S075_WT,1.0,False,H7,10.0,HEX,JG075B_175,STANDARD,,237,L-MMMMx,0.1,2+2,H7,-1.0,50,-0.5987203943642847,0.4987829029560089
21420,JG075B,176,S075_WT,1.0,False,H8,10.0,FAM,JG075B_176,STANDARD,,238,L-MMMMx,0.0,2+2,H8,-2.0,1,-0.0071201291370571575,-0.0012445052852854133
21421,JG075B,176,S075_WT,1.0,False,H8,10.0,HEX,JG075B_176,STANDARD,,239,L-MMMMx,0.0,2+2,H8,-2.0,1,0.0014176441859448034,0.000841265544295311
21422,JG075B,176,S075_WT,1.0,False,H8,10.0,FAM,JG075B_176,STANDARD,,238,L-MMMMx,0.0,2+2,H8,-2.0,2,-0.005586163694113428,-0.0007896958850324154
21423,JG075B,176,S075_WT,1.0,False,H8,10.0,HEX,JG075B_176,STANDARD,,239,L-MMMMx,0.0,2+2,H8,-2.0,2,0.0007394004042789058,0.0010979603976011276
21424,JG075B,176,S075_WT,1.0,False,H8,10.0,FAM,JG075B_176,STANDARD,,238,L-MMMMx,0.0,2+2,H8,-2.0,3,-0.003655517257008904,-2.8012003895128146e-05
21425,JG075B,176,S075_WT,1.0,False,H8,10.0,HEX,JG075B_176,STANDARD,,239,L-MMMMx,0.0,2+2,H8,-2.0,3,0.0008591815904339417,0.0006713326438330114
21426,JG075B,176,S075_WT,1.0,False,H8,10.0,FAM,JG075B_176,STANDARD,,238,L-MMMMx,0.0,2+2,H8,-2.0,4,-0.00046319257388485085,0.001709712902083993
21427,JG075B,176,S075_WT,1.0,False,H8,10.0,HEX,JG075B_176,STANDARD,,239,L-MMMMx,0.0,2+2,H8,-2.0,4,0.0011655346343208012,8.494957000948489e-05
21428,JG075B,176,S075_WT,1.0,False,H8,10.0,FAM,JG075B_176,STANDARD,,238,L-MMMMx,0.0,2+2,H8,-2.0,5,-0.001371856709970182,0.0002748910919763148
21429,JG075B,176,S075_WT,1.0,False,H8,10.0,HEX,JG075B_176,STANDARD,,239,L-MMMMx,0.0,2+2,H8,-2.0,5,0.000532032597476144,0.00030333350878208876
21430,JG075B,176,S075_WT,1.0,False,H8,10.0,FAM,JG075B_176,STANDARD,,238,L-MMMMx,0.0,2+2,H8,-2.0,6,-0.0014505418542426322,-0.0005178545834496617
21431,JG075B,176,S075_WT,1.0,False,H8,10.0,HEX,JG075B_176,STANDARD,,239,L-MMMMx,0.0,2+2,H8,-2.0,6,-0.0002592402128221753,0.000656811345834285
21432,JG075B,176,S075_WT,1.0,False,H8,10.0,FAM,JG075B_176,STANDARD,,238,L-MMMMx,0.0,2+2,H8,-2.0,7,0.0010050317681037078,0.0006499157752841711
21433,JG075B,176,S075_WT,1.0,False,H8,10.0,HEX,JG075B_176,STANDARD,,239,L-MMMMx,0.0,2+2,H8,-2.0,7,-0.0001490825913836488,0.00023842397786211222
21434,JG075B,176,S075_WT,1.0,False,H8,10.0,FAM,JG075B_176,STANDARD,,238,L-MMMMx,0.0,2+2,H8,-2.0,8,0.0009622894583997746,-0.00011502428242238238
21435,JG075B,176,S075_WT,1.0,False,H8,10.0,HEX,JG075B_176,STANDARD,,239,L-MMMMx,0.0,2+2,H8,-2.0,8,-0.0005380973575190076,0.00024746148847043514
21436,JG075B,176,S075_WT,1.0,False,H8,10.0,FAM,JG075B_176,STANDARD,,238,L-MMMMx,0.0,2+2,H8,-2.0,9,0.001883339040694943,-0.00013436985318548977
21437,JG075B,176,S075_WT,1.0,False,H8,10.0,HEX,JG075B_176,STANDARD,,239,L-MMMMx,0.0,2+2,H8,-2.0,9,-0.0006258580028451512,-1.4549807474395493e-06
21438,JG075B,176,S075_WT,1.0,False,H8,10.0,FAM,JG075B_176,STANDARD,,238,L-MMMMx,0.0,2+2,H8,-2.0,10,0.0030904481279081437,6.7581728217192e-05
21439,JG075B,176,S075_WT,1.0,False,H8,10.0,HEX,JG075B_176,STANDARD,,239,L-MMMMx,0.0,2+2,H8,-2.0,10,-0.0009844706576609041,-1.8449789422447793e-05
21440,JG075B,176,S075_WT,1.0,False,H8,10.0,FAM,JG075B_176,STANDARD,,238,L-MMMMx,0.0,2+2,H8,-2.0,11,0.0033016748823981538,-0.0005008865264244378
21441,JG075B,176,S075_WT,1.0,False,H8,10.0,HEX,JG075B_176,STANDARD,,239,L-MMMMx,0.0,2+2,H8,-2.0,11,-0.0012787811938012453,-9.0504385298118e-05
21442,JG075B,176,S075_WT,1.0,False,H8,10.0,FAM,JG075B_176,STANDARD,,238,L-MMMMx,0.0,2+2,H8,-2.0,12,0.0038626219500853755,-0.0007988092838786542
21443,JG075B,176,S075_WT,1.0,False,H8,10.0,HEX,JG075B_176,STANDARD,,239,L-MMMMx,0.0,2+2,H8,-2.0,12,-0.001493753879050869,-0.00023049337323755026
21444,JG075B,176,S075_WT,1.0,False,H8,10.0,FAM,JG075B_176,STANDARD,,238,L-MMMMx,0.0,2+2,H8,-2.0,13,0.003376295751164732,-0.0019069082336500287
21445,JG075B,176,S075_WT,1.0,False,H8,10.0,HEX,JG075B_176,STANDARD,,239,L-MMMMx,0.0,2+2,H8,-2.0,13,-0.001679960284958015,-0.0003951139806304127
21446,JG075B,176,S075_WT,1.0,False,H8,10.0,FAM,JG075B_176,STANDARD,,238,L-MMMMx,0.0,2+2,H8,-2.0,14,0.005635532121229778,-0.000891025410965085
21447,JG075B,176,S075_WT,1.0,False,H8,10.0,HEX,JG075B_176,STANDARD,,239,L-MMMMx,0.0,2+2,H8,-2.0,14,-0.001680847810817946,-0.0007184170535765588
21448,JG075B,176,S075_WT,1.0,False,H8,10.0,FAM,JG075B_176,STANDARD,,238,L-MMMMx,0.0,2+2,H8,-2.0,15,0.007591719929522863,-0.00010958257917081937
21449,JG075B,176,S075_WT,1.0,False,H8,10.0,HEX,JG075B_176,STANDARD,,239,L-MMMMx,0.0,2+2,H8,-2.0,15,-0.0023269144294443753,-0.0004892745055258274
21450,JG075B,176,S075_WT,1.0,False,H8,10.0,FAM,JG075B_176,STANDARD,,238,L-MMMMx,0.0,2+2,H8,-2.0,16,0.0090570549761281,0.0002921339764725417
21451,JG075B,176,S075_WT,1.0,False,H8,10.0,HEX,JG075B_176,STANDARD,,239,L-MMMMx,0.0,2+2,H8,-2.0,16,-0.0020000264735042044,-0.0010932409204542637
21452,JG075B,176,S075_WT,1.0,False,H8,10.0,FAM,JG075B_176,STANDARD,,238,L-MMMMx,0.0,2+2,H8,-2.0,17,0.00963992216479012,1.1168714991072193e-05
21453,JG075B,176,S075_WT,1.0,False,H8,10.0,HEX,JG075B_176,STANDARD,,239,L-MMMMx,0.0,2+2,H8,-2.0,17,-0.0015256003952013434,-0.0018235393799841404
21454,JG075B,176,S075_WT,1.0,False,H8,10.0,FAM,JG075B_176,STANDARD,,238,L-MMMMx,0.0,2+2,H8,-2.0,18,0.009814474129881172,-0.0005856713396497071
21455,JG075B,176,S075_WT,1.0,False,H8,10.0,HEX,JG075B_176,STANDARD,,239,L-MMMMx,0.0,2+2,H8,-2.0,18,-0.0032702674062120916,-0.0006537014851346612
21456,JG075B,176,S075_WT,1.0,False,H8,10.0,FAM,JG075B_176,STANDARD,,238,L-MMMMx,0.0,2+2,H8,-2.0,19,0.011635500700142484,9.121003677137196e-05
21457,JG075B,176,S075_WT,1.0,False,H8,10.0,HEX,JG075B_176,STANDARD,,239,L-MMMMx,0.0,2+2,H8,-2.0,19,-0.004066447712441796,-0.000296021462418139
21458,JG075B,176,S075_WT,1.0,False,H8,10.0,FAM,JG075B_176,STANDARD,,238,L-MMMMx,0.0,2+2,H8,-2.0,20,0.015684328106698307,0.002491530030965805
21459,JG075B,176,S075_WT,1.0,False,H8,10.0,HEX,JG075B_176,STANDARD,,239,L-MMMMx,0.0,2+2,H8,-2.0,20,-0.0037911232687168465,-0.0008558357949368656
21460,JG075B,176,S075_WT,1.0,False,H8,10.0,FAM,JG075B_176,STANDARD,,238,L-MMMMx,0.0,2+2,H8,-2.0,21,0.02308100133587776,0.007481760811060667
21461,JG075B,176,S075_WT,1.0,False,H8,10.0,HEX,JG075B_176,STANDARD,,239,L-MMMMx,0.0,2+2,H8,-2.0,21,-0.005367473610761808,0.0001698781707091257
21462,JG075B,176,S075_WT,1.0,False,H8,10.0,FAM,JG075B_176,STANDARD,,238,L-MMMMx,0.0,2+2,H8,-2.0,22,0.035036905632061355,0.01599903777241707
21463,JG075B,176,S075_WT,1.0,False,H8,10.0,HEX,JG075B_176,STANDARD,,239,L-MMMMx,0.0,2+2,H8,-2.0,22,-0.01056216246893945,0.004293856676667929
21464,JG075B,176,S075_WT,1.0,False,H8,10.0,FAM,JG075B_176,STANDARD,,238,L-MMMMx,0.0,2+2,H8,-2.0,23,0.05515899882784898,0.030833721160888672
21465,JG075B,176,S075_WT,1.0,False,H8,10.0,HEX,JG075B_176,STANDARD,,239,L-MMMMx,0.0,2+2,H8,-2.0,23,-0.01638356640150345,0.008954470045864582
21466,JG075B,176,S075_WT,1.0,False,H8,10.0,FAM,JG075B_176,STANDARD,,238,L-MMMMx,0.0,2+2,H8,-2.0,24,0.08587421199735365,0.053863298147916794
21467,JG075B,176,S075_WT,1.0,False,H8,10.0,HEX,JG075B_176,STANDARD,,239,L-MMMMx,0.0,2+2,H8,-2.0,24,-0.02437493625666369,0.015473154373466969
21468,JG075B,176,S075_WT,1.0,False,H8,10.0,FAM,JG075B_176,STANDARD,,238,L-MMMMx,0.0,2+2,H8,-2.0,25,0.1328728390403037,0.08948981016874313
21469,JG075B,176,S075_WT,1.0,False,H8,10.0,HEX,JG075B_176,STANDARD,,239,L-MMMMx,0.0,2+2,H8,-2.0,25,-0.038502016016078486,0.027245646342635155
21470,JG075B,176,S075_WT,1.0,False,H8,10.0,FAM,JG075B_176,STANDARD,,238,L-MMMMx,0.0,2+2,H8,-2.0,26,0.1951345349230638,0.1369239091873169
21471,JG075B,176,S075_WT,1.0,False,H8,10.0,HEX,JG075B_176,STANDARD,,239,L-MMMMx,0.0,2+2,H8,-2.0,26,-0.06140533433278607,0.04653294011950493
21472,JG075B,176,S075_WT,1.0,False,H8,10.0,FAM,JG075B_176,STANDARD,,238,L-MMMMx,0.0,2+2,H8,-2.0,27,0.2611268890047684,0.18724407255649567
21473,JG075B,176,S075_WT,1.0,False,H8,10.0,HEX,JG075B_176,STANDARD,,239,L-MMMMx,0.0,2+2,H8,-2.0,27,-0.09250726849418175,0.07284044474363327
21474,JG075B,176,S075_WT,1.0,False,H8,10.0,FAM,JG075B_176,STANDARD,,238,L-MMMMx,0.0,2+2,H8,-2.0,28,0.3275978644977047,0.23793449997901917
21475,JG075B,176,S075_WT,1.0,False,H8,10.0,HEX,JG075B_176,STANDARD,,239,L-MMMMx,0.0,2+2,H8,-2.0,28,-0.12912171278394968,0.10386812686920166
21476,JG075B,176,S075_WT,1.0,False,H8,10.0,FAM,JG075B_176,STANDARD,,238,L-MMMMx,0.0,2+2,H8,-2.0,29,0.38428711120843756,0.2810577154159546
21477,JG075B,176,S075_WT,1.0,False,H8,10.0,HEX,JG075B_176,STANDARD,,239,L-MMMMx,0.0,2+2,H8,-2.0,29,-0.173695280155967,0.14171093702316284
21478,JG075B,176,S075_WT,1.0,False,H8,10.0,FAM,JG075B_176,STANDARD,,238,L-MMMMx,0.0,2+2,H8,-2.0,30,0.4330144999890749,0.31802162528038025
21479,JG075B,176,S075_WT,1.0,False,H8,10.0,HEX,JG075B_176,STANDARD,,239,L-MMMMx,0.0,2+2,H8,-2.0,30,-0.21940801307290786,0.18052919209003448
21480,JG075B,176,S075_WT,1.0,False,H8,10.0,FAM,JG075B_176,STANDARD,,238,L-MMMMx,0.0,2+2,H8,-2.0,31,0.4705486043589716,0.3463263213634491
21481,JG075B,176,S075_WT,1.0,False,H8,10.0,HEX,JG075B_176,STANDARD,,239,L-MMMMx,0.0,2+2,H8,-2.0,31,-0.2652113084324974,0.21942497789859772
21482,JG075B,176,S075_WT,1.0,False,H8,10.0,FAM,JG075B_176,STANDARD,,238,L-MMMMx,0.0,2+2,H8,-2.0,32,0.4976794732477432,0.3665830194950104
21483,JG075B,176,S075_WT,1.0,False,H8,10.0,HEX,JG075B_176,STANDARD,,239,L-MMMMx,0.0,2+2,H8,-2.0,32,-0.31068472261167795,0.25803831219673157
21484,JG075B,176,S075_WT,1.0,False,H8,10.0,FAM,JG075B_176,STANDARD,,238,L-MMMMx,0.0,2+2,H8,-2.0,33,0.5216502234659302,0.3843950629234314
21485,JG075B,176,S075_WT,1.0,False,H8,10.0,HEX,JG075B_176,STANDARD,,239,L-MMMMx,0.0,2+2,H8,-2.0,33,-0.3518657484878098,0.2929762005805969
21486,JG075B,176,S075_WT,1.0,False,H8,10.0,FAM,JG075B_176,STANDARD,,238,L-MMMMx,0.0,2+2,H8,-2.0,34,0.5402992768274236,0.3980901837348938
21487,JG075B,176,S075_WT,1.0,False,H8,10.0,HEX,JG075B_176,STANDARD,,239,L-MMMMx,0.0,2+2,H8,-2.0,34,-0.39347104652992454,0.3282773792743683
21488,JG075B,176,S075_WT,1.0,False,H8,10.0,FAM,JG075B_176,STANDARD,,238,L-MMMMx,0.0,2+2,H8,-2.0,35,0.5534602099181445,0.4075396656990051
21489,JG075B,176,S075_WT,1.0,False,H8,10.0,HEX,JG075B_176,STANDARD,,239,L-MMMMx,0.0,2+2,H8,-2.0,35,-0.4312670487762786,0.36031681299209595
21490,JG075B,176,S075_WT,1.0,False,H8,10.0,FAM,JG075B_176,STANDARD,,238,L-MMMMx,0.0,2+2,H8,-2.0,36,0.5653634134665363,0.41601619124412537
21491,JG075B,176,S075_WT,1.0,False,H8,10.0,HEX,JG075B_176,STANDARD,,239,L-MMMMx,0.0,2+2,H8,-2.0,36,-0.4643116900327246,0.3882877826690674
21492,JG075B,176,S075_WT,1.0,False,H8,10.0,FAM,JG075B_176,STANDARD,,238,L-MMMMx,0.0,2+2,H8,-2.0,37,0.5762663044292838,0.4237188398838043
21493,JG075B,176,S075_WT,1.0,False,H8,10.0,HEX,JG075B_176,STANDARD,,239,L-MMMMx,0.0,2+2,H8,-2.0,37,-0.4933476380168787,0.4128262400627136
21494,JG075B,176,S075_WT,1.0,False,H8,10.0,FAM,JG075B_176,STANDARD,,238,L-MMMMx,0.0,2+2,H8,-2.0,38,0.5857034365821032,0.43028759956359863
21495,JG075B,176,S075_WT,1.0,False,H8,10.0,HEX,JG075B_176,STANDARD,,239,L-MMMMx,0.0,2+2,H8,-2.0,38,-0.5202242877912236,0.43551576137542725
21496,JG075B,176,S075_WT,1.0,False,H8,10.0,FAM,JG075B_176,STANDARD,,238,L-MMMMx,0.0,2+2,H8,-2.0,39,0.5912379396747629,0.43383723497390747
21497,JG075B,176,S075_WT,1.0,False,H8,10.0,HEX,JG075B_176,STANDARD,,239,L-MMMMx,0.0,2+2,H8,-2.0,39,-0.5435659394679302,0.4551784098148346
21498,JG075B,176,S075_WT,1.0,False,H8,10.0,FAM,JG075B_176,STANDARD,,238,L-MMMMx,0.0,2+2,H8,-2.0,40,0.5964421385192012,0.4371313452720642
21499,JG075B,176,S075_WT,1.0,False,H8,10.0,HEX,JG075B_176,STANDARD,,239,L-MMMMx,0.0,2+2,H8,-2.0,40,-0.5626096688568144,0.4711608588695526
21500,JG075B,176,S075_WT,1.0,False,H8,10.0,FAM,JG075B_176,STANDARD,,238,L-MMMMx,0.0,2+2,H8,-2.0,41,0.6004638065491538,0.43951067328453064
21501,JG075B,176,S075_WT,1.0,False,H8,10.0,HEX,JG075B_176,STANDARD,,239,L-MMMMx,0.0,2+2,H8,-2.0,41,-0.5776743587786091,0.48373618721961975
21502,JG075B,176,S075_WT,1.0,False,H8,10.0,FAM,JG075B_176,STANDARD,,238,L-MMMMx,0.0,2+2,H8,-2.0,42,0.6070148022816043,0.4438466727733612
21503,JG075B,176,S075_WT,1.0,False,H8,10.0,HEX,JG075B_176,STANDARD,,239,L-MMMMx,0.0,2+2,H8,-2.0,42,-0.591860711343493,0.495559424161911
21504,JG075B,176,S075_WT,1.0,False,H8,10.0,FAM,JG075B_176,STANDARD,,238,L-MMMMx,0.0,2+2,H8,-2.0,43,0.6101225283959048,0.44551894068717957
21505,JG075B,176,S075_WT,1.0,False,H8,10.0,HEX,JG075B_176,STANDARD,,239,L-MMMMx,0.0,2+2,H8,-2.0,43,-0.6050028462279983,0.506488561630249
21506,JG075B,176,S075_WT,1.0,False,H8,10.0,FAM,JG075B_176,STANDARD,,238,L-MMMMx,0.0,2+2,H8,-2.0,44,0.6134134743614461,0.4473329782485962
21507,JG075B,176,S075_WT,1.0,False,H8,10.0,HEX,JG075B_176,STANDARD,,239,L-MMMMx,0.0,2+2,H8,-2.0,44,-0.617596594545873,0.5169481039047241
21508,JG075B,176,S075_WT,1.0,False,H8,10.0,FAM,JG075B_176,STANDARD,,238,L-MMMMx,0.0,2+2,H8,-2.0,45,0.618044128810326,0.4501833915710449
21509,JG075B,176,S075_WT,1.0,False,H8,10.0,HEX,JG075B_176,STANDARD,,239,L-MMMMx,0.0,2+2,H8,-2.0,45,-0.6278080842359495,0.525367796421051
21510,JG075B,176,S075_WT,1.0,False,H8,10.0,FAM,JG075B_176,STANDARD,,238,L-MMMMx,0.0,2+2,H8,-2.0,46,0.6223022567744496,0.452745646238327
21511,JG075B,176,S075_WT,1.0,False,H8,10.0,HEX,JG075B_176,STANDARD,,239,L-MMMMx,0.0,2+2,H8,-2.0,46,-0.6404067052448199,0.5358315110206604
21512,JG075B,176,S075_WT,1.0,False,H8,10.0,FAM,JG075B_176,STANDARD,,238,L-MMMMx,0.0,2+2,H8,-2.0,47,0.62551993020907,0.45450296998023987
21513,JG075B,176,S075_WT,1.0,False,H8,10.0,HEX,JG075B_176,STANDARD,,239,L-MMMMx,0.0,2+2,H8,-2.0,47,-0.6499783409972896,0.5437033176422119
21514,JG075B,176,S075_WT,1.0,False,H8,10.0,FAM,JG075B_176,STANDARD,,238,L-MMMMx,0.0,2+2,H8,-2.0,48,0.6289305315274194,0.4564095437526703
21515,JG075B,176,S075_WT,1.0,False,H8,10.0,HEX,JG075B_176,STANDARD,,239,L-MMMMx,0.0,2+2,H8,-2.0,48,-0.6594711783753715,0.5515076518058777
21516,JG075B,176,S075_WT,1.0,False,H8,10.0,FAM,JG075B_176,STANDARD,,238,L-MMMMx,0.0,2+2,H8,-2.0,49,0.6333029214929687,0.4590601921081543
21517,JG075B,176,S075_WT,1.0,False,H8,10.0,HEX,JG075B_176,STANDARD,,239,L-MMMMx,0.0,2+2,H8,-2.0,49,-0.6693806308335859,0.559668779373169
21518,JG075B,176,S075_WT,1.0,False,H8,10.0,FAM,JG075B_176,STANDARD,,238,L-MMMMx,0.0,2+2,H8,-2.0,50,0.636486770909635,0.46079134941101074
21519,JG075B,176,S075_WT,1.0,False,H8,10.0,HEX,JG075B_176,STANDARD,,239,L-MMMMx,0.0,2+2,H8,-2.0,50,-0.6790250089016342,0.5676028728485107
