,Experiment,Well,Target,lg10_Copies,Outlier,WellPosition,Copies,Reporter,Sample,Task,Comments,Reaction,Blocker,Blocker μM,Configuration,WellName,lg10_Blocker,Cycle,Fluorescence,Corr_Fluorescence
23040,JG075B,193,S075_SNV,8.0,False,I1,100000000.0,FAM,JG075B_193,STANDARD,,256,L-MMMMx,3.1622776601683795,2+2,I1,0.5,1,0.0007222275359842177,0.015534133650362492
23041,JG075B,193,S075_SNV,8.0,False,I1,100000000.0,HEX,JG075B_193,STANDARD,,257,L-MMMMx,3.1622776601683795,2+2,I1,0.5,1,0.0013999284736818617,0.0010849052341654897
23042,JG075B,193,S075_SNV,8.0,False,I1,100000000.0,FAM,JG075B_193,STANDARD,,256,L-MMMMx,3.1622776601683795,2+2,I1,0.5,2,0.000774465996514667,0.014846613630652428
23043,JG075B,193,S075_SNV,8.0,False,I1,100000000.0,HEX,JG075B_193,STANDARD,,257,L-MMMMx,3.1622776601683795,2+2,I1,0.5,2,0.0008912717411342012,0.0011979752453044057
23044,JG075B,193,S075_SNV,8.0,False,I1,100000000.0,FAM,JG075B_193,STANDARD,,256,L-MMMMx,3.1622776601683795,2+2,I1,0.5,3,-0.00037986529502986416,0.013225684873759747
23045,JG075B,193,S075_SNV,8.0,False,I1,100000000.0,HEX,JG075B_193,STANDARD,,257,L-MMMMx,3.1622776601683795,2+2,I1,0.5,3,0.0004371021353991832,0.0012643896043300629
23046,JG075B,193,S075_SNV,8.0,False,I1,100000000.0,FAM,JG075B_193,STANDARD,,256,L-MMMMx,3.1622776601683795,2+2,I1,0.5,4,-0.0001817752035493549,0.012650996446609497
23047,JG075B,193,S075_SNV,8.0,False,I1,100000000.0,HEX,JG075B_193,STANDARD,,257,L-MMMMx,3.1622776601683795,2+2,I1,0.5,4,0.0001596719930653776,0.001179467886686325
23048,JG075B,193,S075_SNV,8.0,False,I1,100000000.0,FAM,JG075B_193,STANDARD,,256,L-MMMMx,3.1622776601683795,2+2,I1,0.5,5,0.00016436238337253845,0.012190837413072586
23049,JG075B,193,S075_SNV,8.0,False,I1,100000000.0,HEX,JG075B_193,STANDARD,,257,L-MMMMx,3.1622776601683795,2+2,I1,0.5,5,0.0001849751813073393,0.0008353255107067525
23050,JG075B,193,S075_SNV,8.0,False,I1,100000000.0,FAM,JG075B_193,STANDARD,,256,L-MMMMx,3.1622776601683795,2+2,I1,0.5,6,-0.0005455182303402862,0.010913738049566746
23051,JG075B,193,S075_SNV,8.0,False,I1,100000000.0,HEX,JG075B_193,STANDARD,,257,L-MMMMx,3.1622776601683795,2+2,I1,0.5,6,0.00023041302484225125,0.00047394249122589827
23052,JG075B,193,S075_SNV,8.0,False,I1,100000000.0,FAM,JG075B_193,STANDARD,,256,L-MMMMx,3.1622776601683795,2+2,I1,0.5,7,-0.0008042064769936544,0.009985683485865593
23053,JG075B,193,S075_SNV,8.0,False,I1,100000000.0,HEX,JG075B_193,STANDARD,,257,L-MMMMx,3.1622776601683795,2+2,I1,0.5,7,0.00021395029026391853,0.00016556288755964488
23054,JG075B,193,S075_SNV,8.0,False,I1,100000000.0,FAM,JG075B_193,STANDARD,,256,L-MMMMx,3.1622776601683795,2+2,I1,0.5,8,-0.0003015846521110787,0.0096465814858675
23055,JG075B,193,S075_SNV,8.0,False,I1,100000000.0,HEX,JG075B_193,STANDARD,,257,L-MMMMx,3.1622776601683795,2+2,I1,0.5,8,-2.65170103739265e-05,4.8991052608471364e-05
23056,JG075B,193,S075_SNV,8.0,False,I1,100000000.0,FAM,JG075B_193,STANDARD,,256,L-MMMMx,3.1622776601683795,2+2,I1,0.5,9,0.0006598958035813659,0.009662455879151821
23057,JG075B,193,S075_SNV,8.0,False,I1,100000000.0,HEX,JG075B_193,STANDARD,,257,L-MMMMx,3.1622776601683795,2+2,I1,0.5,9,-0.00033584587626173194,-8.616896593593992e-06
23058,JG075B,193,S075_SNV,8.0,False,I1,100000000.0,FAM,JG075B_193,STANDARD,,256,L-MMMMx,3.1622776601683795,2+2,I1,0.5,10,0.0013886916710703341,0.009498324245214462
23059,JG075B,193,S075_SNV,8.0,False,I1,100000000.0,HEX,JG075B_193,STANDARD,,257,L-MMMMx,3.1622776601683795,2+2,I1,0.5,10,-0.0008637497382424115,0.00012093374243704602
23060,JG075B,193,S075_SNV,8.0,False,I1,100000000.0,FAM,JG075B_193,STANDARD,,256,L-MMMMx,3.1622776601683795,2+2,I1,0.5,11,0.0012739673823832557,0.008681640960276127
23061,JG075B,193,S075_SNV,8.0,False,I1,100000000.0,HEX,JG075B_193,STANDARD,,257,L-MMMMx,3.1622776601683795,2+2,I1,0.5,11,-0.0007868308303817026,-0.00026740547036752105
23062,JG075B,193,S075_SNV,8.0,False,I1,100000000.0,FAM,JG075B_193,STANDARD,,256,L-MMMMx,3.1622776601683795,2+2,I1,0.5,12,0.0008179980469567082,0.007600968237966299
23063,JG075B,193,S075_SNV,8.0,False,I1,100000000.0,HEX,JG075B_193,STANDARD,,257,L-MMMMx,3.1622776601683795,2+2,I1,0.5,12,-0.0009092571916486905,-0.00048505188897252083
23064,JG075B,193,S075_SNV,8.0,False,I1,100000000.0,FAM,JG075B_193,STANDARD,,256,L-MMMMx,3.1622776601683795,2+2,I1,0.5,13,0.0015110822235078248,0.007409209385514259
23065,JG075B,193,S075_SNV,8.0,False,I1,100000000.0,HEX,JG075B_193,STANDARD,,257,L-MMMMx,3.1622776601683795,2+2,I1,0.5,13,-1.9817060254837605e-05,-0.0015691263834014535
23066,JG075B,193,S075_SNV,8.0,False,I1,100000000.0,FAM,JG075B_193,STANDARD,,256,L-MMMMx,3.1622776601683795,2+2,I1,0.5,14,0.002020792453064149,0.007075591944158077
23067,JG075B,193,S075_SNV,8.0,False,I1,100000000.0,HEX,JG075B_193,STANDARD,,257,L-MMMMx,3.1622776601683795,2+2,I1,0.5,14,-2.5925326467305663e-05,-0.00188637210521847
23068,JG075B,193,S075_SNV,8.0,False,I1,100000000.0,FAM,JG075B_193,STANDARD,,256,L-MMMMx,3.1622776601683795,2+2,I1,0.5,15,0.002090251114079193,0.006401393096894026
23069,JG075B,193,S075_SNV,8.0,False,I1,100000000.0,HEX,JG075B_193,STANDARD,,257,L-MMMMx,3.1622776601683795,2+2,I1,0.5,15,-0.0011564418448734663,-0.0012408241163939238
23070,JG075B,193,S075_SNV,8.0,False,I1,100000000.0,FAM,JG075B_193,STANDARD,,256,L-MMMMx,3.1622776601683795,2+2,I1,0.5,16,0.0025796977520138238,0.006052099633961916
23071,JG075B,193,S075_SNV,8.0,False,I1,100000000.0,HEX,JG075B_193,STANDARD,,257,L-MMMMx,3.1622776601683795,2+2,I1,0.5,16,-0.0016650985774211268,-0.0011277541052550077
23072,JG075B,193,S075_SNV,8.0,False,I1,100000000.0,FAM,JG075B_193,STANDARD,,256,L-MMMMx,3.1622776601683795,2+2,I1,0.5,17,0.0028521390446918015,0.005534929223358631
23073,JG075B,193,S075_SNV,8.0,False,I1,100000000.0,HEX,JG075B_193,STANDARD,,257,L-MMMMx,3.1622776601683795,2+2,I1,0.5,17,-0.0020167154401644805,-0.0011491522891446948
23074,JG075B,193,S075_SNV,8.0,False,I1,100000000.0,FAM,JG075B_193,STANDARD,,256,L-MMMMx,3.1622776601683795,2+2,I1,0.5,18,0.004503390618229155,0.0060844141989946365
23075,JG075B,193,S075_SNV,8.0,False,I1,100000000.0,HEX,JG075B_193,STANDARD,,257,L-MMMMx,3.1622776601683795,2+2,I1,0.5,18,-0.002785800103964518,-0.0008130864007398486
23076,JG075B,193,S075_SNV,8.0,False,I1,100000000.0,FAM,JG075B_193,STANDARD,,256,L-MMMMx,3.1622776601683795,2+2,I1,0.5,19,0.0054109375600996015,0.006058564875274897
23077,JG075B,193,S075_SNV,8.0,False,I1,100000000.0,HEX,JG075B_193,STANDARD,,257,L-MMMMx,3.1622776601683795,2+2,I1,0.5,19,-0.00317688576377305,-0.0008006886928342283
23078,JG075B,193,S075_SNV,8.0,False,I1,100000000.0,FAM,JG075B_193,STANDARD,,256,L-MMMMx,3.1622776601683795,2+2,I1,0.5,20,0.005246209199311842,0.005203198175877333
23079,JG075B,193,S075_SNV,8.0,False,I1,100000000.0,HEX,JG075B_193,STANDARD,,257,L-MMMMx,3.1622776601683795,2+2,I1,0.5,20,-0.003137817223468233,-0.0011566178873181343
23080,JG075B,193,S075_SNV,8.0,False,I1,100000000.0,FAM,JG075B_193,STANDARD,,256,L-MMMMx,3.1622776601683795,2+2,I1,0.5,21,0.005829461627358304,0.004926472902297974
23081,JG075B,193,S075_SNV,8.0,False,I1,100000000.0,HEX,JG075B_193,STANDARD,,257,L-MMMMx,3.1622776601683795,2+2,I1,0.5,21,-0.004483515256738119,-0.0003268169821240008
23082,JG075B,193,S075_SNV,8.0,False,I1,100000000.0,FAM,JG075B_193,STANDARD,,256,L-MMMMx,3.1622776601683795,2+2,I1,0.5,22,0.005854694807039311,0.004218061454594135
23083,JG075B,193,S075_SNV,8.0,False,I1,100000000.0,HEX,JG075B_193,STANDARD,,257,L-MMMMx,3.1622776601683795,2+2,I1,0.5,22,-0.00722081903344453,0.0016945701790973544
23084,JG075B,193,S075_SNV,8.0,False,I1,100000000.0,FAM,JG075B_193,STANDARD,,256,L-MMMMx,3.1622776601683795,2+2,I1,0.5,23,0.007278000236801834,0.00459120562300086
23085,JG075B,193,S075_SNV,8.0,False,I1,100000000.0,HEX,JG075B_193,STANDARD,,257,L-MMMMx,3.1622776601683795,2+2,I1,0.5,23,-0.011514147069756694,0.005048329941928387
23086,JG075B,193,S075_SNV,8.0,False,I1,100000000.0,FAM,JG075B_193,STANDARD,,256,L-MMMMx,3.1622776601683795,2+2,I1,0.5,24,0.008476094722419072,0.004790125880390406
23087,JG075B,193,S075_SNV,8.0,False,I1,100000000.0,HEX,JG075B_193,STANDARD,,257,L-MMMMx,3.1622776601683795,2+2,I1,0.5,24,-0.017742838359689934,0.010059277527034283
23088,JG075B,193,S075_SNV,8.0,False,I1,100000000.0,FAM,JG075B_193,STANDARD,,256,L-MMMMx,3.1622776601683795,2+2,I1,0.5,25,0.009216370723564437,0.004634874872863293
23089,JG075B,193,S075_SNV,8.0,False,I1,100000000.0,HEX,JG075B_193,STANDARD,,257,L-MMMMx,3.1622776601683795,2+2,I1,0.5,25,-0.028297348093395958,0.018774280324578285
23090,JG075B,193,S075_SNV,8.0,False,I1,100000000.0,FAM,JG075B_193,STANDARD,,256,L-MMMMx,3.1622776601683795,2+2,I1,0.5,26,0.00951088623297099,0.004134781658649445
23091,JG075B,193,S075_SNV,8.0,False,I1,100000000.0,HEX,JG075B_193,STANDARD,,257,L-MMMMx,3.1622776601683795,2+2,I1,0.5,26,-0.0450414805767304,0.03278925642371178
23092,JG075B,193,S075_SNV,8.0,False,I1,100000000.0,FAM,JG075B_193,STANDARD,,256,L-MMMMx,3.1622776601683795,2+2,I1,0.5,27,0.010324396241098939,0.00403618486598134
23093,JG075B,193,S075_SNV,8.0,False,I1,100000000.0,HEX,JG075B_193,STANDARD,,257,L-MMMMx,3.1622776601683795,2+2,I1,0.5,27,-0.06740189410417767,0.05161326751112938
23094,JG075B,193,S075_SNV,8.0,False,I1,100000000.0,FAM,JG075B_193,STANDARD,,256,L-MMMMx,3.1622776601683795,2+2,I1,0.5,28,0.011201701891290623,0.003986941184848547
23095,JG075B,193,S075_SNV,8.0,False,I1,100000000.0,HEX,JG075B_193,STANDARD,,257,L-MMMMx,3.1622776601683795,2+2,I1,0.5,28,-0.10029027860187224,0.0794520303606987
23096,JG075B,193,S075_SNV,8.0,False,I1,100000000.0,FAM,JG075B_193,STANDARD,,256,L-MMMMx,3.1622776601683795,2+2,I1,0.5,29,0.01078964984569056,0.002940243110060692
23097,JG075B,193,S075_SNV,8.0,False,I1,100000000.0,HEX,JG075B_193,STANDARD,,257,L-MMMMx,3.1622776601683795,2+2,I1,0.5,29,-0.1409908223408923,0.11398009210824966
23098,JG075B,193,S075_SNV,8.0,False,I1,100000000.0,FAM,JG075B_193,STANDARD,,256,L-MMMMx,3.1622776601683795,2+2,I1,0.5,30,0.009748771552864445,0.0014070819597691298
23099,JG075B,193,S075_SNV,8.0,False,I1,100000000.0,HEX,JG075B_193,STANDARD,,257,L-MMMMx,3.1622776601683795,2+2,I1,0.5,30,-0.18788737553523874,0.15381360054016113
23100,JG075B,193,S075_SNV,8.0,False,I1,100000000.0,FAM,JG075B_193,STANDARD,,256,L-MMMMx,3.1622776601683795,2+2,I1,0.5,31,0.007532412326287887,-0.0010354374535381794
23101,JG075B,193,S075_SNV,8.0,False,I1,100000000.0,HEX,JG075B_193,STANDARD,,257,L-MMMMx,3.1622776601683795,2+2,I1,0.5,31,-0.23978087334567655,0.19792582094669342
23102,JG075B,193,S075_SNV,8.0,False,I1,100000000.0,FAM,JG075B_193,STANDARD,,256,L-MMMMx,3.1622776601683795,2+2,I1,0.5,32,0.005682531326131805,-0.003194447373971343
23103,JG075B,193,S075_SNV,8.0,False,I1,100000000.0,HEX,JG075B_193,STANDARD,,257,L-MMMMx,3.1622776601683795,2+2,I1,0.5,32,-0.29238522716251575,0.242646723985672
23104,JG075B,193,S075_SNV,8.0,False,I1,100000000.0,FAM,JG075B_193,STANDARD,,256,L-MMMMx,3.1622776601683795,2+2,I1,0.5,33,0.004545998094148533,-0.004801607690751553
23105,JG075B,193,S075_SNV,8.0,False,I1,100000000.0,HEX,JG075B_193,STANDARD,,257,L-MMMMx,3.1622776601683795,2+2,I1,0.5,33,-0.34521511696258456,0.28756073117256165
23106,JG075B,193,S075_SNV,8.0,False,I1,100000000.0,FAM,JG075B_193,STANDARD,,256,L-MMMMx,3.1622776601683795,2+2,I1,0.5,34,0.003794896866300324,-0.006110596004873514
23107,JG075B,193,S075_SNV,8.0,False,I1,100000000.0,HEX,JG075B_193,STANDARD,,257,L-MMMMx,3.1622776601683795,2+2,I1,0.5,34,-0.3973017125561949,0.33183830976486206
23108,JG075B,193,S075_SNV,8.0,False,I1,100000000.0,FAM,JG075B_193,STANDARD,,256,L-MMMMx,3.1622776601683795,2+2,I1,0.5,35,0.0033338808949375754,-0.007195172365754843
23109,JG075B,193,S075_SNV,8.0,False,I1,100000000.0,HEX,JG075B_193,STANDARD,,257,L-MMMMx,3.1622776601683795,2+2,I1,0.5,35,-0.4478576218833771,0.37480518221855164
23110,JG075B,193,S075_SNV,8.0,False,I1,100000000.0,FAM,JG075B_193,STANDARD,,256,L-MMMMx,3.1622776601683795,2+2,I1,0.5,36,0.0023479762622714544,-0.008685805834829807
23111,JG075B,193,S075_SNV,8.0,False,I1,100000000.0,HEX,JG075B_193,STANDARD,,257,L-MMMMx,3.1622776601683795,2+2,I1,0.5,36,-0.49499589535604593,0.41484567523002625
23112,JG075B,193,S075_SNV,8.0,False,I1,100000000.0,FAM,JG075B_193,STANDARD,,256,L-MMMMx,3.1622776601683795,2+2,I1,0.5,37,0.0012832131276098839,-0.010237444192171097
23113,JG075B,193,S075_SNV,8.0,False,I1,100000000.0,HEX,JG075B_193,STANDARD,,257,L-MMMMx,3.1622776601683795,2+2,I1,0.5,37,-0.5386080807946114,0.45186686515808105
23114,JG075B,193,S075_SNV,8.0,False,I1,100000000.0,FAM,JG075B_193,STANDARD,,256,L-MMMMx,3.1622776601683795,2+2,I1,0.5,38,0.00047902591258545165,-0.011587499640882015
23115,JG075B,193,S075_SNV,8.0,False,I1,100000000.0,HEX,JG075B_193,STANDARD,,257,L-MMMMx,3.1622776601683795,2+2,I1,0.5,38,-0.5809609540502737,0.48780977725982666
23116,JG075B,193,S075_SNV,8.0,False,I1,100000000.0,FAM,JG075B_193,STANDARD,,256,L-MMMMx,3.1622776601683795,2+2,I1,0.5,39,-0.00021559922150343644,-0.012852798216044903
23117,JG075B,193,S075_SNV,8.0,False,I1,100000000.0,HEX,JG075B_193,STANDARD,,257,L-MMMMx,3.1622776601683795,2+2,I1,0.5,39,-0.6175167868283505,0.5187888741493225
23118,JG075B,193,S075_SNV,8.0,False,I1,100000000.0,FAM,JG075B_193,STANDARD,,256,L-MMMMx,3.1622776601683795,2+2,I1,0.5,40,-0.0011590889979424003,-0.014310618862509727
23119,JG075B,193,S075_SNV,8.0,False,I1,100000000.0,HEX,JG075B_193,STANDARD,,257,L-MMMMx,3.1622776601683795,2+2,I1,0.5,40,-0.652449108576531,0.5483777523040771
23120,JG075B,193,S075_SNV,8.0,False,I1,100000000.0,FAM,JG075B_193,STANDARD,,256,L-MMMMx,3.1622776601683795,2+2,I1,0.5,41,-0.001457418377254937,-0.015269340015947819
23121,JG075B,193,S075_SNV,8.0,False,I1,100000000.0,HEX,JG075B_193,STANDARD,,257,L-MMMMx,3.1622776601683795,2+2,I1,0.5,41,-0.6833907660091039,0.5745496153831482
23122,JG075B,193,S075_SNV,8.0,False,I1,100000000.0,FAM,JG075B_193,STANDARD,,256,L-MMMMx,3.1622776601683795,2+2,I1,0.5,42,-0.0010166659975138818,-0.015656303614377975
23123,JG075B,193,S075_SNV,8.0,False,I1,100000000.0,HEX,JG075B_193,STANDARD,,257,L-MMMMx,3.1622776601683795,2+2,I1,0.5,42,-0.7101934204901855,0.5971773862838745
23124,JG075B,193,S075_SNV,8.0,False,I1,100000000.0,FAM,JG075B_193,STANDARD,,256,L-MMMMx,3.1622776601683795,2+2,I1,0.5,43,-0.0010967572655395485,-0.016446195542812347
23125,JG075B,193,S075_SNV,8.0,False,I1,100000000.0,HEX,JG075B_193,STANDARD,,257,L-MMMMx,3.1622776601683795,2+2,I1,0.5,43,-0.7343542411331409,0.6175430417060852
23126,JG075B,193,S075_SNV,8.0,False,I1,100000000.0,FAM,JG075B_193,STANDARD,,256,L-MMMMx,3.1622776601683795,2+2,I1,0.5,44,-0.0005291455565014654,-0.01673501916229725
23127,JG075B,193,S075_SNV,8.0,False,I1,100000000.0,HEX,JG075B_193,STANDARD,,257,L-MMMMx,3.1622776601683795,2+2,I1,0.5,44,-0.7558640394349493,0.6356386542320251
23128,JG075B,193,S075_SNV,8.0,False,I1,100000000.0,FAM,JG075B_193,STANDARD,,256,L-MMMMx,3.1622776601683795,2+2,I1,0.5,45,-0.0009757920988244962,-0.01780848018825054
23129,JG075B,193,S075_SNV,8.0,False,I1,100000000.0,HEX,JG075B_193,STANDARD,,257,L-MMMMx,3.1622776601683795,2+2,I1,0.5,45,-0.7738367513429784,0.6507056355476379
23130,JG075B,193,S075_SNV,8.0,False,I1,100000000.0,FAM,JG075B_193,STANDARD,,256,L-MMMMx,3.1622776601683795,2+2,I1,0.5,46,-0.0009168889969431857,-0.01849084533751011
23131,JG075B,193,S075_SNV,8.0,False,I1,100000000.0,HEX,JG075B_193,STANDARD,,257,L-MMMMx,3.1622776601683795,2+2,I1,0.5,46,-0.7923204693167137,0.6662101745605469
23132,JG075B,193,S075_SNV,8.0,False,I1,100000000.0,FAM,JG075B_193,STANDARD,,256,L-MMMMx,3.1622776601683795,2+2,I1,0.5,47,0.00010129869613924525,-0.018431100994348526
23133,JG075B,193,S075_SNV,8.0,False,I1,100000000.0,HEX,JG075B_193,STANDARD,,257,L-MMMMx,3.1622776601683795,2+2,I1,0.5,47,-0.8051229776388186,0.6768500804901123
23134,JG075B,193,S075_SNV,8.0,False,I1,100000000.0,FAM,JG075B_193,STANDARD,,256,L-MMMMx,3.1622776601683795,2+2,I1,0.5,48,0.0007332839063177273,-0.018670126795768738
23135,JG075B,193,S075_SNV,8.0,False,I1,100000000.0,HEX,JG075B_193,STANDARD,,257,L-MMMMx,3.1622776601683795,2+2,I1,0.5,48,-0.8167575019292539,0.6864898204803467
23136,JG075B,193,S075_SNV,8.0,False,I1,100000000.0,FAM,JG075B_193,STANDARD,,256,L-MMMMx,3.1622776601683795,2+2,I1,0.5,49,0.002386654296469516,-0.018119003623723984
23137,JG075B,193,S075_SNV,8.0,False,I1,100000000.0,HEX,JG075B_193,STANDARD,,257,L-MMMMx,3.1622776601683795,2+2,I1,0.5,49,-0.8263649171556062,0.6943938732147217
23138,JG075B,193,S075_SNV,8.0,False,I1,100000000.0,FAM,JG075B_193,STANDARD,,256,L-MMMMx,3.1622776601683795,2+2,I1,0.5,50,0.004281993543989854,-0.017380690202116966
23139,JG075B,193,S075_SNV,8.0,False,I1,100000000.0,HEX,JG075B_193,STANDARD,,257,L-MMMMx,3.1622776601683795,2+2,I1,0.5,50,-0.835575973774394,0.7019585371017456
23400,JG075B,195,S075_SNV,8.0,False,I3,100000000.0,FAM,JG075B_195,STANDARD,,260,L-MMMMx,1.0,2+2,I3,0.0,1,-0.0020148549510514238,0.00697129312902689
23401,JG075B,195,S075_SNV,8.0,False,I3,100000000.0,HEX,JG075B_195,STANDARD,,261,L-MMMMx,1.0,2+2,I3,0.0,1,0.0008880957907530748,0.0017517564119771123
23402,JG075B,195,S075_SNV,8.0,False,I3,100000000.0,FAM,JG075B_195,STANDARD,,260,L-MMMMx,1.0,2+2,I3,0.0,2,-0.0021751915828565342,0.006438900716602802
23403,JG075B,195,S075_SNV,8.0,False,I3,100000000.0,HEX,JG075B_195,STANDARD,,261,L-MMMMx,1.0,2+2,I3,0.0,2,0.0007116521693051726,0.0015229813288897276
23404,JG075B,195,S075_SNV,8.0,False,I3,100000000.0,FAM,JG075B_195,STANDARD,,260,L-MMMMx,1.0,2+2,I3,0.0,3,-0.002480262651396821,0.005794541444629431
23405,JG075B,195,S075_SNV,8.0,False,I3,100000000.0,HEX,JG075B_195,STANDARD,,261,L-MMMMx,1.0,2+2,I3,0.0,3,-1.9460309664080924e-05,0.0017691509565338492
23406,JG075B,195,S075_SNV,8.0,False,I3,100000000.0,FAM,JG075B_195,STANDARD,,260,L-MMMMx,1.0,2+2,I3,0.0,4,-0.0022146593577927033,0.005591658875346184
23407,JG075B,195,S075_SNV,8.0,False,I3,100000000.0,HEX,JG075B_195,STANDARD,,261,L-MMMMx,1.0,2+2,I3,0.0,4,-0.00012991377305591784,0.0014838706701993942
23408,JG075B,195,S075_SNV,8.0,False,I3,100000000.0,FAM,JG075B_195,STANDARD,,260,L-MMMMx,1.0,2+2,I3,0.0,5,-0.001594385424901284,0.005663151387125254
23409,JG075B,195,S075_SNV,8.0,False,I3,100000000.0,HEX,JG075B_195,STANDARD,,261,L-MMMMx,1.0,2+2,I3,0.0,5,0.0005776879718590784,0.0004981165402568877
23410,JG075B,195,S075_SNV,8.0,False,I3,100000000.0,FAM,JG075B_195,STANDARD,,260,L-MMMMx,1.0,2+2,I3,0.0,6,-0.00033628990515707324,0.006228065583854914
23411,JG075B,195,S075_SNV,8.0,False,I3,100000000.0,HEX,JG075B_195,STANDARD,,261,L-MMMMx,1.0,2+2,I3,0.0,6,0.0006164606702105849,8.505876030540094e-05
23412,JG075B,195,S075_SNV,8.0,False,I3,100000000.0,FAM,JG075B_195,STANDARD,,260,L-MMMMx,1.0,2+2,I3,0.0,7,0.0006903152684754338,0.0066138980910182
23413,JG075B,195,S075_SNV,8.0,False,I3,100000000.0,HEX,JG075B_195,STANDARD,,261,L-MMMMx,1.0,2+2,I3,0.0,7,7.515690799172769e-05,0.00016870140098035336
23414,JG075B,195,S075_SNV,8.0,False,I3,100000000.0,FAM,JG075B_195,STANDARD,,260,L-MMMMx,1.0,2+2,I3,0.0,8,0.0014911701628244356,0.006825088988989592
23415,JG075B,195,S075_SNV,8.0,False,I3,100000000.0,HEX,JG075B_195,STANDARD,,261,L-MMMMx,1.0,2+2,I3,0.0,8,5.958169927332624e-05,-0.00019782004528678954
23416,JG075B,195,S075_SNV,8.0,False,I3,100000000.0,FAM,JG075B_195,STANDARD,,260,L-MMMMx,1.0,2+2,I3,0.0,9,0.0020796811084685426,0.006872009020298719
23417,JG075B,195,S075_SNV,8.0,False,I3,100000000.0,HEX,JG075B_195,STANDARD,,261,L-MMMMx,1.0,2+2,I3,0.0,9,-0.00011995956145041434,-0.0004239427507854998
23418,JG075B,195,S075_SNV,8.0,False,I3,100000000.0,FAM,JG075B_195,STANDARD,,260,L-MMMMx,1.0,2+2,I3,0.0,10,0.0023644307994794694,0.006683938205242157
23419,JG075B,195,S075_SNV,8.0,False,I3,100000000.0,HEX,JG075B_195,STANDARD,,261,L-MMMMx,1.0,2+2,I3,0.0,10,-0.001059553605164304,7.427680657201563e-07
23420,JG075B,195,S075_SNV,8.0,False,I3,100000000.0,FAM,JG075B_195,STANDARD,,260,L-MMMMx,1.0,2+2,I3,0.0,11,0.003551507438701642,0.007193912286311388
23421,JG075B,195,S075_SNV,8.0,False,I3,100000000.0,HEX,JG075B_195,STANDARD,,261,L-MMMMx,1.0,2+2,I3,0.0,11,-0.0010591185434682595,-0.00037948775570839643
23422,JG075B,195,S075_SNV,8.0,False,I3,100000000.0,FAM,JG075B_195,STANDARD,,260,L-MMMMx,1.0,2+2,I3,0.0,12,0.00392025857749033,0.007070824969559908
23423,JG075B,195,S075_SNV,8.0,False,I3,100000000.0,HEX,JG075B_195,STANDARD,,261,L-MMMMx,1.0,2+2,I3,0.0,12,-0.001044378653206264,-0.0007719669956713915
23424,JG075B,195,S075_SNV,8.0,False,I3,100000000.0,FAM,JG075B_195,STANDARD,,260,L-MMMMx,1.0,2+2,I3,0.0,13,0.004435959279474741,0.007061419077217579
23425,JG075B,195,S075_SNV,8.0,False,I3,100000000.0,HEX,JG075B_195,STANDARD,,261,L-MMMMx,1.0,2+2,I3,0.0,13,-0.0010013945576370442,-0.0011886308202520013
23426,JG075B,195,S075_SNV,8.0,False,I3,100000000.0,FAM,JG075B_195,STANDARD,,260,L-MMMMx,1.0,2+2,I3,0.0,14,0.004493706663202723,0.006697738077491522
23427,JG075B,195,S075_SNV,8.0,False,I3,100000000.0,HEX,JG075B_195,STANDARD,,261,L-MMMMx,1.0,2+2,I3,0.0,14,-0.0016849634944625293,-0.0009831712814047933
23428,JG075B,195,S075_SNV,8.0,False,I3,100000000.0,FAM,JG075B_195,STANDARD,,260,L-MMMMx,1.0,2+2,I3,0.0,15,0.00556284226487772,0.007116472348570824
23429,JG075B,195,S075_SNV,8.0,False,I3,100000000.0,HEX,JG075B_195,STANDARD,,261,L-MMMMx,1.0,2+2,I3,0.0,15,-0.002531680567304789,-0.0006380132399499416
23430,JG075B,195,S075_SNV,8.0,False,I3,100000000.0,FAM,JG075B_195,STANDARD,,260,L-MMMMx,1.0,2+2,I3,0.0,16,0.006923064745437728,0.007760392501950264
23431,JG075B,195,S075_SNV,8.0,False,I3,100000000.0,HEX,JG075B_195,STANDARD,,261,L-MMMMx,1.0,2+2,I3,0.0,16,-0.0023618150787010836,-0.0011633214307948947
23432,JG075B,195,S075_SNV,8.0,False,I3,100000000.0,FAM,JG075B_195,STANDARD,,260,L-MMMMx,1.0,2+2,I3,0.0,17,0.007061519780206485,0.007459147367626429
23433,JG075B,195,S075_SNV,8.0,False,I3,100000000.0,HEX,JG075B_195,STANDARD,,261,L-MMMMx,1.0,2+2,I3,0.0,17,-0.002303116554670728,-0.001593441003933549
23434,JG075B,195,S075_SNV,8.0,False,I3,100000000.0,FAM,JG075B_195,STANDARD,,260,L-MMMMx,1.0,2+2,I3,0.0,18,0.0064554611806010055,0.006581942550837994
23435,JG075B,195,S075_SNV,8.0,False,I3,100000000.0,HEX,JG075B_195,STANDARD,,261,L-MMMMx,1.0,2+2,I3,0.0,18,-0.003084870215059589,-0.0013039089972153306
23436,JG075B,195,S075_SNV,8.0,False,I3,100000000.0,FAM,JG075B_195,STANDARD,,260,L-MMMMx,1.0,2+2,I3,0.0,19,0.0074524607075390804,0.006944871507585049
23437,JG075B,195,S075_SNV,8.0,False,I3,100000000.0,HEX,JG075B_195,STANDARD,,261,L-MMMMx,1.0,2+2,I3,0.0,19,-0.003398671515182734,-0.0014150693314149976
23438,JG075B,195,S075_SNV,8.0,False,I3,100000000.0,FAM,JG075B_195,STANDARD,,260,L-MMMMx,1.0,2+2,I3,0.0,20,0.009066324798816255,0.007785010617226362
23439,JG075B,195,S075_SNV,8.0,False,I3,100000000.0,HEX,JG075B_195,STANDARD,,261,L-MMMMx,1.0,2+2,I3,0.0,20,-0.004728759534798535,-0.0006560166366398335
23440,JG075B,195,S075_SNV,8.0,False,I3,100000000.0,FAM,JG075B_195,STANDARD,,260,L-MMMMx,1.0,2+2,I3,0.0,21,0.0104525894617646,0.008449077606201172
23441,JG075B,195,S075_SNV,8.0,False,I3,100000000.0,HEX,JG075B_195,STANDARD,,261,L-MMMMx,1.0,2+2,I3,0.0,21,-0.006739893133402761,0.0006861930014565587
23442,JG075B,195,S075_SNV,8.0,False,I3,100000000.0,FAM,JG075B_195,STANDARD,,260,L-MMMMx,1.0,2+2,I3,0.0,22,0.011399257463125216,0.008773069828748703
23443,JG075B,195,S075_SNV,8.0,False,I3,100000000.0,HEX,JG075B_195,STANDARD,,261,L-MMMMx,1.0,2+2,I3,0.0,22,-0.008214265013894837,0.0015687912236899137
23444,JG075B,195,S075_SNV,8.0,False,I3,100000000.0,FAM,JG075B_195,STANDARD,,260,L-MMMMx,1.0,2+2,I3,0.0,23,0.011363353152495145,0.008336939848959446
23445,JG075B,195,S075_SNV,8.0,False,I3,100000000.0,HEX,JG075B_195,STANDARD,,261,L-MMMMx,1.0,2+2,I3,0.0,23,-0.012027598182194767,0.004454165231436491
23446,JG075B,195,S075_SNV,8.0,False,I3,100000000.0,FAM,JG075B_195,STANDARD,,260,L-MMMMx,1.0,2+2,I3,0.0,24,0.013688581029115248,0.00972739327698946
23447,JG075B,195,S075_SNV,8.0,False,I3,100000000.0,HEX,JG075B_195,STANDARD,,261,L-MMMMx,1.0,2+2,I3,0.0,24,-0.017345183268271124,0.008627580478787422
23448,JG075B,195,S075_SNV,8.0,False,I3,100000000.0,FAM,JG075B_195,STANDARD,,260,L-MMMMx,1.0,2+2,I3,0.0,25,0.014489358875587362,0.009938524104654789
23449,JG075B,195,S075_SNV,8.0,False,I3,100000000.0,HEX,JG075B_195,STANDARD,,261,L-MMMMx,1.0,2+2,I3,0.0,25,-0.025821751329328294,0.015505929477512836
23450,JG075B,195,S075_SNV,8.0,False,I3,100000000.0,FAM,JG075B_195,STANDARD,,260,L-MMMMx,1.0,2+2,I3,0.0,26,0.014726993789880929,0.009714005514979362
23451,JG075B,195,S075_SNV,8.0,False,I3,100000000.0,HEX,JG075B_195,STANDARD,,261,L-MMMMx,1.0,2+2,I3,0.0,26,-0.04237014085437829,0.029295913875102997
23452,JG075B,195,S075_SNV,8.0,False,I3,100000000.0,FAM,JG075B_195,STANDARD,,260,L-MMMMx,1.0,2+2,I3,0.0,27,0.0142584271265831,0.008943164721131325
23453,JG075B,195,S075_SNV,8.0,False,I3,100000000.0,HEX,JG075B_195,STANDARD,,261,L-MMMMx,1.0,2+2,I3,0.0,27,-0.06629458377663854,0.049401767551898956
23454,JG075B,195,S075_SNV,8.0,False,I3,100000000.0,FAM,JG075B_195,STANDARD,,260,L-MMMMx,1.0,2+2,I3,0.0,28,0.014607897034180424,0.008805161342024803
23455,JG075B,195,S075_SNV,8.0,False,I3,100000000.0,HEX,JG075B_195,STANDARD,,261,L-MMMMx,1.0,2+2,I3,0.0,28,-0.0983038304039016,0.07643038034439087
23456,JG075B,195,S075_SNV,8.0,False,I3,100000000.0,FAM,JG075B_195,STANDARD,,260,L-MMMMx,1.0,2+2,I3,0.0,29,0.013763355993635604,0.00774346524849534
23457,JG075B,195,S075_SNV,8.0,False,I3,100000000.0,HEX,JG075B_195,STANDARD,,261,L-MMMMx,1.0,2+2,I3,0.0,29,-0.13887357719462276,0.11078906059265137
23458,JG075B,195,S075_SNV,8.0,False,I3,100000000.0,FAM,JG075B_195,STANDARD,,260,L-MMMMx,1.0,2+2,I3,0.0,30,0.010635366287713506,0.004915281198918819
23459,JG075B,195,S075_SNV,8.0,False,I3,100000000.0,HEX,JG075B_195,STANDARD,,261,L-MMMMx,1.0,2+2,I3,0.0,30,-0.18642613381673329,0.151126891374588
23460,JG075B,195,S075_SNV,8.0,False,I3,100000000.0,FAM,JG075B_195,STANDARD,,260,L-MMMMx,1.0,2+2,I3,0.0,31,0.00648687745240232,0.0012976335128769279
23461,JG075B,195,S075_SNV,8.0,False,I3,100000000.0,HEX,JG075B_195,STANDARD,,261,L-MMMMx,1.0,2+2,I3,0.0,31,-0.2368900188939681,0.1939575970172882
23462,JG075B,195,S075_SNV,8.0,False,I3,100000000.0,FAM,JG075B_195,STANDARD,,260,L-MMMMx,1.0,2+2,I3,0.0,32,0.004299546013443531,-0.0008028525044210255
23463,JG075B,195,S075_SNV,8.0,False,I3,100000000.0,HEX,JG075B_195,STANDARD,,261,L-MMMMx,1.0,2+2,I3,0.0,32,-0.2919045100920881,0.24068483710289001
23464,JG075B,195,S075_SNV,8.0,False,I3,100000000.0,FAM,JG075B_195,STANDARD,,260,L-MMMMx,1.0,2+2,I3,0.0,33,0.00244176760590637,-0.0026483945548534393
23465,JG075B,195,S075_SNV,8.0,False,I3,100000000.0,HEX,JG075B_195,STANDARD,,261,L-MMMMx,1.0,2+2,I3,0.0,33,-0.3463531426458645,0.28692755103111267
23466,JG075B,195,S075_SNV,8.0,False,I3,100000000.0,FAM,JG075B_195,STANDARD,,260,L-MMMMx,1.0,2+2,I3,0.0,34,0.0006205869398912794,-0.00446562422439456
23467,JG075B,195,S075_SNV,8.0,False,I3,100000000.0,HEX,JG075B_195,STANDARD,,261,L-MMMMx,1.0,2+2,I3,0.0,34,-0.3998517744801576,0.3323568105697632
23468,JG075B,195,S075_SNV,8.0,False,I3,100000000.0,FAM,JG075B_195,STANDARD,,260,L-MMMMx,1.0,2+2,I3,0.0,35,-0.0031426625109770654,-0.0077852485701441765
23469,JG075B,195,S075_SNV,8.0,False,I3,100000000.0,HEX,JG075B_195,STANDARD,,261,L-MMMMx,1.0,2+2,I3,0.0,35,-0.4509588547688249,0.375738263130188
23470,JG075B,195,S075_SNV,8.0,False,I3,100000000.0,FAM,JG075B_195,STANDARD,,260,L-MMMMx,1.0,2+2,I3,0.0,36,-0.006050410860813191,-0.01044305320829153
23471,JG075B,195,S075_SNV,8.0,False,I3,100000000.0,HEX,JG075B_195,STANDARD,,261,L-MMMMx,1.0,2+2,I3,0.0,36,-0.4978215427607512,0.4154854118824005
23472,JG075B,195,S075_SNV,8.0,False,I3,100000000.0,FAM,JG075B_195,STANDARD,,260,L-MMMMx,1.0,2+2,I3,0.0,37,-0.007470865519130837,-0.011950279586017132
23473,JG075B,195,S075_SNV,8.0,False,I3,100000000.0,HEX,JG075B_195,STANDARD,,261,L-MMMMx,1.0,2+2,I3,0.0,37,-0.5430733887193702,0.45385321974754333
23474,JG075B,195,S075_SNV,8.0,False,I3,100000000.0,FAM,JG075B_195,STANDARD,,260,L-MMMMx,1.0,2+2,I3,0.0,38,-0.008273338418894499,-0.012979431077837944
23475,JG075B,195,S075_SNV,8.0,False,I3,100000000.0,HEX,JG075B_195,STANDARD,,261,L-MMMMx,1.0,2+2,I3,0.0,38,-0.5863593126908377,0.4905376732349396
23476,JG075B,195,S075_SNV,8.0,False,I3,100000000.0,FAM,JG075B_195,STANDARD,,260,L-MMMMx,1.0,2+2,I3,0.0,39,-0.009095092549849524,-0.014023499563336372
23477,JG075B,195,S075_SNV,8.0,False,I3,100000000.0,HEX,JG075B_195,STANDARD,,261,L-MMMMx,1.0,2+2,I3,0.0,39,-0.6253514213568937,0.5235454440116882
23478,JG075B,195,S075_SNV,8.0,False,I3,100000000.0,FAM,JG075B_195,STANDARD,,260,L-MMMMx,1.0,2+2,I3,0.0,40,-0.009806109619746456,-0.014981900341808796
23479,JG075B,195,S075_SNV,8.0,False,I3,100000000.0,HEX,JG075B_195,STANDARD,,261,L-MMMMx,1.0,2+2,I3,0.0,40,-0.6604064653082946,0.553182065486908
23480,JG075B,195,S075_SNV,8.0,False,I3,100000000.0,FAM,JG075B_195,STANDARD,,260,L-MMMMx,1.0,2+2,I3,0.0,41,-0.010218046093531186,-0.015708932653069496
23481,JG075B,195,S075_SNV,8.0,False,I3,100000000.0,HEX,JG075B_195,STANDARD,,261,L-MMMMx,1.0,2+2,I3,0.0,41,-0.6918977622851824,0.5797671675682068
23482,JG075B,195,S075_SNV,8.0,False,I3,100000000.0,FAM,JG075B_195,STANDARD,,260,L-MMMMx,1.0,2+2,I3,0.0,42,-0.010573371639772042,-0.016392167657613754
23483,JG075B,195,S075_SNV,8.0,False,I3,100000000.0,HEX,JG075B_195,STANDARD,,261,L-MMMMx,1.0,2+2,I3,0.0,42,-0.7203559483369891,0.6037551760673523
23484,JG075B,195,S075_SNV,8.0,False,I3,100000000.0,FAM,JG075B_195,STANDARD,,260,L-MMMMx,1.0,2+2,I3,0.0,43,-0.011348569591117151,-0.017400220036506653
23485,JG075B,195,S075_SNV,8.0,False,I3,100000000.0,HEX,JG075B_195,STANDARD,,261,L-MMMMx,1.0,2+2,I3,0.0,43,-0.7471463514807102,0.6263150572776794
23486,JG075B,195,S075_SNV,8.0,False,I3,100000000.0,FAM,JG075B_195,STANDARD,,260,L-MMMMx,1.0,2+2,I3,0.0,44,-0.012306101343119056,-0.018549326807260513
23487,JG075B,195,S075_SNV,8.0,False,I3,100000000.0,HEX,JG075B_195,STANDARD,,261,L-MMMMx,1.0,2+2,I3,0.0,44,-0.7688719403837568,0.6445381045341492
23488,JG075B,195,S075_SNV,8.0,False,I3,100000000.0,FAM,JG075B_195,STANDARD,,260,L-MMMMx,1.0,2+2,I3,0.0,45,-0.013170424426055016,-0.019626326858997345
23489,JG075B,195,S075_SNV,8.0,False,I3,100000000.0,HEX,JG075B_195,STANDARD,,261,L-MMMMx,1.0,2+2,I3,0.0,45,-0.7885774508197285,0.6610314249992371
23490,JG075B,195,S075_SNV,8.0,False,I3,100000000.0,FAM,JG075B_195,STANDARD,,260,L-MMMMx,1.0,2+2,I3,0.0,46,-0.01343240646944537,-0.020237352699041367
23491,JG075B,195,S075_SNV,8.0,False,I3,100000000.0,HEX,JG075B_195,STANDARD,,261,L-MMMMx,1.0,2+2,I3,0.0,46,-0.8050019695786808,0.6747153401374817
23492,JG075B,195,S075_SNV,8.0,False,I3,100000000.0,FAM,JG075B_195,STANDARD,,260,L-MMMMx,1.0,2+2,I3,0.0,47,-0.012568641983616853,-0.019977495074272156
23493,JG075B,195,S075_SNV,8.0,False,I3,100000000.0,HEX,JG075B_195,STANDARD,,261,L-MMMMx,1.0,2+2,I3,0.0,47,-0.8204455460303268,0.6875593066215515
23494,JG075B,195,S075_SNV,8.0,False,I3,100000000.0,FAM,JG075B_195,STANDARD,,260,L-MMMMx,1.0,2+2,I3,0.0,48,-0.011212387468716606,-0.0193366426974535
23495,JG075B,195,S075_SNV,8.0,False,I3,100000000.0,HEX,JG075B_195,STANDARD,,261,L-MMMMx,1.0,2+2,I3,0.0,48,-0.8328549674088214,0.6978052258491516
23496,JG075B,195,S075_SNV,8.0,False,I3,100000000.0,FAM,JG075B_195,STANDARD,,260,L-MMMMx,1.0,2+2,I3,0.0,49,-0.009830090771428024,-0.01867564581334591
23497,JG075B,195,S075_SNV,8.0,False,I3,100000000.0,HEX,JG075B_195,STANDARD,,261,L-MMMMx,1.0,2+2,I3,0.0,49,-0.841632981017834,0.7049416899681091
23498,JG075B,195,S075_SNV,8.0,False,I3,100000000.0,FAM,JG075B_195,STANDARD,,260,L-MMMMx,1.0,2+2,I3,0.0,50,-0.009394327241715503,-0.018746891990303993
23499,JG075B,195,S075_SNV,8.0,False,I3,100000000.0,HEX,JG075B_195,STANDARD,,261,L-MMMMx,1.0,2+2,I3,0.0,50,-0.851653252391265,0.7131418585777283
24120,JG075B,199,S075_SNV,8.0,False,I7,100000000.0,FAM,JG075B_199,STANDARD,,268,L-MMMMx,0.1,2+2,I7,-1.0,1,-0.002431127775657289,0.02045970968902111
24121,JG075B,199,S075_SNV,8.0,False,I7,100000000.0,HEX,JG075B_199,STANDARD,,269,L-MMMMx,0.1,2+2,I7,-1.0,1,0.004040287452658626,-0.0013342007296159863
24122,JG075B,199,S075_SNV,8.0,False,I7,100000000.0,FAM,JG075B_199,STANDARD,,268,L-MMMMx,0.1,2+2,I7,-1.0,2,-0.0018774424703668147,0.01960545778274536
24123,JG075B,199,S075_SNV,8.0,False,I7,100000000.0,HEX,JG075B_199,STANDARD,,269,L-MMMMx,0.1,2+2,I7,-1.0,2,0.003431375102874417,-0.00113008008338511
24124,JG075B,199,S075_SNV,8.0,False,I7,100000000.0,FAM,JG075B_199,STANDARD,,268,L-MMMMx,0.1,2+2,I7,-1.0,3,-0.0022532049659523628,0.01803218014538288
24125,JG075B,199,S075_SNV,8.0,False,I7,100000000.0,HEX,JG075B_199,STANDARD,,269,L-MMMMx,0.1,2+2,I7,-1.0,3,0.0015406143743318472,0.00017164518067147583
24126,JG075B,199,S075_SNV,8.0,False,I7,100000000.0,FAM,JG075B_199,STANDARD,,268,L-MMMMx,0.1,2+2,I7,-1.0,4,-0.0015363515193811226,0.017304155975580215
24127,JG075B,199,S075_SNV,8.0,False,I7,100000000.0,HEX,JG075B_199,STANDARD,,269,L-MMMMx,0.1,2+2,I7,-1.0,4,0.0005080737498749606,0.000738504808396101
24128,JG075B,199,S075_SNV,8.0,False,I7,100000000.0,FAM,JG075B_199,STANDARD,,268,L-MMMMx,0.1,2+2,I7,-1.0,5,-0.0008968926651444494,0.01651625894010067
24129,JG075B,199,S075_SNV,8.0,False,I7,100000000.0,HEX,JG075B_199,STANDARD,,269,L-MMMMx,0.1,2+2,I7,-1.0,5,-0.0010254491188113576,0.0017343390500172973
24130,JG075B,199,S075_SNV,8.0,False,I7,100000000.0,FAM,JG075B_199,STANDARD,,268,L-MMMMx,0.1,2+2,I7,-1.0,6,-0.000700805818463043,0.015385366976261139
24131,JG075B,199,S075_SNV,8.0,False,I7,100000000.0,HEX,JG075B_199,STANDARD,,269,L-MMMMx,0.1,2+2,I7,-1.0,6,-0.0014190929413926323,0.0017541323322802782
24132,JG075B,199,S075_SNV,8.0,False,I7,100000000.0,FAM,JG075B_199,STANDARD,,268,L-MMMMx,0.1,2+2,I7,-1.0,7,-0.00017926873980432368,0.014506245031952858
24133,JG075B,199,S075_SNV,8.0,False,I7,100000000.0,HEX,JG075B_199,STANDARD,,269,L-MMMMx,0.1,2+2,I7,-1.0,7,-0.001086792817953665,0.0011523236753419042
24134,JG075B,199,S075_SNV,8.0,False,I7,100000000.0,FAM,JG075B_199,STANDARD,,268,L-MMMMx,0.1,2+2,I7,-1.0,8,0.0007313408551724436,0.013928111642599106
24135,JG075B,199,S075_SNV,8.0,False,I7,100000000.0,HEX,JG075B_199,STANDARD,,269,L-MMMMx,0.1,2+2,I7,-1.0,8,2.3345410609760393e-05,-0.0001155222489614971
24136,JG075B,199,S075_SNV,8.0,False,I7,100000000.0,FAM,JG075B_199,STANDARD,,268,L-MMMMx,0.1,2+2,I7,-1.0,9,0.002173580800680333,0.013761250302195549
24137,JG075B,199,S075_SNV,8.0,False,I7,100000000.0,HEX,JG075B_199,STANDARD,,269,L-MMMMx,0.1,2+2,I7,-1.0,9,0.000754788536468008,-0.0010591039899736643
24138,JG075B,199,S075_SNV,8.0,False,I7,100000000.0,FAM,JG075B_199,STANDARD,,268,L-MMMMx,0.1,2+2,I7,-1.0,10,0.002661602052892525,0.012856199406087399
24139,JG075B,199,S075_SNV,8.0,False,I7,100000000.0,HEX,JG075B_199,STANDARD,,269,L-MMMMx,0.1,2+2,I7,-1.0,10,0.0007045128068730786,-0.0013333255192264915
24140,JG075B,199,S075_SNV,8.0,False,I7,100000000.0,FAM,JG075B_199,STANDARD,,268,L-MMMMx,0.1,2+2,I7,-1.0,11,0.003136775571633548,0.011941210366785526
24141,JG075B,199,S075_SNV,8.0,False,I7,100000000.0,HEX,JG075B_199,STANDARD,,269,L-MMMMx,0.1,2+2,I7,-1.0,11,-0.0004842845763352345,-0.0006326683796942234
24142,JG075B,199,S075_SNV,8.0,False,I7,100000000.0,FAM,JG075B_199,STANDARD,,268,L-MMMMx,0.1,2+2,I7,-1.0,12,0.0028582089727429293,0.010443123988807201
24143,JG075B,199,S075_SNV,8.0,False,I7,100000000.0,HEX,JG075B_199,STANDARD,,269,L-MMMMx,0.1,2+2,I7,-1.0,12,-0.0004301977062829533,-0.000996252172626555
24144,JG075B,199,S075_SNV,8.0,False,I7,100000000.0,FAM,JG075B_199,STANDARD,,268,L-MMMMx,0.1,2+2,I7,-1.0,13,0.002648503913821468,0.008998309262096882
24145,JG075B,199,S075_SNV,8.0,False,I7,100000000.0,HEX,JG075B_199,STANDARD,,269,L-MMMMx,0.1,2+2,I7,-1.0,13,-0.00039025904258604673,-0.0013477213215082884
24146,JG075B,199,S075_SNV,8.0,False,I7,100000000.0,FAM,JG075B_199,STANDARD,,268,L-MMMMx,0.1,2+2,I7,-1.0,14,0.0029369326409538236,0.007938853465020657
24147,JG075B,199,S075_SNV,8.0,False,I7,100000000.0,HEX,JG075B_199,STANDARD,,269,L-MMMMx,0.1,2+2,I7,-1.0,14,-0.0013924671655946945,-0.0008068344322964549
24148,JG075B,199,S075_SNV,8.0,False,I7,100000000.0,FAM,JG075B_199,STANDARD,,268,L-MMMMx,0.1,2+2,I7,-1.0,15,0.004637591165545971,0.00797190610319376
24149,JG075B,199,S075_SNV,8.0,False,I7,100000000.0,HEX,JG075B_199,STANDARD,,269,L-MMMMx,0.1,2+2,I7,-1.0,15,-0.0015431377321689066,-0.000995091162621975
24150,JG075B,199,S075_SNV,8.0,False,I7,100000000.0,FAM,JG075B_199,STANDARD,,268,L-MMMMx,0.1,2+2,I7,-1.0,16,0.005842851103713846,0.007621715310961008
24151,JG075B,199,S075_SNV,8.0,False,I7,100000000.0,HEX,JG075B_199,STANDARD,,269,L-MMMMx,0.1,2+2,I7,-1.0,16,-0.002335959362105145,-0.0006334951031021774
24152,JG075B,199,S075_SNV,8.0,False,I7,100000000.0,FAM,JG075B_199,STANDARD,,268,L-MMMMx,0.1,2+2,I7,-1.0,17,0.005931610257889477,0.006407794076949358
24153,JG075B,199,S075_SNV,8.0,False,I7,100000000.0,HEX,JG075B_199,STANDARD,,269,L-MMMMx,0.1,2+2,I7,-1.0,17,-0.002308376450575909,-0.000974384427536279
24154,JG075B,199,S075_SNV,8.0,False,I7,100000000.0,FAM,JG075B_199,STANDARD,,268,L-MMMMx,0.1,2+2,I7,-1.0,18,0.007210836157870377,0.006114823743700981
24155,JG075B,199,S075_SNV,8.0,False,I7,100000000.0,HEX,JG075B_199,STANDARD,,269,L-MMMMx,0.1,2+2,I7,-1.0,18,-0.0033778625142609144,-0.00037588964914903045
24156,JG075B,199,S075_SNV,8.0,False,I7,100000000.0,FAM,JG075B_199,STANDARD,,268,L-MMMMx,0.1,2+2,I7,-1.0,19,0.008477272110287776,0.005811959505081177
24157,JG075B,199,S075_SNV,8.0,False,I7,100000000.0,HEX,JG075B_199,STANDARD,,269,L-MMMMx,0.1,2+2,I7,-1.0,19,-0.0035142456547370177,-0.0005763802328146994
24158,JG075B,199,S075_SNV,8.0,False,I7,100000000.0,FAM,JG075B_199,STANDARD,,268,L-MMMMx,0.1,2+2,I7,-1.0,20,0.00897835297763258,0.00491701252758503
24159,JG075B,199,S075_SNV,8.0,False,I7,100000000.0,HEX,JG075B_199,STANDARD,,269,L-MMMMx,0.1,2+2,I7,-1.0,20,-0.003973113926789318,-0.0005007374566048384
24160,JG075B,199,S075_SNV,8.0,False,I7,100000000.0,FAM,JG075B_199,STANDARD,,268,L-MMMMx,0.1,2+2,I7,-1.0,21,0.009575396975642097,0.004096302669495344
24161,JG075B,199,S075_SNV,8.0,False,I7,100000000.0,HEX,JG075B_199,STANDARD,,269,L-MMMMx,0.1,2+2,I7,-1.0,21,-0.00468572758244275,-0.0002078207762679085
24162,JG075B,199,S075_SNV,8.0,False,I7,100000000.0,FAM,JG075B_199,STANDARD,,268,L-MMMMx,0.1,2+2,I7,-1.0,22,0.011141934408540468,0.004025598522275686
24163,JG075B,199,S075_SNV,8.0,False,I7,100000000.0,HEX,JG075B_199,STANDARD,,269,L-MMMMx,0.1,2+2,I7,-1.0,22,-0.0059848914167036915,0.0005873395130038261
24164,JG075B,199,S075_SNV,8.0,False,I7,100000000.0,FAM,JG075B_199,STANDARD,,268,L-MMMMx,0.1,2+2,I7,-1.0,23,0.011827621988910282,0.0032734640408307314
24165,JG075B,199,S075_SNV,8.0,False,I7,100000000.0,HEX,JG075B_199,STANDARD,,269,L-MMMMx,0.1,2+2,I7,-1.0,23,-0.010827858997330929,0.004416942596435547
24166,JG075B,199,S075_SNV,8.0,False,I7,100000000.0,FAM,JG075B_199,STANDARD,,268,L-MMMMx,0.1,2+2,I7,-1.0,24,0.012689941827047139,0.002657973440364003
24167,JG075B,199,S075_SNV,8.0,False,I7,100000000.0,HEX,JG075B_199,STANDARD,,269,L-MMMMx,0.1,2+2,I7,-1.0,24,-0.017462358434866855,0.009780575521290302
24168,JG075B,199,S075_SNV,8.0,False,I7,100000000.0,FAM,JG075B_199,STANDARD,,268,L-MMMMx,0.1,2+2,I7,-1.0,25,0.015846208103787344,0.0038170916959643364
24169,JG075B,199,S075_SNV,8.0,False,I7,100000000.0,HEX,JG075B_199,STANDARD,,269,L-MMMMx,0.1,2+2,I7,-1.0,25,-0.027254814101780923,0.017848262563347816
24170,JG075B,199,S075_SNV,8.0,False,I7,100000000.0,FAM,JG075B_199,STANDARD,,268,L-MMMMx,0.1,2+2,I7,-1.0,26,0.016388817776775085,0.002954271389171481
24171,JG075B,199,S075_SNV,8.0,False,I7,100000000.0,HEX,JG075B_199,STANDARD,,269,L-MMMMx,0.1,2+2,I7,-1.0,26,-0.044120102566229905,0.03197218477725983
24172,JG075B,199,S075_SNV,8.0,False,I7,100000000.0,FAM,JG075B_199,STANDARD,,268,L-MMMMx,0.1,2+2,I7,-1.0,27,0.01701236624443427,0.0021540659945458174
24173,JG075B,199,S075_SNV,8.0,False,I7,100000000.0,HEX,JG075B_199,STANDARD,,269,L-MMMMx,0.1,2+2,I7,-1.0,27,-0.06641802383165732,0.050747890025377274
24174,JG075B,199,S075_SNV,8.0,False,I7,100000000.0,FAM,JG075B_199,STANDARD,,268,L-MMMMx,0.1,2+2,I7,-1.0,28,0.017492990900465157,0.0012432937510311604
24175,JG075B,199,S075_SNV,8.0,False,I7,100000000.0,HEX,JG075B_199,STANDARD,,269,L-MMMMx,0.1,2+2,I7,-1.0,28,-0.0988335136682191,0.07818693667650223
24176,JG075B,199,S075_SNV,8.0,False,I7,100000000.0,FAM,JG075B_199,STANDARD,,268,L-MMMMx,0.1,2+2,I7,-1.0,29,0.01843906178077989,0.0006925932830199599
24177,JG075B,199,S075_SNV,8.0,False,I7,100000000.0,HEX,JG075B_199,STANDARD,,269,L-MMMMx,0.1,2+2,I7,-1.0,29,-0.14005446080558004,0.11316581070423126
24178,JG075B,199,S075_SNV,8.0,False,I7,100000000.0,FAM,JG075B_199,STANDARD,,268,L-MMMMx,0.1,2+2,I7,-1.0,30,0.017426806774217877,-0.001373078441247344
24179,JG075B,199,S075_SNV,8.0,False,I7,100000000.0,HEX,JG075B_199,STANDARD,,269,L-MMMMx,0.1,2+2,I7,-1.0,30,-0.1873394370821552,0.15333710610866547
24180,JG075B,199,S075_SNV,8.0,False,I7,100000000.0,FAM,JG075B_199,STANDARD,,268,L-MMMMx,0.1,2+2,I7,-1.0,31,0.017674323078722406,-0.0024641845375299454
24181,JG075B,199,S075_SNV,8.0,False,I7,100000000.0,HEX,JG075B_199,STANDARD,,269,L-MMMMx,0.1,2+2,I7,-1.0,31,-0.23817838014631626,0.19655154645442963
24182,JG075B,199,S075_SNV,8.0,False,I7,100000000.0,FAM,JG075B_199,STANDARD,,268,L-MMMMx,0.1,2+2,I7,-1.0,32,0.017551123523577582,-0.003842078149318695
24183,JG075B,199,S075_SNV,8.0,False,I7,100000000.0,HEX,JG075B_199,STANDARD,,269,L-MMMMx,0.1,2+2,I7,-1.0,32,-0.29375667649757453,0.24382415413856506
24184,JG075B,199,S075_SNV,8.0,False,I7,100000000.0,FAM,JG075B_199,STANDARD,,268,L-MMMMx,0.1,2+2,I7,-1.0,33,0.016503927304846608,-0.005934780929237604
24185,JG075B,199,S075_SNV,8.0,False,I7,100000000.0,HEX,JG075B_199,STANDARD,,269,L-MMMMx,0.1,2+2,I7,-1.0,33,-0.34892455304725206,0.2907453179359436
24186,JG075B,199,S075_SNV,8.0,False,I7,100000000.0,FAM,JG075B_199,STANDARD,,268,L-MMMMx,0.1,2+2,I7,-1.0,34,0.015650853211936377,-0.007877308875322342
24187,JG075B,199,S075_SNV,8.0,False,I7,100000000.0,HEX,JG075B_199,STANDARD,,269,L-MMMMx,0.1,2+2,I7,-1.0,34,-0.40157415328047996,0.33551016449928284
24188,JG075B,199,S075_SNV,8.0,False,I7,100000000.0,FAM,JG075B_199,STANDARD,,268,L-MMMMx,0.1,2+2,I7,-1.0,35,0.014273776508306996,-0.010225209407508373
24189,JG075B,199,S075_SNV,8.0,False,I7,100000000.0,HEX,JG075B_199,STANDARD,,269,L-MMMMx,0.1,2+2,I7,-1.0,35,-0.4537615091628942,0.3798792064189911
24190,JG075B,199,S075_SNV,8.0,False,I7,100000000.0,FAM,JG075B_199,STANDARD,,268,L-MMMMx,0.1,2+2,I7,-1.0,36,0.01284091714181029,-0.012616262771189213
24191,JG075B,199,S075_SNV,8.0,False,I7,100000000.0,HEX,JG075B_199,STANDARD,,269,L-MMMMx,0.1,2+2,I7,-1.0,36,-0.5016290852578768,0.4205493628978729
24192,JG075B,199,S075_SNV,8.0,False,I7,100000000.0,FAM,JG075B_199,STANDARD,,268,L-MMMMx,0.1,2+2,I7,-1.0,37,0.013223845089946474,-0.013602613471448421
24193,JG075B,199,S075_SNV,8.0,False,I7,100000000.0,HEX,JG075B_199,STANDARD,,269,L-MMMMx,0.1,2+2,I7,-1.0,37,-0.5461965965710852,0.45839381217956543
24194,JG075B,199,S075_SNV,8.0,False,I7,100000000.0,FAM,JG075B_199,STANDARD,,268,L-MMMMx,0.1,2+2,I7,-1.0,38,0.013173070539076907,-0.014924478717148304
24195,JG075B,199,S075_SNV,8.0,False,I7,100000000.0,HEX,JG075B_199,STANDARD,,269,L-MMMMx,0.1,2+2,I7,-1.0,38,-0.5879338401243763,0.49381476640701294
24196,JG075B,199,S075_SNV,8.0,False,I7,100000000.0,FAM,JG075B_199,STANDARD,,268,L-MMMMx,0.1,2+2,I7,-1.0,39,0.013807020470116048,-0.015716638416051865
24197,JG075B,199,S075_SNV,8.0,False,I7,100000000.0,HEX,JG075B_199,STANDARD,,269,L-MMMMx,0.1,2+2,I7,-1.0,39,-0.6282467960996241,0.5280161499977112
24198,JG075B,199,S075_SNV,8.0,False,I7,100000000.0,FAM,JG075B_199,STANDARD,,268,L-MMMMx,0.1,2+2,I7,-1.0,40,0.014565865009591557,-0.016412178054451942
24199,JG075B,199,S075_SNV,8.0,False,I7,100000000.0,HEX,JG075B_199,STANDARD,,269,L-MMMMx,0.1,2+2,I7,-1.0,40,-0.664800192532203,0.5589983463287354
24200,JG075B,199,S075_SNV,8.0,False,I7,100000000.0,FAM,JG075B_199,STANDARD,,268,L-MMMMx,0.1,2+2,I7,-1.0,41,0.014226045348574527,-0.017957650125026703
24201,JG075B,199,S075_SNV,8.0,False,I7,100000000.0,HEX,JG075B_199,STANDARD,,269,L-MMMMx,0.1,2+2,I7,-1.0,41,-0.6945079453849216,0.5841188430786133
24202,JG075B,199,S075_SNV,8.0,False,I7,100000000.0,FAM,JG075B_199,STANDARD,,268,L-MMMMx,0.1,2+2,I7,-1.0,42,0.014500374314236274,-0.019028013572096825
24203,JG075B,199,S075_SNV,8.0,False,I7,100000000.0,HEX,JG075B_199,STANDARD,,269,L-MMMMx,0.1,2+2,I7,-1.0,42,-0.7225834163639516,0.6078416705131531
24204,JG075B,199,S075_SNV,8.0,False,I7,100000000.0,FAM,JG075B_199,STANDARD,,268,L-MMMMx,0.1,2+2,I7,-1.0,43,0.016783379954321442,-0.018544454127550125
24205,JG075B,199,S075_SNV,8.0,False,I7,100000000.0,HEX,JG075B_199,STANDARD,,269,L-MMMMx,0.1,2+2,I7,-1.0,43,-0.7473622334449045,0.6287416815757751
24206,JG075B,199,S075_SNV,8.0,False,I7,100000000.0,FAM,JG075B_199,STANDARD,,268,L-MMMMx,0.1,2+2,I7,-1.0,44,0.0191817262661088,-0.017971666529774666
24207,JG075B,199,S075_SNV,8.0,False,I7,100000000.0,HEX,JG075B_199,STANDARD,,269,L-MMMMx,0.1,2+2,I7,-1.0,44,-0.7692564870662738,0.6471717357635498
24208,JG075B,199,S075_SNV,8.0,False,I7,100000000.0,FAM,JG075B_199,STANDARD,,268,L-MMMMx,0.1,2+2,I7,-1.0,45,0.019113962658385303,-0.019306674599647522
24209,JG075B,199,S075_SNV,8.0,False,I7,100000000.0,HEX,JG075B_199,STANDARD,,269,L-MMMMx,0.1,2+2,I7,-1.0,45,-0.7909943273066811,0.6654678583145142
24210,JG075B,199,S075_SNV,8.0,False,I7,100000000.0,FAM,JG075B_199,STANDARD,,268,L-MMMMx,0.1,2+2,I7,-1.0,46,0.01892662074573075,-0.020734189078211784
24211,JG075B,199,S075_SNV,8.0,False,I7,100000000.0,HEX,JG075B_199,STANDARD,,269,L-MMMMx,0.1,2+2,I7,-1.0,46,-0.8066076126247204,0.6785197257995605
24212,JG075B,199,S075_SNV,8.0,False,I7,100000000.0,FAM,JG075B_199,STANDARD,,268,L-MMMMx,0.1,2+2,I7,-1.0,47,0.020094127224223227,-0.02111358568072319
24213,JG075B,199,S075_SNV,8.0,False,I7,100000000.0,HEX,JG075B_199,STANDARD,,269,L-MMMMx,0.1,2+2,I7,-1.0,47,-0.8204615780538261,0.6900652050971985
24214,JG075B,199,S075_SNV,8.0,False,I7,100000000.0,FAM,JG075B_199,STANDARD,,268,L-MMMMx,0.1,2+2,I7,-1.0,48,0.02214687528422691,-0.020808154717087746
24215,JG075B,199,S075_SNV,8.0,False,I7,100000000.0,HEX,JG075B_199,STANDARD,,269,L-MMMMx,0.1,2+2,I7,-1.0,48,-0.832892508882573,0.7003921270370483
24216,JG075B,199,S075_SNV,8.0,False,I7,100000000.0,FAM,JG075B_199,STANDARD,,268,L-MMMMx,0.1,2+2,I7,-1.0,49,0.024729520117531722,-0.020092792809009552
24217,JG075B,199,S075_SNV,8.0,False,I7,100000000.0,HEX,JG075B_199,STANDARD,,269,L-MMMMx,0.1,2+2,I7,-1.0,49,-0.8447207574450232,0.7102029919624329
24218,JG075B,199,S075_SNV,8.0,False,I7,100000000.0,FAM,JG075B_199,STANDARD,,268,L-MMMMx,0.1,2+2,I7,-1.0,50,0.02560678724378496,-0.020696720108389854
24219,JG075B,199,S075_SNV,8.0,False,I7,100000000.0,HEX,JG075B_199,STANDARD,,269,L-MMMMx,0.1,2+2,I7,-1.0,50,-0.8544301511329284,0.7181995511054993
24300,JG075B,200,S075_SNV,8.0,False,I8,100000000.0,FAM,JG075B_200,STANDARD,,270,L-MMMMx,0.0,2+2,I8,-2.0,1,-0.005331005203320017,0.014032786712050438
24301,JG075B,200,S075_SNV,8.0,False,I8,100000000.0,HEX,JG075B_200,STANDARD,,271,L-MMMMx,0.0,2+2,I8,-2.0,1,0.0011283716642446601,0.0015218585031107068
24302,JG075B,200,S075_SNV,8.0,False,I8,100000000.0,FAM,JG075B_200,STANDARD,,270,L-MMMMx,0.0,2+2,I8,-2.0,2,-0.004246267406575085,0.013793367892503738
24303,JG075B,200,S075_SNV,8.0,False,I8,100000000.0,HEX,JG075B_200,STANDARD,,271,L-MMMMx,0.0,2+2,I8,-2.0,2,0.0015696112363732288,0.0007875969749875367
24304,JG075B,200,S075_SNV,8.0,False,I8,100000000.0,FAM,JG075B_200,STANDARD,,270,L-MMMMx,0.0,2+2,I8,-2.0,3,-0.0033818094898545705,0.013383539393544197
24305,JG075B,200,S075_SNV,8.0,False,I8,100000000.0,HEX,JG075B_200,STANDARD,,271,L-MMMMx,0.0,2+2,I8,-2.0,3,0.00267445911471275,-0.0005148905911482871
24306,JG075B,200,S075_SNV,8.0,False,I8,100000000.0,FAM,JG075B_200,STANDARD,,270,L-MMMMx,0.0,2+2,I8,-2.0,4,-0.0016331308759916228,0.013657748699188232
24307,JG075B,200,S075_SNV,8.0,False,I8,100000000.0,HEX,JG075B_200,STANDARD,,271,L-MMMMx,0.0,2+2,I8,-2.0,4,0.0014443482728480291,0.00018197024473920465
24308,JG075B,200,S075_SNV,8.0,False,I8,100000000.0,FAM,JG075B_200,STANDARD,,270,L-MMMMx,0.0,2+2,I8,-2.0,5,-0.0002702887676174034,0.013633472844958305
24309,JG075B,200,S075_SNV,8.0,False,I8,100000000.0,HEX,JG075B_200,STANDARD,,271,L-MMMMx,0.0,2+2,I8,-2.0,5,-0.0005016652910922216,0.0014918349916115403
24310,JG075B,200,S075_SNV,8.0,False,I8,100000000.0,FAM,JG075B_200,STANDARD,,270,L-MMMMx,0.0,2+2,I8,-2.0,6,0.0003068768781548623,0.0130013944581151
24311,JG075B,200,S075_SNV,8.0,False,I8,100000000.0,HEX,JG075B_200,STANDARD,,271,L-MMMMx,0.0,2+2,I8,-2.0,6,-0.0009766482483660197,0.0015421046409755945
24312,JG075B,200,S075_SNV,8.0,False,I8,100000000.0,FAM,JG075B_200,STANDARD,,270,L-MMMMx,0.0,2+2,I8,-2.0,7,0.00028934848616271293,0.01190925668925047
24313,JG075B,200,S075_SNV,8.0,False,I8,100000000.0,HEX,JG075B_200,STANDARD,,271,L-MMMMx,0.0,2+2,I8,-2.0,7,-0.0014361256067927837,0.0015790973557159305
24314,JG075B,200,S075_SNV,8.0,False,I8,100000000.0,FAM,JG075B_200,STANDARD,,270,L-MMMMx,0.0,2+2,I8,-2.0,8,0.0014685855039114739,0.011742942966520786
24315,JG075B,200,S075_SNV,8.0,False,I8,100000000.0,HEX,JG075B_200,STANDARD,,271,L-MMMMx,0.0,2+2,I8,-2.0,8,-0.0017407035989597806,0.0014834548346698284
24316,JG075B,200,S075_SNV,8.0,False,I8,100000000.0,FAM,JG075B_200,STANDARD,,270,L-MMMMx,0.0,2+2,I8,-2.0,9,0.001720474275429426,0.010859227739274502
24317,JG075B,200,S075_SNV,8.0,False,I8,100000000.0,HEX,JG075B_200,STANDARD,,271,L-MMMMx,0.0,2+2,I8,-2.0,9,-0.00030092782453718163,-0.00010582043614704162
24318,JG075B,200,S075_SNV,8.0,False,I8,100000000.0,FAM,JG075B_200,STANDARD,,270,L-MMMMx,0.0,2+2,I8,-2.0,10,0.0014999439898051212,0.00961004663258791
24319,JG075B,200,S075_SNV,8.0,False,I8,100000000.0,HEX,JG075B_200,STANDARD,,271,L-MMMMx,0.0,2+2,I8,-2.0,10,0.0008372631821872081,-0.0014368586707860231
24320,JG075B,200,S075_SNV,8.0,False,I8,100000000.0,FAM,JG075B_200,STANDARD,,270,L-MMMMx,0.0,2+2,I8,-2.0,11,0.0025767458552305306,0.009364488534629345
24321,JG075B,200,S075_SNV,8.0,False,I8,100000000.0,HEX,JG075B_200,STANDARD,,271,L-MMMMx,0.0,2+2,I8,-2.0,11,0.0007386956043313132,-0.0017089011380448937
24322,JG075B,200,S075_SNV,8.0,False,I8,100000000.0,FAM,JG075B_200,STANDARD,,270,L-MMMMx,0.0,2+2,I8,-2.0,12,0.003601386308002379,0.00907857809215784
24323,JG075B,200,S075_SNV,8.0,False,I8,100000000.0,HEX,JG075B_200,STANDARD,,271,L-MMMMx,0.0,2+2,I8,-2.0,12,-0.0012534170969218373,-0.00035956312785856426
24324,JG075B,200,S075_SNV,8.0,False,I8,100000000.0,FAM,JG075B_200,STANDARD,,270,L-MMMMx,0.0,2+2,I8,-2.0,13,0.00479177600593076,0.008920892141759396
24325,JG075B,200,S075_SNV,8.0,False,I8,100000000.0,HEX,JG075B_200,STANDARD,,271,L-MMMMx,0.0,2+2,I8,-2.0,13,-0.00131811947235761,-0.0006606032256968319
24326,JG075B,200,S075_SNV,8.0,False,I8,100000000.0,FAM,JG075B_200,STANDARD,,270,L-MMMMx,0.0,2+2,I8,-2.0,14,0.005661261296618254,0.008514952845871449
24327,JG075B,200,S075_SNV,8.0,False,I8,100000000.0,HEX,JG075B_200,STANDARD,,271,L-MMMMx,0.0,2+2,I8,-2.0,14,-0.0015580646989602014,-0.0008115886594168842
24328,JG075B,200,S075_SNV,8.0,False,I8,100000000.0,FAM,JG075B_200,STANDARD,,270,L-MMMMx,0.0,2+2,I8,-2.0,15,0.00524470195022021,0.007114122621715069
24329,JG075B,200,S075_SNV,8.0,False,I8,100000000.0,HEX,JG075B_200,STANDARD,,271,L-MMMMx,0.0,2+2,I8,-2.0,15,-0.002389641624780105,-0.0004559793451335281
24330,JG075B,200,S075_SNV,8.0,False,I8,100000000.0,FAM,JG075B_200,STANDARD,,270,L-MMMMx,0.0,2+2,I8,-2.0,16,0.005720241446376453,0.006403425242751837
24331,JG075B,200,S075_SNV,8.0,False,I8,100000000.0,HEX,JG075B_200,STANDARD,,271,L-MMMMx,0.0,2+2,I8,-2.0,16,-0.0023802790970812223,-0.0008204387850128114
24332,JG075B,200,S075_SNV,8.0,False,I8,100000000.0,FAM,JG075B_200,STANDARD,,270,L-MMMMx,0.0,2+2,I8,-2.0,17,0.007489530367307093,0.006693578790873289
24333,JG075B,200,S075_SNV,8.0,False,I8,100000000.0,HEX,JG075B_200,STANDARD,,271,L-MMMMx,0.0,2+2,I8,-2.0,17,-0.0016792554850104224,-0.0017771449638530612
24334,JG075B,200,S075_SNV,8.0,False,I8,100000000.0,FAM,JG075B_200,STANDARD,,270,L-MMMMx,0.0,2+2,I8,-2.0,18,0.008547744432433136,0.006433641072362661
24335,JG075B,200,S075_SNV,8.0,False,I8,100000000.0,HEX,JG075B_200,STANDARD,,271,L-MMMMx,0.0,2+2,I8,-2.0,18,-0.0015985602416280452,-0.0022026842925697565
24336,JG075B,200,S075_SNV,8.0,False,I8,100000000.0,FAM,JG075B_200,STANDARD,,270,L-MMMMx,0.0,2+2,I8,-2.0,19,0.009386757287811201,0.006004128139466047
24337,JG075B,200,S075_SNV,8.0,False,I8,100000000.0,HEX,JG075B_200,STANDARD,,271,L-MMMMx,0.0,2+2,I8,-2.0,19,-0.0026463976353178647,-0.0016618982190266252
24338,JG075B,200,S075_SNV,8.0,False,I8,100000000.0,FAM,JG075B_200,STANDARD,,270,L-MMMMx,0.0,2+2,I8,-2.0,20,0.010221609557837283,0.005571396555751562
24339,JG075B,200,S075_SNV,8.0,False,I8,100000000.0,HEX,JG075B_200,STANDARD,,271,L-MMMMx,0.0,2+2,I8,-2.0,20,-0.004416489651845467,-0.0005026692524552345
24340,JG075B,200,S075_SNV,8.0,False,I8,100000000.0,FAM,JG075B_200,STANDARD,,270,L-MMMMx,0.0,2+2,I8,-2.0,21,0.00987331463036251,0.0042233760468661785
24341,JG075B,200,S075_SNV,8.0,False,I8,100000000.0,HEX,JG075B_200,STANDARD,,271,L-MMMMx,0.0,2+2,I8,-2.0,21,-0.006539764753222184,0.0009589787805452943
24342,JG075B,200,S075_SNV,8.0,False,I8,100000000.0,FAM,JG075B_200,STANDARD,,270,L-MMMMx,0.0,2+2,I8,-2.0,22,0.011629004601022317,0.004503009840846062
24343,JG075B,200,S075_SNV,8.0,False,I8,100000000.0,HEX,JG075B_200,STANDARD,,271,L-MMMMx,0.0,2+2,I8,-2.0,22,-0.008279263231283921,0.0020920115057379007
24344,JG075B,200,S075_SNV,8.0,False,I8,100000000.0,FAM,JG075B_200,STANDARD,,270,L-MMMMx,0.0,2+2,I8,-2.0,23,0.014089143310074305,0.005327608436346054
24345,JG075B,200,S075_SNV,8.0,False,I8,100000000.0,HEX,JG075B_200,STANDARD,,271,L-MMMMx,0.0,2+2,I8,-2.0,23,-0.010561283644313439,0.0036895880475640297
24346,JG075B,200,S075_SNV,8.0,False,I8,100000000.0,FAM,JG075B_200,STANDARD,,270,L-MMMMx,0.0,2+2,I8,-2.0,24,0.015896493882187897,0.005647206678986549
24347,JG075B,200,S075_SNV,8.0,False,I8,100000000.0,HEX,JG075B_200,STANDARD,,271,L-MMMMx,0.0,2+2,I8,-2.0,24,-0.018733151895928717,0.010330447927117348
24348,JG075B,200,S075_SNV,8.0,False,I8,100000000.0,FAM,JG075B_200,STANDARD,,270,L-MMMMx,0.0,2+2,I8,-2.0,25,0.01729703166432985,0.005652092397212982
24349,JG075B,200,S075_SNV,8.0,False,I8,100000000.0,HEX,JG075B_200,STANDARD,,271,L-MMMMx,0.0,2+2,I8,-2.0,25,-0.029560393105651263,0.01924501545727253
24350,JG075B,200,S075_SNV,8.0,False,I8,100000000.0,FAM,JG075B_200,STANDARD,,270,L-MMMMx,0.0,2+2,I8,-2.0,26,0.017105760309953977,0.004425546154379845
24351,JG075B,200,S075_SNV,8.0,False,I8,100000000.0,HEX,JG075B_200,STANDARD,,271,L-MMMMx,0.0,2+2,I8,-2.0,26,-0.04526766915250406,0.03233819827437401
24352,JG075B,200,S075_SNV,8.0,False,I8,100000000.0,FAM,JG075B_200,STANDARD,,270,L-MMMMx,0.0,2+2,I8,-2.0,27,0.01765934930539834,0.0037752280477434397
24353,JG075B,200,S075_SNV,8.0,False,I8,100000000.0,HEX,JG075B_200,STANDARD,,271,L-MMMMx,0.0,2+2,I8,-2.0,27,-0.07035569328206986,0.053463805466890335
24354,JG075B,200,S075_SNV,8.0,False,I8,100000000.0,FAM,JG075B_200,STANDARD,,270,L-MMMMx,0.0,2+2,I8,-2.0,28,0.01668531004577306,0.001943128416314721
24355,JG075B,200,S075_SNV,8.0,False,I8,100000000.0,HEX,JG075B_200,STANDARD,,271,L-MMMMx,0.0,2+2,I8,-2.0,28,-0.10256908825958495,0.08069063723087311
24356,JG075B,200,S075_SNV,8.0,False,I8,100000000.0,FAM,JG075B_200,STANDARD,,270,L-MMMMx,0.0,2+2,I8,-2.0,29,0.015978434299258888,0.00031770794885233045
24357,JG075B,200,S075_SNV,8.0,False,I8,100000000.0,HEX,JG075B_200,STANDARD,,271,L-MMMMx,0.0,2+2,I8,-2.0,29,-0.14411542674065167,0.11590895801782608
24358,JG075B,200,S075_SNV,8.0,False,I8,100000000.0,FAM,JG075B_200,STANDARD,,270,L-MMMMx,0.0,2+2,I8,-2.0,30,0.014935321618003006,-0.001567827188409865
24359,JG075B,200,S075_SNV,8.0,False,I8,100000000.0,HEX,JG075B_200,STANDARD,,271,L-MMMMx,0.0,2+2,I8,-2.0,30,-0.19310212073760402,0.15749821066856384
24360,JG075B,200,S075_SNV,8.0,False,I8,100000000.0,FAM,JG075B_200,STANDARD,,270,L-MMMMx,0.0,2+2,I8,-2.0,31,0.015391753240690887,-0.0022933068685233593
24361,JG075B,200,S075_SNV,8.0,False,I8,100000000.0,HEX,JG075B_200,STANDARD,,271,L-MMMMx,0.0,2+2,I8,-2.0,31,-0.2458388377248479,0.20229847729206085
24362,JG075B,200,S075_SNV,8.0,False,I8,100000000.0,FAM,JG075B_200,STANDARD,,270,L-MMMMx,0.0,2+2,I8,-2.0,32,0.015408896393298592,-0.003358622547239065
24363,JG075B,200,S075_SNV,8.0,False,I8,100000000.0,HEX,JG075B_200,STANDARD,,271,L-MMMMx,0.0,2+2,I8,-2.0,32,-0.2995578196069537,0.2479398399591446
24364,JG075B,200,S075_SNV,8.0,False,I8,100000000.0,FAM,JG075B_200,STANDARD,,270,L-MMMMx,0.0,2+2,I8,-2.0,33,0.01487510870221459,-0.004850141238421202
24365,JG075B,200,S075_SNV,8.0,False,I8,100000000.0,HEX,JG075B_200,STANDARD,,271,L-MMMMx,0.0,2+2,I8,-2.0,33,-0.3543065403161939,0.2944629192352295
24366,JG075B,200,S075_SNV,8.0,False,I8,100000000.0,FAM,JG075B_200,STANDARD,,270,L-MMMMx,0.0,2+2,I8,-2.0,34,0.014884123303810554,-0.005921745207160711
24367,JG075B,200,S075_SNV,8.0,False,I8,100000000.0,HEX,JG075B_200,STANDARD,,271,L-MMMMx,0.0,2+2,I8,-2.0,34,-0.4092218374476157,0.3411286473274231
24368,JG075B,200,S075_SNV,8.0,False,I8,100000000.0,FAM,JG075B_200,STANDARD,,270,L-MMMMx,0.0,2+2,I8,-2.0,35,0.013103238677408185,-0.008378024213016033
24369,JG075B,200,S075_SNV,8.0,False,I8,100000000.0,HEX,JG075B_200,STANDARD,,271,L-MMMMx,0.0,2+2,I8,-2.0,35,-0.46016359429178605,0.3843919634819031
24370,JG075B,200,S075_SNV,8.0,False,I8,100000000.0,FAM,JG075B_200,STANDARD,,270,L-MMMMx,0.0,2+2,I8,-2.0,36,0.01234308432402557,-0.010044661350548267
24371,JG075B,200,S075_SNV,8.0,False,I8,100000000.0,HEX,JG075B_200,STANDARD,,271,L-MMMMx,0.0,2+2,I8,-2.0,36,-0.5075383324974891,0.4246009588241577
24372,JG075B,200,S075_SNV,8.0,False,I8,100000000.0,FAM,JG075B_200,STANDARD,,270,L-MMMMx,0.0,2+2,I8,-2.0,37,0.011705127903388223,-0.011616765521466732
24373,JG075B,200,S075_SNV,8.0,False,I8,100000000.0,HEX,JG075B_200,STANDARD,,271,L-MMMMx,0.0,2+2,I8,-2.0,37,-0.5536394188867874,0.46371933817863464
24374,JG075B,200,S075_SNV,8.0,False,I8,100000000.0,FAM,JG075B_200,STANDARD,,270,L-MMMMx,0.0,2+2,I8,-2.0,38,0.011438426677538444,-0.012901664711534977
24375,JG075B,200,S075_SNV,8.0,False,I8,100000000.0,HEX,JG075B_200,STANDARD,,271,L-MMMMx,0.0,2+2,I8,-2.0,38,-0.5933594379777297,0.4973738491535187
24376,JG075B,200,S075_SNV,8.0,False,I8,100000000.0,FAM,JG075B_200,STANDARD,,270,L-MMMMx,0.0,2+2,I8,-2.0,39,0.011698925549298692,-0.013778719119727612
24377,JG075B,200,S075_SNV,8.0,False,I8,100000000.0,HEX,JG075B_200,STANDARD,,271,L-MMMMx,0.0,2+2,I8,-2.0,39,-0.6321640176503225,0.5302444696426392
24378,JG075B,200,S075_SNV,8.0,False,I8,100000000.0,FAM,JG075B_200,STANDARD,,270,L-MMMMx,0.0,2+2,I8,-2.0,40,0.011300125738523462,-0.015165810473263264
24379,JG075B,200,S075_SNV,8.0,False,I8,100000000.0,HEX,JG075B_200,STANDARD,,271,L-MMMMx,0.0,2+2,I8,-2.0,40,-0.6681920683836935,0.560737669467926
24380,JG075B,200,S075_SNV,8.0,False,I8,100000000.0,FAM,JG075B_200,STANDARD,,270,L-MMMMx,0.0,2+2,I8,-2.0,41,0.011033347464796795,-0.01645076833665371
24381,JG075B,200,S075_SNV,8.0,False,I8,100000000.0,HEX,JG075B_200,STANDARD,,271,L-MMMMx,0.0,2+2,I8,-2.0,41,-0.7026324571709224,0.5898714065551758
24382,JG075B,200,S075_SNV,8.0,False,I8,100000000.0,FAM,JG075B_200,STANDARD,,270,L-MMMMx,0.0,2+2,I8,-2.0,42,0.011110626485316029,-0.017469562590122223
24383,JG075B,200,S075_SNV,8.0,False,I8,100000000.0,HEX,JG075B_200,STANDARD,,271,L-MMMMx,0.0,2+2,I8,-2.0,42,-0.7280612216208304,0.6112887859344482
24384,JG075B,200,S075_SNV,8.0,False,I8,100000000.0,FAM,JG075B_200,STANDARD,,270,L-MMMMx,0.0,2+2,I8,-2.0,43,0.012392895776434027,-0.017556170001626015
24385,JG075B,200,S075_SNV,8.0,False,I8,100000000.0,HEX,JG075B_200,STANDARD,,271,L-MMMMx,0.0,2+2,I8,-2.0,43,-0.7506243564961667,0.6302524209022522
24386,JG075B,200,S075_SNV,8.0,False,I8,100000000.0,FAM,JG075B_200,STANDARD,,270,L-MMMMx,0.0,2+2,I8,-2.0,44,0.013172196527223453,-0.018031876534223557
24387,JG075B,200,S075_SNV,8.0,False,I8,100000000.0,HEX,JG075B_200,STANDARD,,271,L-MMMMx,0.0,2+2,I8,-2.0,44,-0.7736497705272523,0.6496118903160095
24388,JG075B,200,S075_SNV,8.0,False,I8,100000000.0,FAM,JG075B_200,STANDARD,,270,L-MMMMx,0.0,2+2,I8,-2.0,45,0.013790621311069546,-0.018632037565112114
24389,JG075B,200,S075_SNV,8.0,False,I8,100000000.0,HEX,JG075B_200,STANDARD,,271,L-MMMMx,0.0,2+2,I8,-2.0,45,-0.7923408563077904,0.6652600169181824
24390,JG075B,200,S075_SNV,8.0,False,I8,100000000.0,FAM,JG075B_200,STANDARD,,270,L-MMMMx,0.0,2+2,I8,-2.0,46,0.015004163896002943,-0.018771812319755554
24391,JG075B,200,S075_SNV,8.0,False,I8,100000000.0,HEX,JG075B_200,STANDARD,,271,L-MMMMx,0.0,2+2,I8,-2.0,46,-0.8073140788586087,0.6777246594429016
24392,JG075B,200,S075_SNV,8.0,False,I8,100000000.0,FAM,JG075B_200,STANDARD,,270,L-MMMMx,0.0,2+2,I8,-2.0,47,0.015584835220173638,-0.019401179626584053
24393,JG075B,200,S075_SNV,8.0,False,I8,100000000.0,HEX,JG075B_200,STANDARD,,271,L-MMMMx,0.0,2+2,I8,-2.0,47,-0.8237511970042782,0.6914427280426025
24394,JG075B,200,S075_SNV,8.0,False,I8,100000000.0,FAM,JG075B_200,STANDARD,,270,L-MMMMx,0.0,2+2,I8,-2.0,48,0.01582017796012977,-0.020297694951295853
24395,JG075B,200,S075_SNV,8.0,False,I8,100000000.0,HEX,JG075B_200,STANDARD,,271,L-MMMMx,0.0,2+2,I8,-2.0,48,-0.834530355195354,0.7003161311149597
24396,JG075B,200,S075_SNV,8.0,False,I8,100000000.0,FAM,JG075B_200,STANDARD,,270,L-MMMMx,0.0,2+2,I8,-2.0,49,0.017353661853842947,-0.020189961418509483
24397,JG075B,200,S075_SNV,8.0,False,I8,100000000.0,HEX,JG075B_200,STANDARD,,271,L-MMMMx,0.0,2+2,I8,-2.0,49,-0.8454664836463626,0.7093239426612854
24398,JG075B,200,S075_SNV,8.0,False,I8,100000000.0,FAM,JG075B_200,STANDARD,,270,L-MMMMx,0.0,2+2,I8,-2.0,50,0.020046908914421298,-0.019185028970241547
24399,JG075B,200,S075_SNV,8.0,False,I8,100000000.0,HEX,JG075B_200,STANDARD,,271,L-MMMMx,0.0,2+2,I8,-2.0,50,-0.8562281697597252,0.718182384967804
25920,JG075B,217,S075_SNV,7.0,False,J1,10000000.0,FAM,JG075B_217,STANDARD,,288,L-MMMMx,3.1622776601683795,2+2,J1,0.5,1,0.002308845571796673,0.003468472510576248
25921,JG075B,217,S075_SNV,7.0,False,J1,10000000.0,HEX,JG075B_217,STANDARD,,289,L-MMMMx,3.1622776601683795,2+2,J1,0.5,1,-0.0009066424708554618,0.0029846609104424715
25922,JG075B,217,S075_SNV,7.0,False,J1,10000000.0,FAM,JG075B_217,STANDARD,,288,L-MMMMx,3.1622776601683795,2+2,J1,0.5,2,0.0016069008894033707,0.0026420815847814083
25923,JG075B,217,S075_SNV,7.0,False,J1,10000000.0,HEX,JG075B_217,STANDARD,,289,L-MMMMx,3.1622776601683795,2+2,J1,0.5,2,-0.0014190581364569488,0.003093256615102291
25924,JG075B,217,S075_SNV,7.0,False,J1,10000000.0,FAM,JG075B_217,STANDARD,,288,L-MMMMx,3.1622776601683795,2+2,J1,0.5,3,0.0004662070720681161,0.0014762721257284284
25925,JG075B,217,S075_SNV,7.0,False,J1,10000000.0,HEX,JG075B_217,STANDARD,,289,L-MMMMx,3.1622776601683795,2+2,J1,0.5,3,-0.001071008779621162,0.0024650641717016697
25926,JG075B,217,S075_SNV,7.0,False,J1,10000000.0,FAM,JG075B_217,STANDARD,,288,L-MMMMx,3.1622776601683795,2+2,J1,0.5,4,0.00016283105681937817,0.000958216143772006
25927,JG075B,217,S075_SNV,7.0,False,J1,10000000.0,HEX,JG075B_217,STANDARD,,289,L-MMMMx,3.1622776601683795,2+2,J1,0.5,4,0.0009066598733233035,0.00044148240704089403
25928,JG075B,217,S075_SNV,7.0,False,J1,10000000.0,FAM,JG075B_217,STANDARD,,288,L-MMMMx,3.1622776601683795,2+2,J1,0.5,5,-0.000720368755954281,-8.394627911911812e-06
25929,JG075B,217,S075_SNV,7.0,False,J1,10000000.0,HEX,JG075B_217,STANDARD,,289,L-MMMMx,3.1622776601683795,2+2,J1,0.5,5,0.0010824770059289011,-3.923315671272576e-05
25930,JG075B,217,S075_SNV,7.0,False,J1,10000000.0,FAM,JG075B_217,STANDARD,,288,L-MMMMx,3.1622776601683795,2+2,J1,0.5,6,-0.0007526903403090354,-0.00031676149228587747
25931,JG075B,217,S075_SNV,7.0,False,J1,10000000.0,HEX,JG075B_217,STANDARD,,289,L-MMMMx,3.1622776601683795,2+2,J1,0.5,6,0.0004681872935815794,0.00015659380005672574
25932,JG075B,217,S075_SNV,7.0,False,J1,10000000.0,FAM,JG075B_217,STANDARD,,288,L-MMMMx,3.1622776601683795,2+2,J1,0.5,7,-0.0005594927890109503,-0.00045066559687256813
25933,JG075B,217,S075_SNV,7.0,False,J1,10000000.0,HEX,JG075B_217,STANDARD,,289,L-MMMMx,3.1622776601683795,2+2,J1,0.5,7,0.00022380443767933174,3.568167448975146e-05
25934,JG075B,217,S075_SNV,7.0,False,J1,10000000.0,FAM,JG075B_217,STANDARD,,288,L-MMMMx,3.1622776601683795,2+2,J1,0.5,8,-4.0922053612440874e-05,-0.00033285925746895373
25935,JG075B,217,S075_SNV,7.0,False,J1,10000000.0,HEX,JG075B_217,STANDARD,,289,L-MMMMx,3.1622776601683795,2+2,J1,0.5,8,-0.00017845360648362875,4.995288691134192e-05
25936,JG075B,217,S075_SNV,7.0,False,J1,10000000.0,FAM,JG075B_217,STANDARD,,288,L-MMMMx,3.1622776601683795,2+2,J1,0.5,9,0.00029901317921992275,-0.0003532462869770825
25937,JG075B,217,S075_SNV,7.0,False,J1,10000000.0,HEX,JG075B_217,STANDARD,,289,L-MMMMx,3.1622776601683795,2+2,J1,0.5,9,-0.0007327744146481444,0.0001944304385688156
25938,JG075B,217,S075_SNV,7.0,False,J1,10000000.0,FAM,JG075B_217,STANDARD,,288,L-MMMMx,3.1622776601683795,2+2,J1,0.5,10,0.0011454226307792905,1.8177817764808424e-05
25939,JG075B,217,S075_SNV,7.0,False,J1,10000000.0,HEX,JG075B_217,STANDARD,,289,L-MMMMx,3.1622776601683795,2+2,J1,0.5,10,-0.0006988918097601807,-0.00016475125448778272
25940,JG075B,217,S075_SNV,7.0,False,J1,10000000.0,FAM,JG075B_217,STANDARD,,288,L-MMMMx,3.1622776601683795,2+2,J1,0.5,11,0.0011926529793119828,-0.00022864725906401873
25941,JG075B,217,S075_SNV,7.0,False,J1,10000000.0,HEX,JG075B_217,STANDARD,,289,L-MMMMx,3.1622776601683795,2+2,J1,0.5,11,-0.0009346082366772172,-0.00029308415832929313
25942,JG075B,217,S075_SNV,7.0,False,J1,10000000.0,FAM,JG075B_217,STANDARD,,288,L-MMMMx,3.1622776601683795,2+2,J1,0.5,12,0.0011322474438313452,-0.0005587400519289076
25943,JG075B,217,S075_SNV,7.0,False,J1,10000000.0,HEX,JG075B_217,STANDARD,,289,L-MMMMx,3.1622776601683795,2+2,J1,0.5,12,-0.0010319750442520286,-0.0005398812936618924
25944,JG075B,217,S075_SNV,7.0,False,J1,10000000.0,FAM,JG075B_217,STANDARD,,288,L-MMMMx,3.1622776601683795,2+2,J1,0.5,13,0.0014931396991773995,-0.0005629145889542997
25945,JG075B,217,S075_SNV,7.0,False,J1,10000000.0,HEX,JG075B_217,STANDARD,,289,L-MMMMx,3.1622776601683795,2+2,J1,0.5,13,-0.0011779295420411156,-0.0007450743578374386
25946,JG075B,217,S075_SNV,7.0,False,J1,10000000.0,FAM,JG075B_217,STANDARD,,288,L-MMMMx,3.1622776601683795,2+2,J1,0.5,14,0.0011909579260204345,-0.0010800467571243644
25947,JG075B,217,S075_SNV,7.0,False,J1,10000000.0,HEX,JG075B_217,STANDARD,,289,L-MMMMx,3.1622776601683795,2+2,J1,0.5,14,-0.0015305383454514512,-0.0007733161910437047
25948,JG075B,217,S075_SNV,7.0,False,J1,10000000.0,FAM,JG075B_217,STANDARD,,288,L-MMMMx,3.1622776601683795,2+2,J1,0.5,15,0.002114030015083928,-0.0006493160035461187
25949,JG075B,217,S075_SNV,7.0,False,J1,10000000.0,HEX,JG075B_217,STANDARD,,289,L-MMMMx,3.1622776601683795,2+2,J1,0.5,15,-0.0016853332969041673,-0.0009709394653327763
25950,JG075B,217,S075_SNV,7.0,False,J1,10000000.0,FAM,JG075B_217,STANDARD,,288,L-MMMMx,3.1622776601683795,2+2,J1,0.5,16,0.0028925602871044667,-0.0003304036217741668
25951,JG075B,217,S075_SNV,7.0,False,J1,10000000.0,HEX,JG075B_217,STANDARD,,289,L-MMMMx,3.1622776601683795,2+2,J1,0.5,16,-0.0019584824321488927,-0.0010672200005501509
25952,JG075B,217,S075_SNV,7.0,False,J1,10000000.0,FAM,JG075B_217,STANDARD,,288,L-MMMMx,3.1622776601683795,2+2,J1,0.5,17,0.00324732723623788,-0.0003393167571630329
25953,JG075B,217,S075_SNV,7.0,False,J1,10000000.0,HEX,JG075B_217,STANDARD,,289,L-MMMMx,3.1622776601683795,2+2,J1,0.5,17,-0.0025797853390364554,-0.0008653878467157483
25954,JG075B,217,S075_SNV,7.0,False,J1,10000000.0,FAM,JG075B_217,STANDARD,,288,L-MMMMx,3.1622776601683795,2+2,J1,0.5,18,0.0038224125893341543,-0.00017779041081666946
25955,JG075B,217,S075_SNV,7.0,False,J1,10000000.0,HEX,JG075B_217,STANDARD,,289,L-MMMMx,3.1622776601683795,2+2,J1,0.5,18,-0.002157288224773494,-0.0015573273412883282
25956,JG075B,217,S075_SNV,7.0,False,J1,10000000.0,FAM,JG075B_217,STANDARD,,288,L-MMMMx,3.1622776601683795,2+2,J1,0.5,19,0.005167668519808558,0.0005795439356006682
25957,JG075B,217,S075_SNV,7.0,False,J1,10000000.0,HEX,JG075B_217,STANDARD,,289,L-MMMMx,3.1622776601683795,2+2,J1,0.5,19,-0.002242716939408838,-0.0018143467605113983
25958,JG075B,217,S075_SNV,7.0,False,J1,10000000.0,FAM,JG075B_217,STANDARD,,288,L-MMMMx,3.1622776601683795,2+2,J1,0.5,20,0.007831444767477031,0.0023568926844745874
25959,JG075B,217,S075_SNV,7.0,False,J1,10000000.0,HEX,JG075B_217,STANDARD,,289,L-MMMMx,3.1622776601683795,2+2,J1,0.5,20,-0.0035260097229980673,-0.001045674434863031
25960,JG075B,217,S075_SNV,7.0,False,J1,10000000.0,FAM,JG075B_217,STANDARD,,288,L-MMMMx,3.1622776601683795,2+2,J1,0.5,21,0.012694321517299025,0.005835477262735367
25961,JG075B,217,S075_SNV,7.0,False,J1,10000000.0,HEX,JG075B_217,STANDARD,,289,L-MMMMx,3.1622776601683795,2+2,J1,0.5,21,-0.00468621485154232,-0.000382398022338748
25962,JG075B,217,S075_SNV,7.0,False,J1,10000000.0,FAM,JG075B_217,STANDARD,,288,L-MMMMx,3.1622776601683795,2+2,J1,0.5,22,0.01838792847573356,0.009956718422472477
25963,JG075B,217,S075_SNV,7.0,False,J1,10000000.0,HEX,JG075B_217,STANDARD,,289,L-MMMMx,3.1622776601683795,2+2,J1,0.5,22,-0.007499915462074187,0.00169671222101897
25964,JG075B,217,S075_SNV,7.0,False,J1,10000000.0,FAM,JG075B_217,STANDARD,,288,L-MMMMx,3.1622776601683795,2+2,J1,0.5,23,0.025865810167153565,0.015458284877240658
25965,JG075B,217,S075_SNV,7.0,False,J1,10000000.0,HEX,JG075B_217,STANDARD,,289,L-MMMMx,3.1622776601683795,2+2,J1,0.5,23,-0.011998714436194357,0.00521871680393815
25966,JG075B,217,S075_SNV,7.0,False,J1,10000000.0,FAM,JG075B_217,STANDARD,,288,L-MMMMx,3.1622776601683795,2+2,J1,0.5,24,0.03539066132781061,0.022543396800756454
25967,JG075B,217,S075_SNV,7.0,False,J1,10000000.0,HEX,JG075B_217,STANDARD,,289,L-MMMMx,3.1622776601683795,2+2,J1,0.5,24,-0.01893331943166194,0.010826421901583672
25968,JG075B,217,S075_SNV,7.0,False,J1,10000000.0,FAM,JG075B_217,STANDARD,,288,L-MMMMx,3.1622776601683795,2+2,J1,0.5,25,0.045179401466810994,0.02983265556395054
25969,JG075B,217,S075_SNV,7.0,False,J1,10000000.0,HEX,JG075B_217,STANDARD,,289,L-MMMMx,3.1622776601683795,2+2,J1,0.5,25,-0.03139373004093289,0.021165693178772926
25970,JG075B,217,S075_SNV,7.0,False,J1,10000000.0,FAM,JG075B_217,STANDARD,,288,L-MMMMx,3.1622776601683795,2+2,J1,0.5,26,0.05483165129190329,0.03701632469892502
25971,JG075B,217,S075_SNV,7.0,False,J1,10000000.0,HEX,JG075B_217,STANDARD,,289,L-MMMMx,3.1622776601683795,2+2,J1,0.5,26,-0.048340044395653245,0.03534609451889992
25972,JG075B,217,S075_SNV,7.0,False,J1,10000000.0,FAM,JG075B_217,STANDARD,,288,L-MMMMx,3.1622776601683795,2+2,J1,0.5,27,0.06392037294543258,0.04376404359936714
25973,JG075B,217,S075_SNV,7.0,False,J1,10000000.0,HEX,JG075B_217,STANDARD,,289,L-MMMMx,3.1622776601683795,2+2,J1,0.5,27,-0.07305212301243288,0.056176066398620605
25974,JG075B,217,S075_SNV,7.0,False,J1,10000000.0,FAM,JG075B_217,STANDARD,,288,L-MMMMx,3.1622776601683795,2+2,J1,0.5,28,0.07436617737853869,0.051561612635850906
25975,JG075B,217,S075_SNV,7.0,False,J1,10000000.0,HEX,JG075B_217,STANDARD,,289,L-MMMMx,3.1622776601683795,2+2,J1,0.5,28,-0.10653013792554296,0.08451202511787415
25976,JG075B,217,S075_SNV,7.0,False,J1,10000000.0,FAM,JG075B_217,STANDARD,,288,L-MMMMx,3.1622776601683795,2+2,J1,0.5,29,0.08235939379452788,0.05746184289455414
25977,JG075B,217,S075_SNV,7.0,False,J1,10000000.0,HEX,JG075B_217,STANDARD,,289,L-MMMMx,3.1622776601683795,2+2,J1,0.5,29,-0.1488027161945832,0.12037847191095352
25978,JG075B,217,S075_SNV,7.0,False,J1,10000000.0,FAM,JG075B_217,STANDARD,,288,L-MMMMx,3.1622776601683795,2+2,J1,0.5,30,0.08908794635926812,0.06238372623920441
25979,JG075B,217,S075_SNV,7.0,False,J1,10000000.0,HEX,JG075B_217,STANDARD,,289,L-MMMMx,3.1622776601683795,2+2,J1,0.5,30,-0.1977313207538797,0.16194425523281097
25980,JG075B,217,S075_SNV,7.0,False,J1,10000000.0,FAM,JG075B_217,STANDARD,,288,L-MMMMx,3.1622776601683795,2+2,J1,0.5,31,0.09335624464314102,0.06540233641862869
25981,JG075B,217,S075_SNV,7.0,False,J1,10000000.0,HEX,JG075B_217,STANDARD,,289,L-MMMMx,3.1622776601683795,2+2,J1,0.5,31,-0.24785624056249214,0.2045344114303589
25982,JG075B,217,S075_SNV,7.0,False,J1,10000000.0,FAM,JG075B_217,STANDARD,,288,L-MMMMx,3.1622776601683795,2+2,J1,0.5,32,0.09890103362736528,0.06940845400094986
25983,JG075B,217,S075_SNV,7.0,False,J1,10000000.0,HEX,JG075B_217,STANDARD,,289,L-MMMMx,3.1622776601683795,2+2,J1,0.5,32,-0.2999475348224197,0.24880830943584442
25984,JG075B,217,S075_SNV,7.0,False,J1,10000000.0,FAM,JG075B_217,STANDARD,,288,L-MMMMx,3.1622776601683795,2+2,J1,0.5,33,0.10465739608152556,0.07357824593782425
25985,JG075B,217,S075_SNV,7.0,False,J1,10000000.0,HEX,JG075B_217,STANDARD,,289,L-MMMMx,3.1622776601683795,2+2,J1,0.5,33,-0.3525827606172103,0.29354795813560486
25986,JG075B,217,S075_SNV,7.0,False,J1,10000000.0,FAM,JG075B_217,STANDARD,,288,L-MMMMx,3.1622776601683795,2+2,J1,0.5,34,0.1087104225973718,0.07643032819032669
25987,JG075B,217,S075_SNV,7.0,False,J1,10000000.0,HEX,JG075B_217,STANDARD,,289,L-MMMMx,3.1622776601683795,2+2,J1,0.5,34,-0.40483962195618467,0.33796361088752747
25988,JG075B,217,S075_SNV,7.0,False,J1,10000000.0,FAM,JG075B_217,STANDARD,,288,L-MMMMx,3.1622776601683795,2+2,J1,0.5,35,0.11252359907246395,0.07909685373306274
25989,JG075B,217,S075_SNV,7.0,False,J1,10000000.0,HEX,JG075B_217,STANDARD,,289,L-MMMMx,3.1622776601683795,2+2,J1,0.5,35,-0.45419253348639965,0.3798927068710327
25990,JG075B,217,S075_SNV,7.0,False,J1,10000000.0,FAM,JG075B_217,STANDARD,,288,L-MMMMx,3.1622776601683795,2+2,J1,0.5,36,0.11448084628906426,0.08032763004302979
25991,JG075B,217,S075_SNV,7.0,False,J1,10000000.0,HEX,JG075B_217,STANDARD,,289,L-MMMMx,3.1622776601683795,2+2,J1,0.5,36,-0.4963916385362119,0.41569626331329346
25992,JG075B,217,S075_SNV,7.0,False,J1,10000000.0,FAM,JG075B_217,STANDARD,,288,L-MMMMx,3.1622776601683795,2+2,J1,0.5,37,0.11742692595765244,0.08232337236404419
25993,JG075B,217,S075_SNV,7.0,False,J1,10000000.0,HEX,JG075B_217,STANDARD,,289,L-MMMMx,3.1622776601683795,2+2,J1,0.5,37,-0.5380010087558015,0.4509948194026947
25994,JG075B,217,S075_SNV,7.0,False,J1,10000000.0,FAM,JG075B_217,STANDARD,,288,L-MMMMx,3.1622776601683795,2+2,J1,0.5,38,0.11935736051309552,0.0835333988070488
25995,JG075B,217,S075_SNV,7.0,False,J1,10000000.0,HEX,JG075B_217,STANDARD,,289,L-MMMMx,3.1622776601683795,2+2,J1,0.5,38,-0.5775515278099648,0.4845304787158966
25996,JG075B,217,S075_SNV,7.0,False,J1,10000000.0,FAM,JG075B_217,STANDARD,,288,L-MMMMx,3.1622776601683795,2+2,J1,0.5,39,0.12027538596622281,0.08396022766828537
25997,JG075B,217,S075_SNV,7.0,False,J1,10000000.0,HEX,JG075B_217,STANDARD,,289,L-MMMMx,3.1622776601683795,2+2,J1,0.5,39,-0.6125616037844624,0.5141782760620117
25998,JG075B,217,S075_SNV,7.0,False,J1,10000000.0,FAM,JG075B_217,STANDARD,,288,L-MMMMx,3.1622776601683795,2+2,J1,0.5,40,0.12194782570590453,0.08497067540884018
25999,JG075B,217,S075_SNV,7.0,False,J1,10000000.0,HEX,JG075B_217,STANDARD,,289,L-MMMMx,3.1622776601683795,2+2,J1,0.5,40,-0.6440679364935656,0.5408259630203247
26000,JG075B,217,S075_SNV,7.0,False,J1,10000000.0,FAM,JG075B_217,STANDARD,,288,L-MMMMx,3.1622776601683795,2+2,J1,0.5,41,0.12321071745598505,0.0856642872095108
26001,JG075B,217,S075_SNV,7.0,False,J1,10000000.0,HEX,JG075B_217,STANDARD,,289,L-MMMMx,3.1622776601683795,2+2,J1,0.5,41,-0.6731576929082866,0.5654043555259705
26002,JG075B,217,S075_SNV,7.0,False,J1,10000000.0,FAM,JG075B_217,STANDARD,,288,L-MMMMx,3.1622776601683795,2+2,J1,0.5,42,0.12481096333502216,0.08661888539791107
26003,JG075B,217,S075_SNV,7.0,False,J1,10000000.0,HEX,JG075B_217,STANDARD,,289,L-MMMMx,3.1622776601683795,2+2,J1,0.5,42,-0.6974254343136619,0.5858538746833801
26004,JG075B,217,S075_SNV,7.0,False,J1,10000000.0,FAM,JG075B_217,STANDARD,,288,L-MMMMx,3.1622776601683795,2+2,J1,0.5,43,0.12854250758455085,0.0892222672700882
26005,JG075B,217,S075_SNV,7.0,False,J1,10000000.0,HEX,JG075B_217,STANDARD,,289,L-MMMMx,3.1622776601683795,2+2,J1,0.5,43,-0.7204408245232705,0.6052310466766357
26006,JG075B,217,S075_SNV,7.0,False,J1,10000000.0,FAM,JG075B_217,STANDARD,,288,L-MMMMx,3.1622776601683795,2+2,J1,0.5,44,0.12973698081995433,0.08986295759677887
26007,JG075B,217,S075_SNV,7.0,False,J1,10000000.0,HEX,JG075B_217,STANDARD,,289,L-MMMMx,3.1622776601683795,2+2,J1,0.5,44,-0.7393387908415119,0.6210825443267822
26008,JG075B,217,S075_SNV,7.0,False,J1,10000000.0,FAM,JG075B_217,STANDARD,,288,L-MMMMx,3.1622776601683795,2+2,J1,0.5,45,0.1310342744470656,0.0905831828713417
26009,JG075B,217,S075_SNV,7.0,False,J1,10000000.0,HEX,JG075B_217,STANDARD,,289,L-MMMMx,3.1622776601683795,2+2,J1,0.5,45,-0.7566951073385848,0.6356140375137329
26010,JG075B,217,S075_SNV,7.0,False,J1,10000000.0,FAM,JG075B_217,STANDARD,,288,L-MMMMx,3.1622776601683795,2+2,J1,0.5,46,0.13153477745533376,0.09068701416254044
26011,JG075B,217,S075_SNV,7.0,False,J1,10000000.0,HEX,JG075B_217,STANDARD,,289,L-MMMMx,3.1622776601683795,2+2,J1,0.5,46,-0.7714107733653446,0.6478844285011292
26012,JG075B,217,S075_SNV,7.0,False,J1,10000000.0,FAM,JG075B_217,STANDARD,,288,L-MMMMx,3.1622776601683795,2+2,J1,0.5,47,0.13328314787768913,0.09175620228052139
26013,JG075B,217,S075_SNV,7.0,False,J1,10000000.0,HEX,JG075B_217,STANDARD,,289,L-MMMMx,3.1622776601683795,2+2,J1,0.5,47,-0.7853245336739547,0.6594681143760681
26014,JG075B,217,S075_SNV,7.0,False,J1,10000000.0,FAM,JG075B_217,STANDARD,,288,L-MMMMx,3.1622776601683795,2+2,J1,0.5,48,0.1353155167742558,0.09304508566856384
26015,JG075B,217,S075_SNV,7.0,False,J1,10000000.0,HEX,JG075B_217,STANDARD,,289,L-MMMMx,3.1622776601683795,2+2,J1,0.5,48,-0.7957660839888997,0.6680787205696106
26016,JG075B,217,S075_SNV,7.0,False,J1,10000000.0,FAM,JG075B_217,STANDARD,,288,L-MMMMx,3.1622776601683795,2+2,J1,0.5,49,0.1352252166625424,0.09269186854362488
26017,JG075B,217,S075_SNV,7.0,False,J1,10000000.0,HEX,JG075B_217,STANDARD,,289,L-MMMMx,3.1622776601683795,2+2,J1,0.5,49,-0.8065018056202423,0.6769412159919739
26018,JG075B,217,S075_SNV,7.0,False,J1,10000000.0,FAM,JG075B_217,STANDARD,,288,L-MMMMx,3.1622776601683795,2+2,J1,0.5,50,0.13551152657306031,0.09262999892234802
26019,JG075B,217,S075_SNV,7.0,False,J1,10000000.0,HEX,JG075B_217,STANDARD,,289,L-MMMMx,3.1622776601683795,2+2,J1,0.5,50,-0.8153197056855483,0.6841614842414856
26280,JG075B,219,S075_SNV,7.0,False,J3,10000000.0,FAM,JG075B_219,STANDARD,,292,L-MMMMx,1.0,2+2,J3,0.0,1,-0.0005253365020877868,0.0017998378025367856
26281,JG075B,219,S075_SNV,7.0,False,J3,10000000.0,HEX,JG075B_219,STANDARD,,293,L-MMMMx,1.0,2+2,J3,0.0,1,1.8492297390381393e-05,0.002328811213374138
26282,JG075B,219,S075_SNV,7.0,False,J3,10000000.0,FAM,JG075B_219,STANDARD,,292,L-MMMMx,1.0,2+2,J3,0.0,2,-0.0008620357240908305,0.0011775371385738254
26283,JG075B,219,S075_SNV,7.0,False,J3,10000000.0,HEX,JG075B_219,STANDARD,,293,L-MMMMx,1.0,2+2,J3,0.0,2,-0.0002770538139667269,0.002246111398562789
26284,JG075B,219,S075_SNV,7.0,False,J3,10000000.0,FAM,JG075B_219,STANDARD,,292,L-MMMMx,1.0,2+2,J3,0.0,3,-0.0005997262272236996,0.0010186327854171395
26285,JG075B,219,S075_SNV,7.0,False,J3,10000000.0,HEX,JG075B_219,STANDARD,,293,L-MMMMx,1.0,2+2,J3,0.0,3,-0.00017761611271874264,0.001825199811719358
26286,JG075B,219,S075_SNV,7.0,False,J3,10000000.0,FAM,JG075B_219,STANDARD,,292,L-MMMMx,1.0,2+2,J3,0.0,4,-0.0014037400845251327,3.48151006619446e-05
26287,JG075B,219,S075_SNV,7.0,False,J3,10000000.0,HEX,JG075B_219,STANDARD,,293,L-MMMMx,1.0,2+2,J3,0.0,4,-6.286423976998375e-05,0.0013911750866100192
26288,JG075B,219,S075_SNV,7.0,False,J3,10000000.0,FAM,JG075B_219,STANDARD,,292,L-MMMMx,1.0,2+2,J3,0.0,5,-0.0011194719427447596,-0.0001071019287337549
26289,JG075B,219,S075_SNV,7.0,False,J3,10000000.0,HEX,JG075B_219,STANDARD,,293,L-MMMMx,1.0,2+2,J3,0.0,5,-0.0002991549481257994,0.0012577367015182972
26290,JG075B,219,S075_SNV,7.0,False,J3,10000000.0,FAM,JG075B_219,STANDARD,,292,L-MMMMx,1.0,2+2,J3,0.0,6,-0.0005763036726495747,-4.8732450522948056e-05
26291,JG075B,219,S075_SNV,7.0,False,J3,10000000.0,HEX,JG075B_219,STANDARD,,293,L-MMMMx,1.0,2+2,J3,0.0,6,-0.0007039711550615029,0.0012686011614277959
26292,JG075B,219,S075_SNV,7.0,False,J3,10000000.0,FAM,JG075B_219,STANDARD,,292,L-MMMMx,1.0,2+2,J3,0.0,7,-2.6335927418973775e-05,1.4897137589287013e-05
26293,JG075B,219,S075_SNV,7.0,False,J3,10000000.0,HEX,JG075B_219,STANDARD,,293,L-MMMMx,1.0,2+2,J3,0.0,7,0.0005477187469270369,-0.00013894606672693044
26294,JG075B,219,S075_SNV,7.0,False,J3,10000000.0,FAM,JG075B_219,STANDARD,,292,L-MMMMx,1.0,2+2,J3,0.0,8,0.0016572372304731336,0.000955489871557802
26295,JG075B,219,S075_SNV,7.0,False,J3,10000000.0,HEX,JG075B_219,STANDARD,,293,L-MMMMx,1.0,2+2,J3,0.0,8,0.0008451095198753749,-0.0007293583475984633
26296,JG075B,219,S075_SNV,7.0,False,J3,10000000.0,FAM,JG075B_219,STANDARD,,292,L-MMMMx,1.0,2+2,J3,0.0,9,0.0013023161855859433,0.00031909270910546184
26297,JG075B,219,S075_SNV,7.0,False,J3,10000000.0,HEX,JG075B_219,STANDARD,,293,L-MMMMx,1.0,2+2,J3,0.0,9,8.396038141119287e-05,-0.00041337774018757045
26298,JG075B,219,S075_SNV,7.0,False,J3,10000000.0,FAM,JG075B_219,STANDARD,,292,L-MMMMx,1.0,2+2,J3,0.0,10,0.0007660244385030633,-0.0004576137871481478
26299,JG075B,219,S075_SNV,7.0,False,J3,10000000.0,HEX,JG075B_219,STANDARD,,293,L-MMMMx,1.0,2+2,J3,0.0,10,-0.000233182192537576,-0.00047758533037267625
26300,JG075B,219,S075_SNV,7.0,False,J3,10000000.0,FAM,JG075B_219,STANDARD,,292,L-MMMMx,1.0,2+2,J3,0.0,11,0.0010427418883483565,-0.0006053720717318356
26301,JG075B,219,S075_SNV,7.0,False,J3,10000000.0,HEX,JG075B_219,STANDARD,,293,L-MMMMx,1.0,2+2,J3,0.0,11,1.8648919600957498e-05,-0.0010289864148944616
26302,JG075B,219,S075_SNV,7.0,False,J3,10000000.0,FAM,JG075B_219,STANDARD,,292,L-MMMMx,1.0,2+2,J3,0.0,12,0.0010588448946180673,-0.0009547430672682822
26303,JG075B,219,S075_SNV,7.0,False,J3,10000000.0,HEX,JG075B_219,STANDARD,,293,L-MMMMx,1.0,2+2,J3,0.0,12,-0.00027352111299484366,-0.0011145771713927388
26304,JG075B,219,S075_SNV,7.0,False,J3,10000000.0,FAM,JG075B_219,STANDARD,,292,L-MMMMx,1.0,2+2,J3,0.0,13,0.0020773022552696085,-0.0005286874365992844
26305,JG075B,219,S075_SNV,7.0,False,J3,10000000.0,HEX,JG075B_219,STANDARD,,293,L-MMMMx,1.0,2+2,J3,0.0,13,-0.0011848535489336677,-0.0006699995137751102
26306,JG075B,219,S075_SNV,7.0,False,J3,10000000.0,FAM,JG075B_219,STANDARD,,292,L-MMMMx,1.0,2+2,J3,0.0,14,0.0028593767296270214,-0.0002854988561011851
26307,JG075B,219,S075_SNV,7.0,False,J3,10000000.0,HEX,JG075B_219,STANDARD,,293,L-MMMMx,1.0,2+2,J3,0.0,14,-0.0016824945193374755,-0.0005796522600576282
26308,JG075B,219,S075_SNV,7.0,False,J3,10000000.0,FAM,JG075B_219,STANDARD,,292,L-MMMMx,1.0,2+2,J3,0.0,15,0.002604040065618306,-0.0008448570151813328
26309,JG075B,219,S075_SNV,7.0,False,J3,10000000.0,HEX,JG075B_219,STANDARD,,293,L-MMMMx,1.0,2+2,J3,0.0,15,-0.0015029880635494184,-0.0010691240895539522
26310,JG075B,219,S075_SNV,7.0,False,J3,10000000.0,FAM,JG075B_219,STANDARD,,292,L-MMMMx,1.0,2+2,J3,0.0,16,0.0027817509936617886,-0.0010692073265090585
26311,JG075B,219,S075_SNV,7.0,False,J3,10000000.0,HEX,JG075B_219,STANDARD,,293,L-MMMMx,1.0,2+2,J3,0.0,16,-0.0009039777179671877,-0.0019178033107891679
26312,JG075B,219,S075_SNV,7.0,False,J3,10000000.0,FAM,JG075B_219,STANDARD,,292,L-MMMMx,1.0,2+2,J3,0.0,17,0.004836001487264798,0.00015814340440556407
26313,JG075B,219,S075_SNV,7.0,False,J3,10000000.0,HEX,JG075B_219,STANDARD,,293,L-MMMMx,1.0,2+2,J3,0.0,17,-0.0007815687591680415,-0.002358384430408478
26314,JG075B,219,S075_SNV,7.0,False,J3,10000000.0,FAM,JG075B_219,STANDARD,,292,L-MMMMx,1.0,2+2,J3,0.0,18,0.0050647951576854025,-2.6688974685384892e-05
26315,JG075B,219,S075_SNV,7.0,False,J3,10000000.0,HEX,JG075B_219,STANDARD,,293,L-MMMMx,1.0,2+2,J3,0.0,18,-0.0019192202893893358,-0.0017200171714648604
26316,JG075B,219,S075_SNV,7.0,False,J3,10000000.0,FAM,JG075B_219,STANDARD,,292,L-MMMMx,1.0,2+2,J3,0.0,19,0.0060862959094740415,0.000401721044909209
26317,JG075B,219,S075_SNV,7.0,False,J3,10000000.0,HEX,JG075B_219,STANDARD,,293,L-MMMMx,1.0,2+2,J3,0.0,19,-0.0030918681824404683,-0.0010516836773604155
26318,JG075B,219,S075_SNV,7.0,False,J3,10000000.0,FAM,JG075B_219,STANDARD,,292,L-MMMMx,1.0,2+2,J3,0.0,20,0.008653261499832029,0.0020257108844816685
26319,JG075B,219,S075_SNV,7.0,False,J3,10000000.0,HEX,JG075B_219,STANDARD,,293,L-MMMMx,1.0,2+2,J3,0.0,20,-0.004664581408706496,-4.0787392208585516e-05
26320,JG075B,219,S075_SNV,7.0,False,J3,10000000.0,FAM,JG075B_219,STANDARD,,292,L-MMMMx,1.0,2+2,J3,0.0,21,0.01309268311827445,0.005098242312669754
26321,JG075B,219,S075_SNV,7.0,False,J3,10000000.0,HEX,JG075B_219,STANDARD,,293,L-MMMMx,1.0,2+2,J3,0.0,21,-0.005914565868846541,0.0006937668658792973
26322,JG075B,219,S075_SNV,7.0,False,J3,10000000.0,FAM,JG075B_219,STANDARD,,292,L-MMMMx,1.0,2+2,J3,0.0,22,0.018941849740147006,0.00926136039197445
26323,JG075B,219,S075_SNV,7.0,False,J3,10000000.0,HEX,JG075B_219,STANDARD,,293,L-MMMMx,1.0,2+2,J3,0.0,22,-0.008080041954739596,0.002212226390838623
26324,JG075B,219,S075_SNV,7.0,False,J3,10000000.0,FAM,JG075B_219,STANDARD,,292,L-MMMMx,1.0,2+2,J3,0.0,23,0.025720290805172585,0.01414337009191513
26325,JG075B,219,S075_SNV,7.0,False,J3,10000000.0,HEX,JG075B_219,STANDARD,,293,L-MMMMx,1.0,2+2,J3,0.0,23,-0.011332667609177074,0.004661576356738806
26326,JG075B,219,S075_SNV,7.0,False,J3,10000000.0,FAM,JG075B_219,STANDARD,,292,L-MMMMx,1.0,2+2,J3,0.0,24,0.03372467916331062,0.01997377909719944
26327,JG075B,219,S075_SNV,7.0,False,J3,10000000.0,HEX,JG075B_219,STANDARD,,293,L-MMMMx,1.0,2+2,J3,0.0,24,-0.01827888005069513,0.010273623280227184
26328,JG075B,219,S075_SNV,7.0,False,J3,10000000.0,FAM,JG075B_219,STANDARD,,292,L-MMMMx,1.0,2+2,J3,0.0,25,0.04214951778562957,0.026129450649023056
26329,JG075B,219,S075_SNV,7.0,False,J3,10000000.0,HEX,JG075B_219,STANDARD,,293,L-MMMMx,1.0,2+2,J3,0.0,25,-0.02986417275960602,0.01985796168446541
26330,JG075B,219,S075_SNV,7.0,False,J3,10000000.0,FAM,JG075B_219,STANDARD,,292,L-MMMMx,1.0,2+2,J3,0.0,26,0.05177067879239732,0.03321060165762901
26331,JG075B,219,S075_SNV,7.0,False,J3,10000000.0,HEX,JG075B_219,STANDARD,,293,L-MMMMx,1.0,2+2,J3,0.0,26,-0.04828021253590469,0.03529124706983566
26332,JG075B,219,S075_SNV,7.0,False,J3,10000000.0,FAM,JG075B_219,STANDARD,,292,L-MMMMx,1.0,2+2,J3,0.0,27,0.06115091108813452,0.04010537266731262
26333,JG075B,219,S075_SNV,7.0,False,J3,10000000.0,HEX,JG075B_219,STANDARD,,293,L-MMMMx,1.0,2+2,J3,0.0,27,-0.07235069696829324,0.05556624382734299
26334,JG075B,219,S075_SNV,7.0,False,J3,10000000.0,FAM,JG075B_219,STANDARD,,292,L-MMMMx,1.0,2+2,J3,0.0,28,0.06931918028041455,0.04606255888938904
26335,JG075B,219,S075_SNV,7.0,False,J3,10000000.0,HEX,JG075B_219,STANDARD,,293,L-MMMMx,1.0,2+2,J3,0.0,28,-0.10603153764409937,0.08407027274370193
26336,JG075B,219,S075_SNV,7.0,False,J3,10000000.0,FAM,JG075B_219,STANDARD,,292,L-MMMMx,1.0,2+2,J3,0.0,29,0.07541139442993208,0.05041370168328285
26337,JG075B,219,S075_SNV,7.0,False,J3,10000000.0,HEX,JG075B_219,STANDARD,,293,L-MMMMx,1.0,2+2,J3,0.0,29,-0.1483331780344354,0.11995600908994675
26338,JG075B,219,S075_SNV,7.0,False,J3,10000000.0,FAM,JG075B_219,STANDARD,,292,L-MMMMx,1.0,2+2,J3,0.0,30,0.08161540504881494,0.05485132709145546
26339,JG075B,219,S075_SNV,7.0,False,J3,10000000.0,HEX,JG075B_219,STANDARD,,293,L-MMMMx,1.0,2+2,J3,0.0,30,-0.19520334908753367,0.15975363552570343
26340,JG075B,219,S075_SNV,7.0,False,J3,10000000.0,FAM,JG075B_219,STANDARD,,292,L-MMMMx,1.0,2+2,J3,0.0,31,0.08807968339582739,0.05949029698967934
26341,JG075B,219,S075_SNV,7.0,False,J3,10000000.0,HEX,JG075B_219,STANDARD,,293,L-MMMMx,1.0,2+2,J3,0.0,31,-0.2459156717956779,0.2028411626815796
26342,JG075B,219,S075_SNV,7.0,False,J3,10000000.0,FAM,JG075B_219,STANDARD,,292,L-MMMMx,1.0,2+2,J3,0.0,32,0.09352061184200587,0.06333760172128677
26343,JG075B,219,S075_SNV,7.0,False,J3,10000000.0,HEX,JG075B_219,STANDARD,,293,L-MMMMx,1.0,2+2,J3,0.0,32,-0.29968271929396273,0.2485443502664566
26344,JG075B,219,S075_SNV,7.0,False,J3,10000000.0,FAM,JG075B_219,STANDARD,,292,L-MMMMx,1.0,2+2,J3,0.0,33,0.0985998005061925,0.06690505892038345
26345,JG075B,219,S075_SNV,7.0,False,J3,10000000.0,HEX,JG075B_219,STANDARD,,293,L-MMMMx,1.0,2+2,J3,0.0,33,-0.35180063932968825,0.29283544421195984
26346,JG075B,219,S075_SNV,7.0,False,J3,10000000.0,FAM,JG075B_219,STANDARD,,292,L-MMMMx,1.0,2+2,J3,0.0,34,0.10315413903301424,0.07006648927927017
26347,JG075B,219,S075_SNV,7.0,False,J3,10000000.0,HEX,JG075B_219,STANDARD,,293,L-MMMMx,1.0,2+2,J3,0.0,34,-0.402454385331077,0.3358728289604187
26348,JG075B,219,S075_SNV,7.0,False,J3,10000000.0,FAM,JG075B_219,STANDARD,,292,L-MMMMx,1.0,2+2,J3,0.0,35,0.10782755505356724,0.07332004606723785
26349,JG075B,219,S075_SNV,7.0,False,J3,10000000.0,HEX,JG075B_219,STANDARD,,293,L-MMMMx,1.0,2+2,J3,0.0,35,-0.45111621005835884,0.377204567193985
26350,JG075B,219,S075_SNV,7.0,False,J3,10000000.0,FAM,JG075B_219,STANDARD,,292,L-MMMMx,1.0,2+2,J3,0.0,36,0.11024319861371608,0.07482697069644928
26351,JG075B,219,S075_SNV,7.0,False,J3,10000000.0,HEX,JG075B_219,STANDARD,,293,L-MMMMx,1.0,2+2,J3,0.0,36,-0.4971644625552894,0.41629841923713684
26352,JG075B,219,S075_SNV,7.0,False,J3,10000000.0,FAM,JG075B_219,STANDARD,,292,L-MMMMx,1.0,2+2,J3,0.0,37,0.11409555393420605,0.07744534313678741
26353,JG075B,219,S075_SNV,7.0,False,J3,10000000.0,HEX,JG075B_219,STANDARD,,293,L-MMMMx,1.0,2+2,J3,0.0,37,-0.5408078332162274,0.4533330202102661
26354,JG075B,219,S075_SNV,7.0,False,J3,10000000.0,FAM,JG075B_219,STANDARD,,292,L-MMMMx,1.0,2+2,J3,0.0,38,0.11679812378788791,0.0791742354631424
26355,JG075B,219,S075_SNV,7.0,False,J3,10000000.0,HEX,JG075B_219,STANDARD,,293,L-MMMMx,1.0,2+2,J3,0.0,38,-0.5807050094297991,0.4871599078178406
26356,JG075B,219,S075_SNV,7.0,False,J3,10000000.0,FAM,JG075B_219,STANDARD,,292,L-MMMMx,1.0,2+2,J3,0.0,39,0.119847293515753,0.08117125928401947
26357,JG075B,219,S075_SNV,7.0,False,J3,10000000.0,HEX,JG075B_219,STANDARD,,293,L-MMMMx,1.0,2+2,J3,0.0,39,-0.6161880148703652,0.5172070860862732
26358,JG075B,219,S075_SNV,7.0,False,J3,10000000.0,FAM,JG075B_219,STANDARD,,292,L-MMMMx,1.0,2+2,J3,0.0,40,0.12159019353884931,0.08215775340795517
26359,JG075B,219,S075_SNV,7.0,False,J3,10000000.0,HEX,JG075B_219,STANDARD,,293,L-MMMMx,1.0,2+2,J3,0.0,40,-0.6457406769296778,0.5421762466430664
26360,JG075B,219,S075_SNV,7.0,False,J3,10000000.0,FAM,JG075B_219,STANDARD,,292,L-MMMMx,1.0,2+2,J3,0.0,41,0.12355815041033713,0.08331834524869919
26361,JG075B,219,S075_SNV,7.0,False,J3,10000000.0,HEX,JG075B_219,STANDARD,,293,L-MMMMx,1.0,2+2,J3,0.0,41,-0.6745211566859145,0.566484272480011
26362,JG075B,219,S075_SNV,7.0,False,J3,10000000.0,FAM,JG075B_219,STANDARD,,292,L-MMMMx,1.0,2+2,J3,0.0,42,0.12571633848986283,0.08462610095739365
26363,JG075B,219,S075_SNV,7.0,False,J3,10000000.0,HEX,JG075B_219,STANDARD,,293,L-MMMMx,1.0,2+2,J3,0.0,42,-0.7025042553656403,0.5901095271110535
26364,JG075B,219,S075_SNV,7.0,False,J3,10000000.0,FAM,JG075B_219,STANDARD,,292,L-MMMMx,1.0,2+2,J3,0.0,43,0.1279387074508367,0.085983507335186
26365,JG075B,219,S075_SNV,7.0,False,J3,10000000.0,HEX,JG075B_219,STANDARD,,293,L-MMMMx,1.0,2+2,J3,0.0,43,-0.7250260419773845,0.6090584397315979
26366,JG075B,219,S075_SNV,7.0,False,J3,10000000.0,FAM,JG075B_219,STANDARD,,292,L-MMMMx,1.0,2+2,J3,0.0,44,0.12999519233286946,0.08721259236335754
26367,JG075B,219,S075_SNV,7.0,False,J3,10000000.0,HEX,JG075B_219,STANDARD,,293,L-MMMMx,1.0,2+2,J3,0.0,44,-0.7452340660747558,0.6260261535644531
26368,JG075B,219,S075_SNV,7.0,False,J3,10000000.0,FAM,JG075B_219,STANDARD,,292,L-MMMMx,1.0,2+2,J3,0.0,45,0.13158811866360218,0.08808305859565735
26369,JG075B,219,S075_SNV,7.0,False,J3,10000000.0,HEX,JG075B_219,STANDARD,,293,L-MMMMx,1.0,2+2,J3,0.0,45,-0.7646923918575028,0.6423518657684326
26370,JG075B,219,S075_SNV,7.0,False,J3,10000000.0,FAM,JG075B_219,STANDARD,,292,L-MMMMx,1.0,2+2,J3,0.0,46,0.1328102906107471,0.08866670727729797
26371,JG075B,219,S075_SNV,7.0,False,J3,10000000.0,HEX,JG075B_219,STANDARD,,293,L-MMMMx,1.0,2+2,J3,0.0,46,-0.7792753118595654,0.6545029878616333
26372,JG075B,219,S075_SNV,7.0,False,J3,10000000.0,FAM,JG075B_219,STANDARD,,292,L-MMMMx,1.0,2+2,J3,0.0,47,0.13514445604108627,0.09011059999465942
26373,JG075B,219,S075_SNV,7.0,False,J3,10000000.0,HEX,JG075B_219,STANDARD,,293,L-MMMMx,1.0,2+2,J3,0.0,47,-0.7911392006761555,0.6643258929252625
26374,JG075B,219,S075_SNV,7.0,False,J3,10000000.0,FAM,JG075B_219,STANDARD,,292,L-MMMMx,1.0,2+2,J3,0.0,48,0.13672929234474568,0.09097480773925781
26375,JG075B,219,S075_SNV,7.0,False,J3,10000000.0,HEX,JG075B_219,STANDARD,,293,L-MMMMx,1.0,2+2,J3,0.0,48,-0.8037926742636633,0.6748248934745789
26376,JG075B,219,S075_SNV,7.0,False,J3,10000000.0,FAM,JG075B_219,STANDARD,,292,L-MMMMx,1.0,2+2,J3,0.0,49,0.1365141746724728,0.09044656902551651
26377,JG075B,219,S075_SNV,7.0,False,J3,10000000.0,HEX,JG075B_219,STANDARD,,293,L-MMMMx,1.0,2+2,J3,0.0,49,-0.8136194301946935,0.6829034090042114
26378,JG075B,219,S075_SNV,7.0,False,J3,10000000.0,FAM,JG075B_219,STANDARD,,292,L-MMMMx,1.0,2+2,J3,0.0,50,0.13798837022492022,0.09122518450021744
26379,JG075B,219,S075_SNV,7.0,False,J3,10000000.0,HEX,JG075B_219,STANDARD,,293,L-MMMMx,1.0,2+2,J3,0.0,50,-0.822060323196675,0.6897953152656555
27000,JG075B,223,S075_SNV,7.0,False,J7,10000000.0,FAM,JG075B_223,STANDARD,,300,L-MMMMx,0.1,2+2,J7,-1.0,1,-0.001571232537896269,0.002504646545276046
27001,JG075B,223,S075_SNV,7.0,False,J7,10000000.0,HEX,JG075B_223,STANDARD,,301,L-MMMMx,0.1,2+2,J7,-1.0,1,8.226146548813819e-05,0.0029148205649107695
27002,JG075B,223,S075_SNV,7.0,False,J7,10000000.0,FAM,JG075B_223,STANDARD,,300,L-MMMMx,0.1,2+2,J7,-1.0,2,-0.0007559889525383273,0.002537705469876528
27003,JG075B,223,S075_SNV,7.0,False,J7,10000000.0,HEX,JG075B_223,STANDARD,,301,L-MMMMx,0.1,2+2,J7,-1.0,2,0.0006482941345101782,0.002010590396821499
27004,JG075B,223,S075_SNV,7.0,False,J7,10000000.0,FAM,JG075B_223,STANDARD,,300,L-MMMMx,0.1,2+2,J7,-1.0,3,-0.0027733142511424907,0.00037947401870042086
27005,JG075B,223,S075_SNV,7.0,False,J7,10000000.0,HEX,JG075B_223,STANDARD,,301,L-MMMMx,0.1,2+2,J7,-1.0,3,0.0010798057271151865,0.0012215462047606707
27006,JG075B,223,S075_SNV,7.0,False,J7,10000000.0,FAM,JG075B_223,STANDARD,,300,L-MMMMx,0.1,2+2,J7,-1.0,4,-0.0024382330345541067,4.1076702473219484e-05
27007,JG075B,223,S075_SNV,7.0,False,J7,10000000.0,HEX,JG075B_223,STANDARD,,301,L-MMMMx,0.1,2+2,J7,-1.0,4,0.001044078460635993,0.0008325832313857973
27008,JG075B,223,S075_SNV,7.0,False,J7,10000000.0,FAM,JG075B_223,STANDARD,,300,L-MMMMx,0.1,2+2,J7,-1.0,5,-8.688592766877744e-05,0.0012624732917174697
27009,JG075B,223,S075_SNV,7.0,False,J7,10000000.0,HEX,JG075B_223,STANDARD,,301,L-MMMMx,0.1,2+2,J7,-1.0,5,0.0008162105467156034,0.0006081439787521958
27010,JG075B,223,S075_SNV,7.0,False,J7,10000000.0,FAM,JG075B_223,STANDARD,,300,L-MMMMx,0.1,2+2,J7,-1.0,6,0.0003766148377236277,0.0010234221117570996
27011,JG075B,223,S075_SNV,7.0,False,J7,10000000.0,HEX,JG075B_223,STANDARD,,301,L-MMMMx,0.1,2+2,J7,-1.0,6,0.0006999446590646089,0.0002881435793824494
27012,JG075B,223,S075_SNV,7.0,False,J7,10000000.0,FAM,JG075B_223,STANDARD,,300,L-MMMMx,0.1,2+2,J7,-1.0,7,0.0006614223146422206,0.000646132742986083
27013,JG075B,223,S075_SNV,7.0,False,J7,10000000.0,HEX,JG075B_223,STANDARD,,301,L-MMMMx,0.1,2+2,J7,-1.0,7,0.00026547464692649634,0.00024061092699412256
27014,JG075B,223,S075_SNV,7.0,False,J7,10000000.0,FAM,JG075B_223,STANDARD,,300,L-MMMMx,0.1,2+2,J7,-1.0,8,0.000728299871781498,0.00010025164374383166
27015,JG075B,223,S075_SNV,7.0,False,J7,10000000.0,HEX,JG075B_223,STANDARD,,301,L-MMMMx,0.1,2+2,J7,-1.0,8,-0.00052868697303356,0.0005010704044252634
27016,JG075B,223,S075_SNV,7.0,False,J7,10000000.0,FAM,JG075B_223,STANDARD,,300,L-MMMMx,0.1,2+2,J7,-1.0,9,0.0012502607137631044,-9.357459930470213e-05
27017,JG075B,223,S075_SNV,7.0,False,J7,10000000.0,HEX,JG075B_223,STANDARD,,301,L-MMMMx,0.1,2+2,J7,-1.0,9,-0.0015732701052369649,0.0009759575477801263
27018,JG075B,223,S075_SNV,7.0,False,J7,10000000.0,FAM,JG075B_223,STANDARD,,300,L-MMMMx,0.1,2+2,J7,-1.0,10,0.002281835475454924,0.0001068391720764339
27019,JG075B,223,S075_SNV,7.0,False,J7,10000000.0,HEX,JG075B_223,STANDARD,,301,L-MMMMx,0.1,2+2,J7,-1.0,10,-0.0018035569621873632,0.0007535895565524697
27020,JG075B,223,S075_SNV,7.0,False,J7,10000000.0,FAM,JG075B_223,STANDARD,,300,L-MMMMx,0.1,2+2,J7,-1.0,11,0.0014082859092615582,-0.0011665612692013383
27021,JG075B,223,S075_SNV,7.0,False,J7,10000000.0,HEX,JG075B_223,STANDARD,,301,L-MMMMx,0.1,2+2,J7,-1.0,11,-0.0013927020989105588,-1.776699718902819e-05
27022,JG075B,223,S075_SNV,7.0,False,J7,10000000.0,FAM,JG075B_223,STANDARD,,300,L-MMMMx,0.1,2+2,J7,-1.0,12,0.0012566749495140778,-0.0018814662471413612
27023,JG075B,223,S075_SNV,7.0,False,J7,10000000.0,HEX,JG075B_223,STANDARD,,301,L-MMMMx,0.1,2+2,J7,-1.0,12,-0.0010798579345187118,-0.0007052001892589033
27024,JG075B,223,S075_SNV,7.0,False,J7,10000000.0,FAM,JG075B_223,STANDARD,,300,L-MMMMx,0.1,2+2,J7,-1.0,13,0.0027038074352043907,-0.0013595748459920287
27025,JG075B,223,S075_SNV,7.0,False,J7,10000000.0,HEX,JG075B_223,STANDARD,,301,L-MMMMx,0.1,2+2,J7,-1.0,13,-0.0007455043198744133,-0.001411051256582141
27026,JG075B,223,S075_SNV,7.0,False,J7,10000000.0,FAM,JG075B_223,STANDARD,,300,L-MMMMx,0.1,2+2,J7,-1.0,14,0.003386490148375551,-0.0014290658291429281
27027,JG075B,223,S075_SNV,7.0,False,J7,10000000.0,HEX,JG075B_223,STANDARD,,301,L-MMMMx,0.1,2+2,J7,-1.0,14,-1.677597899948492e-05,-0.0024545923806726933
27028,JG075B,223,S075_SNV,7.0,False,J7,10000000.0,FAM,JG075B_223,STANDARD,,300,L-MMMMx,0.1,2+2,J7,-1.0,15,0.004181778333619353,-0.0014114445075392723
27029,JG075B,223,S075_SNV,7.0,False,J7,10000000.0,HEX,JG075B_223,STANDARD,,301,L-MMMMx,0.1,2+2,J7,-1.0,15,-0.00010930490051427882,-0.002794917905703187
27030,JG075B,223,S075_SNV,7.0,False,J7,10000000.0,FAM,JG075B_223,STANDARD,,300,L-MMMMx,0.1,2+2,J7,-1.0,16,0.0061657226395615446,-0.0004742726741824299
27031,JG075B,223,S075_SNV,7.0,False,J7,10000000.0,HEX,JG075B_223,STANDARD,,301,L-MMMMx,0.1,2+2,J7,-1.0,16,-0.0025944817231288468,-0.0010864977957680821
27032,JG075B,223,S075_SNV,7.0,False,J7,10000000.0,FAM,JG075B_223,STANDARD,,300,L-MMMMx,0.1,2+2,J7,-1.0,17,0.007520782912370018,-2.360879079787992e-05
27033,JG075B,223,S075_SNV,7.0,False,J7,10000000.0,HEX,JG075B_223,STANDARD,,301,L-MMMMx,0.1,2+2,J7,-1.0,17,-0.003342561608243845,-0.0008654966368339956
27034,JG075B,223,S075_SNV,7.0,False,J7,10000000.0,FAM,JG075B_223,STANDARD,,300,L-MMMMx,0.1,2+2,J7,-1.0,18,0.009247252475719836,0.0007143792463466525
27035,JG075B,223,S075_SNV,7.0,False,J7,10000000.0,HEX,JG075B_223,STANDARD,,301,L-MMMMx,0.1,2+2,J7,-1.0,18,-0.003695762095560801,-0.0009826177265495062
27036,JG075B,223,S075_SNV,7.0,False,J7,10000000.0,FAM,JG075B_223,STANDARD,,300,L-MMMMx,0.1,2+2,J7,-1.0,19,0.010677838929848329,0.00122347055003047
27037,JG075B,223,S075_SNV,7.0,False,J7,10000000.0,HEX,JG075B_223,STANDARD,,301,L-MMMMx,0.1,2+2,J7,-1.0,19,-0.003960471033902259,-0.0011755111627280712
27038,JG075B,223,S075_SNV,7.0,False,J7,10000000.0,FAM,JG075B_223,STANDARD,,300,L-MMMMx,0.1,2+2,J7,-1.0,20,0.012896278449100879,0.002342049265280366
27039,JG075B,223,S075_SNV,7.0,False,J7,10000000.0,HEX,JG075B_223,STANDARD,,301,L-MMMMx,0.1,2+2,J7,-1.0,20,-0.004050267767965892,-0.0015181762864813209
27040,JG075B,223,S075_SNV,7.0,False,J7,10000000.0,FAM,JG075B_223,STANDARD,,300,L-MMMMx,0.1,2+2,J7,-1.0,21,0.016954659792390882,0.004884016700088978
27041,JG075B,223,S075_SNV,7.0,False,J7,10000000.0,HEX,JG075B_223,STANDARD,,301,L-MMMMx,0.1,2+2,J7,-1.0,21,-0.0064295505737631715,9.95703594526276e-05
27042,JG075B,223,S075_SNV,7.0,False,J7,10000000.0,FAM,JG075B_223,STANDARD,,300,L-MMMMx,0.1,2+2,J7,-1.0,22,0.022583893249685023,0.008641203865408897
27043,JG075B,223,S075_SNV,7.0,False,J7,10000000.0,HEX,JG075B_223,STANDARD,,301,L-MMMMx,0.1,2+2,J7,-1.0,22,-0.009582338270192304,0.0023796437308192253
27044,JG075B,223,S075_SNV,7.0,False,J7,10000000.0,FAM,JG075B_223,STANDARD,,300,L-MMMMx,0.1,2+2,J7,-1.0,23,0.030370390211982186,0.014067260548472404
27045,JG075B,223,S075_SNV,7.0,False,J7,10000000.0,HEX,JG075B_223,STANDARD,,301,L-MMMMx,0.1,2+2,J7,-1.0,23,-0.013262124900274343,0.005110969301313162
27046,JG075B,223,S075_SNV,7.0,False,J7,10000000.0,FAM,JG075B_223,STANDARD,,300,L-MMMMx,0.1,2+2,J7,-1.0,24,0.039544596484919356,0.020566856488585472
27047,JG075B,223,S075_SNV,7.0,False,J7,10000000.0,HEX,JG075B_223,STANDARD,,301,L-MMMMx,0.1,2+2,J7,-1.0,24,-0.01967265457668644,0.010180539451539516
27048,JG075B,223,S075_SNV,7.0,False,J7,10000000.0,FAM,JG075B_223,STANDARD,,300,L-MMMMx,0.1,2+2,J7,-1.0,25,0.048504840803736966,0.02690093219280243
27049,JG075B,223,S075_SNV,7.0,False,J7,10000000.0,HEX,JG075B_223,STANDARD,,301,L-MMMMx,0.1,2+2,J7,-1.0,25,-0.03297678903433086,0.021152878180146217
27050,JG075B,223,S075_SNV,7.0,False,J7,10000000.0,FAM,JG075B_223,STANDARD,,300,L-MMMMx,0.1,2+2,J7,-1.0,26,0.05734962887903706,0.033145688474178314
27051,JG075B,223,S075_SNV,7.0,False,J7,10000000.0,HEX,JG075B_223,STANDARD,,301,L-MMMMx,0.1,2+2,J7,-1.0,26,-0.048651696490997924,0.0341552309691906
27052,JG075B,223,S075_SNV,7.0,False,J7,10000000.0,FAM,JG075B_223,STANDARD,,300,L-MMMMx,0.1,2+2,J7,-1.0,27,0.06787013122878663,0.04068678617477417
27053,JG075B,223,S075_SNV,7.0,False,J7,10000000.0,HEX,JG075B_223,STANDARD,,301,L-MMMMx,0.1,2+2,J7,-1.0,27,-0.07319246521434299,0.054749131202697754
27054,JG075B,223,S075_SNV,7.0,False,J7,10000000.0,FAM,JG075B_223,STANDARD,,300,L-MMMMx,0.1,2+2,J7,-1.0,28,0.07545314474822108,0.04595542699098587
27055,JG075B,223,S075_SNV,7.0,False,J7,10000000.0,HEX,JG075B_223,STANDARD,,301,L-MMMMx,0.1,2+2,J7,-1.0,28,-0.10865441366882057,0.08469447493553162
27056,JG075B,223,S075_SNV,7.0,False,J7,10000000.0,FAM,JG075B_223,STANDARD,,300,L-MMMMx,0.1,2+2,J7,-1.0,29,0.0825322651528043,0.050834257155656815
27057,JG075B,223,S075_SNV,7.0,False,J7,10000000.0,HEX,JG075B_223,STANDARD,,301,L-MMMMx,0.1,2+2,J7,-1.0,29,-0.1500237690519363,0.11969813704490662
27058,JG075B,223,S075_SNV,7.0,False,J7,10000000.0,FAM,JG075B_223,STANDARD,,300,L-MMMMx,0.1,2+2,J7,-1.0,30,0.09006350249896963,0.05606284365057945
27059,JG075B,223,S075_SNV,7.0,False,J7,10000000.0,HEX,JG075B_223,STANDARD,,301,L-MMMMx,0.1,2+2,J7,-1.0,30,-0.19936839700745856,0.1615307629108429
27060,JG075B,223,S075_SNV,7.0,False,J7,10000000.0,FAM,JG075B_223,STANDARD,,300,L-MMMMx,0.1,2+2,J7,-1.0,31,0.09638651356370688,0.0603567399084568
27061,JG075B,223,S075_SNV,7.0,False,J7,10000000.0,HEX,JG075B_223,STANDARD,,301,L-MMMMx,0.1,2+2,J7,-1.0,31,-0.24997947215769925,0.20444780588150024
27062,JG075B,223,S075_SNV,7.0,False,J7,10000000.0,FAM,JG075B_223,STANDARD,,300,L-MMMMx,0.1,2+2,J7,-1.0,32,0.10210439060336132,0.06418250501155853
27063,JG075B,223,S075_SNV,7.0,False,J7,10000000.0,HEX,JG075B_223,STANDARD,,301,L-MMMMx,0.1,2+2,J7,-1.0,32,-0.3025719922964061,0.24906150996685028
27064,JG075B,223,S075_SNV,7.0,False,J7,10000000.0,FAM,JG075B_223,STANDARD,,300,L-MMMMx,0.1,2+2,J7,-1.0,33,0.10953076578908132,0.06932996958494186
27065,JG075B,223,S075_SNV,7.0,False,J7,10000000.0,HEX,JG075B_223,STANDARD,,301,L-MMMMx,0.1,2+2,J7,-1.0,33,-0.35713951851047754,0.2953663170337677
27066,JG075B,223,S075_SNV,7.0,False,J7,10000000.0,FAM,JG075B_223,STANDARD,,300,L-MMMMx,0.1,2+2,J7,-1.0,34,0.11219511989582645,0.0707935094833374
27067,JG075B,223,S075_SNV,7.0,False,J7,10000000.0,HEX,JG075B_223,STANDARD,,301,L-MMMMx,0.1,2+2,J7,-1.0,34,-0.40947215019443506,0.3397574722766876
27068,JG075B,223,S075_SNV,7.0,False,J7,10000000.0,FAM,JG075B_223,STANDARD,,300,L-MMMMx,0.1,2+2,J7,-1.0,35,0.11830809844816546,0.07492492347955704
27069,JG075B,223,S075_SNV,7.0,False,J7,10000000.0,HEX,JG075B_223,STANDARD,,301,L-MMMMx,0.1,2+2,J7,-1.0,35,-0.4607451108065703,0.3832412660121918
27070,JG075B,223,S075_SNV,7.0,False,J7,10000000.0,FAM,JG075B_223,STANDARD,,300,L-MMMMx,0.1,2+2,J7,-1.0,36,0.1223670191265937,0.07746730744838715
27071,JG075B,223,S075_SNV,7.0,False,J7,10000000.0,HEX,JG075B_223,STANDARD,,301,L-MMMMx,0.1,2+2,J7,-1.0,36,-0.5051739592560154,0.42086470127105713
27072,JG075B,223,S075_SNV,7.0,False,J7,10000000.0,FAM,JG075B_223,STANDARD,,300,L-MMMMx,0.1,2+2,J7,-1.0,37,0.12524233032025972,0.0790940448641777
27073,JG075B,223,S075_SNV,7.0,False,J7,10000000.0,HEX,JG075B_223,STANDARD,,301,L-MMMMx,0.1,2+2,J7,-1.0,37,-0.545533901894436,0.4550040364265442
27074,JG075B,223,S075_SNV,7.0,False,J7,10000000.0,FAM,JG075B_223,STANDARD,,300,L-MMMMx,0.1,2+2,J7,-1.0,38,0.12694416382497442,0.07981297373771667
27075,JG075B,223,S075_SNV,7.0,False,J7,10000000.0,HEX,JG075B_223,STANDARD,,301,L-MMMMx,0.1,2+2,J7,-1.0,38,-0.5837639912986355,0.4873196482658386
27076,JG075B,223,S075_SNV,7.0,False,J7,10000000.0,FAM,JG075B_223,STANDARD,,300,L-MMMMx,0.1,2+2,J7,-1.0,39,0.13137326102791377,0.08264172822237015
27077,JG075B,223,S075_SNV,7.0,False,J7,10000000.0,HEX,JG075B_223,STANDARD,,301,L-MMMMx,0.1,2+2,J7,-1.0,39,-0.6215258847080197,0.5192343592643738
27078,JG075B,223,S075_SNV,7.0,False,J7,10000000.0,FAM,JG075B_223,STANDARD,,300,L-MMMMx,0.1,2+2,J7,-1.0,40,0.13441006457153826,0.08439339697360992
27079,JG075B,223,S075_SNV,7.0,False,J7,10000000.0,HEX,JG075B_223,STANDARD,,301,L-MMMMx,0.1,2+2,J7,-1.0,40,-0.6559965537892933,0.5483309030532837
27080,JG075B,223,S075_SNV,7.0,False,J7,10000000.0,FAM,JG075B_223,STANDARD,,300,L-MMMMx,0.1,2+2,J7,-1.0,41,0.13782182160804096,0.08643513172864914
27081,JG075B,223,S075_SNV,7.0,False,J7,10000000.0,HEX,JG075B_223,STANDARD,,301,L-MMMMx,0.1,2+2,J7,-1.0,41,-0.6831789997285541,0.5711867809295654
27082,JG075B,223,S075_SNV,7.0,False,J7,10000000.0,FAM,JG075B_223,STANDARD,,300,L-MMMMx,0.1,2+2,J7,-1.0,42,0.14062917657429128,0.0880092978477478
27083,JG075B,223,S075_SNV,7.0,False,J7,10000000.0,HEX,JG075B_223,STANDARD,,301,L-MMMMx,0.1,2+2,J7,-1.0,42,-0.7084686140455992,0.5924218893051147
27084,JG075B,223,S075_SNV,7.0,False,J7,10000000.0,FAM,JG075B_223,STANDARD,,300,L-MMMMx,0.1,2+2,J7,-1.0,43,0.14376467844821,0.08983732014894485
27085,JG075B,223,S075_SNV,7.0,False,J7,10000000.0,HEX,JG075B_223,STANDARD,,301,L-MMMMx,0.1,2+2,J7,-1.0,43,-0.7338105749859124,0.6137018203735352
27086,JG075B,223,S075_SNV,7.0,False,J7,10000000.0,FAM,JG075B_223,STANDARD,,300,L-MMMMx,0.1,2+2,J7,-1.0,44,0.14647583914016496,0.09133706986904144
27087,JG075B,223,S075_SNV,7.0,False,J7,10000000.0,HEX,JG075B_223,STANDARD,,301,L-MMMMx,0.1,2+2,J7,-1.0,44,-0.7560173073198488,0.632297158241272
27088,JG075B,223,S075_SNV,7.0,False,J7,10000000.0,FAM,JG075B_223,STANDARD,,300,L-MMMMx,0.1,2+2,J7,-1.0,45,0.14793181286972823,0.09186580777168274
27089,JG075B,223,S075_SNV,7.0,False,J7,10000000.0,HEX,JG075B_223,STANDARD,,301,L-MMMMx,0.1,2+2,J7,-1.0,45,-0.7746656526393676,0.6478455662727356
27090,JG075B,223,S075_SNV,7.0,False,J7,10000000.0,FAM,JG075B_223,STANDARD,,300,L-MMMMx,0.1,2+2,J7,-1.0,46,0.14894807436588844,0.09205437451601028
27091,JG075B,223,S075_SNV,7.0,False,J7,10000000.0,HEX,JG075B_223,STANDARD,,301,L-MMMMx,0.1,2+2,J7,-1.0,46,-0.7863807155509747,0.6574572324752808
27092,JG075B,223,S075_SNV,7.0,False,J7,10000000.0,FAM,JG075B_223,STANDARD,,300,L-MMMMx,0.1,2+2,J7,-1.0,47,0.1512679474150648,0.09325142204761505
27093,JG075B,223,S075_SNV,7.0,False,J7,10000000.0,HEX,JG075B_223,STANDARD,,301,L-MMMMx,0.1,2+2,J7,-1.0,47,-0.7979643550254406,0.66695636510849
27094,JG075B,223,S075_SNV,7.0,False,J7,10000000.0,FAM,JG075B_223,STANDARD,,300,L-MMMMx,0.1,2+2,J7,-1.0,48,0.15204524492105512,0.09325512498617172
27095,JG075B,223,S075_SNV,7.0,False,J7,10000000.0,HEX,JG075B_223,STANDARD,,301,L-MMMMx,0.1,2+2,J7,-1.0,48,-0.8119059592825976,0.6784745454788208
27096,JG075B,223,S075_SNV,7.0,False,J7,10000000.0,FAM,JG075B_223,STANDARD,,300,L-MMMMx,0.1,2+2,J7,-1.0,49,0.15432012201012854,0.09441736340522766
27097,JG075B,223,S075_SNV,7.0,False,J7,10000000.0,HEX,JG075B_223,STANDARD,,301,L-MMMMx,0.1,2+2,J7,-1.0,49,-0.8229826996737679,0.6875396370887756
27098,JG075B,223,S075_SNV,7.0,False,J7,10000000.0,FAM,JG075B_223,STANDARD,,300,L-MMMMx,0.1,2+2,J7,-1.0,50,0.15636096617315295,0.09539855271577835
27099,JG075B,223,S075_SNV,7.0,False,J7,10000000.0,HEX,JG075B_223,STANDARD,,301,L-MMMMx,0.1,2+2,J7,-1.0,50,-0.8313241201695657,0.6942625641822815
27180,JG075B,224,S075_SNV,7.0,False,J8,10000000.0,FAM,JG075B_224,STANDARD,,302,L-MMMMx,0.0,2+2,J8,-2.0,1,-0.004719471388963144,0.03233158215880394
27181,JG075B,224,S075_SNV,7.0,False,J8,10000000.0,HEX,JG075B_224,STANDARD,,303,L-MMMMx,0.0,2+2,J8,-2.0,1,0.0023659829697491924,0.00045504613080993295
27182,JG075B,224,S075_SNV,7.0,False,J8,10000000.0,FAM,JG075B_224,STANDARD,,302,L-MMMMx,0.0,2+2,J8,-2.0,2,-0.004175436330252963,0.02952870912849903
27183,JG075B,224,S075_SNV,7.0,False,J8,10000000.0,HEX,JG075B_224,STANDARD,,303,L-MMMMx,0.0,2+2,J8,-2.0,2,0.0014298520171358185,0.0008631650707684457
27184,JG075B,224,S075_SNV,7.0,False,J8,10000000.0,FAM,JG075B_224,STANDARD,,302,L-MMMMx,0.0,2+2,J8,-2.0,3,-0.0030525405724789677,0.027173645794391632
27185,JG075B,224,S075_SNV,7.0,False,J8,10000000.0,HEX,JG075B_224,STANDARD,,303,L-MMMMx,0.0,2+2,J8,-2.0,3,-0.00046847878491792936,0.0020951840560883284
27186,JG075B,224,S075_SNV,7.0,False,J8,10000000.0,FAM,JG075B_224,STANDARD,,302,L-MMMMx,0.0,2+2,J8,-2.0,4,-0.0023301396787717508,0.024508757516741753
27187,JG075B,224,S075_SNV,7.0,False,J8,10000000.0,HEX,JG075B_224,STANDARD,,303,L-MMMMx,0.0,2+2,J8,-2.0,4,-0.0002379830983534296,0.0015043590683490038
27188,JG075B,224,S075_SNV,7.0,False,J8,10000000.0,FAM,JG075B_224,STANDARD,,302,L-MMMMx,0.0,2+2,J8,-2.0,5,-0.0018705105691929963,0.021640587598085403
27189,JG075B,224,S075_SNV,7.0,False,J8,10000000.0,HEX,JG075B_224,STANDARD,,303,L-MMMMx,0.0,2+2,J8,-2.0,5,0.0022719574360000046,-0.001038279733620584
27190,JG075B,224,S075_SNV,7.0,False,J8,10000000.0,FAM,JG075B_224,STANDARD,,302,L-MMMMx,0.0,2+2,J8,-2.0,6,-0.0006626310032109101,0.01935126818716526
27191,JG075B,224,S075_SNV,7.0,False,J8,10000000.0,HEX,JG075B_224,STANDARD,,303,L-MMMMx,0.0,2+2,J8,-2.0,6,0.0020366064609076456,-0.0012302156537771225
27192,JG075B,224,S075_SNV,7.0,False,J8,10000000.0,FAM,JG075B_224,STANDARD,,302,L-MMMMx,0.0,2+2,J8,-2.0,7,0.00039111428505559515,0.016942709684371948
27193,JG075B,224,S075_SNV,7.0,False,J8,10000000.0,HEX,JG075B_224,STANDARD,,303,L-MMMMx,0.0,2+2,J8,-2.0,7,-0.0003598699831173221,0.0004283492162358016
27194,JG075B,224,S075_SNV,7.0,False,J8,10000000.0,FAM,JG075B_224,STANDARD,,302,L-MMMMx,0.0,2+2,J8,-2.0,8,0.001141984369273138,0.014299844391644001
27195,JG075B,224,S075_SNV,7.0,False,J8,10000000.0,HEX,JG075B_224,STANDARD,,303,L-MMMMx,0.0,2+2,J8,-2.0,8,-0.0004840887985720144,0.0001412544952472672
27196,JG075B,224,S075_SNV,7.0,False,J8,10000000.0,FAM,JG075B_224,STANDARD,,302,L-MMMMx,0.0,2+2,J8,-2.0,9,0.0027583717785184137,0.012326548807322979
27197,JG075B,224,S075_SNV,7.0,False,J8,10000000.0,HEX,JG075B_224,STANDARD,,303,L-MMMMx,0.0,2+2,J8,-2.0,9,-0.0005156220703013367,-0.00022520381025969982
27198,JG075B,224,S075_SNV,7.0,False,J8,10000000.0,FAM,JG075B_224,STANDARD,,302,L-MMMMx,0.0,2+2,J8,-2.0,10,0.003624351390807478,0.00977273378521204
27199,JG075B,224,S075_SNV,7.0,False,J8,10000000.0,HEX,JG075B_224,STANDARD,,303,L-MMMMx,0.0,2+2,J8,-2.0,10,-0.002242521161645618,0.0008600239525549114
27200,JG075B,224,S075_SNV,7.0,False,J8,10000000.0,FAM,JG075B_224,STANDARD,,302,L-MMMMx,0.0,2+2,J8,-2.0,11,0.00364523136544428,0.0065651447512209415
27201,JG075B,224,S075_SNV,7.0,False,J8,10000000.0,HEX,JG075B_224,STANDARD,,303,L-MMMMx,0.0,2+2,J8,-2.0,11,-0.0036019149371069917,0.001630568876862526
27202,JG075B,224,S075_SNV,7.0,False,J8,10000000.0,FAM,JG075B_224,STANDARD,,302,L-MMMMx,0.0,2+2,J8,-2.0,12,0.0038358863368050423,0.00348889478482306
27203,JG075B,224,S075_SNV,7.0,False,J8,10000000.0,HEX,JG075B_224,STANDARD,,303,L-MMMMx,0.0,2+2,J8,-2.0,12,-0.0031433251045401593,0.0008444343111477792
27204,JG075B,224,S075_SNV,7.0,False,J8,10000000.0,FAM,JG075B_224,STANDARD,,302,L-MMMMx,0.0,2+2,J8,-2.0,13,0.004746129954366589,0.0009693225147202611
27205,JG075B,224,S075_SNV,7.0,False,J8,10000000.0,HEX,JG075B_224,STANDARD,,303,L-MMMMx,0.0,2+2,J8,-2.0,13,-0.002802114917566196,0.00015880806313361973
27206,JG075B,224,S075_SNV,7.0,False,J8,10000000.0,FAM,JG075B_224,STANDARD,,302,L-MMMMx,0.0,2+2,J8,-2.0,14,0.0058828172821036384,-0.0013750717043876648
27207,JG075B,224,S075_SNV,7.0,False,J8,10000000.0,HEX,JG075B_224,STANDARD,,303,L-MMMMx,0.0,2+2,J8,-2.0,14,-0.0020979762637517154,-0.0008375819306820631
27208,JG075B,224,S075_SNV,7.0,False,J8,10000000.0,FAM,JG075B_224,STANDARD,,302,L-MMMMx,0.0,2+2,J8,-2.0,15,0.0068505386158240564,-0.003850179025903344
27209,JG075B,224,S075_SNV,7.0,False,J8,10000000.0,HEX,JG075B_224,STANDARD,,303,L-MMMMx,0.0,2+2,J8,-2.0,15,-0.00015734006237457784,-0.002892744028940797
27210,JG075B,224,S075_SNV,7.0,False,J8,10000000.0,FAM,JG075B_224,STANDARD,,302,L-MMMMx,0.0,2+2,J8,-2.0,16,0.007608535628653793,-0.006487530190497637
27211,JG075B,224,S075_SNV,7.0,False,J8,10000000.0,HEX,JG075B_224,STANDARD,,303,L-MMMMx,0.0,2+2,J8,-2.0,16,2.0182512079515182e-05,-0.003438210114836693
27212,JG075B,224,S075_SNV,7.0,False,J8,10000000.0,FAM,JG075B_224,STANDARD,,302,L-MMMMx,0.0,2+2,J8,-2.0,17,0.009094904745649609,-0.008561409078538418
27213,JG075B,224,S075_SNV,7.0,False,J8,10000000.0,HEX,JG075B_224,STANDARD,,303,L-MMMMx,0.0,2+2,J8,-2.0,17,-0.0020575851358909224,-0.0020525450818240643
27214,JG075B,224,S075_SNV,7.0,False,J8,10000000.0,FAM,JG075B_224,STANDARD,,302,L-MMMMx,0.0,2+2,J8,-2.0,18,0.008647603296373025,-0.01213118527084589
27215,JG075B,224,S075_SNV,7.0,False,J8,10000000.0,HEX,JG075B_224,STANDARD,,303,L-MMMMx,0.0,2+2,J8,-2.0,18,-0.0024693275250276584,-0.0020934429485350847
27216,JG075B,224,S075_SNV,7.0,False,J8,10000000.0,FAM,JG075B_224,STANDARD,,302,L-MMMMx,0.0,2+2,J8,-2.0,19,0.009430448249499325,-0.014749313704669476
27217,JG075B,224,S075_SNV,7.0,False,J8,10000000.0,HEX,JG075B_224,STANDARD,,303,L-MMMMx,0.0,2+2,J8,-2.0,19,-0.004320671663908575,-0.000901656923815608
27218,JG075B,224,S075_SNV,7.0,False,J8,10000000.0,FAM,JG075B_224,STANDARD,,302,L-MMMMx,0.0,2+2,J8,-2.0,20,0.013782035288288776,-0.01460664439946413
27219,JG075B,224,S075_SNV,7.0,False,J8,10000000.0,HEX,JG075B_224,STANDARD,,303,L-MMMMx,0.0,2+2,J8,-2.0,20,-0.005244986340857374,-0.0005036558141000569
27220,JG075B,224,S075_SNV,7.0,False,J8,10000000.0,FAM,JG075B_224,STANDARD,,302,L-MMMMx,0.0,2+2,J8,-2.0,21,0.018701503703685424,-0.014024659059941769
27221,JG075B,224,S075_SNV,7.0,False,J8,10000000.0,HEX,JG075B_224,STANDARD,,303,L-MMMMx,0.0,2+2,J8,-2.0,21,-0.007269972303863665,0.0008368138805963099
27222,JG075B,224,S075_SNV,7.0,False,J8,10000000.0,FAM,JG075B_224,STANDARD,,302,L-MMMMx,0.0,2+2,J8,-2.0,22,0.02415753353373406,-0.013027586974203587
27223,JG075B,224,S075_SNV,7.0,False,J8,10000000.0,HEX,JG075B_224,STANDARD,,303,L-MMMMx,0.0,2+2,J8,-2.0,22,-0.00984324041869337,0.002646759618073702
27224,JG075B,224,S075_SNV,7.0,False,J8,10000000.0,FAM,JG075B_224,STANDARD,,302,L-MMMMx,0.0,2+2,J8,-2.0,23,0.029527500885298163,-0.01209709420800209
27225,JG075B,224,S075_SNV,7.0,False,J8,10000000.0,HEX,JG075B_224,STANDARD,,303,L-MMMMx,0.0,2+2,J8,-2.0,23,-0.011961364389588917,0.004066980443894863
27226,JG075B,224,S075_SNV,7.0,False,J8,10000000.0,FAM,JG075B_224,STANDARD,,302,L-MMMMx,0.0,2+2,J8,-2.0,24,0.03763390063243666,-0.009049681946635246
27227,JG075B,224,S075_SNV,7.0,False,J8,10000000.0,HEX,JG075B_224,STANDARD,,303,L-MMMMx,0.0,2+2,J8,-2.0,24,-0.01841244181607238,0.009197366423904896
27228,JG075B,224,S075_SNV,7.0,False,J8,10000000.0,FAM,JG075B_224,STANDARD,,302,L-MMMMx,0.0,2+2,J8,-2.0,25,0.045033732824568545,-0.006548874080181122
27229,JG075B,224,S075_SNV,7.0,False,J8,10000000.0,HEX,JG075B_224,STANDARD,,303,L-MMMMx,0.0,2+2,J8,-2.0,25,-0.03039054302910814,0.01906036213040352
27230,JG075B,224,S075_SNV,7.0,False,J8,10000000.0,FAM,JG075B_224,STANDARD,,302,L-MMMMx,0.0,2+2,J8,-2.0,26,0.053967857913120934,-0.0028611293528229
27231,JG075B,224,S075_SNV,7.0,False,J8,10000000.0,HEX,JG075B_224,STANDARD,,303,L-MMMMx,0.0,2+2,J8,-2.0,26,-0.04888933153999452,0.03450680896639824
27232,JG075B,224,S075_SNV,7.0,False,J8,10000000.0,FAM,JG075B_224,STANDARD,,302,L-MMMMx,0.0,2+2,J8,-2.0,27,0.060496779428842885,-0.0010340627050027251
27233,JG075B,224,S075_SNV,7.0,False,J8,10000000.0,HEX,JG075B_224,STANDARD,,303,L-MMMMx,0.0,2+2,J8,-2.0,27,-0.07408250138026042,0.05568543076515198
27234,JG075B,224,S075_SNV,7.0,False,J8,10000000.0,FAM,JG075B_224,STANDARD,,302,L-MMMMx,0.0,2+2,J8,-2.0,28,0.06642091363492801,0.00032513722544535995
27235,JG075B,224,S075_SNV,7.0,False,J8,10000000.0,HEX,JG075B_224,STANDARD,,303,L-MMMMx,0.0,2+2,J8,-2.0,28,-0.10709947271283797,0.08356332033872604
27236,JG075B,224,S075_SNV,7.0,False,J8,10000000.0,FAM,JG075B_224,STANDARD,,302,L-MMMMx,0.0,2+2,J8,-2.0,29,0.07400593039916158,0.002969204680994153
27237,JG075B,224,S075_SNV,7.0,False,J8,10000000.0,HEX,JG075B_224,STANDARD,,303,L-MMMMx,0.0,2+2,J8,-2.0,29,-0.14816003870656896,0.11832867562770844
27238,JG075B,224,S075_SNV,7.0,False,J8,10000000.0,FAM,JG075B_224,STANDARD,,302,L-MMMMx,0.0,2+2,J8,-2.0,30,0.07929072132282537,0.0038338052108883858
27239,JG075B,224,S075_SNV,7.0,False,J8,10000000.0,HEX,JG075B_224,STANDARD,,303,L-MMMMx,0.0,2+2,J8,-2.0,30,-0.19308638890667507,0.15640416741371155
27240,JG075B,224,S075_SNV,7.0,False,J8,10000000.0,FAM,JG075B_224,STANDARD,,302,L-MMMMx,0.0,2+2,J8,-2.0,31,0.08519081659132127,0.005174408666789532
27241,JG075B,224,S075_SNV,7.0,False,J8,10000000.0,HEX,JG075B_224,STANDARD,,303,L-MMMMx,0.0,2+2,J8,-2.0,31,-0.2442897396474432,0.19985446333885193
27242,JG075B,224,S075_SNV,7.0,False,J8,10000000.0,FAM,JG075B_224,STANDARD,,302,L-MMMMx,0.0,2+2,J8,-2.0,32,0.09103921273442493,0.006475016940385103
27243,JG075B,224,S075_SNV,7.0,False,J8,10000000.0,HEX,JG075B_224,STANDARD,,303,L-MMMMx,0.0,2+2,J8,-2.0,32,-0.2973552936670255,0.24489928781986237
27244,JG075B,224,S075_SNV,7.0,False,J8,10000000.0,FAM,JG075B_224,STANDARD,,302,L-MMMMx,0.0,2+2,J8,-2.0,33,0.09505891604351688,0.006360939238220453
27245,JG075B,224,S075_SNV,7.0,False,J8,10000000.0,HEX,JG075B_224,STANDARD,,303,L-MMMMx,0.0,2+2,J8,-2.0,33,-0.3480944509805817,0.28795209527015686
27246,JG075B,224,S075_SNV,7.0,False,J8,10000000.0,FAM,JG075B_224,STANDARD,,302,L-MMMMx,0.0,2+2,J8,-2.0,34,0.09905612137255737,0.006229456979781389
27247,JG075B,224,S075_SNV,7.0,False,J8,10000000.0,HEX,JG075B_224,STANDARD,,303,L-MMMMx,0.0,2+2,J8,-2.0,34,-0.3992608736845896,0.3313707709312439
27248,JG075B,224,S075_SNV,7.0,False,J8,10000000.0,FAM,JG075B_224,STANDARD,,302,L-MMMMx,0.0,2+2,J8,-2.0,35,0.10470207421913633,0.007373454049229622
27249,JG075B,224,S075_SNV,7.0,False,J8,10000000.0,HEX,JG075B_224,STANDARD,,303,L-MMMMx,0.0,2+2,J8,-2.0,35,-0.44764293633884683,0.3724052906036377
27250,JG075B,224,S075_SNV,7.0,False,J8,10000000.0,FAM,JG075B_224,STANDARD,,302,L-MMMMx,0.0,2+2,J8,-2.0,36,0.10762207318139773,0.0064086392521858215
27251,JG075B,224,S075_SNV,7.0,False,J8,10000000.0,HEX,JG075B_224,STANDARD,,303,L-MMMMx,0.0,2+2,J8,-2.0,36,-0.4931295763935872,0.41096052527427673
27252,JG075B,224,S075_SNV,7.0,False,J8,10000000.0,FAM,JG075B_224,STANDARD,,302,L-MMMMx,0.0,2+2,J8,-2.0,37,0.11067933293633613,0.00555001012980938
27253,JG075B,224,S075_SNV,7.0,False,J8,10000000.0,HEX,JG075B_224,STANDARD,,303,L-MMMMx,0.0,2+2,J8,-2.0,37,-0.5357481505282579,0.4470599591732025
27254,JG075B,224,S075_SNV,7.0,False,J8,10000000.0,FAM,JG075B_224,STANDARD,,302,L-MMMMx,0.0,2+2,J8,-2.0,38,0.11403858184473926,0.004925000946968794
27255,JG075B,224,S075_SNV,7.0,False,J8,10000000.0,HEX,JG075B_224,STANDARD,,303,L-MMMMx,0.0,2+2,J8,-2.0,38,-0.5772987700164137,0.48224493861198425
27256,JG075B,224,S075_SNV,7.0,False,J8,10000000.0,FAM,JG075B_224,STANDARD,,302,L-MMMMx,0.0,2+2,J8,-2.0,39,0.11836374146175593,0.00504722585901618
27257,JG075B,224,S075_SNV,7.0,False,J8,10000000.0,HEX,JG075B_224,STANDARD,,303,L-MMMMx,0.0,2+2,J8,-2.0,39,-0.6098464664011696,0.5097209811210632
27258,JG075B,224,S075_SNV,7.0,False,J8,10000000.0,FAM,JG075B_224,STANDARD,,302,L-MMMMx,0.0,2+2,J8,-2.0,40,0.1213170251068332,0.0041081602685153484
27259,JG075B,224,S075_SNV,7.0,False,J8,10000000.0,HEX,JG075B_224,STANDARD,,303,L-MMMMx,0.0,2+2,J8,-2.0,40,-0.6393263861449034,0.5345702171325684
27260,JG075B,224,S075_SNV,7.0,False,J8,10000000.0,FAM,JG075B_224,STANDARD,,302,L-MMMMx,0.0,2+2,J8,-2.0,41,0.12331757323024488,0.0024320529773831367
27261,JG075B,224,S075_SNV,7.0,False,J8,10000000.0,HEX,JG075B_224,STANDARD,,303,L-MMMMx,0.0,2+2,J8,-2.0,41,-0.6704497253417445,0.5608266592025757
27262,JG075B,224,S075_SNV,7.0,False,J8,10000000.0,FAM,JG075B_224,STANDARD,,302,L-MMMMx,0.0,2+2,J8,-2.0,42,0.12601286205956078,0.0012934011174365878
27263,JG075B,224,S075_SNV,7.0,False,J8,10000000.0,HEX,JG075B_224,STANDARD,,303,L-MMMMx,0.0,2+2,J8,-2.0,42,-0.6958861468775029,0.5822135806083679
27264,JG075B,224,S075_SNV,7.0,False,J8,10000000.0,FAM,JG075B_224,STANDARD,,302,L-MMMMx,0.0,2+2,J8,-2.0,43,0.12696679182331813,-0.0011923753190785646
27265,JG075B,224,S075_SNV,7.0,False,J8,10000000.0,HEX,JG075B_224,STANDARD,,303,L-MMMMx,0.0,2+2,J8,-2.0,43,-0.7155148776253567,0.5986275672912598
27266,JG075B,224,S075_SNV,7.0,False,J8,10000000.0,FAM,JG075B_224,STANDARD,,302,L-MMMMx,0.0,2+2,J8,-2.0,44,0.1300604567000864,-0.002022841479629278
27267,JG075B,224,S075_SNV,7.0,False,J8,10000000.0,HEX,JG075B_224,STANDARD,,303,L-MMMMx,0.0,2+2,J8,-2.0,44,-0.7346325326976327,0.6146038770675659
27268,JG075B,224,S075_SNV,7.0,False,J8,10000000.0,FAM,JG075B_224,STANDARD,,302,L-MMMMx,0.0,2+2,J8,-2.0,45,0.13215781548080854,-0.0036240550689399242
27269,JG075B,224,S075_SNV,7.0,False,J8,10000000.0,HEX,JG075B_224,STANDARD,,303,L-MMMMx,0.0,2+2,J8,-2.0,45,-0.7530114878149606,0.6299477219581604
27270,JG075B,224,S075_SNV,7.0,False,J8,10000000.0,FAM,JG075B_224,STANDARD,,302,L-MMMMx,0.0,2+2,J8,-2.0,46,0.13359911158982454,-0.005732802674174309
27271,JG075B,224,S075_SNV,7.0,False,J8,10000000.0,HEX,JG075B_224,STANDARD,,303,L-MMMMx,0.0,2+2,J8,-2.0,46,-0.7666501499119277,0.6412326097488403
27272,JG075B,224,S075_SNV,7.0,False,J8,10000000.0,FAM,JG075B_224,STANDARD,,302,L-MMMMx,0.0,2+2,J8,-2.0,47,0.13598898263515416,-0.007107727229595184
27273,JG075B,224,S075_SNV,7.0,False,J8,10000000.0,HEX,JG075B_224,STANDARD,,303,L-MMMMx,0.0,2+2,J8,-2.0,47,-0.7782237655649168,0.6507492661476135
27274,JG075B,224,S075_SNV,7.0,False,J8,10000000.0,FAM,JG075B_224,STANDARD,,302,L-MMMMx,0.0,2+2,J8,-2.0,48,0.13905024887969075,-0.007963256910443306
27275,JG075B,224,S075_SNV,7.0,False,J8,10000000.0,HEX,JG075B_224,STANDARD,,303,L-MMMMx,0.0,2+2,J8,-2.0,48,-0.7927107631642355,0.6627605557441711
27276,JG075B,224,S075_SNV,7.0,False,J8,10000000.0,FAM,JG075B_224,STANDARD,,302,L-MMMMx,0.0,2+2,J8,-2.0,49,0.1401557703412264,-0.010331761091947556
27277,JG075B,224,S075_SNV,7.0,False,J8,10000000.0,HEX,JG075B_224,STANDARD,,303,L-MMMMx,0.0,2+2,J8,-2.0,49,-0.8010430647668842,0.669501781463623
27278,JG075B,224,S075_SNV,7.0,False,J8,10000000.0,FAM,JG075B_224,STANDARD,,302,L-MMMMx,0.0,2+2,J8,-2.0,50,0.1414324151373315,-0.012567884288728237
27279,JG075B,224,S075_SNV,7.0,False,J8,10000000.0,HEX,JG075B_224,STANDARD,,303,L-MMMMx,0.0,2+2,J8,-2.0,50,-0.8093889402944495,0.6762546300888062
28800,JG075B,241,S075_SNV,6.0,False,K1,1000000.0,FAM,JG075B_241,STANDARD,,320,L-MMMMx,3.1622776601683795,2+2,K1,0.5,1,0.001818012072078048,0.003967861644923687
28801,JG075B,241,S075_SNV,6.0,False,K1,1000000.0,HEX,JG075B_241,STANDARD,,321,L-MMMMx,3.1622776601683795,2+2,K1,0.5,1,0.0005522651416507043,0.001343879266642034
28802,JG075B,241,S075_SNV,6.0,False,K1,1000000.0,FAM,JG075B_241,STANDARD,,320,L-MMMMx,3.1622776601683795,2+2,K1,0.5,2,0.0015632532671459969,0.003373942105099559
28803,JG075B,241,S075_SNV,6.0,False,K1,1000000.0,HEX,JG075B_241,STANDARD,,321,L-MMMMx,3.1622776601683795,2+2,K1,0.5,2,0.0012818462034498805,0.00040726049337536097
28804,JG075B,241,S075_SNV,6.0,False,K1,1000000.0,FAM,JG075B_241,STANDARD,,320,L-MMMMx,3.1622776601683795,2+2,K1,0.5,3,0.00038542237315045217,0.0020659291185438633
28805,JG075B,241,S075_SNV,6.0,False,K1,1000000.0,HEX,JG075B_241,STANDARD,,321,L-MMMMx,3.1622776601683795,2+2,K1,0.5,3,0.0010104025100536504,0.0003277863725088537
28806,JG075B,241,S075_SNV,6.0,False,K1,1000000.0,FAM,JG075B_241,STANDARD,,320,L-MMMMx,3.1622776601683795,2+2,K1,0.5,4,-0.001915882137695752,-0.00011120881390525028
28807,JG075B,241,S075_SNV,6.0,False,K1,1000000.0,HEX,JG075B_241,STANDARD,,321,L-MMMMx,3.1622776601683795,2+2,K1,0.5,4,0.0010225494326072193,5.482932465383783e-06
28808,JG075B,241,S075_SNV,6.0,False,K1,1000000.0,FAM,JG075B_241,STANDARD,,320,L-MMMMx,3.1622776601683795,2+2,K1,0.5,5,-0.0018134855093108447,-0.0004288309719413519
28809,JG075B,241,S075_SNV,6.0,False,K1,1000000.0,HEX,JG075B_241,STANDARD,,321,L-MMMMx,3.1622776601683795,2+2,K1,0.5,5,0.000668687651512275,-3.4192898965557106e-06
28810,JG075B,241,S075_SNV,6.0,False,K1,1000000.0,FAM,JG075B_241,STANDARD,,320,L-MMMMx,3.1622776601683795,2+2,K1,0.5,6,-0.000632803843870423,8.771390275796875e-05
28811,JG075B,241,S075_SNV,6.0,False,K1,1000000.0,HEX,JG075B_241,STANDARD,,321,L-MMMMx,3.1622776601683795,2+2,K1,0.5,6,-0.0001392393205106367,0.00037647958379238844
28812,JG075B,241,S075_SNV,6.0,False,K1,1000000.0,FAM,JG075B_241,STANDARD,,320,L-MMMMx,3.1622776601683795,2+2,K1,0.5,7,-7.127891710653681e-05,0.0001252758374903351
28813,JG075B,241,S075_SNV,6.0,False,K1,1000000.0,HEX,JG075B_241,STANDARD,,321,L-MMMMx,3.1622776601683795,2+2,K1,0.5,7,-0.0004290426174799545,0.0003127261879853904
28814,JG075B,241,S075_SNV,6.0,False,K1,1000000.0,FAM,JG075B_241,STANDARD,,320,L-MMMMx,3.1622776601683795,2+2,K1,0.5,8,0.00024280675302971213,-2.858253901649732e-05
28815,JG075B,241,S075_SNV,6.0,False,K1,1000000.0,HEX,JG075B_241,STANDARD,,321,L-MMMMx,3.1622776601683795,2+2,K1,0.5,8,-7.766938928638602e-05,-0.00030004559084773064
28816,JG075B,241,S075_SNV,6.0,False,K1,1000000.0,FAM,JG075B_241,STANDARD,,320,L-MMMMx,3.1622776601683795,2+2,K1,0.5,9,0.0019018401621328103,0.0008580177673138678
28817,JG075B,241,S075_SNV,6.0,False,K1,1000000.0,HEX,JG075B_241,STANDARD,,321,L-MMMMx,3.1622776601683795,2+2,K1,0.5,9,-0.00039721350379732183,-0.000338332902174443
28818,JG075B,241,S075_SNV,6.0,False,K1,1000000.0,FAM,JG075B_241,STANDARD,,320,L-MMMMx,3.1622776601683795,2+2,K1,0.5,10,0.0019033811196705818,0.0004623731365427375
28819,JG075B,241,S075_SNV,6.0,False,K1,1000000.0,HEX,JG075B_241,STANDARD,,321,L-MMMMx,3.1622776601683795,2+2,K1,0.5,10,-0.0016584747630988457,0.0004297412233427167
28820,JG075B,241,S075_SNV,6.0,False,K1,1000000.0,FAM,JG075B_241,STANDARD,,320,L-MMMMx,3.1622776601683795,2+2,K1,0.5,11,0.0004250635058096206,-0.0010780978482216597
28821,JG075B,241,S075_SNV,6.0,False,K1,1000000.0,HEX,JG075B_241,STANDARD,,321,L-MMMMx,3.1622776601683795,2+2,K1,0.5,11,-0.0019197554152754707,0.00034156482433900237
28822,JG075B,241,S075_SNV,6.0,False,K1,1000000.0,FAM,JG075B_241,STANDARD,,320,L-MMMMx,3.1622776601683795,2+2,K1,0.5,12,2.634074291127931e-05,-0.0017833886668086052
28823,JG075B,241,S075_SNV,6.0,False,K1,1000000.0,HEX,JG075B_241,STANDARD,,321,L-MMMMx,3.1622776601683795,2+2,K1,0.5,12,-0.002782152111643183,0.0007681043352931738
28824,JG075B,241,S075_SNV,6.0,False,K1,1000000.0,FAM,JG075B_241,STANDARD,,320,L-MMMMx,3.1622776601683795,2+2,K1,0.5,13,0.0006406049414053906,-0.0017050273017957807
28825,JG075B,241,S075_SNV,6.0,False,K1,1000000.0,HEX,JG075B_241,STANDARD,,321,L-MMMMx,3.1622776601683795,2+2,K1,0.5,13,-0.0030400044776549757,0.0006769924075342715
28826,JG075B,241,S075_SNV,6.0,False,K1,1000000.0,FAM,JG075B_241,STANDARD,,320,L-MMMMx,3.1622776601683795,2+2,K1,0.5,14,0.0017294455375946388,-0.0012595312437042594
28827,JG075B,241,S075_SNV,6.0,False,K1,1000000.0,HEX,JG075B_241,STANDARD,,321,L-MMMMx,3.1622776601683795,2+2,K1,0.5,14,-0.002384262086908512,-0.00019640069513116032
28828,JG075B,241,S075_SNV,6.0,False,K1,1000000.0,FAM,JG075B_241,STANDARD,,320,L-MMMMx,3.1622776601683795,2+2,K1,0.5,15,0.003964527398255119,7.270322385011241e-05
28829,JG075B,241,S075_SNV,6.0,False,K1,1000000.0,HEX,JG075B_241,STANDARD,,321,L-MMMMx,3.1622776601683795,2+2,K1,0.5,15,-0.0018387295250040995,-0.0009754247148521245
28830,JG075B,241,S075_SNV,6.0,False,K1,1000000.0,FAM,JG075B_241,STANDARD,,320,L-MMMMx,3.1622776601683795,2+2,K1,0.5,16,0.005280273991881201,0.0006937350262887776
28831,JG075B,241,S075_SNV,6.0,False,K1,1000000.0,HEX,JG075B_241,STANDARD,,321,L-MMMMx,3.1622776601683795,2+2,K1,0.5,16,-0.0018312464638321302,-0.001293734647333622
28832,JG075B,241,S075_SNV,6.0,False,K1,1000000.0,FAM,JG075B_241,STANDARD,,320,L-MMMMx,3.1622776601683795,2+2,K1,0.5,17,0.004628641573096133,-0.00020720796601381153
28833,JG075B,241,S075_SNV,6.0,False,K1,1000000.0,HEX,JG075B_241,STANDARD,,321,L-MMMMx,3.1622776601683795,2+2,K1,0.5,17,-0.0025566857382849605,-0.0009844673331826925
28834,JG075B,241,S075_SNV,6.0,False,K1,1000000.0,FAM,JG075B_241,STANDARD,,320,L-MMMMx,3.1622776601683795,2+2,K1,0.5,18,0.003632759240372943,-0.0013744644820690155
28835,JG075B,241,S075_SNV,6.0,False,K1,1000000.0,HEX,JG075B_241,STANDARD,,321,L-MMMMx,3.1622776601683795,2+2,K1,0.5,18,-0.0023527810225827147,-0.0014709666138514876
28836,JG075B,241,S075_SNV,6.0,False,K1,1000000.0,FAM,JG075B_241,STANDARD,,320,L-MMMMx,3.1622776601683795,2+2,K1,0.5,19,0.006193830668148955,0.00020995715749450028
28837,JG075B,241,S075_SNV,6.0,False,K1,1000000.0,HEX,JG075B_241,STANDARD,,321,L-MMMMx,3.1622776601683795,2+2,K1,0.5,19,-0.002624886009756933,-0.0015498745488002896
28838,JG075B,241,S075_SNV,6.0,False,K1,1000000.0,FAM,JG075B_241,STANDARD,,320,L-MMMMx,3.1622776601683795,2+2,K1,0.5,20,0.010831226806256552,0.0034006345085799694
28839,JG075B,241,S075_SNV,6.0,False,K1,1000000.0,HEX,JG075B_241,STANDARD,,321,L-MMMMx,3.1622776601683795,2+2,K1,0.5,20,-0.004512810136041291,-0.0002452095504850149
28840,JG075B,241,S075_SNV,6.0,False,K1,1000000.0,FAM,JG075B_241,STANDARD,,320,L-MMMMx,3.1622776601683795,2+2,K1,0.5,21,0.016809294526163684,0.007628462743014097
28841,JG075B,241,S075_SNV,6.0,False,K1,1000000.0,HEX,JG075B_241,STANDARD,,321,L-MMMMx,3.1622776601683795,2+2,K1,0.5,21,-0.0063729251187144694,0.0010356432758271694
28842,JG075B,241,S075_SNV,6.0,False,K1,1000000.0,FAM,JG075B_241,STANDARD,,320,L-MMMMx,3.1622776601683795,2+2,K1,0.5,22,0.027267734811079507,0.01532233040779829
28843,JG075B,241,S075_SNV,6.0,False,K1,1000000.0,HEX,JG075B_241,STANDARD,,321,L-MMMMx,3.1622776601683795,2+2,K1,0.5,22,-0.009128623303929653,0.0030833545606583357
28844,JG075B,241,S075_SNV,6.0,False,K1,1000000.0,FAM,JG075B_241,STANDARD,,320,L-MMMMx,3.1622776601683795,2+2,K1,0.5,23,0.04377732272713127,0.027697399258613586
28845,JG075B,241,S075_SNV,6.0,False,K1,1000000.0,HEX,JG075B_241,STANDARD,,321,L-MMMMx,3.1622776601683795,2+2,K1,0.5,23,-0.014482109681163622,0.0073554664850234985
28846,JG075B,241,S075_SNV,6.0,False,K1,1000000.0,FAM,JG075B_241,STANDARD,,320,L-MMMMx,3.1622776601683795,2+2,K1,0.5,24,0.06587584806086445,0.04439609870314598
28847,JG075B,241,S075_SNV,6.0,False,K1,1000000.0,HEX,JG075B_241,STANDARD,,321,L-MMMMx,3.1622776601683795,2+2,K1,0.5,24,-0.023345412785068874,0.014632918871939182
28848,JG075B,241,S075_SNV,6.0,False,K1,1000000.0,FAM,JG075B_241,STANDARD,,320,L-MMMMx,3.1622776601683795,2+2,K1,0.5,25,0.09326617567505828,0.06518856436014175
28849,JG075B,241,S075_SNV,6.0,False,K1,1000000.0,HEX,JG075B_241,STANDARD,,321,L-MMMMx,3.1622776601683795,2+2,K1,0.5,25,-0.03661742228707735,0.025685401633381844
28850,JG075B,241,S075_SNV,6.0,False,K1,1000000.0,FAM,JG075B_241,STANDARD,,320,L-MMMMx,3.1622776601683795,2+2,K1,0.5,26,0.122180163578662,0.08715973794460297
28851,JG075B,241,S075_SNV,6.0,False,K1,1000000.0,HEX,JG075B_241,STANDARD,,321,L-MMMMx,3.1622776601683795,2+2,K1,0.5,26,-0.05585075156309782,0.04184236750006676
28852,JG075B,241,S075_SNV,6.0,False,K1,1000000.0,FAM,JG075B_241,STANDARD,,320,L-MMMMx,3.1622776601683795,2+2,K1,0.5,27,0.1469307538827766,0.10591009259223938
28853,JG075B,241,S075_SNV,6.0,False,K1,1000000.0,HEX,JG075B_241,STANDARD,,321,L-MMMMx,3.1622776601683795,2+2,K1,0.5,27,-0.08284408488432193,0.0646439716219902
28854,JG075B,241,S075_SNV,6.0,False,K1,1000000.0,FAM,JG075B_241,STANDARD,,320,L-MMMMx,3.1622776601683795,2+2,K1,0.5,28,0.17089672713259646,0.124053455889225
28855,JG075B,241,S075_SNV,6.0,False,K1,1000000.0,HEX,JG075B_241,STANDARD,,321,L-MMMMx,3.1622776601683795,2+2,K1,0.5,28,-0.11981493171548971,0.09598898887634277
28856,JG075B,241,S075_SNV,6.0,False,K1,1000000.0,FAM,JG075B_241,STANDARD,,320,L-MMMMx,3.1622776601683795,2+2,K1,0.5,29,0.1919540274580575,0.13994665443897247
28857,JG075B,241,S075_SNV,6.0,False,K1,1000000.0,HEX,JG075B_241,STANDARD,,321,L-MMMMx,3.1622776601683795,2+2,K1,0.5,29,-0.16306131728002082,0.13270755112171173
28858,JG075B,241,S075_SNV,6.0,False,K1,1000000.0,FAM,JG075B_241,STANDARD,,320,L-MMMMx,3.1622776601683795,2+2,K1,0.5,30,0.20781656730399908,0.15182116627693176
28859,JG075B,241,S075_SNV,6.0,False,K1,1000000.0,HEX,JG075B_241,STANDARD,,321,L-MMMMx,3.1622776601683795,2+2,K1,0.5,30,-0.2120206545975259,0.17431791126728058
28860,JG075B,241,S075_SNV,6.0,False,K1,1000000.0,FAM,JG075B_241,STANDARD,,320,L-MMMMx,3.1622776601683795,2+2,K1,0.5,31,0.22026573210802328,0.1610550731420517
28861,JG075B,241,S075_SNV,6.0,False,K1,1000000.0,HEX,JG075B_241,STANDARD,,321,L-MMMMx,3.1622776601683795,2+2,K1,0.5,31,-0.26107539224373966,0.2160099744796753
28862,JG075B,241,S075_SNV,6.0,False,K1,1000000.0,FAM,JG075B_241,STANDARD,,320,L-MMMMx,3.1622776601683795,2+2,K1,0.5,32,0.23293552350751792,0.17045965790748596
28863,JG075B,241,S075_SNV,6.0,False,K1,1000000.0,HEX,JG075B_241,STANDARD,,321,L-MMMMx,3.1622776601683795,2+2,K1,0.5,32,-0.3126917035463935,0.2598954141139984
28864,JG075B,241,S075_SNV,6.0,False,K1,1000000.0,FAM,JG075B_241,STANDARD,,320,L-MMMMx,3.1622776601683795,2+2,K1,0.5,33,0.24256797202824984,0.17751452326774597
28865,JG075B,241,S075_SNV,6.0,False,K1,1000000.0,HEX,JG075B_241,STANDARD,,321,L-MMMMx,3.1622776601683795,2+2,K1,0.5,33,-0.3619972107542074,0.3018021881580353
28866,JG075B,241,S075_SNV,6.0,False,K1,1000000.0,FAM,JG075B_241,STANDARD,,320,L-MMMMx,3.1622776601683795,2+2,K1,0.5,34,0.2504191892071334,0.1831914335489273
28867,JG075B,241,S075_SNV,6.0,False,K1,1000000.0,HEX,JG075B_241,STANDARD,,321,L-MMMMx,3.1622776601683795,2+2,K1,0.5,34,-0.4118704560728919,0.3441951274871826
28868,JG075B,241,S075_SNV,6.0,False,K1,1000000.0,FAM,JG075B_241,STANDARD,,320,L-MMMMx,3.1622776601683795,2+2,K1,0.5,35,0.25630984611071045,0.18735164403915405
28869,JG075B,241,S075_SNV,6.0,False,K1,1000000.0,HEX,JG075B_241,STANDARD,,321,L-MMMMx,3.1622776601683795,2+2,K1,0.5,35,-0.4581502310019896,0.3835110664367676
28870,JG075B,241,S075_SNV,6.0,False,K1,1000000.0,FAM,JG075B_241,STANDARD,,320,L-MMMMx,3.1622776601683795,2+2,K1,0.5,36,0.26155102793605534,0.19100941717624664
28871,JG075B,241,S075_SNV,6.0,False,K1,1000000.0,HEX,JG075B_241,STANDARD,,321,L-MMMMx,3.1622776601683795,2+2,K1,0.5,36,-0.500270885726771,0.4192656874656677
28872,JG075B,241,S075_SNV,6.0,False,K1,1000000.0,FAM,JG075B_241,STANDARD,,320,L-MMMMx,3.1622776601683795,2+2,K1,0.5,37,0.266759849653107,0.19464214146137238
28873,JG075B,241,S075_SNV,6.0,False,K1,1000000.0,HEX,JG075B_241,STANDARD,,321,L-MMMMx,3.1622776601683795,2+2,K1,0.5,37,-0.5377074225973851,0.45100948214530945
28874,JG075B,241,S075_SNV,6.0,False,K1,1000000.0,FAM,JG075B_241,STANDARD,,320,L-MMMMx,3.1622776601683795,2+2,K1,0.5,38,0.26957525612249217,0.19642332196235657
28875,JG075B,241,S075_SNV,6.0,False,K1,1000000.0,HEX,JG075B_241,STANDARD,,321,L-MMMMx,3.1622776601683795,2+2,K1,0.5,38,-0.5749079123941931,0.48255112767219543
28876,JG075B,241,S075_SNV,6.0,False,K1,1000000.0,FAM,JG075B_241,STANDARD,,320,L-MMMMx,3.1622776601683795,2+2,K1,0.5,39,0.27335310614603087,0.19894905388355255
28877,JG075B,241,S075_SNV,6.0,False,K1,1000000.0,HEX,JG075B_241,STANDARD,,321,L-MMMMx,3.1622776601683795,2+2,K1,0.5,39,-0.6064776596961118,0.5092713832855225
28878,JG075B,241,S075_SNV,6.0,False,K1,1000000.0,FAM,JG075B_241,STANDARD,,320,L-MMMMx,3.1622776601683795,2+2,K1,0.5,40,0.2756895830126767,0.20035973191261292
28879,JG075B,241,S075_SNV,6.0,False,K1,1000000.0,HEX,JG075B_241,STANDARD,,321,L-MMMMx,3.1622776601683795,2+2,K1,0.5,40,-0.6338788894610796,0.5324222445487976
28880,JG075B,241,S075_SNV,6.0,False,K1,1000000.0,FAM,JG075B_241,STANDARD,,320,L-MMMMx,3.1622776601683795,2+2,K1,0.5,41,0.2781777671489162,0.20188775658607483
28881,JG075B,241,S075_SNV,6.0,False,K1,1000000.0,HEX,JG075B_241,STANDARD,,321,L-MMMMx,3.1622776601683795,2+2,K1,0.5,41,-0.6564610974411705,0.5514467358589172
28882,JG075B,241,S075_SNV,6.0,False,K1,1000000.0,FAM,JG075B_241,STANDARD,,320,L-MMMMx,3.1622776601683795,2+2,K1,0.5,42,0.28146278042793715,0.20403222739696503
28883,JG075B,241,S075_SNV,6.0,False,K1,1000000.0,HEX,JG075B_241,STANDARD,,321,L-MMMMx,3.1622776601683795,2+2,K1,0.5,42,-0.6784273972794048,0.5699438452720642
28884,JG075B,241,S075_SNV,6.0,False,K1,1000000.0,FAM,JG075B_241,STANDARD,,320,L-MMMMx,3.1622776601683795,2+2,K1,0.5,43,0.28299819051857256,0.20482319593429565
28885,JG075B,241,S075_SNV,6.0,False,K1,1000000.0,HEX,JG075B_241,STANDARD,,321,L-MMMMx,3.1622776601683795,2+2,K1,0.5,43,-0.6996178254913807,0.5877766013145447
28886,JG075B,241,S075_SNV,6.0,False,K1,1000000.0,FAM,JG075B_241,STANDARD,,320,L-MMMMx,3.1622776601683795,2+2,K1,0.5,44,0.2853691848340645,0.2062605619430542
28887,JG075B,241,S075_SNV,6.0,False,K1,1000000.0,HEX,JG075B_241,STANDARD,,321,L-MMMMx,3.1622776601683795,2+2,K1,0.5,44,-0.7162491551781647,0.6017055511474609
28888,JG075B,241,S075_SNV,6.0,False,K1,1000000.0,FAM,JG075B_241,STANDARD,,320,L-MMMMx,3.1622776601683795,2+2,K1,0.5,45,0.28618543004182195,0.20649518072605133
28889,JG075B,241,S075_SNV,6.0,False,K1,1000000.0,HEX,JG075B_241,STANDARD,,321,L-MMMMx,3.1622776601683795,2+2,K1,0.5,45,-0.7301123787201622,0.613264262676239
28890,JG075B,241,S075_SNV,6.0,False,K1,1000000.0,FAM,JG075B_241,STANDARD,,320,L-MMMMx,3.1622776601683795,2+2,K1,0.5,46,0.28962407678735874,0.20875850319862366
28891,JG075B,241,S075_SNV,6.0,False,K1,1000000.0,HEX,JG075B_241,STANDARD,,321,L-MMMMx,3.1622776601683795,2+2,K1,0.5,46,-0.7439069669289918,0.6247642636299133
28892,JG075B,241,S075_SNV,6.0,False,K1,1000000.0,FAM,JG075B_241,STANDARD,,320,L-MMMMx,3.1622776601683795,2+2,K1,0.5,47,0.2911658818517759,0.20955441892147064
28893,JG075B,241,S075_SNV,6.0,False,K1,1000000.0,HEX,JG075B_241,STANDARD,,321,L-MMMMx,3.1622776601683795,2+2,K1,0.5,47,-0.7568421516659225,0.6355283260345459
28894,JG075B,241,S075_SNV,6.0,False,K1,1000000.0,FAM,JG075B_241,STANDARD,,320,L-MMMMx,3.1622776601683795,2+2,K1,0.5,48,0.2911450018771391,0.20914141833782196
28895,JG075B,241,S075_SNV,6.0,False,K1,1000000.0,HEX,JG075B_241,STANDARD,,321,L-MMMMx,3.1622776601683795,2+2,K1,0.5,48,-0.7656367324243205,0.6427469253540039
28896,JG075B,241,S075_SNV,6.0,False,K1,1000000.0,FAM,JG075B_241,STANDARD,,320,L-MMMMx,3.1622776601683795,2+2,K1,0.5,49,0.2944851814360123,0.21132856607437134
28897,JG075B,241,S075_SNV,6.0,False,K1,1000000.0,HEX,JG075B_241,STANDARD,,321,L-MMMMx,3.1622776601683795,2+2,K1,0.5,49,-0.7734209955096956,0.6491004228591919
28898,JG075B,241,S075_SNV,6.0,False,K1,1000000.0,FAM,JG075B_241,STANDARD,,320,L-MMMMx,3.1622776601683795,2+2,K1,0.5,50,0.29751031222628815,0.21327199041843414
28899,JG075B,241,S075_SNV,6.0,False,K1,1000000.0,HEX,JG075B_241,STANDARD,,321,L-MMMMx,3.1622776601683795,2+2,K1,0.5,50,-0.7806138531279353,0.6549475193023682
29160,JG075B,243,S075_SNV,6.0,False,K3,1000000.0,FAM,JG075B_243,STANDARD,,324,L-MMMMx,1.0,2+2,K3,0.0,1,-0.0016392056195350558,0.0021971329115331173
29161,JG075B,243,S075_SNV,6.0,False,K3,1000000.0,HEX,JG075B_243,STANDARD,,325,L-MMMMx,1.0,2+2,K3,0.0,1,0.001166583133008269,0.0019415267743170261
29162,JG075B,243,S075_SNV,6.0,False,K3,1000000.0,FAM,JG075B_243,STANDARD,,324,L-MMMMx,1.0,2+2,K3,0.0,2,-0.0017644084194789794,0.0015102257020771503
29163,JG075B,243,S075_SNV,6.0,False,K3,1000000.0,HEX,JG075B_243,STANDARD,,325,L-MMMMx,1.0,2+2,K3,0.0,2,0.0014406197941129258,0.0013139466755092144
29164,JG075B,243,S075_SNV,6.0,False,K3,1000000.0,FAM,JG075B_243,STANDARD,,324,L-MMMMx,1.0,2+2,K3,0.0,3,-0.0019460487892437794,0.0007796580321155488
29165,JG075B,243,S075_SNV,6.0,False,K3,1000000.0,HEX,JG075B_243,STANDARD,,325,L-MMMMx,1.0,2+2,K3,0.0,3,0.0009779403816032727,0.0013171924510970712
29166,JG075B,243,S075_SNV,6.0,False,K3,1000000.0,FAM,JG075B_243,STANDARD,,324,L-MMMMx,1.0,2+2,K3,0.0,4,-0.002283287346385043,-7.128118886612356e-05
29167,JG075B,243,S075_SNV,6.0,False,K3,1000000.0,HEX,JG075B_243,STANDARD,,325,L-MMMMx,1.0,2+2,K3,0.0,4,0.0009834047565055945,0.0009195819729939103
29168,JG075B,243,S075_SNV,6.0,False,K3,1000000.0,FAM,JG075B_243,STANDARD,,324,L-MMMMx,1.0,2+2,K3,0.0,5,-0.002000463852296331,-0.00044253712985664606
29169,JG075B,243,S075_SNV,6.0,False,K3,1000000.0,HEX,JG075B_243,STANDARD,,325,L-MMMMx,1.0,2+2,K3,0.0,5,0.0006772431397649947,0.0007888065883889794
29170,JG075B,243,S075_SNV,6.0,False,K3,1000000.0,FAM,JG075B_243,STANDARD,,324,L-MMMMx,1.0,2+2,K3,0.0,6,-0.0010776229068635032,-0.0003186721878591925
29171,JG075B,243,S075_SNV,6.0,False,K3,1000000.0,HEX,JG075B_243,STANDARD,,325,L-MMMMx,1.0,2+2,K3,0.0,6,-0.00018922573407769634,0.0011378038907423615
29172,JG075B,243,S075_SNV,6.0,False,K3,1000000.0,FAM,JG075B_243,STANDARD,,324,L-MMMMx,1.0,2+2,K3,0.0,7,0.0007031846716619775,0.0004689202760346234
29173,JG075B,243,S075_SNV,6.0,False,K3,1000000.0,HEX,JG075B_243,STANDARD,,325,L-MMMMx,1.0,2+2,K3,0.0,7,-0.0005982707406989547,0.001095124171115458
29174,JG075B,243,S075_SNV,6.0,False,K3,1000000.0,FAM,JG075B_243,STANDARD,,324,L-MMMMx,1.0,2+2,K3,0.0,8,0.002064023535237094,0.0009316226933151484
29175,JG075B,243,S075_SNV,6.0,False,K3,1000000.0,HEX,JG075B_243,STANDARD,,325,L-MMMMx,1.0,2+2,K3,0.0,8,-0.0004907930993080637,0.0006101631443016231
29176,JG075B,243,S075_SNV,6.0,False,K3,1000000.0,FAM,JG075B_243,STANDARD,,324,L-MMMMx,1.0,2+2,K3,0.0,9,0.002331341144101982,0.0005483713466674089
29177,JG075B,243,S075_SNV,6.0,False,K3,1000000.0,HEX,JG075B_243,STANDARD,,325,L-MMMMx,1.0,2+2,K3,0.0,9,-0.00045115027756446766,0.00018328684382140636
29178,JG075B,243,S075_SNV,6.0,False,K3,1000000.0,FAM,JG075B_243,STANDARD,,324,L-MMMMx,1.0,2+2,K3,0.0,10,0.0022088735437876027,-0.0001364199270028621
29179,JG075B,243,S075_SNV,6.0,False,K3,1000000.0,HEX,JG075B_243,STANDARD,,325,L-MMMMx,1.0,2+2,K3,0.0,10,-0.0009091484262246794,0.00018252410518471152
29180,JG075B,243,S075_SNV,6.0,False,K3,1000000.0,FAM,JG075B_243,STANDARD,,324,L-MMMMx,1.0,2+2,K3,0.0,11,0.0024577189241684564,-0.0005339615163393319
29181,JG075B,243,S075_SNV,6.0,False,K3,1000000.0,HEX,JG075B_243,STANDARD,,325,L-MMMMx,1.0,2+2,K3,0.0,11,-0.00037586720168088694,-0.0006670385482721031
29182,JG075B,243,S075_SNV,6.0,False,K3,1000000.0,FAM,JG075B_243,STANDARD,,324,L-MMMMx,1.0,2+2,K3,0.0,12,0.003743320535961886,-0.00012946300557814538
29183,JG075B,243,S075_SNV,6.0,False,K3,1000000.0,HEX,JG075B_243,STANDARD,,325,L-MMMMx,1.0,2+2,K3,0.0,12,-0.00011307253480202621,-0.0012849924387410283
29184,JG075B,243,S075_SNV,6.0,False,K3,1000000.0,FAM,JG075B_243,STANDARD,,324,L-MMMMx,1.0,2+2,K3,0.0,13,0.0036857850338953475,-0.000764022464863956
29185,JG075B,243,S075_SNV,6.0,False,K3,1000000.0,HEX,JG075B_243,STANDARD,,325,L-MMMMx,1.0,2+2,K3,0.0,13,-0.00022538806225293458,-0.0015817518578842282
29186,JG075B,243,S075_SNV,6.0,False,K3,1000000.0,FAM,JG075B_243,STANDARD,,324,L-MMMMx,1.0,2+2,K3,0.0,14,0.0037868911103423712,-0.0012758559314534068
29187,JG075B,243,S075_SNV,6.0,False,K3,1000000.0,HEX,JG075B_243,STANDARD,,325,L-MMMMx,1.0,2+2,K3,0.0,14,-6.563340746530848e-05,-0.0021114759147167206
29188,JG075B,243,S075_SNV,6.0,False,K3,1000000.0,FAM,JG075B_243,STANDARD,,324,L-MMMMx,1.0,2+2,K3,0.0,15,0.0060768695832859555,-9.436620894121006e-05
29189,JG075B,243,S075_SNV,6.0,False,K3,1000000.0,HEX,JG075B_243,STANDARD,,325,L-MMMMx,1.0,2+2,K3,0.0,15,-0.00030307267869868215,-0.002301095984876156
29190,JG075B,243,S075_SNV,6.0,False,K3,1000000.0,FAM,JG075B_243,STANDARD,,324,L-MMMMx,1.0,2+2,K3,0.0,16,0.006549134544674436,-0.00031906922231428325
29191,JG075B,243,S075_SNV,6.0,False,K3,1000000.0,HEX,JG075B_243,STANDARD,,325,L-MMMMx,1.0,2+2,K3,0.0,16,-0.0017886691509487124,-0.0014219600707292557
29192,JG075B,243,S075_SNV,6.0,False,K3,1000000.0,FAM,JG075B_243,STANDARD,,324,L-MMMMx,1.0,2+2,K3,0.0,17,0.006575465656601104,-0.0008887490257620811
29193,JG075B,243,S075_SNV,6.0,False,K3,1000000.0,HEX,JG075B_243,STANDARD,,325,L-MMMMx,1.0,2+2,K3,0.0,17,-0.001955976476779675,-0.001671631820499897
29194,JG075B,243,S075_SNV,6.0,False,K3,1000000.0,FAM,JG075B_243,STANDARD,,324,L-MMMMx,1.0,2+2,K3,0.0,18,0.008677139118429027,0.00014706696674693376
29195,JG075B,243,S075_SNV,6.0,False,K3,1000000.0,HEX,JG075B_243,STANDARD,,325,L-MMMMx,1.0,2+2,K3,0.0,18,-0.001897243147813636,-0.0021148547530174255
29196,JG075B,243,S075_SNV,6.0,False,K3,1000000.0,FAM,JG075B_243,STANDARD,,324,L-MMMMx,1.0,2+2,K3,0.0,19,0.009259235828322162,7.3303717726957984e-06
29197,JG075B,243,S075_SNV,6.0,False,K3,1000000.0,HEX,JG075B_243,STANDARD,,325,L-MMMMx,1.0,2+2,K3,0.0,19,-0.003038636208620915,-0.0015304489061236382
29198,JG075B,243,S075_SNV,6.0,False,K3,1000000.0,FAM,JG075B_243,STANDARD,,324,L-MMMMx,1.0,2+2,K3,0.0,20,0.012715969562958559,0.002091428264975548
29199,JG075B,243,S075_SNV,6.0,False,K3,1000000.0,HEX,JG075B_243,STANDARD,,325,L-MMMMx,1.0,2+2,K3,0.0,20,-0.00492643851763038,-0.00030691729625687003
29200,JG075B,243,S075_SNV,6.0,False,K3,1000000.0,FAM,JG075B_243,STANDARD,,324,L-MMMMx,1.0,2+2,K3,0.0,21,0.018927762017407163,0.006306854076683521
29201,JG075B,243,S075_SNV,6.0,False,K3,1000000.0,HEX,JG075B_243,STANDARD,,325,L-MMMMx,1.0,2+2,K3,0.0,21,-0.0066291655811424165,0.0007581404061056674
29202,JG075B,243,S075_SNV,6.0,False,K3,1000000.0,FAM,JG075B_243,STANDARD,,324,L-MMMMx,1.0,2+2,K3,0.0,22,0.029446222598419183,0.013853941112756729
29203,JG075B,243,S075_SNV,6.0,False,K3,1000000.0,HEX,JG075B_243,STANDARD,,325,L-MMMMx,1.0,2+2,K3,0.0,22,-0.009102038858992838,0.002482648938894272
29204,JG075B,243,S075_SNV,6.0,False,K3,1000000.0,FAM,JG075B_243,STANDARD,,324,L-MMMMx,1.0,2+2,K3,0.0,23,0.044994830869978276,0.025292376056313515
29205,JG075B,243,S075_SNV,6.0,False,K3,1000000.0,HEX,JG075B_243,STANDARD,,325,L-MMMMx,1.0,2+2,K3,0.0,23,-0.013104502047797336,0.005516895093023777
29206,JG075B,243,S075_SNV,6.0,False,K3,1000000.0,FAM,JG075B_243,STANDARD,,324,L-MMMMx,1.0,2+2,K3,0.0,24,0.06590215750307575,0.040876343846321106
29207,JG075B,243,S075_SNV,6.0,False,K3,1000000.0,HEX,JG075B_243,STANDARD,,325,L-MMMMx,1.0,2+2,K3,0.0,24,-0.019894753572517274,0.010938232764601707
29208,JG075B,243,S075_SNV,6.0,False,K3,1000000.0,FAM,JG075B_243,STANDARD,,324,L-MMMMx,1.0,2+2,K3,0.0,25,0.09152103885578605,0.06010519713163376
29209,JG075B,243,S075_SNV,6.0,False,K3,1000000.0,HEX,JG075B_243,STANDARD,,325,L-MMMMx,1.0,2+2,K3,0.0,25,-0.03226169552700997,0.02113470807671547
29210,JG075B,243,S075_SNV,6.0,False,K3,1000000.0,FAM,JG075B_243,STANDARD,,324,L-MMMMx,1.0,2+2,K3,0.0,26,0.11804026317387774,0.08003056049346924
29211,JG075B,243,S075_SNV,6.0,False,K3,1000000.0,HEX,JG075B_243,STANDARD,,325,L-MMMMx,1.0,2+2,K3,0.0,26,-0.051803779387479466,0.037475019693374634
29212,JG075B,243,S075_SNV,6.0,False,K3,1000000.0,FAM,JG075B_243,STANDARD,,324,L-MMMMx,1.0,2+2,K3,0.0,27,0.14544858146732506,0.10064373165369034
29213,JG075B,243,S075_SNV,6.0,False,K3,1000000.0,HEX,JG075B_243,STANDARD,,325,L-MMMMx,1.0,2+2,K3,0.0,27,-0.07918172465047497,0.060524921864271164
29214,JG075B,243,S075_SNV,6.0,False,K3,1000000.0,FAM,JG075B_243,STANDARD,,324,L-MMMMx,1.0,2+2,K3,0.0,28,0.16809776797718082,0.11757521331310272
29215,JG075B,243,S075_SNV,6.0,False,K3,1000000.0,HEX,JG075B_243,STANDARD,,325,L-MMMMx,1.0,2+2,K3,0.0,28,-0.11378111978637427,0.08975831419229507
29216,JG075B,243,S075_SNV,6.0,False,K3,1000000.0,FAM,JG075B_243,STANDARD,,324,L-MMMMx,1.0,2+2,K3,0.0,29,0.18568621878936478,0.13059167563915253
29217,JG075B,243,S075_SNV,6.0,False,K3,1000000.0,HEX,JG075B_243,STANDARD,,325,L-MMMMx,1.0,2+2,K3,0.0,29,-0.15516617219548326,0.12480204552412033
29218,JG075B,243,S075_SNV,6.0,False,K3,1000000.0,FAM,JG075B_243,STANDARD,,324,L-MMMMx,1.0,2+2,K3,0.0,30,0.2011575095164662,0.14197030663490295
29219,JG075B,243,S075_SNV,6.0,False,K3,1000000.0,HEX,JG075B_243,STANDARD,,325,L-MMMMx,1.0,2+2,K3,0.0,30,-0.20148646006971668,0.16407164931297302
29220,JG075B,243,S075_SNV,6.0,False,K3,1000000.0,FAM,JG075B_243,STANDARD,,324,L-MMMMx,1.0,2+2,K3,0.0,31,0.21530157351628512,0.1523221731185913
29221,JG075B,243,S075_SNV,6.0,False,K3,1000000.0,HEX,JG075B_243,STANDARD,,325,L-MMMMx,1.0,2+2,K3,0.0,31,-0.2512994232397972,0.20633192360401154
29222,JG075B,243,S075_SNV,6.0,False,K3,1000000.0,FAM,JG075B_243,STANDARD,,324,L-MMMMx,1.0,2+2,K3,0.0,32,0.22554108225902209,0.1596534699201584
29223,JG075B,243,S075_SNV,6.0,False,K3,1000000.0,HEX,JG075B_243,STANDARD,,325,L-MMMMx,1.0,2+2,K3,0.0,32,-0.3002180735874882,0.24782642722129822
29224,JG075B,243,S075_SNV,6.0,False,K3,1000000.0,FAM,JG075B_243,STANDARD,,324,L-MMMMx,1.0,2+2,K3,0.0,33,0.23458873739416977,0.16606272757053375
29225,JG075B,243,S075_SNV,6.0,False,K3,1000000.0,HEX,JG075B_243,STANDARD,,325,L-MMMMx,1.0,2+2,K3,0.0,33,-0.34858419558120235,0.28884780406951904
29226,JG075B,243,S075_SNV,6.0,False,K3,1000000.0,FAM,JG075B_243,STANDARD,,324,L-MMMMx,1.0,2+2,K3,0.0,34,0.2430673939584954,0.17203180491924286
29227,JG075B,243,S075_SNV,6.0,False,K3,1000000.0,HEX,JG075B_243,STANDARD,,325,L-MMMMx,1.0,2+2,K3,0.0,34,-0.3954199445529096,0.3285588026046753
29228,JG075B,243,S075_SNV,6.0,False,K3,1000000.0,FAM,JG075B_243,STANDARD,,324,L-MMMMx,1.0,2+2,K3,0.0,35,0.2500143002063378,0.176815927028656
29229,JG075B,243,S075_SNV,6.0,False,K3,1000000.0,HEX,JG075B_243,STANDARD,,325,L-MMMMx,1.0,2+2,K3,0.0,35,-0.4408541683745104,0.36706969141960144
29230,JG075B,243,S075_SNV,6.0,False,K3,1000000.0,FAM,JG075B_243,STANDARD,,324,L-MMMMx,1.0,2+2,K3,0.0,36,0.25550731301729296,0.18047529458999634
29231,JG075B,243,S075_SNV,6.0,False,K3,1000000.0,HEX,JG075B_243,STANDARD,,325,L-MMMMx,1.0,2+2,K3,0.0,36,-0.48109173685906753,0.40113088488578796
29232,JG075B,243,S075_SNV,6.0,False,K3,1000000.0,FAM,JG075B_243,STANDARD,,324,L-MMMMx,1.0,2+2,K3,0.0,37,0.2606677486676586,0.1838773936033249
29233,JG075B,243,S075_SNV,6.0,False,K3,1000000.0,HEX,JG075B_243,STANDARD,,325,L-MMMMx,1.0,2+2,K3,0.0,37,-0.5198914438406647,0.43396085500717163
29234,JG075B,243,S075_SNV,6.0,False,K3,1000000.0,FAM,JG075B_243,STANDARD,,324,L-MMMMx,1.0,2+2,K3,0.0,38,0.26481585226358534,0.1864963322877884
29235,JG075B,243,S075_SNV,6.0,False,K3,1000000.0,HEX,JG075B_243,STANDARD,,325,L-MMMMx,1.0,2+2,K3,0.0,38,-0.5526818002370064,0.4616452157497406
29236,JG075B,243,S075_SNV,6.0,False,K3,1000000.0,FAM,JG075B_243,STANDARD,,324,L-MMMMx,1.0,2+2,K3,0.0,39,0.2683310845987494,0.18862569332122803
29237,JG075B,243,S075_SNV,6.0,False,K3,1000000.0,HEX,JG075B_243,STANDARD,,325,L-MMMMx,1.0,2+2,K3,0.0,39,-0.5842876054522932,0.48831531405448914
29238,JG075B,243,S075_SNV,6.0,False,K3,1000000.0,FAM,JG075B_243,STANDARD,,324,L-MMMMx,1.0,2+2,K3,0.0,40,0.2716105504306344,0.19057264924049377
29239,JG075B,243,S075_SNV,6.0,False,K3,1000000.0,HEX,JG075B_243,STANDARD,,325,L-MMMMx,1.0,2+2,K3,0.0,40,-0.6106973122095073,0.5105361342430115
29240,JG075B,243,S075_SNV,6.0,False,K3,1000000.0,FAM,JG075B_243,STANDARD,,324,L-MMMMx,1.0,2+2,K3,0.0,41,0.27579328704722256,0.193218395113945
29241,JG075B,243,S075_SNV,6.0,False,K3,1000000.0,HEX,JG075B_243,STANDARD,,325,L-MMMMx,1.0,2+2,K3,0.0,41,-0.6351483364061922,0.5310798287391663
29242,JG075B,243,S075_SNV,6.0,False,K3,1000000.0,FAM,JG075B_243,STANDARD,,324,L-MMMMx,1.0,2+2,K3,0.0,42,0.2778985047113874,0.1942569464445114
29243,JG075B,243,S075_SNV,6.0,False,K3,1000000.0,HEX,JG075B_243,STANDARD,,325,L-MMMMx,1.0,2+2,K3,0.0,42,-0.6558567162589506,0.5484188199043274
29244,JG075B,243,S075_SNV,6.0,False,K3,1000000.0,FAM,JG075B_243,STANDARD,,324,L-MMMMx,1.0,2+2,K3,0.0,43,0.27991469355380744,0.19522662460803986
29245,JG075B,243,S075_SNV,6.0,False,K3,1000000.0,HEX,JG075B_243,STANDARD,,325,L-MMMMx,1.0,2+2,K3,0.0,43,-0.6727895262986258,0.5625248551368713
29246,JG075B,243,S075_SNV,6.0,False,K3,1000000.0,FAM,JG075B_243,STANDARD,,324,L-MMMMx,1.0,2+2,K3,0.0,44,0.2823693233396619,0.19653549790382385
29247,JG075B,243,S075_SNV,6.0,False,K3,1000000.0,HEX,JG075B_243,STANDARD,,325,L-MMMMx,1.0,2+2,K3,0.0,44,-0.6888884796891936,0.5759169459342957
29248,JG075B,243,S075_SNV,6.0,False,K3,1000000.0,FAM,JG075B_243,STANDARD,,324,L-MMMMx,1.0,2+2,K3,0.0,45,0.2837561080757792,0.19701826572418213
29249,JG075B,243,S075_SNV,6.0,False,K3,1000000.0,HEX,JG075B_243,STANDARD,,325,L-MMMMx,1.0,2+2,K3,0.0,45,-0.7032385546715332,0.5878115296363831
29250,JG075B,243,S075_SNV,6.0,False,K3,1000000.0,FAM,JG075B_243,STANDARD,,324,L-MMMMx,1.0,2+2,K3,0.0,46,0.28652301290666304,0.19856871664524078
29251,JG075B,243,S075_SNV,6.0,False,K3,1000000.0,HEX,JG075B_243,STANDARD,,325,L-MMMMx,1.0,2+2,K3,0.0,46,-0.7163467895486826,0.5986427068710327
29252,JG075B,243,S075_SNV,6.0,False,K3,1000000.0,FAM,JG075B_243,STANDARD,,324,L-MMMMx,1.0,2+2,K3,0.0,47,0.28841353666187786,0.19944117963314056
29253,JG075B,243,S075_SNV,6.0,False,K3,1000000.0,HEX,JG075B_243,STANDARD,,325,L-MMMMx,1.0,2+2,K3,0.0,47,-0.7262537360515278,0.6067327857017517
29254,JG075B,243,S075_SNV,6.0,False,K3,1000000.0,FAM,JG075B_243,STANDARD,,324,L-MMMMx,1.0,2+2,K3,0.0,48,0.2907697763089456,0.2006739377975464
29255,JG075B,243,S075_SNV,6.0,False,K3,1000000.0,HEX,JG075B_243,STANDARD,,325,L-MMMMx,1.0,2+2,K3,0.0,48,-0.73725216533741,0.6157574653625488
29256,JG075B,243,S075_SNV,6.0,False,K3,1000000.0,FAM,JG075B_243,STANDARD,,324,L-MMMMx,1.0,2+2,K3,0.0,49,0.2941670098206548,0.20271199941635132
29257,JG075B,243,S075_SNV,6.0,False,K3,1000000.0,HEX,JG075B_243,STANDARD,,325,L-MMMMx,1.0,2+2,K3,0.0,49,-0.7452690646128941,0.6222290992736816
29258,JG075B,243,S075_SNV,6.0,False,K3,1000000.0,FAM,JG075B_243,STANDARD,,324,L-MMMMx,1.0,2+2,K3,0.0,50,0.29457193493764267,0.2024351954460144
29259,JG075B,243,S075_SNV,6.0,False,K3,1000000.0,HEX,JG075B_243,STANDARD,,325,L-MMMMx,1.0,2+2,K3,0.0,50,-0.7512397121096693,0.6269486546516418
29880,JG075B,247,S075_SNV,6.0,False,K7,1000000.0,FAM,JG075B_247,STANDARD,,332,L-MMMMx,0.1,2+2,K7,-1.0,1,-0.005091930456827095,0.0009340679971501231
29881,JG075B,247,S075_SNV,6.0,False,K7,1000000.0,HEX,JG075B_247,STANDARD,,333,L-MMMMx,0.1,2+2,K7,-1.0,1,-0.00042046972675939304,0.0029680682346224785
29882,JG075B,247,S075_SNV,6.0,False,K7,1000000.0,FAM,JG075B_247,STANDARD,,332,L-MMMMx,0.1,2+2,K7,-1.0,2,-0.005048090214877499,0.000156022360897623
29883,JG075B,247,S075_SNV,6.0,False,K7,1000000.0,HEX,JG075B_247,STANDARD,,333,L-MMMMx,0.1,2+2,K7,-1.0,2,0.0005317411061397941,0.0017188122728839517
29884,JG075B,247,S075_SNV,6.0,False,K7,1000000.0,FAM,JG075B_247,STANDARD,,332,L-MMMMx,0.1,2+2,K7,-1.0,3,-0.0038095841178322075,0.0003021765442099422
29885,JG075B,247,S075_SNV,6.0,False,K7,1000000.0,HEX,JG075B_247,STANDARD,,333,L-MMMMx,0.1,2+2,K7,-1.0,3,0.0008371718192310386,0.0010233728680759668
29886,JG075B,247,S075_SNV,6.0,False,K7,1000000.0,FAM,JG075B_247,STANDARD,,332,L-MMMMx,0.1,2+2,K7,-1.0,4,-0.0030467716126969364,8.033166523091495e-05
29887,JG075B,247,S075_SNV,6.0,False,K7,1000000.0,HEX,JG075B_247,STANDARD,,333,L-MMMMx,0.1,2+2,K7,-1.0,4,0.0006317356863587155,0.0007653720676898956
29888,JG075B,247,S075_SNV,6.0,False,K7,1000000.0,FAM,JG075B_247,STANDARD,,332,L-MMMMx,0.1,2+2,K7,-1.0,5,-0.0014637074102059665,0.0004930378054268658
29889,JG075B,247,S075_SNV,6.0,False,K7,1000000.0,HEX,JG075B_247,STANDARD,,333,L-MMMMx,0.1,2+2,K7,-1.0,5,-0.0002100390856164764,0.0010522471275180578
29890,JG075B,247,S075_SNV,6.0,False,K7,1000000.0,FAM,JG075B_247,STANDARD,,332,L-MMMMx,0.1,2+2,K7,-1.0,6,8.503196313114627e-05,0.0008791901054792106
29891,JG075B,247,S075_SNV,6.0,False,K7,1000000.0,HEX,JG075B_247,STANDARD,,333,L-MMMMx,0.1,2+2,K7,-1.0,6,-0.0006954635235953481,0.0010339909931644797
29892,JG075B,247,S075_SNV,6.0,False,K7,1000000.0,FAM,JG075B_247,STANDARD,,332,L-MMMMx,0.1,2+2,K7,-1.0,7,0.0003776212756154846,0.00029357807943597436
29893,JG075B,247,S075_SNV,6.0,False,K7,1000000.0,HEX,JG075B_247,STANDARD,,333,L-MMMMx,0.1,2+2,K7,-1.0,7,1.2268739828461481e-06,3.528853085299488e-06
29894,JG075B,247,S075_SNV,6.0,False,K7,1000000.0,FAM,JG075B_247,STANDARD,,332,L-MMMMx,0.1,2+2,K7,-1.0,8,0.0020224778753710863,0.000754087173845619
29895,JG075B,247,S075_SNV,6.0,False,K7,1000000.0,HEX,JG075B_247,STANDARD,,333,L-MMMMx,0.1,2+2,K7,-1.0,8,-0.00010437130088113154,-0.0003399599518161267
29896,JG075B,247,S075_SNV,6.0,False,K7,1000000.0,FAM,JG075B_247,STANDARD,,332,L-MMMMx,0.1,2+2,K7,-1.0,9,0.002772885672327298,0.0005226459470577538
29897,JG075B,247,S075_SNV,6.0,False,K7,1000000.0,HEX,JG075B_247,STANDARD,,333,L-MMMMx,0.1,2+2,K7,-1.0,9,-0.00018886028225301876,-0.0007015239098109305
29898,JG075B,247,S075_SNV,6.0,False,K7,1000000.0,FAM,JG075B_247,STANDARD,,332,L-MMMMx,0.1,2+2,K7,-1.0,10,0.003062046354290095,-6.561852205777541e-05
29899,JG075B,247,S075_SNV,6.0,False,K7,1000000.0,HEX,JG075B_247,STANDARD,,333,L-MMMMx,0.1,2+2,K7,-1.0,10,-0.00027140018722662557,-0.0010647567687556148
29900,JG075B,247,S075_SNV,6.0,False,K7,1000000.0,FAM,JG075B_247,STANDARD,,332,L-MMMMx,0.1,2+2,K7,-1.0,11,0.00414402968943626,-4.0551170968683437e-05
29901,JG075B,247,S075_SNV,6.0,False,K7,1000000.0,HEX,JG075B_247,STANDARD,,333,L-MMMMx,0.1,2+2,K7,-1.0,11,-0.002007696611205473,-1.193224306916818e-05
29902,JG075B,247,S075_SNV,6.0,False,K7,1000000.0,FAM,JG075B_247,STANDARD,,332,L-MMMMx,0.1,2+2,K7,-1.0,12,0.004354524489095829,-0.0006896719569340348
29903,JG075B,247,S075_SNV,6.0,False,K7,1000000.0,HEX,JG075B_247,STANDARD,,333,L-MMMMx,0.1,2+2,K7,-1.0,12,-0.002252062064639879,-0.00023659919679630548
29904,JG075B,247,S075_SNV,6.0,False,K7,1000000.0,FAM,JG075B_247,STANDARD,,332,L-MMMMx,0.1,2+2,K7,-1.0,13,0.004132588079718308,-0.0016733238007873297
29905,JG075B,247,S075_SNV,6.0,False,K7,1000000.0,HEX,JG075B_247,STANDARD,,333,L-MMMMx,0.1,2+2,K7,-1.0,13,-0.002550583997997933,-0.00041489372961223125
29906,JG075B,247,S075_SNV,6.0,False,K7,1000000.0,FAM,JG075B_247,STANDARD,,332,L-MMMMx,0.1,2+2,K7,-1.0,14,0.003957612351304369,-0.0026206467300653458
29907,JG075B,247,S075_SNV,6.0,False,K7,1000000.0,HEX,JG075B_247,STANDARD,,333,L-MMMMx,0.1,2+2,K7,-1.0,14,-0.002588260340875407,-0.0008165417821146548
29908,JG075B,247,S075_SNV,6.0,False,K7,1000000.0,FAM,JG075B_247,STANDARD,,332,L-MMMMx,0.1,2+2,K7,-1.0,15,0.00643215901333452,-0.0015182849019765854
29909,JG075B,247,S075_SNV,6.0,False,K7,1000000.0,HEX,JG075B_247,STANDARD,,333,L-MMMMx,0.1,2+2,K7,-1.0,15,-0.004045073131315117,-3.0299415811896324e-06
29910,JG075B,247,S075_SNV,6.0,False,K7,1000000.0,FAM,JG075B_247,STANDARD,,332,L-MMMMx,0.1,2+2,K7,-1.0,16,0.008307889576186717,-0.0008791705477051437
29911,JG075B,247,S075_SNV,6.0,False,K7,1000000.0,HEX,JG075B_247,STANDARD,,333,L-MMMMx,0.1,2+2,K7,-1.0,16,-0.004157197231619766,-0.0003409308264963329
29912,JG075B,247,S075_SNV,6.0,False,K7,1000000.0,FAM,JG075B_247,STANDARD,,332,L-MMMMx,0.1,2+2,K7,-1.0,17,0.010125988327126264,-0.00028464040951803327
29913,JG075B,247,S075_SNV,6.0,False,K7,1000000.0,HEX,JG075B_247,STANDARD,,333,L-MMMMx,0.1,2+2,K7,-1.0,17,-0.003628806100539517,-0.001227283850312233
29914,JG075B,247,S075_SNV,6.0,False,K7,1000000.0,FAM,JG075B_247,STANDARD,,332,L-MMMMx,0.1,2+2,K7,-1.0,18,0.011841035542727352,0.0002301685162819922
29915,JG075B,247,S075_SNV,6.0,False,K7,1000000.0,HEX,JG075B_247,STANDARD,,333,L-MMMMx,0.1,2+2,K7,-1.0,18,-0.0033045633197112977,-0.0019388312939554453
29916,JG075B,247,S075_SNV,6.0,False,K7,1000000.0,FAM,JG075B_247,STANDARD,,332,L-MMMMx,0.1,2+2,K7,-1.0,19,0.01354467967254893,0.0007361559546552598
29917,JG075B,247,S075_SNV,6.0,False,K7,1000000.0,HEX,JG075B_247,STANDARD,,333,L-MMMMx,0.1,2+2,K7,-1.0,19,-0.004076362768494655,-0.0017118739197030663
29918,JG075B,247,S075_SNV,6.0,False,K7,1000000.0,FAM,JG075B_247,STANDARD,,332,L-MMMMx,0.1,2+2,K7,-1.0,20,0.018141779771043805,0.003480536164715886
29919,JG075B,247,S075_SNV,6.0,False,K7,1000000.0,HEX,JG075B_247,STANDARD,,333,L-MMMMx,0.1,2+2,K7,-1.0,20,-0.004929692779116795,-0.0014151044888421893
29920,JG075B,247,S075_SNV,6.0,False,K7,1000000.0,FAM,JG075B_247,STANDARD,,332,L-MMMMx,0.1,2+2,K7,-1.0,21,0.02443709212403962,0.007538662292063236
29921,JG075B,247,S075_SNV,6.0,False,K7,1000000.0,HEX,JG075B_247,STANDARD,,333,L-MMMMx,0.1,2+2,K7,-1.0,21,-0.007417549581778998,0.00028125641983933747
29922,JG075B,247,S075_SNV,6.0,False,K7,1000000.0,FAM,JG075B_247,STANDARD,,332,L-MMMMx,0.1,2+2,K7,-1.0,22,0.03508445380308621,0.01496355701237917
29923,JG075B,247,S075_SNV,6.0,False,K7,1000000.0,HEX,JG075B_247,STANDARD,,333,L-MMMMx,0.1,2+2,K7,-1.0,22,-0.009255110966129219,0.001420790795236826
29924,JG075B,247,S075_SNV,6.0,False,K7,1000000.0,FAM,JG075B_247,STANDARD,,332,L-MMMMx,0.1,2+2,K7,-1.0,23,0.05085110756623996,0.026348762214183807
29925,JG075B,247,S075_SNV,6.0,False,K7,1000000.0,HEX,JG075B_247,STANDARD,,333,L-MMMMx,0.1,2+2,K7,-1.0,23,-0.01352459762149813,0.004642702639102936
29926,JG075B,247,S075_SNV,6.0,False,K7,1000000.0,FAM,JG075B_247,STANDARD,,332,L-MMMMx,0.1,2+2,K7,-1.0,24,0.07188818282401778,0.04181119427084923
29927,JG075B,247,S075_SNV,6.0,False,K7,1000000.0,HEX,JG075B_247,STANDARD,,333,L-MMMMx,0.1,2+2,K7,-1.0,24,-0.021850286286366982,0.011337807402014732
29928,JG075B,247,S075_SNV,6.0,False,K7,1000000.0,FAM,JG075B_247,STANDARD,,332,L-MMMMx,0.1,2+2,K7,-1.0,25,0.09979769755662522,0.06259018182754517
29929,JG075B,247,S075_SNV,6.0,False,K7,1000000.0,HEX,JG075B_247,STANDARD,,333,L-MMMMx,0.1,2+2,K7,-1.0,25,-0.03481338458171586,0.022003773599863052
29930,JG075B,247,S075_SNV,6.0,False,K7,1000000.0,FAM,JG075B_247,STANDARD,,332,L-MMMMx,0.1,2+2,K7,-1.0,26,0.12736219189652567,0.0831022635102272
29931,JG075B,247,S075_SNV,6.0,False,K7,1000000.0,HEX,JG075B_247,STANDARD,,333,L-MMMMx,0.1,2+2,K7,-1.0,26,-0.054273520221118365,0.03823293745517731
29932,JG075B,247,S075_SNV,6.0,False,K7,1000000.0,FAM,JG075B_247,STANDARD,,332,L-MMMMx,0.1,2+2,K7,-1.0,27,0.15381380670264763,0.1027534082531929
29933,JG075B,247,S075_SNV,6.0,False,K7,1000000.0,HEX,JG075B_247,STANDARD,,333,L-MMMMx,0.1,2+2,K7,-1.0,27,-0.08119934936958419,0.06085473299026489
29934,JG075B,247,S075_SNV,6.0,False,K7,1000000.0,FAM,JG075B_247,STANDARD,,332,L-MMMMx,0.1,2+2,K7,-1.0,28,0.1769007407250458,0.11980162560939789
29935,JG075B,247,S075_SNV,6.0,False,K7,1000000.0,HEX,JG075B_247,STANDARD,,333,L-MMMMx,0.1,2+2,K7,-1.0,28,-0.11607024040628323,0.09027962386608124
29936,JG075B,247,S075_SNV,6.0,False,K7,1000000.0,FAM,JG075B_247,STANDARD,,332,L-MMMMx,0.1,2+2,K7,-1.0,29,0.19711297993679305,0.13462595641613007
29937,JG075B,247,S075_SNV,6.0,False,K7,1000000.0,HEX,JG075B_247,STANDARD,,333,L-MMMMx,0.1,2+2,K7,-1.0,29,-0.15798391017855443,0.12573501467704773
29938,JG075B,247,S075_SNV,6.0,False,K7,1000000.0,FAM,JG075B_247,STANDARD,,332,L-MMMMx,0.1,2+2,K7,-1.0,30,0.21399917787507614,0.1468772441148758
29939,JG075B,247,S075_SNV,6.0,False,K7,1000000.0,HEX,JG075B_247,STANDARD,,333,L-MMMMx,0.1,2+2,K7,-1.0,30,-0.20935644771168044,0.1692897230386734
29940,JG075B,247,S075_SNV,6.0,False,K7,1000000.0,FAM,JG075B_247,STANDARD,,332,L-MMMMx,0.1,2+2,K7,-1.0,31,0.2293020804672376,0.15790368616580963
29941,JG075B,247,S075_SNV,6.0,False,K7,1000000.0,HEX,JG075B_247,STANDARD,,333,L-MMMMx,0.1,2+2,K7,-1.0,31,-0.2600571455713063,0.2122691422700882
29942,JG075B,247,S075_SNV,6.0,False,K7,1000000.0,FAM,JG075B_247,STANDARD,,332,L-MMMMx,0.1,2+2,K7,-1.0,32,0.2427220870439962,0.16747352480888367
29943,JG075B,247,S075_SNV,6.0,False,K7,1000000.0,HEX,JG075B_247,STANDARD,,333,L-MMMMx,0.1,2+2,K7,-1.0,32,-0.3122712664492613,0.25654447078704834
29944,JG075B,247,S075_SNV,6.0,False,K7,1000000.0,FAM,JG075B_247,STANDARD,,332,L-MMMMx,0.1,2+2,K7,-1.0,33,0.25566767131881346,0.17667633295059204
29945,JG075B,247,S075_SNV,6.0,False,K7,1000000.0,HEX,JG075B_247,STANDARD,,333,L-MMMMx,0.1,2+2,K7,-1.0,33,-0.3655471815001151,0.3017289936542511
29946,JG075B,247,S075_SNV,6.0,False,K7,1000000.0,FAM,JG075B_247,STANDARD,,332,L-MMMMx,0.1,2+2,K7,-1.0,34,0.26361531391562304,0.18201270699501038
29947,JG075B,247,S075_SNV,6.0,False,K7,1000000.0,HEX,JG075B_247,STANDARD,,333,L-MMMMx,0.1,2+2,K7,-1.0,34,-0.4150339528129692,0.34366896748542786
29948,JG075B,247,S075_SNV,6.0,False,K7,1000000.0,FAM,JG075B_247,STANDARD,,332,L-MMMMx,0.1,2+2,K7,-1.0,35,0.2705290125285265,0.18654921650886536
29949,JG075B,247,S075_SNV,6.0,False,K7,1000000.0,HEX,JG075B_247,STANDARD,,333,L-MMMMx,0.1,2+2,K7,-1.0,35,-0.46147577952260965,0.3830016553401947
29950,JG075B,247,S075_SNV,6.0,False,K7,1000000.0,FAM,JG075B_247,STANDARD,,332,L-MMMMx,0.1,2+2,K7,-1.0,36,0.27739135873148374,0.19104601442813873
29951,JG075B,247,S075_SNV,6.0,False,K7,1000000.0,HEX,JG075B_247,STANDARD,,333,L-MMMMx,0.1,2+2,K7,-1.0,36,-0.5054509804403549,0.42022228240966797
29952,JG075B,247,S075_SNV,6.0,False,K7,1000000.0,FAM,JG075B_247,STANDARD,,332,L-MMMMx,0.1,2+2,K7,-1.0,37,0.28327211498288063,0.19478343427181244
29953,JG075B,247,S075_SNV,6.0,False,K7,1000000.0,HEX,JG075B_247,STANDARD,,333,L-MMMMx,0.1,2+2,K7,-1.0,37,-0.5414588443110294,0.45062071084976196
29954,JG075B,247,S075_SNV,6.0,False,K7,1000000.0,FAM,JG075B_247,STANDARD,,332,L-MMMMx,0.1,2+2,K7,-1.0,38,0.28861318938061153,0.19810335338115692
29955,JG075B,247,S075_SNV,6.0,False,K7,1000000.0,HEX,JG075B_247,STANDARD,,333,L-MMMMx,0.1,2+2,K7,-1.0,38,-0.5783076650376905,0.48173925280570984
29956,JG075B,247,S075_SNV,6.0,False,K7,1000000.0,FAM,JG075B_247,STANDARD,,332,L-MMMMx,0.1,2+2,K7,-1.0,39,0.29377420289005385,0.20128397643566132
29957,JG075B,247,S075_SNV,6.0,False,K7,1000000.0,HEX,JG075B_247,STANDARD,,333,L-MMMMx,0.1,2+2,K7,-1.0,39,-0.6123001839125432,0.5104120373725891
29958,JG075B,247,S075_SNV,6.0,False,K7,1000000.0,FAM,JG075B_247,STANDARD,,332,L-MMMMx,0.1,2+2,K7,-1.0,40,0.2975698124492154,0.20340833067893982
29959,JG075B,247,S075_SNV,6.0,False,K7,1000000.0,HEX,JG075B_247,STANDARD,,333,L-MMMMx,0.1,2+2,K7,-1.0,40,-0.6433335871555779,0.5365509986877441
29960,JG075B,247,S075_SNV,6.0,False,K7,1000000.0,FAM,JG075B_247,STANDARD,,332,L-MMMMx,0.1,2+2,K7,-1.0,41,0.3011834349231661,0.20539188385009766
29961,JG075B,247,S075_SNV,6.0,False,K7,1000000.0,HEX,JG075B_247,STANDARD,,333,L-MMMMx,0.1,2+2,K7,-1.0,41,-0.6686938554920606,0.5578322410583496
29962,JG075B,247,S075_SNV,6.0,False,K7,1000000.0,FAM,JG075B_247,STANDARD,,332,L-MMMMx,0.1,2+2,K7,-1.0,42,0.30374273424977366,0.20655980706214905
29963,JG075B,247,S075_SNV,6.0,False,K7,1000000.0,HEX,JG075B_247,STANDARD,,333,L-MMMMx,0.1,2+2,K7,-1.0,42,-0.6923181928563892,0.5776270627975464
29964,JG075B,247,S075_SNV,6.0,False,K7,1000000.0,FAM,JG075B_247,STANDARD,,332,L-MMMMx,0.1,2+2,K7,-1.0,43,0.30877842938745675,0.20964348316192627
29965,JG075B,247,S075_SNV,6.0,False,K7,1000000.0,HEX,JG075B_247,STANDARD,,333,L-MMMMx,0.1,2+2,K7,-1.0,43,-0.7117695576519995,0.593848705291748
29966,JG075B,247,S075_SNV,6.0,False,K7,1000000.0,FAM,JG075B_247,STANDARD,,332,L-MMMMx,0.1,2+2,K7,-1.0,44,0.3103832596151687,0.21007303893566132
29967,JG075B,247,S075_SNV,6.0,False,K7,1000000.0,HEX,JG075B_247,STANDARD,,333,L-MMMMx,0.1,2+2,K7,-1.0,44,-0.7272528813401963,0.6066727042198181
29968,JG075B,247,S075_SNV,6.0,False,K7,1000000.0,FAM,JG075B_247,STANDARD,,332,L-MMMMx,0.1,2+2,K7,-1.0,45,0.3126137186032159,0.21098656952381134
29969,JG075B,247,S075_SNV,6.0,False,K7,1000000.0,HEX,JG075B_247,STANDARD,,333,L-MMMMx,0.1,2+2,K7,-1.0,45,-0.7425493721336436,0.6193366646766663
29970,JG075B,247,S075_SNV,6.0,False,K7,1000000.0,FAM,JG075B_247,STANDARD,,332,L-MMMMx,0.1,2+2,K7,-1.0,46,0.3146895425023477,0.21178047358989716
29971,JG075B,247,S075_SNV,6.0,False,K7,1000000.0,HEX,JG075B_247,STANDARD,,333,L-MMMMx,0.1,2+2,K7,-1.0,46,-0.7563797398163559,0.6307452321052551
29972,JG075B,247,S075_SNV,6.0,False,K7,1000000.0,FAM,JG075B_247,STANDARD,,332,L-MMMMx,0.1,2+2,K7,-1.0,47,0.3185163564516491,0.2139289528131485
29973,JG075B,247,S075_SNV,6.0,False,K7,1000000.0,HEX,JG075B_247,STANDARD,,333,L-MMMMx,0.1,2+2,K7,-1.0,47,-0.7702838939627173,0.6422169804573059
29974,JG075B,247,S075_SNV,6.0,False,K7,1000000.0,FAM,JG075B_247,STANDARD,,332,L-MMMMx,0.1,2+2,K7,-1.0,48,0.321937667424886,0.21576374769210815
29975,JG075B,247,S075_SNV,6.0,False,K7,1000000.0,HEX,JG075B_247,STANDARD,,333,L-MMMMx,0.1,2+2,K7,-1.0,48,-0.7809868989545173,0.6509476900100708
29976,JG075B,247,S075_SNV,6.0,False,K7,1000000.0,FAM,JG075B_247,STANDARD,,332,L-MMMMx,0.1,2+2,K7,-1.0,49,0.3246276399506966,0.2170327603816986
29977,JG075B,247,S075_SNV,6.0,False,K7,1000000.0,HEX,JG075B_247,STANDARD,,333,L-MMMMx,0.1,2+2,K7,-1.0,49,-0.7905782343005839,0.6587265729904175
29978,JG075B,247,S075_SNV,6.0,False,K7,1000000.0,FAM,JG075B_247,STANDARD,,332,L-MMMMx,0.1,2+2,K7,-1.0,50,0.3261528797215827,0.21740072965621948
29979,JG075B,247,S075_SNV,6.0,False,K7,1000000.0,HEX,JG075B_247,STANDARD,,333,L-MMMMx,0.1,2+2,K7,-1.0,50,-0.7950957061226983,0.6621608138084412
30060,JG075B,248,S075_SNV,6.0,False,K8,1000000.0,FAM,JG075B_248,STANDARD,,334,L-MMMMx,0.0,2+2,K8,-2.0,1,-0.004741921214091551,0.0010961233638226986
30061,JG075B,248,S075_SNV,6.0,False,K8,1000000.0,HEX,JG075B_248,STANDARD,,335,L-MMMMx,0.0,2+2,K8,-2.0,1,0.001878043875167182,0.00041351941763423383
30062,JG075B,248,S075_SNV,6.0,False,K8,1000000.0,FAM,JG075B_248,STANDARD,,334,L-MMMMx,0.0,2+2,K8,-2.0,2,-0.0035421316751827643,0.0011917039519175887
30063,JG075B,248,S075_SNV,6.0,False,K8,1000000.0,HEX,JG075B_248,STANDARD,,335,L-MMMMx,0.0,2+2,K8,-2.0,2,0.0011733309399139227,0.0006827919860370457
30064,JG075B,248,S075_SNV,6.0,False,K8,1000000.0,FAM,JG075B_248,STANDARD,,334,L-MMMMx,0.0,2+2,K8,-2.0,3,-0.0031129750009134386,0.0006911188247613609
30065,JG075B,248,S075_SNV,6.0,False,K8,1000000.0,HEX,JG075B_248,STANDARD,,335,L-MMMMx,0.0,2+2,K8,-2.0,3,0.0012480919417622498,0.00028462664340622723
30066,JG075B,248,S075_SNV,6.0,False,K8,1000000.0,FAM,JG075B_248,STANDARD,,334,L-MMMMx,0.0,2+2,K8,-2.0,4,-0.0036836301010886204,-0.0005829259171150625
30067,JG075B,248,S075_SNV,6.0,False,K8,1000000.0,HEX,JG075B_248,STANDARD,,335,L-MMMMx,0.0,2+2,K8,-2.0,4,0.0009525458304051415,0.00020354312437120825
30068,JG075B,248,S075_SNV,6.0,False,K8,1000000.0,FAM,JG075B_248,STANDARD,,334,L-MMMMx,0.0,2+2,K8,-2.0,5,-0.003160975828215017,-0.0010111808078363538
30069,JG075B,248,S075_SNV,6.0,False,K8,1000000.0,HEX,JG075B_248,STANDARD,,335,L-MMMMx,0.0,2+2,K8,-2.0,5,9.168055120750667e-05,0.0006065238267183304
30070,JG075B,248,S075_SNV,6.0,False,K8,1000000.0,FAM,JG075B_248,STANDARD,,334,L-MMMMx,0.0,2+2,K8,-2.0,6,-0.0005507093310456535,0.00017555220983922482
30071,JG075B,248,S075_SNV,6.0,False,K8,1000000.0,HEX,JG075B_248,STANDARD,,335,L-MMMMx,0.0,2+2,K8,-2.0,6,0.00040536003405575947,3.780447059398284e-06
30072,JG075B,248,S075_SNV,6.0,False,K8,1000000.0,FAM,JG075B_248,STANDARD,,334,L-MMMMx,0.0,2+2,K8,-2.0,7,0.002046304931298876,0.0013520332286134362
30073,JG075B,248,S075_SNV,6.0,False,K8,1000000.0,HEX,JG075B_248,STANDARD,,335,L-MMMMx,0.0,2+2,K8,-2.0,7,0.0006701559847364259,-0.0005571055808104575
30074,JG075B,248,S075_SNV,6.0,False,K8,1000000.0,FAM,JG075B_248,STANDARD,,334,L-MMMMx,0.0,2+2,K8,-2.0,8,0.0025351737101568426,0.0008976417011581361
30075,JG075B,248,S075_SNV,6.0,False,K8,1000000.0,HEX,JG075B_248,STANDARD,,335,L-MMMMx,0.0,2+2,K8,-2.0,8,-0.00010921353755810942,-0.0002239070163341239
30076,JG075B,248,S075_SNV,6.0,False,K8,1000000.0,FAM,JG075B_248,STANDARD,,334,L-MMMMx,0.0,2+2,K8,-2.0,9,0.0023135840162253197,-0.00010636420483933762
30077,JG075B,248,S075_SNV,6.0,False,K8,1000000.0,HEX,JG075B_248,STANDARD,,335,L-MMMMx,0.0,2+2,K8,-2.0,9,-0.0017382411497601673,0.0008368258131667972
30078,JG075B,248,S075_SNV,6.0,False,K8,1000000.0,FAM,JG075B_248,STANDARD,,334,L-MMMMx,0.0,2+2,K8,-2.0,10,0.003613227603581691,6.646398833254352e-05
30079,JG075B,248,S075_SNV,6.0,False,K8,1000000.0,HEX,JG075B_248,STANDARD,,335,L-MMMMx,0.0,2+2,K8,-2.0,10,-0.0015203796548488066,0.00031612825114279985
30080,JG075B,248,S075_SNV,6.0,False,K8,1000000.0,FAM,JG075B_248,STANDARD,,334,L-MMMMx,0.0,2+2,K8,-2.0,11,0.005154493332860613,0.0004262123547960073
30081,JG075B,248,S075_SNV,6.0,False,K8,1000000.0,HEX,JG075B_248,STANDARD,,335,L-MMMMx,0.0,2+2,K8,-2.0,11,-0.0012443069050066607,-0.00025441369507461786
30082,JG075B,248,S075_SNV,6.0,False,K8,1000000.0,FAM,JG075B_248,STANDARD,,334,L-MMMMx,0.0,2+2,K8,-2.0,12,0.005554333289973838,-9.705231059342623e-05
30083,JG075B,248,S075_SNV,6.0,False,K8,1000000.0,HEX,JG075B_248,STANDARD,,335,L-MMMMx,0.0,2+2,K8,-2.0,12,-0.0019172255315129706,-1.2365554539428558e-05
30084,JG075B,248,S075_SNV,6.0,False,K8,1000000.0,FAM,JG075B_248,STANDARD,,334,L-MMMMx,0.0,2+2,K8,-2.0,13,0.006247995325601619,-0.0003930146631319076
30085,JG075B,248,S075_SNV,6.0,False,K8,1000000.0,HEX,JG075B_248,STANDARD,,335,L-MMMMx,0.0,2+2,K8,-2.0,13,-0.001784444701880118,-0.0004602113622240722
30086,JG075B,248,S075_SNV,6.0,False,K8,1000000.0,FAM,JG075B_248,STANDARD,,334,L-MMMMx,0.0,2+2,K8,-2.0,14,0.00684669585296424,-0.0007624397403560579
30087,JG075B,248,S075_SNV,6.0,False,K8,1000000.0,HEX,JG075B_248,STANDARD,,335,L-MMMMx,0.0,2+2,K8,-2.0,14,-0.0015081631224238706,-0.001030932180583477
30088,JG075B,248,S075_SNV,6.0,False,K8,1000000.0,FAM,JG075B_248,STANDARD,,334,L-MMMMx,0.0,2+2,K8,-2.0,15,0.006665903009845214,-0.0017348850378766656
30089,JG075B,248,S075_SNV,6.0,False,K8,1000000.0,HEX,JG075B_248,STANDARD,,335,L-MMMMx,0.0,2+2,K8,-2.0,15,-0.0028853074150838698,-0.000185878699994646
30090,JG075B,248,S075_SNV,6.0,False,K8,1000000.0,FAM,JG075B_248,STANDARD,,334,L-MMMMx,0.0,2+2,K8,-2.0,16,0.008768847761641798,-0.0009406187455169857
30091,JG075B,248,S075_SNV,6.0,False,K8,1000000.0,HEX,JG075B_248,STANDARD,,335,L-MMMMx,0.0,2+2,K8,-2.0,16,-0.00411580111124111,0.0005336026661098003
30092,JG075B,248,S075_SNV,6.0,False,K8,1000000.0,FAM,JG075B_248,STANDARD,,334,L-MMMMx,0.0,2+2,K8,-2.0,17,0.010508357678155007,-0.00042750764987431467
30093,JG075B,248,S075_SNV,6.0,False,K8,1000000.0,HEX,JG075B_248,STANDARD,,335,L-MMMMx,0.0,2+2,K8,-2.0,17,-0.0034946026191605977,-0.00033245913800783455
30094,JG075B,248,S075_SNV,6.0,False,K8,1000000.0,FAM,JG075B_248,STANDARD,,334,L-MMMMx,0.0,2+2,K8,-2.0,18,0.012170665622025869,2.5879589884425513e-05
30095,JG075B,248,S075_SNV,6.0,False,K8,1000000.0,HEX,JG075B_248,STANDARD,,335,L-MMMMx,0.0,2+2,K8,-2.0,18,-0.0032219233505476007,-0.0009000953868962824
30096,JG075B,248,S075_SNV,6.0,False,K8,1000000.0,FAM,JG075B_248,STANDARD,,334,L-MMMMx,0.0,2+2,K8,-2.0,19,0.013703263465154826,0.0003789224138017744
30097,JG075B,248,S075_SNV,6.0,False,K8,1000000.0,HEX,JG075B_248,STANDARD,,335,L-MMMMx,0.0,2+2,K8,-2.0,19,-0.0039250178562915735,-0.0006322085973806679
30098,JG075B,248,S075_SNV,6.0,False,K8,1000000.0,FAM,JG075B_248,STANDARD,,334,L-MMMMx,0.0,2+2,K8,-2.0,20,0.01692948921410985,0.002042164793238044
30099,JG075B,248,S075_SNV,6.0,False,K8,1000000.0,HEX,JG075B_248,STANDARD,,335,L-MMMMx,0.0,2+2,K8,-2.0,20,-0.003766376959445822,-0.0011021975660696626
30100,JG075B,248,S075_SNV,6.0,False,K8,1000000.0,FAM,JG075B_248,STANDARD,,334,L-MMMMx,0.0,2+2,K8,-2.0,21,0.02238374694299005,0.005429024342447519
30101,JG075B,248,S075_SNV,6.0,False,K8,1000000.0,HEX,JG075B_248,STANDARD,,335,L-MMMMx,0.0,2+2,K8,-2.0,21,-0.005619861601871279,0.00015073048416525126
30102,JG075B,248,S075_SNV,6.0,False,K8,1000000.0,FAM,JG075B_248,STANDARD,,334,L-MMMMx,0.0,2+2,K8,-2.0,22,0.03265029949051489,0.012538700364530087
30103,JG075B,248,S075_SNV,6.0,False,K8,1000000.0,HEX,JG075B_248,STANDARD,,335,L-MMMMx,0.0,2+2,K8,-2.0,22,-0.009052707213278327,0.0027560133021324873
30104,JG075B,248,S075_SNV,6.0,False,K8,1000000.0,FAM,JG075B_248,STANDARD,,334,L-MMMMx,0.0,2+2,K8,-2.0,23,0.04931929946384911,0.024601344019174576
30105,JG075B,248,S075_SNV,6.0,False,K8,1000000.0,HEX,JG075B_248,STANDARD,,335,L-MMMMx,0.0,2+2,K8,-2.0,23,-0.015066860879657987,0.007571585476398468
30106,JG075B,248,S075_SNV,6.0,False,K8,1000000.0,FAM,JG075B_248,STANDARD,,334,L-MMMMx,0.0,2+2,K8,-2.0,24,0.07089736638920001,0.040461666882038116
30107,JG075B,248,S075_SNV,6.0,False,K8,1000000.0,HEX,JG075B_248,STANDARD,,335,L-MMMMx,0.0,2+2,K8,-2.0,24,-0.022807321953475308,0.013865337707102299
30108,JG075B,248,S075_SNV,6.0,False,K8,1000000.0,FAM,JG075B_248,STANDARD,,334,L-MMMMx,0.0,2+2,K8,-2.0,25,0.09501990092485743,0.058290403336286545
30109,JG075B,248,S075_SNV,6.0,False,K8,1000000.0,HEX,JG075B_248,STANDARD,,335,L-MMMMx,0.0,2+2,K8,-2.0,25,-0.03493268284938829,0.023913735523819923
30110,JG075B,248,S075_SNV,6.0,False,K8,1000000.0,FAM,JG075B_248,STANDARD,,334,L-MMMMx,0.0,2+2,K8,-2.0,26,0.11950394409887602,0.0763988047838211
30111,JG075B,248,S075_SNV,6.0,False,K8,1000000.0,HEX,JG075B_248,STANDARD,,335,L-MMMMx,0.0,2+2,K8,-2.0,26,-0.05290273217983758,0.03896674886345863
30112,JG075B,248,S075_SNV,6.0,False,K8,1000000.0,FAM,JG075B_248,STANDARD,,334,L-MMMMx,0.0,2+2,K8,-2.0,27,0.14251332943318587,0.09336640685796738
30113,JG075B,248,S075_SNV,6.0,False,K8,1000000.0,HEX,JG075B_248,STANDARD,,335,L-MMMMx,0.0,2+2,K8,-2.0,27,-0.0797042555005095,0.06158186122775078
30114,JG075B,248,S075_SNV,6.0,False,K8,1000000.0,FAM,JG075B_248,STANDARD,,334,L-MMMMx,0.0,2+2,K8,-2.0,28,0.16318831819352586,0.10852810740470886
30115,JG075B,248,S075_SNV,6.0,False,K8,1000000.0,HEX,JG075B_248,STANDARD,,335,L-MMMMx,0.0,2+2,K8,-2.0,28,-0.11667879165485973,0.09290779381990433
30116,JG075B,248,S075_SNV,6.0,False,K8,1000000.0,FAM,JG075B_248,STANDARD,,334,L-MMMMx,0.0,2+2,K8,-2.0,29,0.1824317959252147,0.12258237600326538
30117,JG075B,248,S075_SNV,6.0,False,K8,1000000.0,HEX,JG075B_248,STANDARD,,335,L-MMMMx,0.0,2+2,K8,-2.0,29,-0.15958548104711912,0.12931323051452637
30118,JG075B,248,S075_SNV,6.0,False,K8,1000000.0,FAM,JG075B_248,STANDARD,,334,L-MMMMx,0.0,2+2,K8,-2.0,30,0.1972664015216474,0.1332259178161621
30119,JG075B,248,S075_SNV,6.0,False,K8,1000000.0,HEX,JG075B_248,STANDARD,,335,L-MMMMx,0.0,2+2,K8,-2.0,30,-0.20706790572382722,0.16963672637939453
30120,JG075B,248,S075_SNV,6.0,False,K8,1000000.0,FAM,JG075B_248,STANDARD,,334,L-MMMMx,0.0,2+2,K8,-2.0,31,0.20955811898924984,0.14190228283405304
30121,JG075B,248,S075_SNV,6.0,False,K8,1000000.0,HEX,JG075B_248,STANDARD,,335,L-MMMMx,0.0,2+2,K8,-2.0,31,-0.2586509783129032,0.213471457362175
30122,JG075B,248,S075_SNV,6.0,False,K8,1000000.0,FAM,JG075B_248,STANDARD,,334,L-MMMMx,0.0,2+2,K8,-2.0,32,0.22224409044289106,0.15088362991809845
30123,JG075B,248,S075_SNV,6.0,False,K8,1000000.0,HEX,JG075B_248,STANDARD,,335,L-MMMMx,0.0,2+2,K8,-2.0,32,-0.30927837697797944,0.2564878761768341
30124,JG075B,248,S075_SNV,6.0,False,K8,1000000.0,FAM,JG075B_248,STANDARD,,334,L-MMMMx,0.0,2+2,K8,-2.0,33,0.23290096753473338,0.15829525887966156
30125,JG075B,248,S075_SNV,6.0,False,K8,1000000.0,HEX,JG075B_248,STANDARD,,335,L-MMMMx,0.0,2+2,K8,-2.0,33,-0.35950624978634393,0.29916220903396606
30126,JG075B,248,S075_SNV,6.0,False,K8,1000000.0,FAM,JG075B_248,STANDARD,,334,L-MMMMx,0.0,2+2,K8,-2.0,34,0.24215526507569624,0.16462185978889465
30127,JG075B,248,S075_SNV,6.0,False,K8,1000000.0,HEX,JG075B_248,STANDARD,,335,L-MMMMx,0.0,2+2,K8,-2.0,34,-0.4070790280760866,0.3395630717277527
30128,JG075B,248,S075_SNV,6.0,False,K8,1000000.0,FAM,JG075B_248,STANDARD,,334,L-MMMMx,0.0,2+2,K8,-2.0,35,0.24952936327694733,0.1694939136505127
30129,JG075B,248,S075_SNV,6.0,False,K8,1000000.0,HEX,JG075B_248,STANDARD,,335,L-MMMMx,0.0,2+2,K8,-2.0,35,-0.4529340435701019,0.378493070602417
30130,JG075B,248,S075_SNV,6.0,False,K8,1000000.0,FAM,JG075B_248,STANDARD,,334,L-MMMMx,0.0,2+2,K8,-2.0,36,0.2566045542398092,0.1741347312927246
30131,JG075B,248,S075_SNV,6.0,False,K8,1000000.0,HEX,JG075B_248,STANDARD,,335,L-MMMMx,0.0,2+2,K8,-2.0,36,-0.49645817252138796,0.41542720794677734
30132,JG075B,248,S075_SNV,6.0,False,K8,1000000.0,FAM,JG075B_248,STANDARD,,334,L-MMMMx,0.0,2+2,K8,-2.0,37,0.2615004845288164,0.17708967626094818
30133,JG075B,248,S075_SNV,6.0,False,K8,1000000.0,HEX,JG075B_248,STANDARD,,335,L-MMMMx,0.0,2+2,K8,-2.0,37,-0.5380567532109157,0.45071253180503845
30134,JG075B,248,S075_SNV,6.0,False,K8,1000000.0,FAM,JG075B_248,STANDARD,,334,L-MMMMx,0.0,2+2,K8,-2.0,38,0.2670089839630262,0.1805184930562973
30135,JG075B,248,S075_SNV,6.0,False,K8,1000000.0,HEX,JG075B_248,STANDARD,,335,L-MMMMx,0.0,2+2,K8,-2.0,38,-0.574695143296434,0.48175063729286194
30136,JG075B,248,S075_SNV,6.0,False,K8,1000000.0,FAM,JG075B_248,STANDARD,,334,L-MMMMx,0.0,2+2,K8,-2.0,39,0.2687980741883172,0.18106995522975922
30137,JG075B,248,S075_SNV,6.0,False,K8,1000000.0,HEX,JG075B_248,STANDARD,,335,L-MMMMx,0.0,2+2,K8,-2.0,39,-0.606171682980592,0.5083687901496887
30138,JG075B,248,S075_SNV,6.0,False,K8,1000000.0,FAM,JG075B_248,STANDARD,,334,L-MMMMx,0.0,2+2,K8,-2.0,40,0.2728364616075546,0.1833614856004715
30139,JG075B,248,S075_SNV,6.0,False,K8,1000000.0,HEX,JG075B_248,STANDARD,,335,L-MMMMx,0.0,2+2,K8,-2.0,40,-0.6328828004808258,0.5309064984321594
30140,JG075B,248,S075_SNV,6.0,False,K8,1000000.0,FAM,JG075B_248,STANDARD,,334,L-MMMMx,0.0,2+2,K8,-2.0,41,0.27756331033072984,0.18618562817573547
30141,JG075B,248,S075_SNV,6.0,False,K8,1000000.0,HEX,JG075B_248,STANDARD,,335,L-MMMMx,0.0,2+2,K8,-2.0,41,-0.6583937045789471,0.5524165034294128
30142,JG075B,248,S075_SNV,6.0,False,K8,1000000.0,FAM,JG075B_248,STANDARD,,334,L-MMMMx,0.0,2+2,K8,-2.0,42,0.27994855850344613,0.18719828128814697
30143,JG075B,248,S075_SNV,6.0,False,K8,1000000.0,HEX,JG075B_248,STANDARD,,335,L-MMMMx,0.0,2+2,K8,-2.0,42,-0.6831240035795572,0.573258101940155
30144,JG075B,248,S075_SNV,6.0,False,K8,1000000.0,FAM,JG075B_248,STANDARD,,334,L-MMMMx,0.0,2+2,K8,-2.0,43,0.28088757950302556,0.187092125415802
30145,JG075B,248,S075_SNV,6.0,False,K8,1000000.0,HEX,JG075B_248,STANDARD,,335,L-MMMMx,0.0,2+2,K8,-2.0,43,-0.701979229436779,0.5890690684318542
30146,JG075B,248,S075_SNV,6.0,False,K8,1000000.0,FAM,JG075B_248,STANDARD,,334,L-MMMMx,0.0,2+2,K8,-2.0,44,0.2841351475138787,0.18877188861370087
30147,JG075B,248,S075_SNV,6.0,False,K8,1000000.0,HEX,JG075B_248,STANDARD,,335,L-MMMMx,0.0,2+2,K8,-2.0,44,-0.7184036785858599,0.6027986407279968
30148,JG075B,248,S075_SNV,6.0,False,K8,1000000.0,FAM,JG075B_248,STANDARD,,334,L-MMMMx,0.0,2+2,K8,-2.0,45,0.2868841001894475,0.1900659054517746
30149,JG075B,248,S075_SNV,6.0,False,K8,1000000.0,HEX,JG075B_248,STANDARD,,335,L-MMMMx,0.0,2+2,K8,-2.0,45,-0.7298758030463955,0.612287700176239
30150,JG075B,248,S075_SNV,6.0,False,K8,1000000.0,FAM,JG075B_248,STANDARD,,334,L-MMMMx,0.0,2+2,K8,-2.0,46,0.29026580855396367,0.19184942543506622
30151,JG075B,248,S075_SNV,6.0,False,K8,1000000.0,HEX,JG075B_248,STANDARD,,335,L-MMMMx,0.0,2+2,K8,-2.0,46,-0.7440162827060485,0.6240615844726562
30152,JG075B,248,S075_SNV,6.0,False,K8,1000000.0,FAM,JG075B_248,STANDARD,,334,L-MMMMx,0.0,2+2,K8,-2.0,47,0.29315518098516186,0.1932520866394043
30153,JG075B,248,S075_SNV,6.0,False,K8,1000000.0,HEX,JG075B_248,STANDARD,,335,L-MMMMx,0.0,2+2,K8,-2.0,47,-0.7570514272182624,0.6348890066146851
30154,JG075B,248,S075_SNV,6.0,False,K8,1000000.0,FAM,JG075B_248,STANDARD,,334,L-MMMMx,0.0,2+2,K8,-2.0,48,0.2946765683622035,0.19359645247459412
30155,JG075B,248,S075_SNV,6.0,False,K8,1000000.0,HEX,JG075B_248,STANDARD,,335,L-MMMMx,0.0,2+2,K8,-2.0,48,-0.7648180790061816,0.6412051320075989
30156,JG075B,248,S075_SNV,6.0,False,K8,1000000.0,FAM,JG075B_248,STANDARD,,334,L-MMMMx,0.0,2+2,K8,-2.0,49,0.29537496884225994,0.1933041512966156
30157,JG075B,248,S075_SNV,6.0,False,K8,1000000.0,HEX,JG075B_248,STANDARD,,335,L-MMMMx,0.0,2+2,K8,-2.0,49,-0.7738093772610632,0.6485699415206909
30158,JG075B,248,S075_SNV,6.0,False,K8,1000000.0,FAM,JG075B_248,STANDARD,,334,L-MMMMx,0.0,2+2,K8,-2.0,50,0.2971087772158834,0.19381284713745117
30159,JG075B,248,S075_SNV,6.0,False,K8,1000000.0,HEX,JG075B_248,STANDARD,,335,L-MMMMx,0.0,2+2,K8,-2.0,50,-0.7826385541255307,0.6557959318161011
31680,JG075B,265,S075_SNV,5.0,False,L1,100000.0,FAM,JG075B_265,STANDARD,,352,L-MMMMx,3.1622776601683795,2+2,L1,0.5,1,0.00735910035046551,0.00689633097499609
31681,JG075B,265,S075_SNV,5.0,False,L1,100000.0,HEX,JG075B_265,STANDARD,,353,L-MMMMx,3.1622776601683795,2+2,L1,0.5,1,0.0005746577671461268,0.0015964701306074858
31682,JG075B,265,S075_SNV,5.0,False,L1,100000.0,FAM,JG075B_265,STANDARD,,352,L-MMMMx,3.1622776601683795,2+2,L1,0.5,2,0.004896842824799087,0.0047888983972370625
31683,JG075B,265,S075_SNV,5.0,False,L1,100000.0,HEX,JG075B_265,STANDARD,,353,L-MMMMx,3.1622776601683795,2+2,L1,0.5,2,0.0004797099026013242,0.001403503818437457
31684,JG075B,265,S075_SNV,5.0,False,L1,100000.0,FAM,JG075B_265,STANDARD,,352,L-MMMMx,3.1622776601683795,2+2,L1,0.5,3,0.0030184541101942347,0.003133149351924658
31685,JG075B,265,S075_SNV,5.0,False,L1,100000.0,HEX,JG075B_265,STANDARD,,353,L-MMMMx,3.1622776601683795,2+2,L1,0.5,3,0.0005047868587613425,0.0011077641975134611
31686,JG075B,265,S075_SNV,5.0,False,L1,100000.0,FAM,JG075B_265,STANDARD,,352,L-MMMMx,3.1622776601683795,2+2,L1,0.5,4,0.0007916548962992762,0.0012078684521839023
31687,JG075B,265,S075_SNV,5.0,False,L1,100000.0,HEX,JG075B_265,STANDARD,,353,L-MMMMx,3.1622776601683795,2+2,L1,0.5,4,0.0005277755187803463,0.0008138127741403878
31688,JG075B,265,S075_SNV,5.0,False,L1,100000.0,FAM,JG075B_265,STANDARD,,352,L-MMMMx,3.1622776601683795,2+2,L1,0.5,5,0.000402986881334893,0.0007045755628496408
31689,JG075B,265,S075_SNV,5.0,False,L1,100000.0,HEX,JG075B_265,STANDARD,,353,L-MMMMx,3.1622776601683795,2+2,L1,0.5,5,0.00010200674056312841,0.0009041175944730639
31690,JG075B,265,S075_SNV,5.0,False,L1,100000.0,FAM,JG075B_265,STANDARD,,352,L-MMMMx,3.1622776601683795,2+2,L1,0.5,6,-0.00018438760812510794,4.756225098390132e-05
31691,JG075B,265,S075_SNV,5.0,False,L1,100000.0,HEX,JG075B_265,STANDARD,,353,L-MMMMx,3.1622776601683795,2+2,L1,0.5,6,-0.0004557771587019034,0.0011074625654146075
31692,JG075B,265,S075_SNV,5.0,False,L1,100000.0,FAM,JG075B_265,STANDARD,,352,L-MMMMx,3.1622776601683795,2+2,L1,0.5,7,-0.001740639149458856,-0.0013589794980362058
31693,JG075B,265,S075_SNV,5.0,False,L1,100000.0,HEX,JG075B_265,STANDARD,,353,L-MMMMx,3.1622776601683795,2+2,L1,0.5,7,-0.0003104665522229624,0.000708770880009979
31694,JG075B,265,S075_SNV,5.0,False,L1,100000.0,FAM,JG075B_265,STANDARD,,352,L-MMMMx,3.1622776601683795,2+2,L1,0.5,8,-0.0017711501087067291,-0.0015852001961320639
31695,JG075B,265,S075_SNV,5.0,False,L1,100000.0,HEX,JG075B_265,STANDARD,,353,L-MMMMx,3.1622776601683795,2+2,L1,0.5,8,-0.00013835614526766589,0.0002871314063668251
31696,JG075B,265,S075_SNV,5.0,False,L1,100000.0,FAM,JG075B_265,STANDARD,,352,L-MMMMx,3.1622776601683795,2+2,L1,0.5,9,-0.0003787794015149659,-0.0007106721750460565
31697,JG075B,265,S075_SNV,5.0,False,L1,100000.0,HEX,JG075B_265,STANDARD,,353,L-MMMMx,3.1622776601683795,2+2,L1,0.5,9,-0.0002454161274303539,0.00010453635331941769
31698,JG075B,265,S075_SNV,5.0,False,L1,100000.0,FAM,JG075B_265,STANDARD,,352,L-MMMMx,3.1622776601683795,2+2,L1,0.5,10,-0.00013813962002274478,-0.0007271292852237821
31699,JG075B,265,S075_SNV,5.0,False,L1,100000.0,HEX,JG075B_265,STANDARD,,353,L-MMMMx,3.1622776601683795,2+2,L1,0.5,10,1.5446865518068258e-05,-0.0003930990642402321
31700,JG075B,265,S075_SNV,5.0,False,L1,100000.0,FAM,JG075B_265,STANDARD,,352,L-MMMMx,3.1622776601683795,2+2,L1,0.5,11,-0.0005564903295584489,-0.0012533848639577627
31701,JG075B,265,S075_SNV,5.0,False,L1,100000.0,HEX,JG075B_265,STANDARD,,353,L-MMMMx,3.1622776601683795,2+2,L1,0.5,11,0.000576867880562034,-0.0011480924440547824
31702,JG075B,265,S075_SNV,5.0,False,L1,100000.0,FAM,JG075B_265,STANDARD,,352,L-MMMMx,3.1622776601683795,2+2,L1,0.5,12,-8.199097974020058e-05,-0.0010889270342886448
31703,JG075B,265,S075_SNV,5.0,False,L1,100000.0,HEX,JG075B_265,STANDARD,,353,L-MMMMx,3.1622776601683795,2+2,L1,0.5,12,0.0008838996206947232,-0.001685260678641498
31704,JG075B,265,S075_SNV,5.0,False,L1,100000.0,FAM,JG075B_265,STANDARD,,352,L-MMMMx,3.1622776601683795,2+2,L1,0.5,13,0.0009531665082269375,-0.0004907409893348813
31705,JG075B,265,S075_SNV,5.0,False,L1,100000.0,HEX,JG075B_265,STANDARD,,353,L-MMMMx,3.1622776601683795,2+2,L1,0.5,13,0.000530768743249134,-0.0016571532469242811
31706,JG075B,265,S075_SNV,5.0,False,L1,100000.0,FAM,JG075B_265,STANDARD,,352,L-MMMMx,3.1622776601683795,2+2,L1,0.5,14,0.001168630895945819,-0.0005266739171929657
31707,JG075B,265,S075_SNV,5.0,False,L1,100000.0,HEX,JG075B_265,STANDARD,,353,L-MMMMx,3.1622776601683795,2+2,L1,0.5,14,-0.0003695305280779954,-0.001160523621365428
31708,JG075B,265,S075_SNV,5.0,False,L1,100000.0,FAM,JG075B_265,STANDARD,,352,L-MMMMx,3.1622776601683795,2+2,L1,0.5,15,0.001099788617945883,-0.0007825479260645807
31709,JG075B,265,S075_SNV,5.0,False,L1,100000.0,HEX,JG075B_265,STANDARD,,353,L-MMMMx,3.1622776601683795,2+2,L1,0.5,15,-0.0005855473613981264,-0.0012498225551098585
31710,JG075B,265,S075_SNV,5.0,False,L1,100000.0,FAM,JG075B_265,STANDARD,,352,L-MMMMx,3.1622776601683795,2+2,L1,0.5,16,0.00200356021384879,-0.00028600275982171297
31711,JG075B,265,S075_SNV,5.0,False,L1,100000.0,HEX,JG075B_265,STANDARD,,353,L-MMMMx,3.1622776601683795,2+2,L1,0.5,16,-0.0011913098645029714,-0.0010053949663415551
31712,JG075B,265,S075_SNV,5.0,False,L1,100000.0,FAM,JG075B_265,STANDARD,,352,L-MMMMx,3.1622776601683795,2+2,L1,0.5,17,0.002161989910700909,-0.0003660580259747803
31713,JG075B,265,S075_SNV,5.0,False,L1,100000.0,HEX,JG075B_265,STANDARD,,353,L-MMMMx,3.1622776601683795,2+2,L1,0.5,17,-0.0008370130217119823,-0.001583034754730761
31714,JG075B,265,S075_SNV,5.0,False,L1,100000.0,FAM,JG075B_265,STANDARD,,352,L-MMMMx,3.1622776601683795,2+2,L1,0.5,18,0.0025258292473379507,-0.0002872072800528258
31715,JG075B,265,S075_SNV,5.0,False,L1,100000.0,HEX,JG075B_265,STANDARD,,353,L-MMMMx,3.1622776601683795,2+2,L1,0.5,18,-0.000835638226752481,-0.0018584789941087365
31716,JG075B,265,S075_SNV,5.0,False,L1,100000.0,FAM,JG075B_265,STANDARD,,352,L-MMMMx,3.1622776601683795,2+2,L1,0.5,19,0.0048010915757958185,0.0012703303946182132
31717,JG075B,265,S075_SNV,5.0,False,L1,100000.0,HEX,JG075B_265,STANDARD,,353,L-MMMMx,3.1622776601683795,2+2,L1,0.5,19,-0.002891565777581473,-0.00037232277099974453
31718,JG075B,265,S075_SNV,5.0,False,L1,100000.0,FAM,JG075B_265,STANDARD,,352,L-MMMMx,3.1622776601683795,2+2,L1,0.5,20,0.0074281737720961125,0.00310003780759871
31719,JG075B,265,S075_SNV,5.0,False,L1,100000.0,HEX,JG075B_265,STANDARD,,353,L-MMMMx,3.1622776601683795,2+2,L1,0.5,20,-0.005001406173784329,0.0011599971912801266
31720,JG075B,265,S075_SNV,5.0,False,L1,100000.0,FAM,JG075B_265,STANDARD,,352,L-MMMMx,3.1622776601683795,2+2,L1,0.5,21,0.012142964502538276,0.006544807460159063
31721,JG075B,265,S075_SNV,5.0,False,L1,100000.0,HEX,JG075B_265,STANDARD,,353,L-MMMMx,3.1622776601683795,2+2,L1,0.5,21,-0.00692009786321297,0.0025286427699029446
31722,JG075B,265,S075_SNV,5.0,False,L1,100000.0,FAM,JG075B_265,STANDARD,,352,L-MMMMx,3.1622776601683795,2+2,L1,0.5,22,0.02336175176052894,0.01502110343426466
31723,JG075B,265,S075_SNV,5.0,False,L1,100000.0,HEX,JG075B_265,STANDARD,,353,L-MMMMx,3.1622776601683795,2+2,L1,0.5,22,-0.00824745369537761,0.003390946891158819
31724,JG075B,265,S075_SNV,5.0,False,L1,100000.0,FAM,JG075B_265,STANDARD,,352,L-MMMMx,3.1622776601683795,2+2,L1,0.5,23,0.043693299609638137,0.03054707869887352
31725,JG075B,265,S075_SNV,5.0,False,L1,100000.0,HEX,JG075B_265,STANDARD,,353,L-MMMMx,3.1622776601683795,2+2,L1,0.5,23,-0.012763933576825037,0.006983993109315634
31726,JG075B,265,S075_SNV,5.0,False,L1,100000.0,FAM,JG075B_265,STANDARD,,352,L-MMMMx,3.1622776601683795,2+2,L1,0.5,24,0.07171534276644134,0.05202246084809303
31727,JG075B,265,S075_SNV,5.0,False,L1,100000.0,HEX,JG075B_265,STANDARD,,353,L-MMMMx,3.1622776601683795,2+2,L1,0.5,24,-0.02265678408071839,0.015180649235844612
31728,JG075B,265,S075_SNV,5.0,False,L1,100000.0,FAM,JG075B_265,STANDARD,,352,L-MMMMx,3.1622776601683795,2+2,L1,0.5,25,0.11090204704772098,0.08213488757610321
31729,JG075B,265,S075_SNV,5.0,False,L1,100000.0,HEX,JG075B_265,STANDARD,,353,L-MMMMx,3.1622776601683795,2+2,L1,0.5,25,-0.03609041030157357,0.026409154757857323
31730,JG075B,265,S075_SNV,5.0,False,L1,100000.0,FAM,JG075B_265,STANDARD,,352,L-MMMMx,3.1622776601683795,2+2,L1,0.5,26,0.15759298339431652,0.11805262416601181
31731,JG075B,265,S075_SNV,5.0,False,L1,100000.0,HEX,JG075B_265,STANDARD,,353,L-MMMMx,3.1622776601683795,2+2,L1,0.5,26,-0.05745392345870394,0.04442775994539261
31732,JG075B,265,S075_SNV,5.0,False,L1,100000.0,FAM,JG075B_265,STANDARD,,352,L-MMMMx,3.1622776601683795,2+2,L1,0.5,27,0.2030849392047106,0.15304282307624817
31733,JG075B,265,S075_SNV,5.0,False,L1,100000.0,HEX,JG075B_265,STANDARD,,353,L-MMMMx,3.1622776601683795,2+2,L1,0.5,27,-0.08547172265930635,0.06814421713352203
31734,JG075B,265,S075_SNV,5.0,False,L1,100000.0,FAM,JG075B_265,STANDARD,,352,L-MMMMx,3.1622776601683795,2+2,L1,0.5,28,0.2407902054331153,0.18200920522212982
31735,JG075B,265,S075_SNV,5.0,False,L1,100000.0,HEX,JG075B_265,STANDARD,,353,L-MMMMx,3.1622776601683795,2+2,L1,0.5,28,-0.12135582017869007,0.09859631955623627
31736,JG075B,265,S075_SNV,5.0,False,L1,100000.0,FAM,JG075B_265,STANDARD,,352,L-MMMMx,3.1622776601683795,2+2,L1,0.5,29,0.27104467229882634,0.2052115947008133
31737,JG075B,265,S075_SNV,5.0,False,L1,100000.0,HEX,JG075B_265,STANDARD,,353,L-MMMMx,3.1622776601683795,2+2,L1,0.5,29,-0.16445327542343113,0.13522498309612274
31738,JG075B,265,S075_SNV,5.0,False,L1,100000.0,FAM,JG075B_265,STANDARD,,352,L-MMMMx,3.1622776601683795,2+2,L1,0.5,30,0.29502131667959525,0.22355744242668152
31739,JG075B,265,S075_SNV,5.0,False,L1,100000.0,HEX,JG075B_265,STANDARD,,353,L-MMMMx,3.1622776601683795,2+2,L1,0.5,30,-0.21163446338179787,0.17535042762756348
31740,JG075B,265,S075_SNV,5.0,False,L1,100000.0,FAM,JG075B_265,STANDARD,,352,L-MMMMx,3.1622776601683795,2+2,L1,0.5,31,0.3140125011384125,0.23804649710655212
31741,JG075B,265,S075_SNV,5.0,False,L1,100000.0,HEX,JG075B_265,STANDARD,,353,L-MMMMx,3.1622776601683795,2+2,L1,0.5,31,-0.2612723925303257,0.21757948398590088
31742,JG075B,265,S075_SNV,5.0,False,L1,100000.0,FAM,JG075B_265,STANDARD,,352,L-MMMMx,3.1622776601683795,2+2,L1,0.5,32,0.33085582193320706,0.25087398290634155
31743,JG075B,265,S075_SNV,5.0,False,L1,100000.0,HEX,JG075B_265,STANDARD,,353,L-MMMMx,3.1622776601683795,2+2,L1,0.5,32,-0.3098333873589322,0.2588863968849182
31744,JG075B,265,S075_SNV,5.0,False,L1,100000.0,FAM,JG075B_265,STANDARD,,352,L-MMMMx,3.1622776601683795,2+2,L1,0.5,33,0.3420665962120013,0.25934407114982605
31745,JG075B,265,S075_SNV,5.0,False,L1,100000.0,HEX,JG075B_265,STANDARD,,353,L-MMMMx,3.1622776601683795,2+2,L1,0.5,33,-0.35817984456398516,0.3000096082687378
31746,JG075B,265,S075_SNV,5.0,False,L1,100000.0,FAM,JG075B_265,STANDARD,,352,L-MMMMx,3.1622776601683795,2+2,L1,0.5,34,0.35032135164608874,0.2655273675918579
31747,JG075B,265,S075_SNV,5.0,False,L1,100000.0,HEX,JG075B_265,STANDARD,,353,L-MMMMx,3.1622776601683795,2+2,L1,0.5,34,-0.40227164201627036,0.33748969435691833
31748,JG075B,265,S075_SNV,5.0,False,L1,100000.0,FAM,JG075B_265,STANDARD,,352,L-MMMMx,3.1622776601683795,2+2,L1,0.5,35,0.35661454518247016,0.2701931893825531
31749,JG075B,265,S075_SNV,5.0,False,L1,100000.0,HEX,JG075B_265,STANDARD,,353,L-MMMMx,3.1622776601683795,2+2,L1,0.5,35,-0.4455073772704823,0.3742367625236511
31750,JG075B,265,S075_SNV,5.0,False,L1,100000.0,FAM,JG075B_265,STANDARD,,352,L-MMMMx,3.1622776601683795,2+2,L1,0.5,36,0.36171919816996845,0.2739395797252655
31751,JG075B,265,S075_SNV,5.0,False,L1,100000.0,HEX,JG075B_265,STANDARD,,353,L-MMMMx,3.1622776601683795,2+2,L1,0.5,36,-0.4840021234056199,0.406924307346344
31752,JG075B,265,S075_SNV,5.0,False,L1,100000.0,FAM,JG075B_265,STANDARD,,352,L-MMMMx,3.1622776601683795,2+2,L1,0.5,37,0.36551134057467,0.27667057514190674
31753,JG075B,265,S075_SNV,5.0,False,L1,100000.0,HEX,JG075B_265,STANDARD,,353,L-MMMMx,3.1622776601683795,2+2,L1,0.5,37,-0.5196508699499113,0.43717488646507263
31754,JG075B,265,S075_SNV,5.0,False,L1,100000.0,FAM,JG075B_265,STANDARD,,352,L-MMMMx,3.1622776601683795,2+2,L1,0.5,38,0.36850357192151445,0.27878275513648987
31755,JG075B,265,S075_SNV,5.0,False,L1,100000.0,HEX,JG075B_265,STANDARD,,353,L-MMMMx,3.1622776601683795,2+2,L1,0.5,38,-0.5506246175331843,0.46342241764068604
31756,JG075B,265,S075_SNV,5.0,False,L1,100000.0,FAM,JG075B_265,STANDARD,,352,L-MMMMx,3.1622776601683795,2+2,L1,0.5,39,0.37179097368471903,0.2811233103275299
31757,JG075B,265,S075_SNV,5.0,False,L1,100000.0,HEX,JG075B_265,STANDARD,,353,L-MMMMx,3.1622776601683795,2+2,L1,0.5,39,-0.5791955019667344,0.48761245608329773
31758,JG075B,265,S075_SNV,5.0,False,L1,100000.0,FAM,JG075B_265,STANDARD,,352,L-MMMMx,3.1622776601683795,2+2,L1,0.5,40,0.37413068656219417,0.28273069858551025
31759,JG075B,265,S075_SNV,5.0,False,L1,100000.0,HEX,JG075B_265,STANDARD,,353,L-MMMMx,3.1622776601683795,2+2,L1,0.5,40,-0.6036158282101465,0.508248507976532
31760,JG075B,265,S075_SNV,5.0,False,L1,100000.0,FAM,JG075B_265,STANDARD,,352,L-MMMMx,3.1622776601683795,2+2,L1,0.5,41,0.37586010320683494,0.28386595845222473
31761,JG075B,265,S075_SNV,5.0,False,L1,100000.0,HEX,JG075B_265,STANDARD,,353,L-MMMMx,3.1622776601683795,2+2,L1,0.5,41,-0.6262065285945442,0.5273179411888123
31762,JG075B,265,S075_SNV,5.0,False,L1,100000.0,FAM,JG075B_265,STANDARD,,352,L-MMMMx,3.1622776601683795,2+2,L1,0.5,42,0.37849591107519287,0.2857024073600769
31763,JG075B,265,S075_SNV,5.0,False,L1,100000.0,HEX,JG075B_265,STANDARD,,353,L-MMMMx,3.1622776601683795,2+2,L1,0.5,42,-0.6447776069568454,0.5429454445838928
31764,JG075B,265,S075_SNV,5.0,False,L1,100000.0,FAM,JG075B_265,STANDARD,,352,L-MMMMx,3.1622776601683795,2+2,L1,0.5,43,0.37871102874746576,0.28566622734069824
31765,JG075B,265,S075_SNV,5.0,False,L1,100000.0,HEX,JG075B_265,STANDARD,,353,L-MMMMx,3.1622776601683795,2+2,L1,0.5,43,-0.6610625579237064,0.5566154718399048
31766,JG075B,265,S075_SNV,5.0,False,L1,100000.0,FAM,JG075B_265,STANDARD,,352,L-MMMMx,3.1622776601683795,2+2,L1,0.5,44,0.38250486620545887,0.28839853405952454
31767,JG075B,265,S075_SNV,5.0,False,L1,100000.0,HEX,JG075B_265,STANDARD,,353,L-MMMMx,3.1622776601683795,2+2,L1,0.5,44,-0.6735058096996853,0.5669959187507629
31768,JG075B,265,S075_SNV,5.0,False,L1,100000.0,FAM,JG075B_265,STANDARD,,352,L-MMMMx,3.1622776601683795,2+2,L1,0.5,45,0.3839556006793937,0.2893182039260864
31769,JG075B,265,S075_SNV,5.0,False,L1,100000.0,HEX,JG075B_265,STANDARD,,353,L-MMMMx,3.1622776601683795,2+2,L1,0.5,45,-0.6875179287565373,0.5787197947502136
31770,JG075B,265,S075_SNV,5.0,False,L1,100000.0,FAM,JG075B_265,STANDARD,,352,L-MMMMx,3.1622776601683795,2+2,L1,0.5,46,0.3845803048652062,0.28959888219833374
31771,JG075B,265,S075_SNV,5.0,False,L1,100000.0,HEX,JG075B_265,STANDARD,,353,L-MMMMx,3.1622776601683795,2+2,L1,0.5,46,-0.6998433310202916,0.588999330997467
31772,JG075B,265,S075_SNV,5.0,False,L1,100000.0,FAM,JG075B_265,STANDARD,,352,L-MMMMx,3.1622776601683795,2+2,L1,0.5,47,0.38792479910518524,0.29198357462882996
31773,JG075B,265,S075_SNV,5.0,False,L1,100000.0,HEX,JG075B_265,STANDARD,,353,L-MMMMx,3.1622776601683795,2+2,L1,0.5,47,-0.7113517222238096,0.5985793471336365
31774,JG075B,265,S075_SNV,5.0,False,L1,100000.0,FAM,JG075B_265,STANDARD,,352,L-MMMMx,3.1622776601683795,2+2,L1,0.5,48,0.39088690473216625,0.2940724492073059
31775,JG075B,265,S075_SNV,5.0,False,L1,100000.0,HEX,JG075B_265,STANDARD,,353,L-MMMMx,3.1622776601683795,2+2,L1,0.5,48,-0.7181752298645752,0.6041478514671326
31776,JG075B,265,S075_SNV,5.0,False,L1,100000.0,FAM,JG075B_265,STANDARD,,352,L-MMMMx,3.1622776601683795,2+2,L1,0.5,49,0.38740172106898874,0.29117366671562195
31777,JG075B,265,S075_SNV,5.0,False,L1,100000.0,HEX,JG075B_265,STANDARD,,353,L-MMMMx,3.1622776601683795,2+2,L1,0.5,49,-0.7275543247128432,0.6119045615196228
31778,JG075B,265,S075_SNV,5.0,False,L1,100000.0,FAM,JG075B_265,STANDARD,,352,L-MMMMx,3.1622776601683795,2+2,L1,0.5,50,0.3901245930382307,0.2930774986743927
31779,JG075B,265,S075_SNV,5.0,False,L1,100000.0,HEX,JG075B_265,STANDARD,,353,L-MMMMx,3.1622776601683795,2+2,L1,0.5,50,-0.734774121351302,0.6178123950958252
32040,JG075B,267,S075_SNV,5.0,False,L3,100000.0,FAM,JG075B_267,STANDARD,,356,L-MMMMx,1.0,2+2,L3,0.0,1,-0.0009414287457321947,0.0017196944681927562
32041,JG075B,267,S075_SNV,5.0,False,L3,100000.0,HEX,JG075B_267,STANDARD,,357,L-MMMMx,1.0,2+2,L3,0.0,1,0.0006606759903796112,0.0010407314402982593
32042,JG075B,267,S075_SNV,5.0,False,L3,100000.0,FAM,JG075B_267,STANDARD,,356,L-MMMMx,1.0,2+2,L3,0.0,2,-0.0004203154303963626,0.0017178981797769666
32043,JG075B,267,S075_SNV,5.0,False,L3,100000.0,HEX,JG075B_267,STANDARD,,357,L-MMMMx,1.0,2+2,L3,0.0,2,0.0004722594710565581,0.0009423194569535553
32044,JG075B,267,S075_SNV,5.0,False,L3,100000.0,FAM,JG075B_267,STANDARD,,356,L-MMMMx,1.0,2+2,L3,0.0,3,-0.0008361813459024103,0.0009912498062476516
32045,JG075B,267,S075_SNV,5.0,False,L3,100000.0,HEX,JG075B_267,STANDARD,,357,L-MMMMx,1.0,2+2,L3,0.0,3,0.0007780382335046385,0.0004207442980259657
32046,JG075B,267,S075_SNV,5.0,False,L3,100000.0,FAM,JG075B_267,STANDARD,,356,L-MMMMx,1.0,2+2,L3,0.0,4,-0.0013363761626629962,0.00019936416356358677
32047,JG075B,267,S075_SNV,5.0,False,L3,100000.0,HEX,JG075B_267,STANDARD,,357,L-MMMMx,1.0,2+2,L3,0.0,4,0.0003921211066451182,0.0004914455348625779
32048,JG075B,267,S075_SNV,5.0,False,L3,100000.0,FAM,JG075B_267,STANDARD,,356,L-MMMMx,1.0,2+2,L3,0.0,5,-0.001367542028864422,-0.00022967821860220283
32049,JG075B,267,S075_SNV,5.0,False,L3,100000.0,HEX,JG075B_267,STANDARD,,357,L-MMMMx,1.0,2+2,L3,0.0,5,0.00025072605543057983,0.00035277061397209764
32050,JG075B,267,S075_SNV,5.0,False,L3,100000.0,FAM,JG075B_267,STANDARD,,356,L-MMMMx,1.0,2+2,L3,0.0,6,-0.0009816092135295832,-0.0003360508708283305
32051,JG075B,267,S075_SNV,5.0,False,L3,100000.0,HEX,JG075B_267,STANDARD,,357,L-MMMMx,1.0,2+2,L3,0.0,6,-8.77867490279063e-05,0.0003828811168204993
32052,JG075B,267,S075_SNV,5.0,False,L3,100000.0,FAM,JG075B_267,STANDARD,,356,L-MMMMx,1.0,2+2,L3,0.0,7,-0.0001523429145779218,-9.94583751889877e-05
32053,JG075B,267,S075_SNV,5.0,False,L3,100000.0,HEX,JG075B_267,STANDARD,,357,L-MMMMx,1.0,2+2,L3,0.0,7,-1.1494330009501856e-05,5.7807552366284654e-05
32054,JG075B,267,S075_SNV,5.0,False,L3,100000.0,FAM,JG075B_267,STANDARD,,356,L-MMMMx,1.0,2+2,L3,0.0,8,0.0011507293032999907,0.0005036728689447045
32055,JG075B,267,S075_SNV,5.0,False,L3,100000.0,HEX,JG075B_267,STANDARD,,357,L-MMMMx,1.0,2+2,L3,0.0,8,-5.7680479661610754e-05,-0.0001623916468815878
32056,JG075B,267,S075_SNV,5.0,False,L3,100000.0,FAM,JG075B_267,STANDARD,,356,L-MMMMx,1.0,2+2,L3,0.0,9,0.0013579495681917953,0.0002590472577139735
32057,JG075B,267,S075_SNV,5.0,False,L3,100000.0,HEX,JG075B_267,STANDARD,,357,L-MMMMx,1.0,2+2,L3,0.0,9,-0.0005093441300274112,-3.539378667483106e-05
32058,JG075B,267,S075_SNV,5.0,False,L3,100000.0,FAM,JG075B_267,STANDARD,,356,L-MMMMx,1.0,2+2,L3,0.0,10,0.0021653727940455472,0.0004787418292835355
32059,JG075B,267,S075_SNV,5.0,False,L3,100000.0,HEX,JG075B_267,STANDARD,,357,L-MMMMx,1.0,2+2,L3,0.0,10,-0.0007545797068539065,-8.515350054949522e-05
32060,JG075B,267,S075_SNV,5.0,False,L3,100000.0,FAM,JG075B_267,STANDARD,,356,L-MMMMx,1.0,2+2,L3,0.0,11,0.0022637629328322493,0.0001499246573075652
32061,JG075B,267,S075_SNV,5.0,False,L3,100000.0,HEX,JG075B_267,STANDARD,,357,L-MMMMx,1.0,2+2,L3,0.0,11,-0.0009380017179063661,-0.00018784214626066387
32062,JG075B,267,S075_SNV,5.0,False,L3,100000.0,FAM,JG075B_267,STANDARD,,356,L-MMMMx,1.0,2+2,L3,0.0,12,0.0010890139539122474,-0.0011637996649369597
32063,JG075B,267,S075_SNV,5.0,False,L3,100000.0,HEX,JG075B_267,STANDARD,,357,L-MMMMx,1.0,2+2,L3,0.0,12,-0.0011259831755333744,-0.00028662668773904443
32064,JG075B,267,S075_SNV,5.0,False,L3,100000.0,FAM,JG075B_267,STANDARD,,356,L-MMMMx,1.0,2+2,L3,0.0,13,0.0016092797426023053,-0.0011662516044452786
32065,JG075B,267,S075_SNV,5.0,False,L3,100000.0,HEX,JG075B_267,STANDARD,,357,L-MMMMx,1.0,2+2,L3,0.0,13,-0.0020689532980085715,0.00026106074801646173
32066,JG075B,267,S075_SNV,5.0,False,L3,100000.0,FAM,JG075B_267,STANDARD,,356,L-MMMMx,1.0,2+2,L3,0.0,14,0.0025453729228599666,-0.0008470172761008143
32067,JG075B,267,S075_SNV,5.0,False,L3,100000.0,HEX,JG075B_267,STANDARD,,357,L-MMMMx,1.0,2+2,L3,0.0,14,-0.001917812864802631,-0.00012810270709451288
32068,JG075B,267,S075_SNV,5.0,False,L3,100000.0,FAM,JG075B_267,STANDARD,,356,L-MMMMx,1.0,2+2,L3,0.0,15,0.0032498987091290356,-0.0007069247076287866
32069,JG075B,267,S075_SNV,5.0,False,L3,100000.0,HEX,JG075B_267,STANDARD,,357,L-MMMMx,1.0,2+2,L3,0.0,15,-0.0013669725502064732,-0.0008595160325057805
32070,JG075B,267,S075_SNV,5.0,False,L3,100000.0,FAM,JG075B_267,STANDARD,,356,L-MMMMx,1.0,2+2,L3,0.0,16,0.005068767938837469,0.0002952298382297158
32071,JG075B,267,S075_SNV,5.0,False,L3,100000.0,HEX,JG075B_267,STANDARD,,357,L-MMMMx,1.0,2+2,L3,0.0,16,-0.0012316335578008775,-0.0012351492187008262
32072,JG075B,267,S075_SNV,5.0,False,L3,100000.0,FAM,JG075B_267,STANDARD,,356,L-MMMMx,1.0,2+2,L3,0.0,17,0.005169469513930828,-3.179920167895034e-05
32073,JG075B,267,S075_SNV,5.0,False,L3,100000.0,HEX,JG075B_267,STANDARD,,357,L-MMMMx,1.0,2+2,L3,0.0,17,-0.002255264118722768,-0.0006183949299156666
32074,JG075B,267,S075_SNV,5.0,False,L3,100000.0,FAM,JG075B_267,STANDARD,,356,L-MMMMx,1.0,2+2,L3,0.0,18,0.00522532922467504,-0.0003935181302949786
32075,JG075B,267,S075_SNV,5.0,False,L3,100000.0,HEX,JG075B_267,STANDARD,,357,L-MMMMx,1.0,2+2,L3,0.0,18,-0.002269220897931883,-0.0008661910542286932
32076,JG075B,267,S075_SNV,5.0,False,L3,100000.0,FAM,JG075B_267,STANDARD,,356,L-MMMMx,1.0,2+2,L3,0.0,19,0.006469228673102532,0.000163836739375256
32077,JG075B,267,S075_SNV,5.0,False,L3,100000.0,HEX,JG075B_267,STANDARD,,357,L-MMMMx,1.0,2+2,L3,0.0,19,-0.0023392136235915596,-0.0010660054394975305
32078,JG075B,267,S075_SNV,5.0,False,L3,100000.0,FAM,JG075B_267,STANDARD,,356,L-MMMMx,1.0,2+2,L3,0.0,20,0.009280127841689727,0.0019334309035912156
32079,JG075B,267,S075_SNV,5.0,False,L3,100000.0,HEX,JG075B_267,STANDARD,,357,L-MMMMx,1.0,2+2,L3,0.0,20,-0.0036927601698580927,-0.00016675495135132223
32080,JG075B,267,S075_SNV,5.0,False,L3,100000.0,FAM,JG075B_267,STANDARD,,356,L-MMMMx,1.0,2+2,L3,0.0,21,0.014769326782738892,0.005774972029030323
32081,JG075B,267,S075_SNV,5.0,False,L3,100000.0,HEX,JG075B_267,STANDARD,,357,L-MMMMx,1.0,2+2,L3,0.0,21,-0.0054154130590489775,0.0010485491948202252
32082,JG075B,267,S075_SNV,5.0,False,L3,100000.0,FAM,JG075B_267,STANDARD,,356,L-MMMMx,1.0,2+2,L3,0.0,22,0.027300354955957208,0.015064109116792679
32083,JG075B,267,S075_SNV,5.0,False,L3,100000.0,HEX,JG075B_267,STANDARD,,357,L-MMMMx,1.0,2+2,L3,0.0,22,-0.007626709842769464,0.002682263031601906
32084,JG075B,267,S075_SNV,5.0,False,L3,100000.0,FAM,JG075B_267,STANDARD,,356,L-MMMMx,1.0,2+2,L3,0.0,23,0.04748031110728815,0.030270498245954514
32085,JG075B,267,S075_SNV,5.0,False,L3,100000.0,HEX,JG075B_267,STANDARD,,357,L-MMMMx,1.0,2+2,L3,0.0,23,-0.013216852380183927,0.007209171541035175
32086,JG075B,267,S075_SNV,5.0,False,L3,100000.0,FAM,JG075B_267,STANDARD,,356,L-MMMMx,1.0,2+2,L3,0.0,24,0.07393419882577831,0.05033043399453163
32087,JG075B,267,S075_SNV,5.0,False,L3,100000.0,HEX,JG075B_267,STANDARD,,357,L-MMMMx,1.0,2+2,L3,0.0,24,-0.022312930893940954,0.014738097786903381
32088,JG075B,267,S075_SNV,5.0,False,L3,100000.0,FAM,JG075B_267,STANDARD,,356,L-MMMMx,1.0,2+2,L3,0.0,25,0.1117612392236054,0.07918869704008102
32089,JG075B,267,S075_SNV,5.0,False,L3,100000.0,HEX,JG075B_267,STANDARD,,357,L-MMMMx,1.0,2+2,L3,0.0,25,-0.03683043501938629,0.02690921165049076
32090,JG075B,267,S075_SNV,5.0,False,L3,100000.0,FAM,JG075B_267,STANDARD,,356,L-MMMMx,1.0,2+2,L3,0.0,26,0.15659443568660222,0.11346696317195892
32091,JG075B,267,S075_SNV,5.0,False,L3,100000.0,HEX,JG075B_267,STANDARD,,357,L-MMMMx,1.0,2+2,L3,0.0,26,-0.05738642146125412,0.04425087943673134
32092,JG075B,267,S075_SNV,5.0,False,L3,100000.0,FAM,JG075B_267,STANDARD,,356,L-MMMMx,1.0,2+2,L3,0.0,27,0.20146361350810602,0.14777307212352753
32093,JG075B,267,S075_SNV,5.0,False,L3,100000.0,HEX,JG075B_267,STANDARD,,357,L-MMMMx,1.0,2+2,L3,0.0,27,-0.08645473803559399,0.06888137757778168
32094,JG075B,267,S075_SNV,5.0,False,L3,100000.0,FAM,JG075B_267,STANDARD,,356,L-MMMMx,1.0,2+2,L3,0.0,28,0.24111614925305394,0.17804354429244995
32095,JG075B,267,S075_SNV,5.0,False,L3,100000.0,HEX,JG075B_267,STANDARD,,357,L-MMMMx,1.0,2+2,L3,0.0,28,-0.12265322853900747,0.09961720556020737
32096,JG075B,267,S075_SNV,5.0,False,L3,100000.0,FAM,JG075B_267,STANDARD,,356,L-MMMMx,1.0,2+2,L3,0.0,29,0.27311409400093795,0.20239238440990448
32097,JG075B,267,S075_SNV,5.0,False,L3,100000.0,HEX,JG075B_267,STANDARD,,357,L-MMMMx,1.0,2+2,L3,0.0,29,-0.1676396520581034,0.13787785172462463
32098,JG075B,267,S075_SNV,5.0,False,L3,100000.0,FAM,JG075B_267,STANDARD,,356,L-MMMMx,1.0,2+2,L3,0.0,30,0.30047899581575854,0.2231570929288864
32099,JG075B,267,S075_SNV,5.0,False,L3,100000.0,HEX,JG075B_267,STANDARD,,357,L-MMMMx,1.0,2+2,L3,0.0,30,-0.2139877838808837,0.1773044914007187
32100,JG075B,267,S075_SNV,5.0,False,L3,100000.0,FAM,JG075B_267,STANDARD,,356,L-MMMMx,1.0,2+2,L3,0.0,31,0.31987148414134986,0.23775428533554077
32101,JG075B,267,S075_SNV,5.0,False,L3,100000.0,HEX,JG075B_267,STANDARD,,357,L-MMMMx,1.0,2+2,L3,0.0,31,-0.26340198690283745,0.219356507062912
32102,JG075B,267,S075_SNV,5.0,False,L3,100000.0,FAM,JG075B_267,STANDARD,,356,L-MMMMx,1.0,2+2,L3,0.0,32,0.33521364262678605,0.2492181360721588
32103,JG075B,267,S075_SNV,5.0,False,L3,100000.0,HEX,JG075B_267,STANDARD,,357,L-MMMMx,1.0,2+2,L3,0.0,32,-0.3128719474317563,0.2614562511444092
32104,JG075B,267,S075_SNV,5.0,False,L3,100000.0,FAM,JG075B_267,STANDARD,,356,L-MMMMx,1.0,2+2,L3,0.0,33,0.3502884449794189,0.26047515869140625
32105,JG075B,267,S075_SNV,5.0,False,L3,100000.0,HEX,JG075B_267,STANDARD,,357,L-MMMMx,1.0,2+2,L3,0.0,33,-0.35942706420704684,0.30106014013290405
32106,JG075B,267,S075_SNV,5.0,False,L3,100000.0,FAM,JG075B_267,STANDARD,,356,L-MMMMx,1.0,2+2,L3,0.0,34,0.36186049675294363,0.2690224051475525
32107,JG075B,267,S075_SNV,5.0,False,L3,100000.0,HEX,JG075B_267,STANDARD,,357,L-MMMMx,1.0,2+2,L3,0.0,34,-0.40631495097240805,0.3409489393234253
32108,JG075B,267,S075_SNV,5.0,False,L3,100000.0,FAM,JG075B_267,STANDARD,,356,L-MMMMx,1.0,2+2,L3,0.0,35,0.369089899041398,0.2742101848125458
32109,JG075B,267,S075_SNV,5.0,False,L3,100000.0,HEX,JG075B_267,STANDARD,,357,L-MMMMx,1.0,2+2,L3,0.0,35,-0.44983448567218387,0.37795352935791016
32110,JG075B,267,S075_SNV,5.0,False,L3,100000.0,FAM,JG075B_267,STANDARD,,356,L-MMMMx,1.0,2+2,L3,0.0,36,0.37674005978554087,0.27972346544265747
32111,JG075B,267,S075_SNV,5.0,False,L3,100000.0,HEX,JG075B_267,STANDARD,,357,L-MMMMx,1.0,2+2,L3,0.0,36,-0.4905505524125188,0.4125576317310333
32112,JG075B,267,S075_SNV,5.0,False,L3,100000.0,FAM,JG075B_267,STANDARD,,356,L-MMMMx,1.0,2+2,L3,0.0,37,0.38264208125095894,0.2838843762874603
32113,JG075B,267,S075_SNV,5.0,False,L3,100000.0,HEX,JG075B_267,STANDARD,,357,L-MMMMx,1.0,2+2,L3,0.0,37,-0.5259016471468442,0.4425678551197052
32114,JG075B,267,S075_SNV,5.0,False,L3,100000.0,FAM,JG075B_267,STANDARD,,356,L-MMMMx,1.0,2+2,L3,0.0,38,0.38732312501132393,0.2871007025241852
32115,JG075B,267,S075_SNV,5.0,False,L3,100000.0,HEX,JG075B_267,STANDARD,,357,L-MMMMx,1.0,2+2,L3,0.0,38,-0.5567269168744912,0.4687027633190155
32116,JG075B,267,S075_SNV,5.0,False,L3,100000.0,FAM,JG075B_267,STANDARD,,356,L-MMMMx,1.0,2+2,L3,0.0,39,0.3926880457269518,0.2908461093902588
32117,JG075B,267,S075_SNV,5.0,False,L3,100000.0,HEX,JG075B_267,STANDARD,,357,L-MMMMx,1.0,2+2,L3,0.0,39,-0.5849907521654407,0.49264442920684814
32118,JG075B,267,S075_SNV,5.0,False,L3,100000.0,FAM,JG075B_267,STANDARD,,356,L-MMMMx,1.0,2+2,L3,0.0,40,0.39612992848331796,0.2931038439273834
32119,JG075B,267,S075_SNV,5.0,False,L3,100000.0,HEX,JG075B_267,STANDARD,,357,L-MMMMx,1.0,2+2,L3,0.0,40,-0.6114447308008443,0.5150363445281982
32120,JG075B,267,S075_SNV,5.0,False,L3,100000.0,FAM,JG075B_267,STANDARD,,356,L-MMMMx,1.0,2+2,L3,0.0,41,0.40140994243861466,0.29678353667259216
32121,JG075B,267,S075_SNV,5.0,False,L3,100000.0,HEX,JG075B_267,STANDARD,,357,L-MMMMx,1.0,2+2,L3,0.0,41,-0.6327207791546018,0.5329945683479309
32122,JG075B,267,S075_SNV,5.0,False,L3,100000.0,FAM,JG075B_267,STANDARD,,356,L-MMMMx,1.0,2+2,L3,0.0,42,0.40375936334857776,0.29819613695144653
32123,JG075B,267,S075_SNV,5.0,False,L3,100000.0,HEX,JG075B_267,STANDARD,,357,L-MMMMx,1.0,2+2,L3,0.0,42,-0.6508147514585525,0.5482280850410461
32124,JG075B,267,S075_SNV,5.0,False,L3,100000.0,FAM,JG075B_267,STANDARD,,356,L-MMMMx,1.0,2+2,L3,0.0,43,0.40625394245859897,0.29972103238105774
32125,JG075B,267,S075_SNV,5.0,False,L3,100000.0,HEX,JG075B_267,STANDARD,,357,L-MMMMx,1.0,2+2,L3,0.0,43,-0.6675864842558841,0.5623294115066528
32126,JG075B,267,S075_SNV,5.0,False,L3,100000.0,FAM,JG075B_267,STANDARD,,356,L-MMMMx,1.0,2+2,L3,0.0,44,0.4078866640177446,0.3005791902542114
32127,JG075B,267,S075_SNV,5.0,False,L3,100000.0,HEX,JG075B_267,STANDARD,,357,L-MMMMx,1.0,2+2,L3,0.0,44,-0.6802263143086038,0.5728927850723267
32128,JG075B,267,S075_SNV,5.0,False,L3,100000.0,FAM,JG075B_267,STANDARD,,356,L-MMMMx,1.0,2+2,L3,0.0,45,0.409980748263699,0.30179423093795776
32129,JG075B,267,S075_SNV,5.0,False,L3,100000.0,HEX,JG075B_267,STANDARD,,357,L-MMMMx,1.0,2+2,L3,0.0,45,-0.6933353845042096,0.5838578939437866
32130,JG075B,267,S075_SNV,5.0,False,L3,100000.0,FAM,JG075B_267,STANDARD,,356,L-MMMMx,1.0,2+2,L3,0.0,46,0.41399833275617653,0.3044973313808441
32131,JG075B,267,S075_SNV,5.0,False,L3,100000.0,HEX,JG075B_267,STANDARD,,357,L-MMMMx,1.0,2+2,L3,0.0,46,-0.7055939612914515,0.5940947532653809
32132,JG075B,267,S075_SNV,5.0,False,L3,100000.0,FAM,JG075B_267,STANDARD,,356,L-MMMMx,1.0,2+2,L3,0.0,47,0.41704411237745853,0.30644863843917847
32133,JG075B,267,S075_SNV,5.0,False,L3,100000.0,HEX,JG075B_267,STANDARD,,357,L-MMMMx,1.0,2+2,L3,0.0,47,-0.7152413325839686,0.6020957231521606
32134,JG075B,267,S075_SNV,5.0,False,L3,100000.0,FAM,JG075B_267,STANDARD,,356,L-MMMMx,1.0,2+2,L3,0.0,48,0.41766334616401196,0.30652275681495667
32135,JG075B,267,S075_SNV,5.0,False,L3,100000.0,HEX,JG075B_267,STANDARD,,357,L-MMMMx,1.0,2+2,L3,0.0,48,-0.7271129480962805,0.6120012402534485
32136,JG075B,267,S075_SNV,5.0,False,L3,100000.0,FAM,JG075B_267,STANDARD,,356,L-MMMMx,1.0,2+2,L3,0.0,49,0.4184974664792076,0.30676308274269104
32137,JG075B,267,S075_SNV,5.0,False,L3,100000.0,HEX,JG075B_267,STANDARD,,357,L-MMMMx,1.0,2+2,L3,0.0,49,-0.7341163276446587,0.6177383065223694
32138,JG075B,267,S075_SNV,5.0,False,L3,100000.0,FAM,JG075B_267,STANDARD,,356,L-MMMMx,1.0,2+2,L3,0.0,50,0.4209396530329445,0.308247447013855
32139,JG075B,267,S075_SNV,5.0,False,L3,100000.0,HEX,JG075B_267,STANDARD,,357,L-MMMMx,1.0,2+2,L3,0.0,50,-0.7416495079240125,0.623928964138031
32760,JG075B,271,S075_SNV,5.0,False,L7,100000.0,FAM,JG075B_271,STANDARD,,364,L-MMMMx,0.1,2+2,L7,-1.0,1,-0.0026539093039344317,0.0018999213352799416
32761,JG075B,271,S075_SNV,5.0,False,L7,100000.0,HEX,JG075B_271,STANDARD,,365,L-MMMMx,0.1,2+2,L7,-1.0,1,0.0015010302859172172,0.001408371957950294
32762,JG075B,271,S075_SNV,5.0,False,L7,100000.0,FAM,JG075B_271,STANDARD,,364,L-MMMMx,0.1,2+2,L7,-1.0,2,-0.002967879402255348,0.0009681543451733887
32763,JG075B,271,S075_SNV,5.0,False,L7,100000.0,HEX,JG075B_271,STANDARD,,365,L-MMMMx,0.1,2+2,L7,-1.0,2,0.001376724458123316,0.0011620591394603252
32764,JG075B,271,S075_SNV,5.0,False,L7,100000.0,FAM,JG075B_271,STANDARD,,364,L-MMMMx,0.1,2+2,L7,-1.0,3,-0.002818868808352857,0.00039455172372981906
32765,JG075B,271,S075_SNV,5.0,False,L7,100000.0,HEX,JG075B_271,STANDARD,,365,L-MMMMx,0.1,2+2,L7,-1.0,3,0.0006582113658715178,0.0014245465863496065
32766,JG075B,271,S075_SNV,5.0,False,L7,100000.0,FAM,JG075B_271,STANDARD,,364,L-MMMMx,0.1,2+2,L7,-1.0,4,-0.0017705553954069954,0.0005166545161046088
32767,JG075B,271,S075_SNV,5.0,False,L7,100000.0,HEX,JG075B_271,STANDARD,,365,L-MMMMx,0.1,2+2,L7,-1.0,4,0.0008977041283102226,0.0008667249931022525
32768,JG075B,271,S075_SNV,5.0,False,L7,100000.0,FAM,JG075B_271,STANDARD,,364,L-MMMMx,0.1,2+2,L7,-1.0,5,-0.00029038863250070864,0.0009728413424454629
32769,JG075B,271,S075_SNV,5.0,False,L7,100000.0,HEX,JG075B_271,STANDARD,,365,L-MMMMx,0.1,2+2,L7,-1.0,5,0.0009603878174763478,0.00046029925579205155
32770,JG075B,271,S075_SNV,5.0,False,L7,100000.0,FAM,JG075B_271,STANDARD,,364,L-MMMMx,0.1,2+2,L7,-1.0,6,-0.00023969112950803065,0.00032318319426849484
32771,JG075B,271,S075_SNV,5.0,False,L7,100000.0,HEX,JG075B_271,STANDARD,,365,L-MMMMx,0.1,2+2,L7,-1.0,6,0.0005617668890923214,0.0004488734994083643
32772,JG075B,271,S075_SNV,5.0,False,L7,100000.0,FAM,JG075B_271,STANDARD,,364,L-MMMMx,0.1,2+2,L7,-1.0,7,-0.0004390910348956456,-0.0005199516308493912
32773,JG075B,271,S075_SNV,5.0,False,L7,100000.0,HEX,JG075B_271,STANDARD,,365,L-MMMMx,0.1,2+2,L7,-1.0,7,-0.0002679479726685106,0.0008065793081186712
32774,JG075B,271,S075_SNV,5.0,False,L7,100000.0,FAM,JG075B_271,STANDARD,,364,L-MMMMx,0.1,2+2,L7,-1.0,8,0.00034856941053618883,-0.000599491351749748
32775,JG075B,271,S075_SNV,5.0,False,L7,100000.0,HEX,JG075B_271,STANDARD,,365,L-MMMMx,0.1,2+2,L7,-1.0,8,-0.0010785027173355326,0.0011478789383545518
32776,JG075B,271,S075_SNV,5.0,False,L7,100000.0,FAM,JG075B_271,STANDARD,,364,L-MMMMx,0.1,2+2,L7,-1.0,9,0.00210780358353287,7.25834906916134e-05
32777,JG075B,271,S075_SNV,5.0,False,L7,100000.0,HEX,JG075B_271,STANDARD,,365,L-MMMMx,0.1,2+2,L7,-1.0,9,-0.0011082435348771505,0.0008205932681448758
32778,JG075B,271,S075_SNV,5.0,False,L7,100000.0,FAM,JG075B_271,STANDARD,,364,L-MMMMx,0.1,2+2,L7,-1.0,10,0.003102222006595178,0.00015299282677005976
32779,JG075B,271,S075_SNV,5.0,False,L7,100000.0,HEX,JG075B_271,STANDARD,,365,L-MMMMx,0.1,2+2,L7,-1.0,10,-0.0006233759758692161,5.266532753012143e-05
32780,JG075B,271,S075_SNV,5.0,False,L7,100000.0,FAM,JG075B_271,STANDARD,,364,L-MMMMx,0.1,2+2,L7,-1.0,11,0.004282364336897379,0.00037707918090745807
32781,JG075B,271,S075_SNV,5.0,False,L7,100000.0,HEX,JG075B_271,STANDARD,,365,L-MMMMx,0.1,2+2,L7,-1.0,11,-8.23354259764658e-06,-0.0008268126985058188
32782,JG075B,271,S075_SNV,5.0,False,L7,100000.0,FAM,JG075B_271,STANDARD,,364,L-MMMMx,0.1,2+2,L7,-1.0,12,0.0044862330191445315,-0.0001540849480079487
32783,JG075B,271,S075_SNV,5.0,False,L7,100000.0,HEX,JG075B_271,STANDARD,,365,L-MMMMx,0.1,2+2,L7,-1.0,12,0.000237228266310792,-0.0013897452736273408
32784,JG075B,271,S075_SNV,5.0,False,L7,100000.0,FAM,JG075B_271,STANDARD,,364,L-MMMMx,0.1,2+2,L7,-1.0,13,0.004133199647241111,-0.0011160714784637094
32785,JG075B,271,S075_SNV,5.0,False,L7,100000.0,HEX,JG075B_271,STANDARD,,365,L-MMMMx,0.1,2+2,L7,-1.0,13,-0.0005390262142400631,-0.0010778158903121948
32786,JG075B,271,S075_SNV,5.0,False,L7,100000.0,FAM,JG075B_271,STANDARD,,364,L-MMMMx,0.1,2+2,L7,-1.0,14,0.005335878481533219,-0.0008745507220737636
32787,JG075B,271,S075_SNV,5.0,False,L7,100000.0,HEX,JG075B_271,STANDARD,,365,L-MMMMx,0.1,2+2,L7,-1.0,14,-0.00024943174688484677,-0.0016785379266366363
32788,JG075B,271,S075_SNV,5.0,False,L7,100000.0,FAM,JG075B_271,STANDARD,,364,L-MMMMx,0.1,2+2,L7,-1.0,15,0.00552337448994155,-0.0014183808816596866
32789,JG075B,271,S075_SNV,5.0,False,L7,100000.0,HEX,JG075B_271,STANDARD,,365,L-MMMMx,0.1,2+2,L7,-1.0,15,0.0002181203566205073,-0.002431639237329364
32790,JG075B,271,S075_SNV,5.0,False,L7,100000.0,FAM,JG075B_271,STANDARD,,364,L-MMMMx,0.1,2+2,L7,-1.0,16,0.006691882590833578,-0.0012032948434352875
32791,JG075B,271,S075_SNV,5.0,False,L7,100000.0,HEX,JG075B_271,STANDARD,,365,L-MMMMx,0.1,2+2,L7,-1.0,16,0.00025950342514828237,-0.0028198258951306343
32792,JG075B,271,S075_SNV,5.0,False,L7,100000.0,FAM,JG075B_271,STANDARD,,364,L-MMMMx,0.1,2+2,L7,-1.0,17,0.008878193145423595,-0.00020083141862414777
32793,JG075B,271,S075_SNV,5.0,False,L7,100000.0,HEX,JG075B_271,STANDARD,,365,L-MMMMx,0.1,2+2,L7,-1.0,17,-0.0013766940038045928,-0.0017715555150061846
32794,JG075B,271,S075_SNV,5.0,False,L7,100000.0,FAM,JG075B_271,STANDARD,,364,L-MMMMx,0.1,2+2,L7,-1.0,18,0.009675291955774278,-0.0002730695705395192
32795,JG075B,271,S075_SNV,5.0,False,L7,100000.0,HEX,JG075B_271,STANDARD,,365,L-MMMMx,0.1,2+2,L7,-1.0,18,-0.0035249068415985937,-0.00028486328665167093
32796,JG075B,271,S075_SNV,5.0,False,L7,100000.0,FAM,JG075B_271,STANDARD,,364,L-MMMMx,0.1,2+2,L7,-1.0,19,0.012840110546849111,0.0014863727847114205
32797,JG075B,271,S075_SNV,5.0,False,L7,100000.0,HEX,JG075B_271,STANDARD,,365,L-MMMMx,0.1,2+2,L7,-1.0,19,-0.003462780031403406,-0.0006908121868036687
32798,JG075B,271,S075_SNV,5.0,False,L7,100000.0,FAM,JG075B_271,STANDARD,,364,L-MMMMx,0.1,2+2,L7,-1.0,20,0.01447656892802386,0.0020634676329791546
32799,JG075B,271,S075_SNV,5.0,False,L7,100000.0,HEX,JG075B_271,STANDARD,,365,L-MMMMx,0.1,2+2,L7,-1.0,20,-0.003957288557595692,-0.0006201325450092554
32800,JG075B,271,S075_SNV,5.0,False,L7,100000.0,FAM,JG075B_271,STANDARD,,364,L-MMMMx,0.1,2+2,L7,-1.0,21,0.02177558397324705,0.007021146360784769
32801,JG075B,271,S075_SNV,5.0,False,L7,100000.0,HEX,JG075B_271,STANDARD,,365,L-MMMMx,0.1,2+2,L7,-1.0,21,-0.005948270098439126,0.0007319277501665056
32802,JG075B,271,S075_SNV,5.0,False,L7,100000.0,FAM,JG075B_271,STANDARD,,364,L-MMMMx,0.1,2+2,L7,-1.0,22,0.03414388703047671,0.01590045355260372
32803,JG075B,271,S075_SNV,5.0,False,L7,100000.0,HEX,JG075B_271,STANDARD,,365,L-MMMMx,0.1,2+2,L7,-1.0,22,-0.008224147440320493,0.0023279348388314247
32804,JG075B,271,S075_SNV,5.0,False,L7,100000.0,FAM,JG075B_271,STANDARD,,364,L-MMMMx,0.1,2+2,L7,-1.0,23,0.05367756559046634,0.030322931706905365
32805,JG075B,271,S075_SNV,5.0,False,L7,100000.0,HEX,JG075B_271,STANDARD,,365,L-MMMMx,0.1,2+2,L7,-1.0,23,-0.0111771200009902,0.004503716714680195
32806,JG075B,271,S075_SNV,5.0,False,L7,100000.0,FAM,JG075B_271,STANDARD,,364,L-MMMMx,0.1,2+2,L7,-1.0,24,0.08319006140174046,0.05246507748961449
32807,JG075B,271,S075_SNV,5.0,False,L7,100000.0,HEX,JG075B_271,STANDARD,,365,L-MMMMx,0.1,2+2,L7,-1.0,24,-0.020178824931641203,0.011858828365802765
32808,JG075B,271,S075_SNV,5.0,False,L7,100000.0,FAM,JG075B_271,STANDARD,,364,L-MMMMx,0.1,2+2,L7,-1.0,25,0.12353152073788752,0.0829845666885376
32809,JG075B,271,S075_SNV,5.0,False,L7,100000.0,HEX,JG075B_271,STANDARD,,365,L-MMMMx,0.1,2+2,L7,-1.0,25,-0.03477446613769618,0.02400384470820427
32810,JG075B,271,S075_SNV,5.0,False,L7,100000.0,FAM,JG075B_271,STANDARD,,364,L-MMMMx,0.1,2+2,L7,-1.0,26,0.17071240453361747,0.11879506707191467
32811,JG075B,271,S075_SNV,5.0,False,L7,100000.0,HEX,JG075B_271,STANDARD,,365,L-MMMMx,0.1,2+2,L7,-1.0,26,-0.05464641377610679,0.040666788816452026
32812,JG075B,271,S075_SNV,5.0,False,L7,100000.0,FAM,JG075B_271,STANDARD,,364,L-MMMMx,0.1,2+2,L7,-1.0,27,0.21875969170495937,0.15527582168579102
32813,JG075B,271,S075_SNV,5.0,False,L7,100000.0,HEX,JG075B_271,STANDARD,,365,L-MMMMx,0.1,2+2,L7,-1.0,27,-0.08384222082985561,0.0653134435415268
32814,JG075B,271,S075_SNV,5.0,False,L7,100000.0,FAM,JG075B_271,STANDARD,,364,L-MMMMx,0.1,2+2,L7,-1.0,28,0.260296587374971,0.1867201030254364
32815,JG075B,271,S075_SNV,5.0,False,L7,100000.0,HEX,JG075B_271,STANDARD,,365,L-MMMMx,0.1,2+2,L7,-1.0,28,-0.12048736307289645,0.09633872658014297
32816,JG075B,271,S075_SNV,5.0,False,L7,100000.0,FAM,JG075B_271,STANDARD,,364,L-MMMMx,0.1,2+2,L7,-1.0,29,0.29475131924926234,0.21268559992313385
32817,JG075B,271,S075_SNV,5.0,False,L7,100000.0,HEX,JG075B_271,STANDARD,,365,L-MMMMx,0.1,2+2,L7,-1.0,29,-0.16379124639117681,0.13306567072868347
32818,JG075B,271,S075_SNV,5.0,False,L7,100000.0,FAM,JG075B_271,STANDARD,,364,L-MMMMx,0.1,2+2,L7,-1.0,30,0.3230313572218269,0.23387430608272552
32819,JG075B,271,S075_SNV,5.0,False,L7,100000.0,HEX,JG075B_271,STANDARD,,365,L-MMMMx,0.1,2+2,L7,-1.0,30,-0.21089415804919118,0.1730455905199051
32820,JG075B,271,S075_SNV,5.0,False,L7,100000.0,FAM,JG075B_271,STANDARD,,364,L-MMMMx,0.1,2+2,L7,-1.0,31,0.34712969872414134,0.25182801485061646
32821,JG075B,271,S075_SNV,5.0,False,L7,100000.0,HEX,JG075B_271,STANDARD,,365,L-MMMMx,0.1,2+2,L7,-1.0,31,-0.25713804908959914,0.212289959192276
32822,JG075B,271,S075_SNV,5.0,False,L7,100000.0,FAM,JG075B_271,STANDARD,,364,L-MMMMx,0.1,2+2,L7,-1.0,32,0.3660350133241662,0.26576441526412964
32823,JG075B,271,S075_SNV,5.0,False,L7,100000.0,HEX,JG075B_271,STANDARD,,365,L-MMMMx,0.1,2+2,L7,-1.0,32,-0.305916574766228,0.25370466709136963
32824,JG075B,271,S075_SNV,5.0,False,L7,100000.0,FAM,JG075B_271,STANDARD,,364,L-MMMMx,0.1,2+2,L7,-1.0,33,0.38116752453658864,0.2767821252346039
32825,JG075B,271,S075_SNV,5.0,False,L7,100000.0,HEX,JG075B_271,STANDARD,,365,L-MMMMx,0.1,2+2,L7,-1.0,33,-0.35674900930741626,0.29687803983688354
32826,JG075B,271,S075_SNV,5.0,False,L7,100000.0,FAM,JG075B_271,STANDARD,,364,L-MMMMx,0.1,2+2,L7,-1.0,34,0.3941514786540964,0.2861377000808716
32827,JG075B,271,S075_SNV,5.0,False,L7,100000.0,HEX,JG075B_271,STANDARD,,365,L-MMMMx,0.1,2+2,L7,-1.0,34,-0.4025919822936851,0.3357791304588318
32828,JG075B,271,S075_SNV,5.0,False,L7,100000.0,FAM,JG075B_271,STANDARD,,364,L-MMMMx,0.1,2+2,L7,-1.0,35,0.4069582997026373,0.29535624384880066
32829,JG075B,271,S075_SNV,5.0,False,L7,100000.0,HEX,JG075B_271,STANDARD,,365,L-MMMMx,0.1,2+2,L7,-1.0,35,-0.44571279165026984,0.3723493218421936
32830,JG075B,271,S075_SNV,5.0,False,L7,100000.0,FAM,JG075B_271,STANDARD,,364,L-MMMMx,0.1,2+2,L7,-1.0,36,0.41469837531910914,0.3006551265716553
32831,JG075B,271,S075_SNV,5.0,False,L7,100000.0,HEX,JG075B_271,STANDARD,,365,L-MMMMx,0.1,2+2,L7,-1.0,36,-0.4853792111402594,0.4059616029262543
32832,JG075B,271,S075_SNV,5.0,False,L7,100000.0,FAM,JG075B_271,STANDARD,,364,L-MMMMx,0.1,2+2,L7,-1.0,37,0.422826309947838,0.3062540590763092
32833,JG075B,271,S075_SNV,5.0,False,L7,100000.0,HEX,JG075B_271,STANDARD,,365,L-MMMMx,0.1,2+2,L7,-1.0,37,-0.5207141563844276,0.43586501479148865
32834,JG075B,271,S075_SNV,5.0,False,L7,100000.0,FAM,JG075B_271,STANDARD,,364,L-MMMMx,0.1,2+2,L7,-1.0,38,0.43164151163841286,0.3123846650123596
32835,JG075B,271,S075_SNV,5.0,False,L7,100000.0,HEX,JG075B_271,STANDARD,,365,L-MMMMx,0.1,2+2,L7,-1.0,38,-0.5545709360101142,0.4645026922225952
32836,JG075B,271,S075_SNV,5.0,False,L7,100000.0,FAM,JG075B_271,STANDARD,,364,L-MMMMx,0.1,2+2,L7,-1.0,39,0.4375843684785819,0.31629320979118347
32837,JG075B,271,S075_SNV,5.0,False,L7,100000.0,HEX,JG075B_271,STANDARD,,365,L-MMMMx,0.1,2+2,L7,-1.0,39,-0.5814810681325867,0.48719221353530884
32838,JG075B,271,S075_SNV,5.0,False,L7,100000.0,FAM,JG075B_271,STANDARD,,364,L-MMMMx,0.1,2+2,L7,-1.0,40,0.442855136688652,0.3196818232536316
32839,JG075B,271,S075_SNV,5.0,False,L7,100000.0,HEX,JG075B_271,STANDARD,,365,L-MMMMx,0.1,2+2,L7,-1.0,40,-0.6055087250916167,0.5074135661125183
32840,JG075B,271,S075_SNV,5.0,False,L7,100000.0,FAM,JG075B_271,STANDARD,,364,L-MMMMx,0.1,2+2,L7,-1.0,41,0.44614138273370324,0.3215351998806
32841,JG075B,271,S075_SNV,5.0,False,L7,100000.0,HEX,JG075B_271,STANDARD,,365,L-MMMMx,0.1,2+2,L7,-1.0,41,-0.6293012399051683,0.5274335741996765
32842,JG075B,271,S075_SNV,5.0,False,L7,100000.0,FAM,JG075B_271,STANDARD,,364,L-MMMMx,0.1,2+2,L7,-1.0,42,0.45077319290073636,0.3244295120239258
32843,JG075B,271,S075_SNV,5.0,False,L7,100000.0,HEX,JG075B_271,STANDARD,,365,L-MMMMx,0.1,2+2,L7,-1.0,42,-0.6483187263725471,0.5433648228645325
32844,JG075B,271,S075_SNV,5.0,False,L7,100000.0,FAM,JG075B_271,STANDARD,,364,L-MMMMx,0.1,2+2,L7,-1.0,43,0.4539147430329909,0.32617098093032837
32845,JG075B,271,S075_SNV,5.0,False,L7,100000.0,HEX,JG075B_271,STANDARD,,365,L-MMMMx,0.1,2+2,L7,-1.0,43,-0.6652662240950806,0.5575236678123474
32846,JG075B,271,S075_SNV,5.0,False,L7,100000.0,FAM,JG075B_271,STANDARD,,364,L-MMMMx,0.1,2+2,L7,-1.0,44,0.4583757380569621,0.32893314957618713
32847,JG075B,271,S075_SNV,5.0,False,L7,100000.0,HEX,JG075B_271,STANDARD,,365,L-MMMMx,0.1,2+2,L7,-1.0,44,-0.6821159199483434,0.5715987682342529
32848,JG075B,271,S075_SNV,5.0,False,L7,100000.0,FAM,JG075B_271,STANDARD,,364,L-MMMMx,0.1,2+2,L7,-1.0,45,0.4616329370524263,0.3307640552520752
32849,JG075B,271,S075_SNV,5.0,False,L7,100000.0,HEX,JG075B_271,STANDARD,,365,L-MMMMx,0.1,2+2,L7,-1.0,45,-0.6938150421994074,0.5812636017799377
32850,JG075B,271,S075_SNV,5.0,False,L7,100000.0,FAM,JG075B_271,STANDARD,,364,L-MMMMx,0.1,2+2,L7,-1.0,46,0.4648251846876735,0.3325447142124176
32851,JG075B,271,S075_SNV,5.0,False,L7,100000.0,HEX,JG075B_271,STANDARD,,365,L-MMMMx,0.1,2+2,L7,-1.0,46,-0.703156130057909,0.5889093279838562
32852,JG075B,271,S075_SNV,5.0,False,L7,100000.0,FAM,JG075B_271,STANDARD,,364,L-MMMMx,0.1,2+2,L7,-1.0,47,0.46792443553551616,0.3342534303665161
32853,JG075B,271,S075_SNV,5.0,False,L7,100000.0,HEX,JG075B_271,STANDARD,,365,L-MMMMx,0.1,2+2,L7,-1.0,47,-0.7115253945022537,0.5957228541374207
32854,JG075B,271,S075_SNV,5.0,False,L7,100000.0,FAM,JG075B_271,STANDARD,,364,L-MMMMx,0.1,2+2,L7,-1.0,48,0.47151209287495544,0.3363399803638458
32855,JG075B,271,S075_SNV,5.0,False,L7,100000.0,HEX,JG075B_271,STANDARD,,365,L-MMMMx,0.1,2+2,L7,-1.0,48,-0.7223309348345776,0.6046225428581238
32856,JG075B,271,S075_SNV,5.0,False,L7,100000.0,FAM,JG075B_271,STANDARD,,364,L-MMMMx,0.1,2+2,L7,-1.0,49,0.47162489096672033,0.3357383608818054
32857,JG075B,271,S075_SNV,5.0,False,L7,100000.0,HEX,JG075B_271,STANDARD,,365,L-MMMMx,0.1,2+2,L7,-1.0,49,-0.7317733746657897,0.6123550534248352
32858,JG075B,271,S075_SNV,5.0,False,L7,100000.0,FAM,JG075B_271,STANDARD,,364,L-MMMMx,0.1,2+2,L7,-1.0,50,0.4736700498108505,0.3366316258907318
32859,JG075B,271,S075_SNV,5.0,False,L7,100000.0,HEX,JG075B_271,STANDARD,,365,L-MMMMx,0.1,2+2,L7,-1.0,50,-0.7415776466083683,0.6203973889350891
32940,JG075B,272,S075_SNV,5.0,False,L8,100000.0,FAM,JG075B_272,STANDARD,,366,L-MMMMx,0.0,2+2,L8,-2.0,1,-0.005956759166455136,-0.0004344015324022621
32941,JG075B,272,S075_SNV,5.0,False,L8,100000.0,HEX,JG075B_272,STANDARD,,367,L-MMMMx,0.0,2+2,L8,-2.0,1,-0.00030790621414173916,0.0022471733391284943
32942,JG075B,272,S075_SNV,5.0,False,L8,100000.0,FAM,JG075B_272,STANDARD,,366,L-MMMMx,0.0,2+2,L8,-2.0,2,-0.005263135654765799,-0.0006428647320717573
32943,JG075B,272,S075_SNV,5.0,False,L8,100000.0,HEX,JG075B_272,STANDARD,,367,L-MMMMx,0.0,2+2,L8,-2.0,2,-0.0005280996397438996,0.0021279449574649334
32944,JG075B,272,S075_SNV,5.0,False,L8,100000.0,FAM,JG075B_272,STANDARD,,366,L-MMMMx,0.0,2+2,L8,-2.0,3,-0.003191048577663086,0.00021505878248717636
32945,JG075B,272,S075_SNV,5.0,False,L8,100000.0,HEX,JG075B_272,STANDARD,,367,L-MMMMx,0.0,2+2,L8,-2.0,3,0.0006984262937454128,0.0007699381094425917
32946,JG075B,272,S075_SNV,5.0,False,L8,100000.0,FAM,JG075B_272,STANDARD,,366,L-MMMMx,0.0,2+2,L8,-2.0,4,-0.0020598316491851256,0.0003451201773714274
32947,JG075B,272,S075_SNV,5.0,False,L8,100000.0,HEX,JG075B_272,STANDARD,,367,L-MMMMx,0.0,2+2,L8,-2.0,4,0.0011008583625867912,0.00011757582251448184
32948,JG075B,272,S075_SNV,5.0,False,L8,100000.0,FAM,JG075B_272,STANDARD,,366,L-MMMMx,0.0,2+2,L8,-2.0,5,-0.001819288177539015,-0.00021384812134783715
32949,JG075B,272,S075_SNV,5.0,False,L8,100000.0,HEX,JG075B_272,STANDARD,,367,L-MMMMx,0.0,2+2,L8,-2.0,5,0.001184790464987741,-0.0002620654122438282
32950,JG075B,272,S075_SNV,5.0,False,L8,100000.0,FAM,JG075B_272,STANDARD,,366,L-MMMMx,0.0,2+2,L8,-2.0,6,-0.0009081199854548055,-0.0002540175919421017
32951,JG075B,272,S075_SNV,5.0,False,L8,100000.0,HEX,JG075B_272,STANDARD,,367,L-MMMMx,0.0,2+2,L8,-2.0,6,0.0008777935297907355,-0.0003069669473916292
32952,JG075B,272,S075_SNV,5.0,False,L8,100000.0,FAM,JG075B_272,STANDARD,,366,L-MMMMx,0.0,2+2,L8,-2.0,7,0.0005475455526009166,0.00012703896209131926
32953,JG075B,272,S075_SNV,5.0,False,L8,100000.0,HEX,JG075B_272,STANDARD,,367,L-MMMMx,0.0,2+2,L8,-2.0,7,-0.0002791399347992614,0.0003759042010642588
32954,JG075B,272,S075_SNV,5.0,False,L8,100000.0,FAM,JG075B_272,STANDARD,,366,L-MMMMx,0.0,2+2,L8,-2.0,8,0.0006761384591279372,-0.0005185348563827574
32955,JG075B,272,S075_SNV,5.0,False,L8,100000.0,HEX,JG075B_272,STANDARD,,367,L-MMMMx,0.0,2+2,L8,-2.0,8,-0.0008346615132448606,0.0005438061198219657
32956,JG075B,272,S075_SNV,5.0,False,L8,100000.0,FAM,JG075B_272,STANDARD,,366,L-MMMMx,0.0,2+2,L8,-2.0,9,0.002760437624717489,0.00034883597982116044
32957,JG075B,272,S075_SNV,5.0,False,L8,100000.0,HEX,JG075B_272,STANDARD,,367,L-MMMMx,0.0,2+2,L8,-2.0,9,-0.0013511841612570098,0.0006783145945519209
32958,JG075B,272,S075_SNV,5.0,False,L8,100000.0,FAM,JG075B_272,STANDARD,,366,L-MMMMx,0.0,2+2,L8,-2.0,10,0.00399416675339569,0.0005582013400271535
32959,JG075B,272,S075_SNV,5.0,False,L8,100000.0,HEX,JG075B_272,STANDARD,,367,L-MMMMx,0.0,2+2,L8,-2.0,10,-0.0013968830418095487,0.00040967209497466683
32960,JG075B,272,S075_SNV,5.0,False,L8,100000.0,FAM,JG075B_272,STANDARD,,366,L-MMMMx,0.0,2+2,L8,-2.0,11,0.004694955717635663,0.00035528140142560005
32961,JG075B,272,S075_SNV,5.0,False,L8,100000.0,HEX,JG075B_272,STANDARD,,367,L-MMMMx,0.0,2+2,L8,-2.0,11,-0.0006882893562275705,-0.00050484633538872
32962,JG075B,272,S075_SNV,5.0,False,L8,100000.0,FAM,JG075B_272,STANDARD,,366,L-MMMMx,0.0,2+2,L8,-2.0,12,0.004482188005607881,-0.00055437081027776
32963,JG075B,272,S075_SNV,5.0,False,L8,100000.0,HEX,JG075B_272,STANDARD,,367,L-MMMMx,0.0,2+2,L8,-2.0,12,-0.0007664960467085718,-0.0007456534076482058
32964,JG075B,272,S075_SNV,5.0,False,L8,100000.0,FAM,JG075B_272,STANDARD,,366,L-MMMMx,0.0,2+2,L8,-2.0,13,0.005608204202395864,-0.00042833274346776307
32965,JG075B,272,S075_SNV,5.0,False,L8,100000.0,HEX,JG075B_272,STANDARD,,367,L-MMMMx,0.0,2+2,L8,-2.0,13,-0.001514889176244722,-0.0004126019193790853
32966,JG075B,272,S075_SNV,5.0,False,L8,100000.0,FAM,JG075B_272,STANDARD,,366,L-MMMMx,0.0,2+2,L8,-2.0,14,0.007970877347183812,0.0006543896743096411
32967,JG075B,272,S075_SNV,5.0,False,L8,100000.0,HEX,JG075B_272,STANDARD,,367,L-MMMMx,0.0,2+2,L8,-2.0,14,-0.002249273319168232,-9.154584404313937e-05
32968,JG075B,272,S075_SNV,5.0,False,L8,100000.0,FAM,JG075B_272,STANDARD,,366,L-MMMMx,0.0,2+2,L8,-2.0,15,0.008806731239609447,0.0005559566779993474
32969,JG075B,272,S075_SNV,5.0,False,L8,100000.0,HEX,JG075B_272,STANDARD,,367,L-MMMMx,0.0,2+2,L8,-2.0,15,-0.0036652947249867884,0.0008131738286465406
32970,JG075B,272,S075_SNV,5.0,False,L8,100000.0,FAM,JG075B_272,STANDARD,,366,L-MMMMx,0.0,2+2,L8,-2.0,16,0.007419214548661663,-0.0012624876108020544
32971,JG075B,272,S075_SNV,5.0,False,L8,100000.0,HEX,JG075B_272,STANDARD,,367,L-MMMMx,0.0,2+2,L8,-2.0,16,-0.0010075376287851958,-0.001770349103026092
32972,JG075B,272,S075_SNV,5.0,False,L8,100000.0,FAM,JG075B_272,STANDARD,,366,L-MMMMx,0.0,2+2,L8,-2.0,17,0.008721863003216689,-0.000999805866740644
32973,JG075B,272,S075_SNV,5.0,False,L8,100000.0,HEX,JG075B_272,STANDARD,,367,L-MMMMx,0.0,2+2,L8,-2.0,17,-0.000612658230987154,-0.0024162442423403263
32974,JG075B,272,S075_SNV,5.0,False,L8,100000.0,FAM,JG075B_272,STANDARD,,366,L-MMMMx,0.0,2+2,L8,-2.0,18,0.010106451874842706,-0.0006737345829606056
32975,JG075B,272,S075_SNV,5.0,False,L8,100000.0,HEX,JG075B_272,STANDARD,,367,L-MMMMx,0.0,2+2,L8,-2.0,18,-0.0031055617493234763,-0.0005894259084016085
32976,JG075B,272,S075_SNV,5.0,False,L8,100000.0,FAM,JG075B_272,STANDARD,,366,L-MMMMx,0.0,2+2,L8,-2.0,19,0.011506411797907994,-0.00033577217254787683
32977,JG075B,272,S075_SNV,5.0,False,L8,100000.0,HEX,JG075B_272,STANDARD,,367,L-MMMMx,0.0,2+2,L8,-2.0,19,-0.004627303147280903,0.000405818282160908
32978,JG075B,272,S075_SNV,5.0,False,L8,100000.0,FAM,JG075B_272,STANDARD,,366,L-MMMMx,0.0,2+2,L8,-2.0,20,0.01559357052321588,0.0020810214336961508
32979,JG075B,272,S075_SNV,5.0,False,L8,100000.0,HEX,JG075B_272,STANDARD,,367,L-MMMMx,0.0,2+2,L8,-2.0,20,-0.005137108442706121,0.0005345748504623771
32980,JG075B,272,S075_SNV,5.0,False,L8,100000.0,FAM,JG075B_272,STANDARD,,366,L-MMMMx,0.0,2+2,L8,-2.0,21,0.021972788014143343,0.006270963698625565
32981,JG075B,272,S075_SNV,5.0,False,L8,100000.0,HEX,JG075B_272,STANDARD,,367,L-MMMMx,0.0,2+2,L8,-2.0,21,-0.005074529168347047,0.00017321735504083335
32982,JG075B,272,S075_SNV,5.0,False,L8,100000.0,FAM,JG075B_272,STANDARD,,366,L-MMMMx,0.0,2+2,L8,-2.0,22,0.03425221634538204,0.015025340020656586
32983,JG075B,272,S075_SNV,5.0,False,L8,100000.0,HEX,JG075B_272,STANDARD,,367,L-MMMMx,0.0,2+2,L8,-2.0,22,-0.007891710272447273,0.002277703955769539
32984,JG075B,272,S075_SNV,5.0,False,L8,100000.0,FAM,JG075B_272,STANDARD,,366,L-MMMMx,0.0,2+2,L8,-2.0,23,0.053167046358202685,0.028912898153066635
32985,JG075B,272,S075_SNV,5.0,False,L8,100000.0,HEX,JG075B_272,STANDARD,,367,L-MMMMx,0.0,2+2,L8,-2.0,23,-0.015184753898052189,0.008214724250137806
32986,JG075B,272,S075_SNV,5.0,False,L8,100000.0,FAM,JG075B_272,STANDARD,,366,L-MMMMx,0.0,2+2,L8,-2.0,24,0.08161262169426235,0.05017349123954773
32987,JG075B,272,S075_SNV,5.0,False,L8,100000.0,HEX,JG075B_272,STANDARD,,367,L-MMMMx,0.0,2+2,L8,-2.0,24,-0.024276812441737763,0.015692181885242462
32988,JG075B,272,S075_SNV,5.0,False,L8,100000.0,FAM,JG075B_272,STANDARD,,366,L-MMMMx,0.0,2+2,L8,-2.0,25,0.12020871547525268,0.07928658276796341
32989,JG075B,272,S075_SNV,5.0,False,L8,100000.0,HEX,JG075B_272,STANDARD,,367,L-MMMMx,0.0,2+2,L8,-2.0,25,-0.037834796697790364,0.02699366584420204
32990,JG075B,272,S075_SNV,5.0,False,L8,100000.0,FAM,JG075B_272,STANDARD,,366,L-MMMMx,0.0,2+2,L8,-2.0,26,0.16304174905422225,0.111677385866642
32991,JG075B,272,S075_SNV,5.0,False,L8,100000.0,HEX,JG075B_272,STANDARD,,367,L-MMMMx,0.0,2+2,L8,-2.0,26,-0.057720266053714046,0.04371316730976105
32992,JG075B,272,S075_SNV,5.0,False,L8,100000.0,FAM,JG075B_272,STANDARD,,366,L-MMMMx,0.0,2+2,L8,-2.0,27,0.20465438278721537,0.14312408864498138
32993,JG075B,272,S075_SNV,5.0,False,L8,100000.0,HEX,JG075B_272,STANDARD,,367,L-MMMMx,0.0,2+2,L8,-2.0,27,-0.08617352720712156,0.06776898354291916
32994,JG075B,272,S075_SNV,5.0,False,L8,100000.0,FAM,JG075B_272,STANDARD,,366,L-MMMMx,0.0,2+2,L8,-2.0,28,0.24307299678379288,0.17209987342357635
32995,JG075B,272,S075_SNV,5.0,False,L8,100000.0,HEX,JG075B_272,STANDARD,,367,L-MMMMx,0.0,2+2,L8,-2.0,28,-0.12297765839636499,0.09897538274526596
32996,JG075B,272,S075_SNV,5.0,False,L8,100000.0,FAM,JG075B_272,STANDARD,,366,L-MMMMx,0.0,2+2,L8,-2.0,29,0.2743650674075623,0.19556252658367157
32997,JG075B,272,S075_SNV,5.0,False,L8,100000.0,HEX,JG075B_272,STANDARD,,367,L-MMMMx,0.0,2+2,L8,-2.0,29,-0.16546167664968298,0.13504527509212494
32998,JG075B,272,S075_SNV,5.0,False,L8,100000.0,FAM,JG075B_272,STANDARD,,366,L-MMMMx,0.0,2+2,L8,-2.0,30,0.3007868261613899,0.21525749564170837
32999,JG075B,272,S075_SNV,5.0,False,L8,100000.0,HEX,JG075B_272,STANDARD,,367,L-MMMMx,0.0,2+2,L8,-2.0,30,-0.20925523060809564,0.17223648726940155
33000,JG075B,272,S075_SNV,5.0,False,L8,100000.0,FAM,JG075B_272,STANDARD,,366,L-MMMMx,0.0,2+2,L8,-2.0,31,0.3215080051239246,0.23054245114326477
33001,JG075B,272,S075_SNV,5.0,False,L8,100000.0,HEX,JG075B_272,STANDARD,,367,L-MMMMx,0.0,2+2,L8,-2.0,31,-0.25958198423873713,0.21502186357975006
33002,JG075B,272,S075_SNV,5.0,False,L8,100000.0,FAM,JG075B_272,STANDARD,,366,L-MMMMx,0.0,2+2,L8,-2.0,32,0.34014958484135993,0.2442186176776886
33003,JG075B,272,S075_SNV,5.0,False,L8,100000.0,HEX,JG075B_272,STANDARD,,367,L-MMMMx,0.0,2+2,L8,-2.0,32,-0.3081944555672197,0.25633934140205383
33004,JG075B,272,S075_SNV,5.0,False,L8,100000.0,FAM,JG075B_272,STANDARD,,366,L-MMMMx,0.0,2+2,L8,-2.0,33,0.3554757944162802,0.25532999634742737
33005,JG075B,272,S075_SNV,5.0,False,L8,100000.0,HEX,JG075B_272,STANDARD,,367,L-MMMMx,0.0,2+2,L8,-2.0,33,-0.3560033853455754,0.2969687879085541
33006,JG075B,272,S075_SNV,5.0,False,L8,100000.0,FAM,JG075B_272,STANDARD,,366,L-MMMMx,0.0,2+2,L8,-2.0,34,0.3678648618763313,0.26416918635368347
33007,JG075B,272,S075_SNV,5.0,False,L8,100000.0,HEX,JG075B_272,STANDARD,,367,L-MMMMx,0.0,2+2,L8,-2.0,34,-0.4025865548990269,0.33654865622520447
33008,JG075B,272,S075_SNV,5.0,False,L8,100000.0,FAM,JG075B_272,STANDARD,,366,L-MMMMx,0.0,2+2,L8,-2.0,35,0.37769170219045306,0.27102625370025635
33009,JG075B,272,S075_SNV,5.0,False,L8,100000.0,HEX,JG075B_272,STANDARD,,367,L-MMMMx,0.0,2+2,L8,-2.0,35,-0.4433510701098334,0.37114620208740234
33010,JG075B,272,S075_SNV,5.0,False,L8,100000.0,FAM,JG075B_272,STANDARD,,366,L-MMMMx,0.0,2+2,L8,-2.0,36,0.3843720613081995,0.27544915676116943
33011,JG075B,272,S075_SNV,5.0,False,L8,100000.0,HEX,JG075B_272,STANDARD,,367,L-MMMMx,0.0,2+2,L8,-2.0,36,-0.4803318015427353,0.4025038182735443
33012,JG075B,272,S075_SNV,5.0,False,L8,100000.0,FAM,JG075B_272,STANDARD,,366,L-MMMMx,0.0,2+2,L8,-2.0,37,0.3937487879255383,0.2819579839706421
33013,JG075B,272,S075_SNV,5.0,False,L8,100000.0,HEX,JG075B_272,STANDARD,,367,L-MMMMx,0.0,2+2,L8,-2.0,37,-0.5150877318768715,0.43195638060569763
33014,JG075B,272,S075_SNV,5.0,False,L8,100000.0,FAM,JG075B_272,STANDARD,,366,L-MMMMx,0.0,2+2,L8,-2.0,38,0.400059009042712,0.2860945463180542
33015,JG075B,272,S075_SNV,5.0,False,L8,100000.0,HEX,JG075B_272,STANDARD,,367,L-MMMMx,0.0,2+2,L8,-2.0,38,-0.5476498375050004,0.45953047275543213
33016,JG075B,272,S075_SNV,5.0,False,L8,100000.0,FAM,JG075B_272,STANDARD,,366,L-MMMMx,0.0,2+2,L8,-2.0,39,0.4049192661647198,0.28910940885543823
33017,JG075B,272,S075_SNV,5.0,False,L8,100000.0,HEX,JG075B_272,STANDARD,,367,L-MMMMx,0.0,2+2,L8,-2.0,39,-0.5744980168419561,0.4822119176387787
33018,JG075B,272,S075_SNV,5.0,False,L8,100000.0,FAM,JG075B_272,STANDARD,,366,L-MMMMx,0.0,2+2,L8,-2.0,40,0.4101507399575767,0.2924114465713501
33019,JG075B,272,S075_SNV,5.0,False,L8,100000.0,HEX,JG075B_272,STANDARD,,367,L-MMMMx,0.0,2+2,L8,-2.0,40,-0.6015541904745569,0.5050714612007141
33020,JG075B,272,S075_SNV,5.0,False,L8,100000.0,FAM,JG075B_272,STANDARD,,366,L-MMMMx,0.0,2+2,L8,-2.0,41,0.41140076471221687,0.29263341426849365
33021,JG075B,272,S075_SNV,5.0,False,L8,100000.0,HEX,JG075B_272,STANDARD,,367,L-MMMMx,0.0,2+2,L8,-2.0,41,-0.623013103960396,0.5231382250785828
33022,JG075B,272,S075_SNV,5.0,False,L8,100000.0,FAM,JG075B_272,STANDARD,,366,L-MMMMx,0.0,2+2,L8,-2.0,42,0.4166022668809641,0.2959122657775879
33023,JG075B,272,S075_SNV,5.0,False,L8,100000.0,HEX,JG075B_272,STANDARD,,367,L-MMMMx,0.0,2+2,L8,-2.0,42,-0.6395886761402149,0.5370236039161682
33024,JG075B,272,S075_SNV,5.0,False,L8,100000.0,FAM,JG075B_272,STANDARD,,366,L-MMMMx,0.0,2+2,L8,-2.0,43,0.42158387440907136,0.29902103543281555
33025,JG075B,272,S075_SNV,5.0,False,L8,100000.0,HEX,JG075B_272,STANDARD,,367,L-MMMMx,0.0,2+2,L8,-2.0,43,-0.6573284038087781,0.5519057512283325
33026,JG075B,272,S075_SNV,5.0,False,L8,100000.0,FAM,JG075B_272,STANDARD,,366,L-MMMMx,0.0,2+2,L8,-2.0,44,0.4240459393150456,0.3001806437969208
33027,JG075B,272,S075_SNV,5.0,False,L8,100000.0,HEX,JG075B_272,STANDARD,,367,L-MMMMx,0.0,2+2,L8,-2.0,44,-0.670206578061059,0.5626251697540283
33028,JG075B,272,S075_SNV,5.0,False,L8,100000.0,FAM,JG075B_272,STANDARD,,366,L-MMMMx,0.0,2+2,L8,-2.0,45,0.4266032353968541,0.3014139235019684
33029,JG075B,272,S075_SNV,5.0,False,L8,100000.0,HEX,JG075B_272,STANDARD,,367,L-MMMMx,0.0,2+2,L8,-2.0,45,-0.683182206133254,0.5734279751777649
33030,JG075B,272,S075_SNV,5.0,False,L8,100000.0,FAM,JG075B_272,STANDARD,,366,L-MMMMx,0.0,2+2,L8,-2.0,46,0.43019697951856756,0.30344900488853455
33031,JG075B,272,S075_SNV,5.0,False,L8,100000.0,HEX,JG075B_272,STANDARD,,367,L-MMMMx,0.0,2+2,L8,-2.0,46,-0.6943300182030901,0.582665741443634
33032,JG075B,272,S075_SNV,5.0,False,L8,100000.0,FAM,JG075B_272,STANDARD,,366,L-MMMMx,0.0,2+2,L8,-2.0,47,0.4317410189714145,0.303898423910141
33033,JG075B,272,S075_SNV,5.0,False,L8,100000.0,HEX,JG075B_272,STANDARD,,367,L-MMMMx,0.0,2+2,L8,-2.0,47,-0.7035275705068327,0.5902335047721863
33034,JG075B,272,S075_SNV,5.0,False,L8,100000.0,FAM,JG075B_272,STANDARD,,366,L-MMMMx,0.0,2+2,L8,-2.0,48,0.43309066663087153,0.3041974604129791
33035,JG075B,272,S075_SNV,5.0,False,L8,100000.0,HEX,JG075B_272,STANDARD,,367,L-MMMMx,0.0,2+2,L8,-2.0,48,-0.7123160952064217,0.5974510312080383
33036,JG075B,272,S075_SNV,5.0,False,L8,100000.0,FAM,JG075B_272,STANDARD,,366,L-MMMMx,0.0,2+2,L8,-2.0,49,0.43818776892643474,0.3073955476284027
33037,JG075B,272,S075_SNV,5.0,False,L8,100000.0,HEX,JG075B_272,STANDARD,,367,L-MMMMx,0.0,2+2,L8,-2.0,49,-0.7203234579295286,0.6039997339248657
33038,JG075B,272,S075_SNV,5.0,False,L8,100000.0,FAM,JG075B_272,STANDARD,,366,L-MMMMx,0.0,2+2,L8,-2.0,50,0.4415574578221563,0.3092573285102844
33039,JG075B,272,S075_SNV,5.0,False,L8,100000.0,HEX,JG075B_272,STANDARD,,367,L-MMMMx,0.0,2+2,L8,-2.0,50,-0.7287335137584944,0.610893189907074
34560,JG075B,289,S075_SNV,4.0,False,M1,10000.0,FAM,JG075B_289,STANDARD,,384,L-MMMMx,3.1622776601683795,2+2,M1,0.5,1,0.0025702930955411128,0.0049341521225869656
34561,JG075B,289,S075_SNV,4.0,False,M1,10000.0,HEX,JG075B_289,STANDARD,,385,L-MMMMx,3.1622776601683795,2+2,M1,0.5,1,-0.0002846086603185437,0.00203652773052454
34562,JG075B,289,S075_SNV,4.0,False,M1,10000.0,FAM,JG075B_289,STANDARD,,384,L-MMMMx,3.1622776601683795,2+2,M1,0.5,2,0.001176997813826687,0.0033207624219357967
34563,JG075B,289,S075_SNV,4.0,False,M1,10000.0,HEX,JG075B_289,STANDARD,,385,L-MMMMx,3.1622776601683795,2+2,M1,0.5,2,-0.00018026346313917483,0.0016753922682255507
34564,JG075B,289,S075_SNV,4.0,False,M1,10000.0,FAM,JG075B_289,STANDARD,,384,L-MMMMx,3.1622776601683795,2+2,M1,0.5,3,-0.0004782602493088715,0.0015047166962176561
34565,JG075B,289,S075_SNV,4.0,False,M1,10000.0,HEX,JG075B_289,STANDARD,,385,L-MMMMx,3.1622776601683795,2+2,M1,0.5,3,0.00017109236258655184,0.0011027498403564095
34566,JG075B,289,S075_SNV,4.0,False,M1,10000.0,FAM,JG075B_289,STANDARD,,384,L-MMMMx,3.1622776601683795,2+2,M1,0.5,4,-0.0009296837599989936,0.0006199637427926064
34567,JG075B,289,S075_SNV,4.0,False,M1,10000.0,HEX,JG075B_289,STANDARD,,385,L-MMMMx,3.1622776601683795,2+2,M1,0.5,4,0.0002441479225863835,0.0007684066658839583
34568,JG075B,289,S075_SNV,4.0,False,M1,10000.0,FAM,JG075B_289,STANDARD,,384,L-MMMMx,3.1622776601683795,2+2,M1,0.5,5,-0.002092721461631933,-0.0008152977097779512
34569,JG075B,289,S075_SNV,4.0,False,M1,10000.0,HEX,JG075B_289,STANDARD,,385,L-MMMMx,3.1622776601683795,2+2,M1,0.5,5,0.0005408774017567334,0.00024253889569081366
34570,JG075B,289,S075_SNV,4.0,False,M1,10000.0,FAM,JG075B_289,STANDARD,,384,L-MMMMx,3.1622776601683795,2+2,M1,0.5,6,-0.0021592137793867675,-0.0014022658579051495
34571,JG075B,289,S075_SNV,4.0,False,M1,10000.0,HEX,JG075B_289,STANDARD,,385,L-MMMMx,3.1622776601683795,2+2,M1,0.5,6,0.00034146252275766946,0.0001415032456861809
34572,JG075B,289,S075_SNV,4.0,False,M1,10000.0,FAM,JG075B_289,STANDARD,,384,L-MMMMx,3.1622776601683795,2+2,M1,0.5,7,-0.0008870762840796153,-0.00095366284949705
34573,JG075B,289,S075_SNV,4.0,False,M1,10000.0,HEX,JG075B_289,STANDARD,,385,L-MMMMx,3.1622776601683795,2+2,M1,0.5,7,-0.0005916055955155493,0.0006686707492917776
34574,JG075B,289,S075_SNV,4.0,False,M1,10000.0,FAM,JG075B_289,STANDARD,,384,L-MMMMx,3.1622776601683795,2+2,M1,0.5,8,0.0011008359875223372,4.866728340857662e-05
34575,JG075B,289,S075_SNV,4.0,False,M1,10000.0,HEX,JG075B_289,STANDARD,,385,L-MMMMx,3.1622776601683795,2+2,M1,0.5,8,-2.341502048112755e-05,-8.964023436419666e-05
34576,JG075B,289,S075_SNV,4.0,False,M1,10000.0,FAM,JG075B_289,STANDARD,,384,L-MMMMx,3.1622776601683795,2+2,M1,0.5,9,0.002614094813552264,0.0006838029948994517
34577,JG075B,289,S075_SNV,4.0,False,M1,10000.0,HEX,JG075B_289,STANDARD,,385,L-MMMMx,3.1622776601683795,2+2,M1,0.5,9,-5.841138331096591e-05,-0.0003314620698802173
34578,JG075B,289,S075_SNV,4.0,False,M1,10000.0,FAM,JG075B_289,STANDARD,,384,L-MMMMx,3.1622776601683795,2+2,M1,0.5,10,0.0028320247333315797,0.00031686542206443846
34579,JG075B,289,S075_SNV,4.0,False,M1,10000.0,HEX,JG075B_289,STANDARD,,385,L-MMMMx,3.1622776601683795,2+2,M1,0.5,10,-0.0006241482103796954,-0.0001188282694783993
34580,JG075B,289,S075_SNV,4.0,False,M1,10000.0,FAM,JG075B_289,STANDARD,,384,L-MMMMx,3.1622776601683795,2+2,M1,0.5,11,0.0042708938342255936,0.0008944528526626527
34581,JG075B,289,S075_SNV,4.0,False,M1,10000.0,HEX,JG075B_289,STANDARD,,385,L-MMMMx,3.1622776601683795,2+2,M1,0.5,11,-0.00026818073067589454,-0.0006954195559956133
34582,JG075B,289,S075_SNV,4.0,False,M1,10000.0,FAM,JG075B_289,STANDARD,,384,L-MMMMx,3.1622776601683795,2+2,M1,0.5,12,0.004146422989112112,0.0002626322384458035
34583,JG075B,289,S075_SNV,4.0,False,M1,10000.0,HEX,JG075B_289,STANDARD,,385,L-MMMMx,3.1622776601683795,2+2,M1,0.5,12,-0.0008059169869871851,-0.0005067617748863995
34584,JG075B,289,S075_SNV,4.0,False,M1,10000.0,FAM,JG075B_289,STANDARD,,384,L-MMMMx,3.1622776601683795,2+2,M1,0.5,13,0.0038928969502102775,-0.000469026155769825
34585,JG075B,289,S075_SNV,4.0,False,M1,10000.0,HEX,JG075B_289,STANDARD,,385,L-MMMMx,3.1622776601683795,2+2,M1,0.5,13,-0.0014298998739223833,-0.0002442537806928158
34586,JG075B,289,S075_SNV,4.0,False,M1,10000.0,FAM,JG075B_289,STANDARD,,384,L-MMMMx,3.1622776601683795,2+2,M1,0.5,14,0.0036038903640012577,-0.0012281325180083513
34587,JG075B,289,S075_SNV,4.0,False,M1,10000.0,HEX,JG075B_289,STANDARD,,385,L-MMMMx,3.1622776601683795,2+2,M1,0.5,14,-0.0002837385369264542,-0.0014974621590226889
34588,JG075B,289,S075_SNV,4.0,False,M1,10000.0,FAM,JG075B_289,STANDARD,,384,L-MMMMx,3.1622776601683795,2+2,M1,0.5,15,0.005001230659252333,-0.0006826719618402421
34589,JG075B,289,S075_SNV,4.0,False,M1,10000.0,HEX,JG075B_289,STANDARD,,385,L-MMMMx,3.1622776601683795,2+2,M1,0.5,15,-0.00017126638726496974,-0.0018655563471838832
34590,JG075B,289,S075_SNV,4.0,False,M1,10000.0,FAM,JG075B_289,STANDARD,,384,L-MMMMx,3.1622776601683795,2+2,M1,0.5,16,0.006404580688900718,-0.00013256227248348296
34591,JG075B,289,S075_SNV,4.0,False,M1,10000.0,HEX,JG075B_289,STANDARD,,385,L-MMMMx,3.1622776601683795,2+2,M1,0.5,16,-0.0021458199984657547,-0.00044659909326583147
34592,JG075B,289,S075_SNV,4.0,False,M1,10000.0,FAM,JG075B_289,STANDARD,,384,L-MMMMx,3.1622776601683795,2+2,M1,0.5,17,0.008240015212140192,0.0007518102647736669
34593,JG075B,289,S075_SNV,4.0,False,M1,10000.0,HEX,JG075B_289,STANDARD,,385,L-MMMMx,3.1622776601683795,2+2,M1,0.5,17,-0.002560416392328544,-0.0003633818996604532
34594,JG075B,289,S075_SNV,4.0,False,M1,10000.0,FAM,JG075B_289,STANDARD,,384,L-MMMMx,3.1622776601683795,2+2,M1,0.5,18,0.008068891877570683,8.389904542127624e-05
34595,JG075B,289,S075_SNV,4.0,False,M1,10000.0,HEX,JG075B_289,STANDARD,,385,L-MMMMx,3.1622776601683795,2+2,M1,0.5,18,-0.00285749392085573,-0.0003807922184932977
34596,JG075B,289,S075_SNV,4.0,False,M1,10000.0,FAM,JG075B_289,STANDARD,,384,L-MMMMx,3.1622776601683795,2+2,M1,0.5,19,0.008014033789226022,-0.0004940687795169652
34597,JG075B,289,S075_SNV,4.0,False,M1,10000.0,HEX,JG075B_289,STANDARD,,385,L-MMMMx,3.1622776601683795,2+2,M1,0.5,19,-0.004007466398309011,0.000332103343680501
34598,JG075B,289,S075_SNV,4.0,False,M1,10000.0,FAM,JG075B_289,STANDARD,,384,L-MMMMx,3.1622776601683795,2+2,M1,0.5,20,0.010651652282690827,0.0010108775459229946
34599,JG075B,289,S075_SNV,4.0,False,M1,10000.0,HEX,JG075B_289,STANDARD,,385,L-MMMMx,3.1622776601683795,2+2,M1,0.5,20,-0.004070463331896288,0.00011425749107729644
34600,JG075B,289,S075_SNV,4.0,False,M1,10000.0,FAM,JG075B_289,STANDARD,,384,L-MMMMx,3.1622776601683795,2+2,M1,0.5,21,0.01799169532235718,0.0061536445282399654
34601,JG075B,289,S075_SNV,4.0,False,M1,10000.0,HEX,JG075B_289,STANDARD,,385,L-MMMMx,3.1622776601683795,2+2,M1,0.5,21,-0.004882775725815331,0.0005380258080549538
34602,JG075B,289,S075_SNV,4.0,False,M1,10000.0,FAM,JG075B_289,STANDARD,,384,L-MMMMx,3.1622776601683795,2+2,M1,0.5,22,0.029153043388127416,0.01425259280949831
34603,JG075B,289,S075_SNV,4.0,False,M1,10000.0,HEX,JG075B_289,STANDARD,,385,L-MMMMx,3.1622776601683795,2+2,M1,0.5,22,-0.007645539312974281,0.00263190153054893
34604,JG075B,289,S075_SNV,4.0,False,M1,10000.0,FAM,JG075B_289,STANDARD,,384,L-MMMMx,3.1622776601683795,2+2,M1,0.5,23,0.04830880211197862,0.028536058962345123
34605,JG075B,289,S075_SNV,4.0,False,M1,10000.0,HEX,JG075B_289,STANDARD,,385,L-MMMMx,3.1622776601683795,2+2,M1,0.5,23,-0.013663086460583089,0.007512741256505251
34606,JG075B,289,S075_SNV,4.0,False,M1,10000.0,FAM,JG075B_289,STANDARD,,384,L-MMMMx,3.1622776601683795,2+2,M1,0.5,24,0.0805733710378355,0.05296057090163231
34607,JG075B,289,S075_SNV,4.0,False,M1,10000.0,HEX,JG075B_289,STANDARD,,385,L-MMMMx,3.1622776601683795,2+2,M1,0.5,24,-0.023444021693785892,0.015616046264767647
34608,JG075B,289,S075_SNV,4.0,False,M1,10000.0,FAM,JG075B_289,STANDARD,,384,L-MMMMx,3.1622776601683795,2+2,M1,0.5,25,0.12576014020787396,0.0873817652463913
34609,JG075B,289,S075_SNV,4.0,False,M1,10000.0,HEX,JG075B_289,STANDARD,,385,L-MMMMx,3.1622776601683795,2+2,M1,0.5,25,-0.03691283570461717,0.026877161115407944
34610,JG075B,289,S075_SNV,4.0,False,M1,10000.0,FAM,JG075B_289,STANDARD,,384,L-MMMMx,3.1622776601683795,2+2,M1,0.5,26,0.18109292052204512,0.1296519637107849
34611,JG075B,289,S075_SNV,4.0,False,M1,10000.0,HEX,JG075B_289,STANDARD,,385,L-MMMMx,3.1622776601683795,2+2,M1,0.5,26,-0.05913131470434681,0.0456303246319294
34612,JG075B,289,S075_SNV,4.0,False,M1,10000.0,FAM,JG075B_289,STANDARD,,384,L-MMMMx,3.1622776601683795,2+2,M1,0.5,27,0.23885555972965103,0.17380191385746002
34613,JG075B,289,S075_SNV,4.0,False,M1,10000.0,HEX,JG075B_289,STANDARD,,385,L-MMMMx,3.1622776601683795,2+2,M1,0.5,27,-0.08873576650795652,0.07070785760879517
34614,JG075B,289,S075_SNV,4.0,False,M1,10000.0,FAM,JG075B_289,STANDARD,,384,L-MMMMx,3.1622776601683795,2+2,M1,0.5,28,0.2957294131534089,0.2172643095254898
34615,JG075B,289,S075_SNV,4.0,False,M1,10000.0,HEX,JG075B_289,STANDARD,,385,L-MMMMx,3.1622776601683795,2+2,M1,0.5,28,-0.12662229639202358,0.10287705808877945
34616,JG075B,289,S075_SNV,4.0,False,M1,10000.0,FAM,JG075B_289,STANDARD,,384,L-MMMMx,3.1622776601683795,2+2,M1,0.5,29,0.34153946112353745,0.252167671918869
34617,JG075B,289,S075_SNV,4.0,False,M1,10000.0,HEX,JG075B_289,STANDARD,,385,L-MMMMx,3.1622776601683795,2+2,M1,0.5,29,-0.16889630166342684,0.13880310952663422
34618,JG075B,289,S075_SNV,4.0,False,M1,10000.0,FAM,JG075B_289,STANDARD,,384,L-MMMMx,3.1622776601683795,2+2,M1,0.5,30,0.37917457526003506,0.2807468771934509
34619,JG075B,289,S075_SNV,4.0,False,M1,10000.0,HEX,JG075B_289,STANDARD,,385,L-MMMMx,3.1622776601683795,2+2,M1,0.5,30,-0.21491051493325888,0.1779317855834961
34620,JG075B,289,S075_SNV,4.0,False,M1,10000.0,FAM,JG075B_289,STANDARD,,384,L-MMMMx,3.1622776601683795,2+2,M1,0.5,31,0.4063288667033808,0.30121803283691406
34621,JG075B,289,S075_SNV,4.0,False,M1,10000.0,HEX,JG075B_289,STANDARD,,385,L-MMMMx,3.1622776601683795,2+2,M1,0.5,31,-0.26368813568155997,0.21942666172981262
34622,JG075B,289,S075_SNV,4.0,False,M1,10000.0,FAM,JG075B_289,STANDARD,,384,L-MMMMx,3.1622776601683795,2+2,M1,0.5,32,0.42380286289444674,0.3142004907131195
34623,JG075B,289,S075_SNV,4.0,False,M1,10000.0,HEX,JG075B_289,STANDARD,,385,L-MMMMx,3.1622776601683795,2+2,M1,0.5,32,-0.3093050854154996,0.25821518898010254
34624,JG075B,289,S075_SNV,4.0,False,M1,10000.0,FAM,JG075B_289,STANDARD,,384,L-MMMMx,3.1622776601683795,2+2,M1,0.5,33,0.43792427481846047,0.324589341878891
34625,JG075B,289,S075_SNV,4.0,False,M1,10000.0,HEX,JG075B_289,STANDARD,,385,L-MMMMx,3.1622776601683795,2+2,M1,0.5,33,-0.3537837049229722,0.2960289716720581
34626,JG075B,289,S075_SNV,4.0,False,M1,10000.0,FAM,JG075B_289,STANDARD,,384,L-MMMMx,3.1622776601683795,2+2,M1,0.5,34,0.4478193025036286,0.3317086696624756
34627,JG075B,289,S075_SNV,4.0,False,M1,10000.0,HEX,JG075B_289,STANDARD,,385,L-MMMMx,3.1622776601683795,2+2,M1,0.5,34,-0.39572532305859726,0.3316704034805298
34628,JG075B,289,S075_SNV,4.0,False,M1,10000.0,FAM,JG075B_289,STANDARD,,384,L-MMMMx,3.1622776601683795,2+2,M1,0.5,35,0.4570343056273783,0.3383019268512726
34629,JG075B,289,S075_SNV,4.0,False,M1,10000.0,HEX,JG075B_289,STANDARD,,385,L-MMMMx,3.1622776601683795,2+2,M1,0.5,35,-0.43607064762403075,0.3659449815750122
34630,JG075B,289,S075_SNV,4.0,False,M1,10000.0,FAM,JG075B_289,STANDARD,,384,L-MMMMx,3.1622776601683795,2+2,M1,0.5,36,0.4624497697502451,0.3419558107852936
34631,JG075B,289,S075_SNV,4.0,False,M1,10000.0,HEX,JG075B_289,STANDARD,,385,L-MMMMx,3.1622776601683795,2+2,M1,0.5,36,-0.47164296252956095,0.39613261818885803
34632,JG075B,289,S075_SNV,4.0,False,M1,10000.0,FAM,JG075B_289,STANDARD,,384,L-MMMMx,3.1622776601683795,2+2,M1,0.5,37,0.46678594721365685,0.3447747826576233
34633,JG075B,289,S075_SNV,4.0,False,M1,10000.0,HEX,JG075B_289,STANDARD,,385,L-MMMMx,3.1622776601683795,2+2,M1,0.5,37,-0.500156558038976,0.42027607560157776
34634,JG075B,289,S075_SNV,4.0,False,M1,10000.0,FAM,JG075B_289,STANDARD,,384,L-MMMMx,3.1622776601683795,2+2,M1,0.5,38,0.47276671160925504,0.3488660156726837
34635,JG075B,289,S075_SNV,4.0,False,M1,10000.0,HEX,JG075B_289,STANDARD,,385,L-MMMMx,3.1622776601683795,2+2,M1,0.5,38,-0.5288489813079331,0.44457265734672546
34636,JG075B,289,S075_SNV,4.0,False,M1,10000.0,FAM,JG075B_289,STANDARD,,384,L-MMMMx,3.1622776601683795,2+2,M1,0.5,39,0.4738644127112865,0.3491796553134918
34637,JG075B,289,S075_SNV,4.0,False,M1,10000.0,HEX,JG075B_289,STANDARD,,385,L-MMMMx,3.1622776601683795,2+2,M1,0.5,39,-0.5546128476786027,0.4663616418838501
34638,JG075B,289,S075_SNV,4.0,False,M1,10000.0,FAM,JG075B_289,STANDARD,,384,L-MMMMx,3.1622776601683795,2+2,M1,0.5,40,0.47761402468794556,0.3515448570251465
34639,JG075B,289,S075_SNV,4.0,False,M1,10000.0,HEX,JG075B_289,STANDARD,,385,L-MMMMx,3.1622776601683795,2+2,M1,0.5,40,-0.5761802133440318,0.48455727100372314
34640,JG075B,289,S075_SNV,4.0,False,M1,10000.0,FAM,JG075B_289,STANDARD,,384,L-MMMMx,3.1622776601683795,2+2,M1,0.5,41,0.482396386406419,0.3547089695930481
34641,JG075B,289,S075_SNV,4.0,False,M1,10000.0,HEX,JG075B_289,STANDARD,,385,L-MMMMx,3.1622776601683795,2+2,M1,0.5,41,-0.5939907342517754,0.49953603744506836
34642,JG075B,289,S075_SNV,4.0,False,M1,10000.0,FAM,JG075B_289,STANDARD,,384,L-MMMMx,3.1622776601683795,2+2,M1,0.5,42,0.48483418123117333,0.35605934262275696
34643,JG075B,289,S075_SNV,4.0,False,M1,10000.0,HEX,JG075B_289,STANDARD,,385,L-MMMMx,3.1622776601683795,2+2,M1,0.5,42,-0.6122242047379458,0.5148769617080688
34644,JG075B,289,S075_SNV,4.0,False,M1,10000.0,FAM,JG075B_289,STANDARD,,384,L-MMMMx,3.1622776601683795,2+2,M1,0.5,43,0.4838772466002173,0.3547835350036621
34645,JG075B,289,S075_SNV,4.0,False,M1,10000.0,HEX,JG075B_289,STANDARD,,385,L-MMMMx,3.1622776601683795,2+2,M1,0.5,43,-0.623859077077738,0.524567723274231
34646,JG075B,289,S075_SNV,4.0,False,M1,10000.0,FAM,JG075B_289,STANDARD,,384,L-MMMMx,3.1622776601683795,2+2,M1,0.5,44,0.4867580667170809,0.3564766049385071
34647,JG075B,289,S075_SNV,4.0,False,M1,10000.0,HEX,JG075B_289,STANDARD,,385,L-MMMMx,3.1622776601683795,2+2,M1,0.5,44,-0.6372160280252822,0.5357331037521362
34648,JG075B,289,S075_SNV,4.0,False,M1,10000.0,FAM,JG075B_289,STANDARD,,384,L-MMMMx,3.1622776601683795,2+2,M1,0.5,45,0.4901769892061342,0.35858598351478577
34649,JG075B,289,S075_SNV,4.0,False,M1,10000.0,HEX,JG075B_289,STANDARD,,385,L-MMMMx,3.1622776601683795,2+2,M1,0.5,45,-0.6495105235061496,0.5459886789321899
34650,JG075B,289,S075_SNV,4.0,False,M1,10000.0,FAM,JG075B_289,STANDARD,,384,L-MMMMx,3.1622776601683795,2+2,M1,0.5,46,0.4924002056937538,0.3597703278064728
34651,JG075B,289,S075_SNV,4.0,False,M1,10000.0,HEX,JG075B_289,STANDARD,,385,L-MMMMx,3.1622776601683795,2+2,M1,0.5,46,-0.6591315822672899,0.553955078125
34652,JG075B,289,S075_SNV,4.0,False,M1,10000.0,FAM,JG075B_289,STANDARD,,384,L-MMMMx,3.1622776601683795,2+2,M1,0.5,47,0.49471102561739577,0.3610224723815918
34653,JG075B,289,S075_SNV,4.0,False,M1,10000.0,HEX,JG075B_289,STANDARD,,385,L-MMMMx,3.1622776601683795,2+2,M1,0.5,47,-0.6671548160410684,0.5605533123016357
34654,JG075B,289,S075_SNV,4.0,False,M1,10000.0,FAM,JG075B_289,STANDARD,,384,L-MMMMx,3.1622776601683795,2+2,M1,0.5,48,0.49713942060116967,0.36236557364463806
34655,JG075B,289,S075_SNV,4.0,False,M1,10000.0,HEX,JG075B_289,STANDARD,,385,L-MMMMx,3.1622776601683795,2+2,M1,0.5,48,-0.6780088048438638,0.5695754289627075
34656,JG075B,289,S075_SNV,4.0,False,M1,10000.0,FAM,JG075B_289,STANDARD,,384,L-MMMMx,3.1622776601683795,2+2,M1,0.5,49,0.49823465617114066,0.36267730593681335
34657,JG075B,289,S075_SNV,4.0,False,M1,10000.0,HEX,JG075B_289,STANDARD,,385,L-MMMMx,3.1622776601683795,2+2,M1,0.5,49,-0.6864929951858357,0.5765683650970459
34658,JG075B,289,S075_SNV,4.0,False,M1,10000.0,FAM,JG075B_289,STANDARD,,384,L-MMMMx,3.1622776601683795,2+2,M1,0.5,50,0.49865179337661536,0.3624644875526428
34659,JG075B,289,S075_SNV,4.0,False,M1,10000.0,HEX,JG075B_289,STANDARD,,385,L-MMMMx,3.1622776601683795,2+2,M1,0.5,50,-0.691697516438344,0.5807530879974365
34920,JG075B,291,S075_SNV,4.0,False,M3,10000.0,FAM,JG075B_291,STANDARD,,388,L-MMMMx,1.0,2+2,M3,0.0,1,-0.00296039131172024,0.0018829094478860497
34921,JG075B,291,S075_SNV,4.0,False,M3,10000.0,HEX,JG075B_291,STANDARD,,389,L-MMMMx,1.0,2+2,M3,0.0,1,0.0005719538587052088,0.00130837329197675
34922,JG075B,291,S075_SNV,4.0,False,M3,10000.0,FAM,JG075B_291,STANDARD,,388,L-MMMMx,1.0,2+2,M3,0.0,2,-0.0026305878746987234,0.0013605394633486867
34923,JG075B,291,S075_SNV,4.0,False,M3,10000.0,HEX,JG075B_291,STANDARD,,389,L-MMMMx,1.0,2+2,M3,0.0,2,0.00041950824041113417,0.0011432600440457463
34924,JG075B,291,S075_SNV,4.0,False,M3,10000.0,FAM,JG075B_291,STANDARD,,388,L-MMMMx,1.0,2+2,M3,0.0,3,-0.0016412931354495054,0.0013483555521816015
34925,JG075B,291,S075_SNV,4.0,False,M3,10000.0,HEX,JG075B_291,STANDARD,,389,L-MMMMx,1.0,2+2,M3,0.0,3,0.0009730981449262947,0.0003735916980076581
34926,JG075B,291,S075_SNV,4.0,False,M3,10000.0,FAM,JG075B_291,STANDARD,,388,L-MMMMx,1.0,2+2,M3,0.0,4,-0.0015882071482732818,0.000611915485933423
34927,JG075B,291,S075_SNV,4.0,False,M3,10000.0,HEX,JG075B_291,STANDARD,,389,L-MMMMx,1.0,2+2,M3,0.0,4,0.0010254273657265554,3.313644992886111e-05
34928,JG075B,291,S075_SNV,4.0,False,M3,10000.0,FAM,JG075B_291,STANDARD,,388,L-MMMMx,1.0,2+2,M3,0.0,5,-0.0014833449878279403,-8.44701862661168e-05
34929,JG075B,291,S075_SNV,4.0,False,M3,10000.0,HEX,JG075B_291,STANDARD,,389,L-MMMMx,1.0,2+2,M3,0.0,5,0.0006913347880998836,2.3561491616419517e-05
34930,JG075B,291,S075_SNV,4.0,False,M3,10000.0,FAM,JG075B_291,STANDARD,,388,L-MMMMx,1.0,2+2,M3,0.0,6,-0.0005730628463279494,-0.0001577787334099412
34931,JG075B,291,S075_SNV,4.0,False,M3,10000.0,HEX,JG075B_291,STANDARD,,389,L-MMMMx,1.0,2+2,M3,0.0,6,0.0004280876570571363,-4.667609391617589e-05
34932,JG075B,291,S075_SNV,4.0,False,M3,10000.0,FAM,JG075B_291,STANDARD,,388,L-MMMMx,1.0,2+2,M3,0.0,7,0.0008075195356998629,0.00013273947115521878
34933,JG075B,291,S075_SNV,4.0,False,M3,10000.0,HEX,JG075B_291,STANDARD,,389,L-MMMMx,1.0,2+2,M3,0.0,7,-0.00011883710227461892,0.00012599014735314995
34934,JG075B,291,S075_SNV,4.0,False,M3,10000.0,FAM,JG075B_291,STANDARD,,388,L-MMMMx,1.0,2+2,M3,0.0,8,0.0006651735831482329,-0.0007548877038061619
34935,JG075B,291,S075_SNV,4.0,False,M3,10000.0,HEX,JG075B_291,STANDARD,,389,L-MMMMx,1.0,2+2,M3,0.0,8,-0.0009492480627491225,0.0005413963226601481
34936,JG075B,291,S075_SNV,4.0,False,M3,10000.0,FAM,JG075B_291,STANDARD,,388,L-MMMMx,1.0,2+2,M3,0.0,9,0.000632929046670367,-0.0015573399141430855
34937,JG075B,291,S075_SNV,4.0,False,M3,10000.0,HEX,JG075B_291,STANDARD,,389,L-MMMMx,1.0,2+2,M3,0.0,9,-0.0013784973345346981,0.0006133008864708245
34938,JG075B,291,S075_SNV,4.0,False,M3,10000.0,FAM,JG075B_291,STANDARD,,388,L-MMMMx,1.0,2+2,M3,0.0,10,0.0031802859523602143,-0.00036419875686988235
34939,JG075B,291,S075_SNV,4.0,False,M3,10000.0,HEX,JG075B_291,STANDARD,,389,L-MMMMx,1.0,2+2,M3,0.0,10,-0.0006713654562514303,-0.0002878403465729207
34940,JG075B,291,S075_SNV,4.0,False,M3,10000.0,FAM,JG075B_291,STANDARD,,388,L-MMMMx,1.0,2+2,M3,0.0,11,0.005317902248756655,0.0005119648994877934
34941,JG075B,291,S075_SNV,4.0,False,M3,10000.0,HEX,JG075B_291,STANDARD,,389,L-MMMMx,1.0,2+2,M3,0.0,11,-0.00013122765937797294,-0.0010459900368005037
34942,JG075B,291,S075_SNV,4.0,False,M3,10000.0,FAM,JG075B_291,STANDARD,,388,L-MMMMx,1.0,2+2,M3,0.0,12,0.0062140075809091495,0.00042768908315338194
34943,JG075B,291,S075_SNV,4.0,False,M3,10000.0,HEX,JG075B_291,STANDARD,,389,L-MMMMx,1.0,2+2,M3,0.0,12,-0.0013007083032818998,-0.00034024965134449303
34944,JG075B,291,S075_SNV,4.0,False,M3,10000.0,FAM,JG075B_291,STANDARD,,388,L-MMMMx,1.0,2+2,M3,0.0,13,0.006464567276550774,-0.00015598423487972468
34945,JG075B,291,S075_SNV,4.0,False,M3,10000.0,HEX,JG075B_291,STANDARD,,389,L-MMMMx,1.0,2+2,M3,0.0,13,-0.0025312542068426655,0.0004177789087407291
34946,JG075B,291,S075_SNV,4.0,False,M3,10000.0,FAM,JG075B_291,STANDARD,,388,L-MMMMx,1.0,2+2,M3,0.0,14,0.006995773863759008,-0.000522547634318471
34947,JG075B,291,S075_SNV,4.0,False,M3,10000.0,HEX,JG075B_291,STANDARD,,389,L-MMMMx,1.0,2+2,M3,0.0,14,-0.002715267901801746,0.0002796963381115347
34948,JG075B,291,S075_SNV,4.0,False,M3,10000.0,FAM,JG075B_291,STANDARD,,388,L-MMMMx,1.0,2+2,M3,0.0,15,0.008281548833275438,-0.0003053729305975139
34949,JG075B,291,S075_SNV,4.0,False,M3,10000.0,HEX,JG075B_291,STANDARD,,389,L-MMMMx,1.0,2+2,M3,0.0,15,-0.002482214052464503,-0.00021550747624132782
34950,JG075B,291,S075_SNV,4.0,False,M3,10000.0,FAM,JG075B_291,STANDARD,,388,L-MMMMx,1.0,2+2,M3,0.0,16,0.009442429194355497,-0.0001848173706093803
34951,JG075B,291,S075_SNV,4.0,False,M3,10000.0,HEX,JG075B_291,STANDARD,,389,L-MMMMx,1.0,2+2,M3,0.0,16,-0.0035466708029432315,0.0004003044159617275
34952,JG075B,291,S075_SNV,4.0,False,M3,10000.0,FAM,JG075B_291,STANDARD,,388,L-MMMMx,1.0,2+2,M3,0.0,17,0.00994836407794428,-0.0005709311226382852
34953,JG075B,291,S075_SNV,4.0,False,M3,10000.0,HEX,JG075B_291,STANDARD,,389,L-MMMMx,1.0,2+2,M3,0.0,17,-0.002463088740306377,-0.0008231787360273302
34954,JG075B,291,S075_SNV,4.0,False,M3,10000.0,FAM,JG075B_291,STANDARD,,388,L-MMMMx,1.0,2+2,M3,0.0,18,0.011273279368920102,-0.0003234772593714297
34955,JG075B,291,S075_SNV,4.0,False,M3,10000.0,HEX,JG075B_291,STANDARD,,389,L-MMMMx,1.0,2+2,M3,0.0,18,-0.002002445416534213,-0.0015132599510252476
34956,JG075B,291,S075_SNV,4.0,False,M3,10000.0,FAM,JG075B_291,STANDARD,,388,L-MMMMx,1.0,2+2,M3,0.0,19,0.012299480041198945,-0.00030711060389876366
34957,JG075B,291,S075_SNV,4.0,False,M3,10000.0,HEX,JG075B_291,STANDARD,,389,L-MMMMx,1.0,2+2,M3,0.0,19,-0.003371671586326198,-0.000636484008282423
34958,JG075B,291,S075_SNV,4.0,False,M3,10000.0,FAM,JG075B_291,STANDARD,,388,L-MMMMx,1.0,2+2,M3,0.0,20,0.016618052064741644,0.002256251871585846
34959,JG075B,291,S075_SNV,4.0,False,M3,10000.0,HEX,JG075B_291,STANDARD,,389,L-MMMMx,1.0,2+2,M3,0.0,20,-0.0036140705608944815,-0.000724573212210089
34960,JG075B,291,S075_SNV,4.0,False,M3,10000.0,FAM,JG075B_291,STANDARD,,388,L-MMMMx,1.0,2+2,M3,0.0,21,0.02340643230588585,0.00673027103766799
34961,JG075B,291,S075_SNV,4.0,False,M3,10000.0,HEX,JG075B_291,STANDARD,,389,L-MMMMx,1.0,2+2,M3,0.0,21,-0.005048938839385696,0.0002084098814520985
34962,JG075B,291,S075_SNV,4.0,False,M3,10000.0,FAM,JG075B_291,STANDARD,,388,L-MMMMx,1.0,2+2,M3,0.0,22,0.03465465185284795,0.014654445461928844
34963,JG075B,291,S075_SNV,4.0,False,M3,10000.0,HEX,JG075B_291,STANDARD,,389,L-MMMMx,1.0,2+2,M3,0.0,22,-0.008206634031746212,0.0026165929157286882
34964,JG075B,291,S075_SNV,4.0,False,M3,10000.0,FAM,JG075B_291,STANDARD,,388,L-MMMMx,1.0,2+2,M3,0.0,23,0.05311366662599582,0.028156928718090057
34965,JG075B,291,S075_SNV,4.0,False,M3,10000.0,HEX,JG075B_291,STANDARD,,389,L-MMMMx,1.0,2+2,M3,0.0,23,-0.01459560205050233,0.007791609037667513
34966,JG075B,291,S075_SNV,4.0,False,M3,10000.0,FAM,JG075B_291,STANDARD,,388,L-MMMMx,1.0,2+2,M3,0.0,24,0.08553938118636516,0.05246412754058838
34967,JG075B,291,S075_SNV,4.0,False,M3,10000.0,HEX,JG075B_291,STANDARD,,389,L-MMMMx,1.0,2+2,M3,0.0,24,-0.0231299289023264,0.014803624711930752
34968,JG075B,291,S075_SNV,4.0,False,M3,10000.0,FAM,JG075B_291,STANDARD,,388,L-MMMMx,1.0,2+2,M3,0.0,25,0.13268335904906547,0.08815744519233704
34969,JG075B,291,S075_SNV,4.0,False,M3,10000.0,HEX,JG075B_291,STANDARD,,389,L-MMMMx,1.0,2+2,M3,0.0,25,-0.03675251111900772,0.026172546669840813
34970,JG075B,291,S075_SNV,4.0,False,M3,10000.0,FAM,JG075B_291,STANDARD,,388,L-MMMMx,1.0,2+2,M3,0.0,26,0.19129745434416698,0.1327241212129593
34971,JG075B,291,S075_SNV,4.0,False,M3,10000.0,HEX,JG075B_291,STANDARD,,389,L-MMMMx,1.0,2+2,M3,0.0,26,-0.05641465460511772,0.042712945491075516
34972,JG075B,291,S075_SNV,4.0,False,M3,10000.0,FAM,JG075B_291,STANDARD,,388,L-MMMMx,1.0,2+2,M3,0.0,27,0.2511662357904604,0.1782614141702652
34973,JG075B,291,S075_SNV,4.0,False,M3,10000.0,HEX,JG075B_291,STANDARD,,389,L-MMMMx,1.0,2+2,M3,0.0,27,-0.08512049517678096,0.06699717044830322
34974,JG075B,291,S075_SNV,4.0,False,M3,10000.0,FAM,JG075B_291,STANDARD,,388,L-MMMMx,1.0,2+2,M3,0.0,28,0.30651234538733324,0.22029994428157806
34975,JG075B,291,S075_SNV,4.0,False,M3,10000.0,HEX,JG075B_291,STANDARD,,389,L-MMMMx,1.0,2+2,M3,0.0,28,-0.12046250582289293,0.09696371853351593
34976,JG075B,291,S075_SNV,4.0,False,M3,10000.0,FAM,JG075B_291,STANDARD,,388,L-MMMMx,1.0,2+2,M3,0.0,29,0.3549822401634089,0.2570190131664276
34977,JG075B,291,S075_SNV,4.0,False,M3,10000.0,HEX,JG075B_291,STANDARD,,389,L-MMMMx,1.0,2+2,M3,0.0,29,-0.16040416274426825,0.1308688074350357
34978,JG075B,291,S075_SNV,4.0,False,M3,10000.0,FAM,JG075B_291,STANDARD,,388,L-MMMMx,1.0,2+2,M3,0.0,30,0.3930640008422296,0.2857017517089844
34979,JG075B,291,S075_SNV,4.0,False,M3,10000.0,HEX,JG075B_291,STANDARD,,389,L-MMMMx,1.0,2+2,M3,0.0,30,-0.20517796291127322,0.16891148686408997
34980,JG075B,291,S075_SNV,4.0,False,M3,10000.0,FAM,JG075B_291,STANDARD,,388,L-MMMMx,1.0,2+2,M3,0.0,31,0.42297506532064827,0.3080635964870453
34981,JG075B,291,S075_SNV,4.0,False,M3,10000.0,HEX,JG075B_291,STANDARD,,389,L-MMMMx,1.0,2+2,M3,0.0,31,-0.251793431445039,0.20853114128112793
34982,JG075B,291,S075_SNV,4.0,False,M3,10000.0,FAM,JG075B_291,STANDARD,,388,L-MMMMx,1.0,2+2,M3,0.0,32,0.44712472070897047,0.3259683847427368
34983,JG075B,291,S075_SNV,4.0,False,M3,10000.0,HEX,JG075B_291,STANDARD,,389,L-MMMMx,1.0,2+2,M3,0.0,32,-0.29725616050896475,0.24716372787952423
34984,JG075B,291,S075_SNV,4.0,False,M3,10000.0,FAM,JG075B_291,STANDARD,,388,L-MMMMx,1.0,2+2,M3,0.0,33,0.46590098011520703,0.3397163152694702
34985,JG075B,291,S075_SNV,4.0,False,M3,10000.0,HEX,JG075B_291,STANDARD,,389,L-MMMMx,1.0,2+2,M3,0.0,33,-0.3399373835278659,0.2834146022796631
34986,JG075B,291,S075_SNV,4.0,False,M3,10000.0,FAM,JG075B_291,STANDARD,,388,L-MMMMx,1.0,2+2,M3,0.0,34,0.4809063623307633,0.35054704546928406
34987,JG075B,291,S075_SNV,4.0,False,M3,10000.0,HEX,JG075B_291,STANDARD,,389,L-MMMMx,1.0,2+2,M3,0.0,34,-0.38221678356430017,0.3193214237689972
34988,JG075B,291,S075_SNV,4.0,False,M3,10000.0,FAM,JG075B_291,STANDARD,,388,L-MMMMx,1.0,2+2,M3,0.0,35,0.49175832464688746,0.3581646680831909
34989,JG075B,291,S075_SNV,4.0,False,M3,10000.0,HEX,JG075B_291,STANDARD,,389,L-MMMMx,1.0,2+2,M3,0.0,35,-0.42069837343374933,0.35197630524635315
34990,JG075B,291,S075_SNV,4.0,False,M3,10000.0,FAM,JG075B_291,STANDARD,,388,L-MMMMx,1.0,2+2,M3,0.0,36,0.5020779631815886,0.3653704822063446
34991,JG075B,291,S075_SNV,4.0,False,M3,10000.0,HEX,JG075B_291,STANDARD,,389,L-MMMMx,1.0,2+2,M3,0.0,36,-0.4538509796006858,0.3800681233406067
34992,JG075B,291,S075_SNV,4.0,False,M3,10000.0,FAM,JG075B_291,STANDARD,,388,L-MMMMx,1.0,2+2,M3,0.0,37,0.5109643571104084,0.3714675307273865
34993,JG075B,291,S075_SNV,4.0,False,M3,10000.0,HEX,JG075B_291,STANDARD,,389,L-MMMMx,1.0,2+2,M3,0.0,37,-0.48280214276151473,0.40456241369247437
34994,JG075B,291,S075_SNV,4.0,False,M3,10000.0,FAM,JG075B_291,STANDARD,,388,L-MMMMx,1.0,2+2,M3,0.0,38,0.5193735935376574,0.37719544768333435
34995,JG075B,291,S075_SNV,4.0,False,M3,10000.0,HEX,JG075B_291,STANDARD,,389,L-MMMMx,1.0,2+2,M3,0.0,38,-0.5104204857152768,0.42791545391082764
34996,JG075B,291,S075_SNV,4.0,False,M3,10000.0,FAM,JG075B_291,STANDARD,,388,L-MMMMx,1.0,2+2,M3,0.0,39,0.5242678287733731,0.3802041709423065
34997,JG075B,291,S075_SNV,4.0,False,M3,10000.0,HEX,JG075B_291,STANDARD,,389,L-MMMMx,1.0,2+2,M3,0.0,39,-0.5333632728290495,0.4472649395465851
34998,JG075B,291,S075_SNV,4.0,False,M3,10000.0,FAM,JG075B_291,STANDARD,,388,L-MMMMx,1.0,2+2,M3,0.0,40,0.5284698658831218,0.3826773762702942
34999,JG075B,291,S075_SNV,4.0,False,M3,10000.0,HEX,JG075B_291,STANDARD,,389,L-MMMMx,1.0,2+2,M3,0.0,40,-0.553024372167089,0.4638044536113739
35000,JG075B,291,S075_SNV,4.0,False,M3,10000.0,FAM,JG075B_291,STANDARD,,388,L-MMMMx,1.0,2+2,M3,0.0,41,0.5329213840182357,0.3853435814380646
35001,JG075B,291,S075_SNV,4.0,False,M3,10000.0,HEX,JG075B_291,STANDARD,,389,L-MMMMx,1.0,2+2,M3,0.0,41,-0.5710515189945272,0.47894486784935
35002,JG075B,291,S075_SNV,4.0,False,M3,10000.0,FAM,JG075B_291,STANDARD,,388,L-MMMMx,1.0,2+2,M3,0.0,42,0.5380004571106071,0.3884952664375305
35003,JG075B,291,S075_SNV,4.0,False,M3,10000.0,HEX,JG075B_291,STANDARD,,389,L-MMMMx,1.0,2+2,M3,0.0,42,-0.5871465046224272,0.49243083596229553
35004,JG075B,291,S075_SNV,4.0,False,M3,10000.0,FAM,JG075B_291,STANDARD,,388,L-MMMMx,1.0,2+2,M3,0.0,43,0.5393242937313065,0.3887418806552887
35005,JG075B,291,S075_SNV,4.0,False,M3,10000.0,HEX,JG075B_291,STANDARD,,389,L-MMMMx,1.0,2+2,M3,0.0,43,-0.5998094451524408,0.5029780268669128
35006,JG075B,291,S075_SNV,4.0,False,M3,10000.0,FAM,JG075B_291,STANDARD,,388,L-MMMMx,1.0,2+2,M3,0.0,44,0.5431472552867634,0.39092183113098145
35007,JG075B,291,S075_SNV,4.0,False,M3,10000.0,HEX,JG075B_291,STANDARD,,389,L-MMMMx,1.0,2+2,M3,0.0,44,-0.6126638824385856,0.5136892199516296
35008,JG075B,291,S075_SNV,4.0,False,M3,10000.0,FAM,JG075B_291,STANDARD,,388,L-MMMMx,1.0,2+2,M3,0.0,45,0.5459030266994369,0.39227622747421265
35009,JG075B,291,S075_SNV,4.0,False,M3,10000.0,HEX,JG075B_291,STANDARD,,389,L-MMMMx,1.0,2+2,M3,0.0,45,-0.6257468489324287,0.524596095085144
35010,JG075B,291,S075_SNV,4.0,False,M3,10000.0,FAM,JG075B_291,STANDARD,,388,L-MMMMx,1.0,2+2,M3,0.0,46,0.5485913812198329,0.393578439950943
35011,JG075B,291,S075_SNV,4.0,False,M3,10000.0,HEX,JG075B_291,STANDARD,,389,L-MMMMx,1.0,2+2,M3,0.0,46,-0.635721873889471,0.5328417420387268
35012,JG075B,291,S075_SNV,4.0,False,M3,10000.0,FAM,JG075B_291,STANDARD,,388,L-MMMMx,1.0,2+2,M3,0.0,47,0.551446929633077,0.39500999450683594
35013,JG075B,291,S075_SNV,4.0,False,M3,10000.0,HEX,JG075B_291,STANDARD,,389,L-MMMMx,1.0,2+2,M3,0.0,47,-0.6447814594281638,0.5403035283088684
35014,JG075B,291,S075_SNV,4.0,False,M3,10000.0,FAM,JG075B_291,STANDARD,,388,L-MMMMx,1.0,2+2,M3,0.0,48,0.5544071861110126,0.39652255177497864
35015,JG075B,291,S075_SNV,4.0,False,M3,10000.0,HEX,JG075B_291,STANDARD,,389,L-MMMMx,1.0,2+2,M3,0.0,48,-0.6555842153656329,0.5492578744888306
35016,JG075B,291,S075_SNV,4.0,False,M3,10000.0,FAM,JG075B_291,STANDARD,,388,L-MMMMx,1.0,2+2,M3,0.0,49,0.5552821418009593,0.3964219093322754
35017,JG075B,291,S075_SNV,4.0,False,M3,10000.0,HEX,JG075B_291,STANDARD,,389,L-MMMMx,1.0,2+2,M3,0.0,49,-0.6632585644641193,0.5555335283279419
35018,JG075B,291,S075_SNV,4.0,False,M3,10000.0,FAM,JG075B_291,STANDARD,,388,L-MMMMx,1.0,2+2,M3,0.0,50,0.5577833470283928,0.3975793421268463
35019,JG075B,291,S075_SNV,4.0,False,M3,10000.0,HEX,JG075B_291,STANDARD,,389,L-MMMMx,1.0,2+2,M3,0.0,50,-0.6735096621710037,0.5640155673027039
35640,JG075B,295,S075_SNV,4.0,False,M7,10000.0,FAM,JG075B_295,STANDARD,,396,L-MMMMx,0.1,2+2,M7,-1.0,1,-0.007904683589951922,0.004110607784241438
35641,JG075B,295,S075_SNV,4.0,False,M7,10000.0,HEX,JG075B_295,STANDARD,,397,L-MMMMx,0.1,2+2,M7,-1.0,1,0.001736983821458598,0.0009300047531723976
35642,JG075B,295,S075_SNV,4.0,False,M7,10000.0,FAM,JG075B_295,STANDARD,,396,L-MMMMx,0.1,2+2,M7,-1.0,2,-0.009542837024418218,0.0009261379600502551
35643,JG075B,295,S075_SNV,4.0,False,M7,10000.0,HEX,JG075B_295,STANDARD,,397,L-MMMMx,0.1,2+2,M7,-1.0,2,0.0016016622315208442,0.0006454135873354971
35644,JG075B,295,S075_SNV,4.0,False,M7,10000.0,FAM,JG075B_295,STANDARD,,396,L-MMMMx,0.1,2+2,M7,-1.0,3,-0.00916168117745047,-0.0006961836479604244
35645,JG075B,295,S075_SNV,4.0,False,M7,10000.0,HEX,JG075B_295,STANDARD,,397,L-MMMMx,0.1,2+2,M7,-1.0,3,0.0009270903705695642,0.0008225647616200149
35646,JG075B,295,S075_SNV,4.0,False,M7,10000.0,FAM,JG075B_295,STANDARD,,396,L-MMMMx,0.1,2+2,M7,-1.0,4,-0.006153577967966984,-0.0002862848632503301
35647,JG075B,295,S075_SNV,4.0,False,M7,10000.0,HEX,JG075B_295,STANDARD,,397,L-MMMMx,0.1,2+2,M7,-1.0,4,0.0015376907597344266,-0.00010073486191686243
35648,JG075B,295,S075_SNV,4.0,False,M7,10000.0,FAM,JG075B_295,STANDARD,,396,L-MMMMx,0.1,2+2,M7,-1.0,5,-0.00474726159505839,-0.00111553689930588
35649,JG075B,295,S075_SNV,4.0,False,M7,10000.0,HEX,JG075B_295,STANDARD,,397,L-MMMMx,0.1,2+2,M7,-1.0,5,0.001352041232798218,-0.00034223185502924025
35650,JG075B,295,S075_SNV,4.0,False,M7,10000.0,FAM,JG075B_295,STANDARD,,396,L-MMMMx,0.1,2+2,M7,-1.0,6,-0.0030257423577986628,-0.0017009462462738156
35651,JG075B,295,S075_SNV,4.0,False,M7,10000.0,HEX,JG075B_295,STANDARD,,397,L-MMMMx,0.1,2+2,M7,-1.0,6,9.474773616462204e-05,0.00033388467272743583
35652,JG075B,295,S075_SNV,4.0,False,M7,10000.0,FAM,JG075B_295,STANDARD,,396,L-MMMMx,0.1,2+2,M7,-1.0,7,0.0007346563216248049,-0.0007090677390806377
35653,JG075B,295,S075_SNV,4.0,False,M7,10000.0,HEX,JG075B_295,STANDARD,,397,L-MMMMx,0.1,2+2,M7,-1.0,7,-0.0007549451586785841,0.0006609862321056426
35654,JG075B,295,S075_SNV,4.0,False,M7,10000.0,FAM,JG075B_295,STANDARD,,396,L-MMMMx,0.1,2+2,M7,-1.0,8,0.004718917607348008,0.00045599209261126816
35655,JG075B,295,S075_SNV,4.0,False,M7,10000.0,HEX,JG075B_295,STANDARD,,397,L-MMMMx,0.1,2+2,M7,-1.0,8,-0.0010122406457194395,0.0004808373050764203
35656,JG075B,295,S075_SNV,4.0,False,M7,10000.0,FAM,JG075B_295,STANDARD,,396,L-MMMMx,0.1,2+2,M7,-1.0,9,0.006895096366127177,0.00022230972535908222
35657,JG075B,295,S075_SNV,4.0,False,M7,10000.0,HEX,JG075B_295,STANDARD,,397,L-MMMMx,0.1,2+2,M7,-1.0,9,-0.0010721573424987202,0.0001316794368904084
35658,JG075B,295,S075_SNV,4.0,False,M7,10000.0,FAM,JG075B_295,STANDARD,,396,L-MMMMx,0.1,2+2,M7,-1.0,10,0.010739592803174517,0.00127924676053226
35659,JG075B,295,S075_SNV,4.0,False,M7,10000.0,HEX,JG075B_295,STANDARD,,397,L-MMMMx,0.1,2+2,M7,-1.0,10,-0.0010722269523700872,-0.0002687235246412456
35660,JG075B,295,S075_SNV,4.0,False,M7,10000.0,FAM,JG075B_295,STANDARD,,396,L-MMMMx,0.1,2+2,M7,-1.0,11,0.014284450047002215,0.0021043813321739435
35661,JG075B,295,S075_SNV,4.0,False,M7,10000.0,HEX,JG075B_295,STANDARD,,397,L-MMMMx,0.1,2+2,M7,-1.0,11,-0.0015267098025262575,-0.0002800273650791496
35662,JG075B,295,S075_SNV,4.0,False,M7,10000.0,FAM,JG075B_295,STANDARD,,396,L-MMMMx,0.1,2+2,M7,-1.0,12,0.016789969955541568,0.0021254788152873516
35663,JG075B,295,S075_SNV,4.0,False,M7,10000.0,HEX,JG075B_295,STANDARD,,397,L-MMMMx,0.1,2+2,M7,-1.0,12,-0.0021552173311003213,-0.00014231959357857704
35664,JG075B,295,S075_SNV,4.0,False,M7,10000.0,FAM,JG075B_295,STANDARD,,396,L-MMMMx,0.1,2+2,M7,-1.0,13,0.01831478596310478,0.0013878989266231656
35665,JG075B,295,S075_SNV,4.0,False,M7,10000.0,HEX,JG075B_295,STANDARD,,397,L-MMMMx,0.1,2+2,M7,-1.0,13,-0.002266680137626982,-0.0004473402223084122
35666,JG075B,295,S075_SNV,4.0,False,M7,10000.0,FAM,JG075B_295,STANDARD,,396,L-MMMMx,0.1,2+2,M7,-1.0,14,0.019888989659753567,0.0006885254406370223
35667,JG075B,295,S075_SNV,4.0,False,M7,10000.0,HEX,JG075B_295,STANDARD,,397,L-MMMMx,0.1,2+2,M7,-1.0,14,-0.0022153080525580196,-0.0008917910163290799
35668,JG075B,295,S075_SNV,4.0,False,M7,10000.0,FAM,JG075B_295,STANDARD,,396,L-MMMMx,0.1,2+2,M7,-1.0,15,0.02156624489174081,6.887315976200625e-05
35669,JG075B,295,S075_SNV,4.0,False,M7,10000.0,HEX,JG075B_295,STANDARD,,397,L-MMMMx,0.1,2+2,M7,-1.0,15,-0.003287300071612243,-0.00037434205296449363
35670,JG075B,295,S075_SNV,4.0,False,M7,10000.0,FAM,JG075B_295,STANDARD,,396,L-MMMMx,0.1,2+2,M7,-1.0,16,0.02525687671864168,0.0010067797265946865
35671,JG075B,295,S075_SNV,4.0,False,M7,10000.0,HEX,JG075B_295,STANDARD,,397,L-MMMMx,0.1,2+2,M7,-1.0,16,-0.003604668877642955,-0.0005030521424487233
35672,JG075B,295,S075_SNV,4.0,False,M7,10000.0,FAM,JG075B_295,STANDARD,,396,L-MMMMx,0.1,2+2,M7,-1.0,17,0.02506067430014494,-0.0010621893452480435
35673,JG075B,295,S075_SNV,4.0,False,M7,10000.0,HEX,JG075B_295,STANDARD,,397,L-MMMMx,0.1,2+2,M7,-1.0,17,-0.004397438300175668,-0.00022469231043942273
35674,JG075B,295,S075_SNV,4.0,False,M7,10000.0,FAM,JG075B_295,STANDARD,,396,L-MMMMx,0.1,2+2,M7,-1.0,18,0.02626658914526637,-0.002046473091468215
35675,JG075B,295,S075_SNV,4.0,False,M7,10000.0,HEX,JG075B_295,STANDARD,,397,L-MMMMx,0.1,2+2,M7,-1.0,18,-0.004501278825787625,-0.0005362396477721632
35676,JG075B,295,S075_SNV,4.0,False,M7,10000.0,FAM,JG075B_295,STANDARD,,396,L-MMMMx,0.1,2+2,M7,-1.0,19,0.029565509566065757,-0.0014115964295342565
35677,JG075B,295,S075_SNV,4.0,False,M7,10000.0,HEX,JG075B_295,STANDARD,,397,L-MMMMx,0.1,2+2,M7,-1.0,19,-0.004225153868541953,-0.0011731389677152038
35678,JG075B,295,S075_SNV,4.0,False,M7,10000.0,FAM,JG075B_295,STANDARD,,396,L-MMMMx,0.1,2+2,M7,-1.0,20,0.03346617390536486,-0.00031120769563131034
35679,JG075B,295,S075_SNV,4.0,False,M7,10000.0,HEX,JG075B_295,STANDARD,,397,L-MMMMx,0.1,2+2,M7,-1.0,20,-0.0055121185728458,-0.000471615931019187
35680,JG075B,295,S075_SNV,4.0,False,M7,10000.0,FAM,JG075B_295,STANDARD,,396,L-MMMMx,0.1,2+2,M7,-1.0,21,0.040495097618155174,0.003209219081327319
35681,JG075B,295,S075_SNV,4.0,False,M7,10000.0,HEX,JG075B_295,STANDARD,,397,L-MMMMx,0.1,2+2,M7,-1.0,21,-0.007184913391669959,0.0005602806922979653
35682,JG075B,295,S075_SNV,4.0,False,M7,10000.0,FAM,JG075B_295,STANDARD,,396,L-MMMMx,0.1,2+2,M7,-1.0,22,0.0521239336769468,0.010288162156939507
35683,JG075B,295,S075_SNV,4.0,False,M7,10000.0,HEX,JG075B_295,STANDARD,,397,L-MMMMx,0.1,2+2,M7,-1.0,22,-0.010228587614731072,0.0027660164050757885
35684,JG075B,295,S075_SNV,4.0,False,M7,10000.0,FAM,JG075B_295,STANDARD,,396,L-MMMMx,0.1,2+2,M7,-1.0,23,0.0734579899761916,0.024875115603208542
35685,JG075B,295,S075_SNV,4.0,False,M7,10000.0,HEX,JG075B_295,STANDARD,,397,L-MMMMx,0.1,2+2,M7,-1.0,23,-0.015451120421455576,0.006837436929345131
35686,JG075B,295,S075_SNV,4.0,False,M7,10000.0,FAM,JG075B_295,STANDARD,,396,L-MMMMx,0.1,2+2,M7,-1.0,24,0.106214162880536,0.04829827696084976
35687,JG075B,295,S075_SNV,4.0,False,M7,10000.0,HEX,JG075B_295,STANDARD,,397,L-MMMMx,0.1,2+2,M7,-1.0,24,-0.024486029260748714,0.01417327020317316
35688,JG075B,295,S075_SNV,4.0,False,M7,10000.0,FAM,JG075B_295,STANDARD,,396,L-MMMMx,0.1,2+2,M7,-1.0,25,0.15021759223338138,0.08042237907648087
35689,JG075B,295,S075_SNV,4.0,False,M7,10000.0,HEX,JG075B_295,STANDARD,,397,L-MMMMx,0.1,2+2,M7,-1.0,25,-0.03930503114155306,0.026461832225322723
35690,JG075B,295,S075_SNV,4.0,False,M7,10000.0,FAM,JG075B_295,STANDARD,,396,L-MMMMx,0.1,2+2,M7,-1.0,26,0.20516771426698546,0.12101490050554276
35691,JG075B,295,S075_SNV,4.0,False,M7,10000.0,HEX,JG075B_295,STANDARD,,397,L-MMMMx,0.1,2+2,M7,-1.0,26,-0.06076098620785901,0.04443339630961418
35692,JG075B,295,S075_SNV,4.0,False,M7,10000.0,FAM,JG075B_295,STANDARD,,396,L-MMMMx,0.1,2+2,M7,-1.0,27,0.26386062954014394,0.16450285911560059
35693,JG075B,295,S075_SNV,4.0,False,M7,10000.0,HEX,JG075B_295,STANDARD,,397,L-MMMMx,0.1,2+2,M7,-1.0,27,-0.08891017404066694,0.06813616305589676
35694,JG075B,295,S075_SNV,4.0,False,M7,10000.0,FAM,JG075B_295,STANDARD,,396,L-MMMMx,0.1,2+2,M7,-1.0,28,0.3176557653752499,0.20420187711715698
35695,JG075B,295,S075_SNV,4.0,False,M7,10000.0,HEX,JG075B_295,STANDARD,,397,L-MMMMx,0.1,2+2,M7,-1.0,28,-0.12302816470865881,0.09694980829954147
35696,JG075B,295,S075_SNV,4.0,False,M7,10000.0,FAM,JG075B_295,STANDARD,,396,L-MMMMx,0.1,2+2,M7,-1.0,29,0.36164363105696384,0.23631393909454346
35697,JG075B,295,S075_SNV,4.0,False,M7,10000.0,HEX,JG075B_295,STANDARD,,397,L-MMMMx,0.1,2+2,M7,-1.0,29,-0.16761318290451604,0.13472603261470795
35698,JG075B,295,S075_SNV,4.0,False,M7,10000.0,FAM,JG075B_295,STANDARD,,396,L-MMMMx,0.1,2+2,M7,-1.0,30,0.3986417903952237,0.26301872730255127
35699,JG075B,295,S075_SNV,4.0,False,M7,10000.0,HEX,JG075B_295,STANDARD,,397,L-MMMMx,0.1,2+2,M7,-1.0,30,-0.21539861935128538,0.17524267733097076
35700,JG075B,295,S075_SNV,4.0,False,M7,10000.0,FAM,JG075B_295,STANDARD,,396,L-MMMMx,0.1,2+2,M7,-1.0,31,0.42749691372088455,0.2834240198135376
35701,JG075B,295,S075_SNV,4.0,False,M7,10000.0,HEX,JG075B_295,STANDARD,,397,L-MMMMx,0.1,2+2,M7,-1.0,31,-0.26221637417124416,0.2149307131767273
35702,JG075B,295,S075_SNV,4.0,False,M7,10000.0,FAM,JG075B_295,STANDARD,,396,L-MMMMx,0.1,2+2,M7,-1.0,32,0.4496742975566132,0.2986633777618408
35703,JG075B,295,S075_SNV,4.0,False,M7,10000.0,HEX,JG075B_295,STANDARD,,397,L-MMMMx,0.1,2+2,M7,-1.0,32,-0.3093967268111545,0.25492924451828003
35704,JG075B,295,S075_SNV,4.0,False,M7,10000.0,FAM,JG075B_295,STANDARD,,396,L-MMMMx,0.1,2+2,M7,-1.0,33,0.4672978436767199,0.31037986278533936
35705,JG075B,295,S075_SNV,4.0,False,M7,10000.0,HEX,JG075B_295,STANDARD,,397,L-MMMMx,0.1,2+2,M7,-1.0,33,-0.3577746476780654,0.2959531843662262
35706,JG075B,295,S075_SNV,4.0,False,M7,10000.0,FAM,JG075B_295,STANDARD,,396,L-MMMMx,0.1,2+2,M7,-1.0,34,0.4827034896127122,0.3203805387020111
35707,JG075B,295,S075_SNV,4.0,False,M7,10000.0,HEX,JG075B_295,STANDARD,,397,L-MMMMx,0.1,2+2,M7,-1.0,34,-0.4014675805674168,0.33296555280685425
35708,JG075B,295,S075_SNV,4.0,False,M7,10000.0,FAM,JG075B_295,STANDARD,,396,L-MMMMx,0.1,2+2,M7,-1.0,35,0.4934921956219109,0.3268095552921295
35709,JG075B,295,S075_SNV,4.0,False,M7,10000.0,HEX,JG075B_295,STANDARD,,397,L-MMMMx,0.1,2+2,M7,-1.0,35,-0.4413392795680681,0.36670592427253723
35710,JG075B,295,S075_SNV,4.0,False,M7,10000.0,FAM,JG075B_295,STANDARD,,396,L-MMMMx,0.1,2+2,M7,-1.0,36,0.5008292337943786,0.3305683434009552
35711,JG075B,295,S075_SNV,4.0,False,M7,10000.0,HEX,JG075B_295,STANDARD,,397,L-MMMMx,0.1,2+2,M7,-1.0,36,-0.4770416257133122,0.39687618613243103
35712,JG075B,295,S075_SNV,4.0,False,M7,10000.0,FAM,JG075B_295,STANDARD,,396,L-MMMMx,0.1,2+2,M7,-1.0,37,0.5080028534199656,0.3342007100582123
35713,JG075B,295,S075_SNV,4.0,False,M7,10000.0,HEX,JG075B_295,STANDARD,,397,L-MMMMx,0.1,2+2,M7,-1.0,37,-0.5080810850151558,0.4230538010597229
35714,JG075B,295,S075_SNV,4.0,False,M7,10000.0,FAM,JG075B_295,STANDARD,,396,L-MMMMx,0.1,2+2,M7,-1.0,38,0.5127782808295192,0.33597782254219055
35715,JG075B,295,S075_SNV,4.0,False,M7,10000.0,HEX,JG075B_295,STANDARD,,397,L-MMMMx,0.1,2+2,M7,-1.0,38,-0.5375290538279323,0.447868674993515
35716,JG075B,295,S075_SNV,4.0,False,M7,10000.0,FAM,JG075B_295,STANDARD,,396,L-MMMMx,0.1,2+2,M7,-1.0,39,0.5185275163550672,0.338508278131485
35717,JG075B,295,S075_SNV,4.0,False,M7,10000.0,HEX,JG075B_295,STANDARD,,397,L-MMMMx,0.1,2+2,M7,-1.0,39,-0.5651803918607222,0.4711451530456543
35718,JG075B,295,S075_SNV,4.0,False,M7,10000.0,FAM,JG075B_295,STANDARD,,396,L-MMMMx,0.1,2+2,M7,-1.0,40,0.5241073235993373,0.34090766310691833
35719,JG075B,295,S075_SNV,4.0,False,M7,10000.0,HEX,JG075B_295,STANDARD,,397,L-MMMMx,0.1,2+2,M7,-1.0,40,-0.5866429946697438,0.4891223907470703
35720,JG075B,295,S075_SNV,4.0,False,M7,10000.0,FAM,JG075B_295,STANDARD,,396,L-MMMMx,0.1,2+2,M7,-1.0,41,0.5273754633933198,0.34151872992515564
35721,JG075B,295,S075_SNV,4.0,False,M7,10000.0,HEX,JG075B_295,STANDARD,,397,L-MMMMx,0.1,2+2,M7,-1.0,41,-0.6056941027049928,0.5050348043441772
35722,JG075B,295,S075_SNV,4.0,False,M7,10000.0,FAM,JG075B_295,STANDARD,,396,L-MMMMx,0.1,2+2,M7,-1.0,42,0.5316295078199682,0.34289249777793884
35723,JG075B,295,S075_SNV,4.0,False,M7,10000.0,HEX,JG075B_295,STANDARD,,397,L-MMMMx,0.1,2+2,M7,-1.0,42,-0.6229589518310893,0.5194176435470581
35724,JG075B,295,S075_SNV,4.0,False,M7,10000.0,FAM,JG075B_295,STANDARD,,396,L-MMMMx,0.1,2+2,M7,-1.0,43,0.5366511031961807,0.3448600471019745
35725,JG075B,295,S075_SNV,4.0,False,M7,10000.0,HEX,JG075B_295,STANDARD,,397,L-MMMMx,0.1,2+2,M7,-1.0,43,-0.6370007246931436,0.5310406684875488
35726,JG075B,295,S075_SNV,4.0,False,M7,10000.0,FAM,JG075B_295,STANDARD,,396,L-MMMMx,0.1,2+2,M7,-1.0,44,0.5410707235102628,0.34636190533638
35727,JG075B,295,S075_SNV,4.0,False,M7,10000.0,HEX,JG075B_295,STANDARD,,397,L-MMMMx,0.1,2+2,M7,-1.0,44,-0.6501902639000499,0.5419340133666992
35728,JG075B,295,S075_SNV,4.0,False,M7,10000.0,FAM,JG075B_295,STANDARD,,396,L-MMMMx,0.1,2+2,M7,-1.0,45,0.5430927679913263,0.3460089862346649
35729,JG075B,295,S075_SNV,4.0,False,M7,10000.0,HEX,JG075B_295,STANDARD,,397,L-MMMMx,0.1,2+2,M7,-1.0,45,-0.6626475768700449,0.5522003173828125
35730,JG075B,295,S075_SNV,4.0,False,M7,10000.0,FAM,JG075B_295,STANDARD,,396,L-MMMMx,0.1,2+2,M7,-1.0,46,0.5478817558272122,0.34779658913612366
35731,JG075B,295,S075_SNV,4.0,False,M7,10000.0,HEX,JG075B_295,STANDARD,,397,L-MMMMx,0.1,2+2,M7,-1.0,46,-0.673280623941121,0.5609045624732971
35732,JG075B,295,S075_SNV,4.0,False,M7,10000.0,FAM,JG075B_295,STANDARD,,396,L-MMMMx,0.1,2+2,M7,-1.0,47,0.5510910310432517,0.3483620882034302
35733,JG075B,295,S075_SNV,4.0,False,M7,10000.0,HEX,JG075B_295,STANDARD,,397,L-MMMMx,0.1,2+2,M7,-1.0,47,-0.6836162280318452,0.5693541765213013
35734,JG075B,295,S075_SNV,4.0,False,M7,10000.0,FAM,JG075B_295,STANDARD,,396,L-MMMMx,0.1,2+2,M7,-1.0,48,0.5527681321794852,0.34774231910705566
35735,JG075B,295,S075_SNV,4.0,False,M7,10000.0,HEX,JG075B_295,STANDARD,,397,L-MMMMx,0.1,2+2,M7,-1.0,48,-0.6913777982991546,0.5755996704101562
35736,JG075B,295,S075_SNV,4.0,False,M7,10000.0,FAM,JG075B_295,STANDARD,,396,L-MMMMx,0.1,2+2,M7,-1.0,49,0.5553852174137592,0.3478497266769409
35737,JG075B,295,S075_SNV,4.0,False,M7,10000.0,HEX,JG075B_295,STANDARD,,397,L-MMMMx,0.1,2+2,M7,-1.0,49,-0.7006709249562841,0.5831565856933594
35738,JG075B,295,S075_SNV,4.0,False,M7,10000.0,FAM,JG075B_295,STANDARD,,396,L-MMMMx,0.1,2+2,M7,-1.0,50,0.5600722709085215,0.3495584726333618
35739,JG075B,295,S075_SNV,4.0,False,M7,10000.0,HEX,JG075B_295,STANDARD,,397,L-MMMMx,0.1,2+2,M7,-1.0,50,-0.7125772757944082,0.5929511785507202
35820,JG075B,296,S075_SNV,4.0,False,M8,10000.0,FAM,JG075B_296,STANDARD,,398,L-MMMMx,0.0,2+2,M8,-2.0,1,-0.006994054733005932,-5.9138244978385046e-05
35821,JG075B,296,S075_SNV,4.0,False,M8,10000.0,HEX,JG075B_296,STANDARD,,399,L-MMMMx,0.0,2+2,M8,-2.0,1,0.001408159840971028,0.0007057340117171407
35822,JG075B,296,S075_SNV,4.0,False,M8,10000.0,FAM,JG075B_296,STANDARD,,398,L-MMMMx,0.0,2+2,M8,-2.0,2,-0.005990120897147886,-0.00023925791902001947
35823,JG075B,296,S075_SNV,4.0,False,M8,10000.0,HEX,JG075B_296,STANDARD,,399,L-MMMMx,0.0,2+2,M8,-2.0,2,0.0008011443601815743,0.0009123737690970302
35824,JG075B,296,S075_SNV,4.0,False,M8,10000.0,FAM,JG075B_296,STANDARD,,398,L-MMMMx,0.0,2+2,M8,-2.0,3,-0.004103256916085291,0.0002636618446558714
35825,JG075B,296,S075_SNV,4.0,False,M8,10000.0,HEX,JG075B_296,STANDARD,,399,L-MMMMx,0.0,2+2,M8,-2.0,3,-0.0006269195533835004,0.001822050311602652
35826,JG075B,296,S075_SNV,4.0,False,M8,10000.0,FAM,JG075B_296,STANDARD,,398,L-MMMMx,0.0,2+2,M8,-2.0,4,-0.003299223796814636,-7.11020766175352e-05
35827,JG075B,296,S075_SNV,4.0,False,M8,10000.0,HEX,JG075B_296,STANDARD,,399,L-MMMMx,0.0,2+2,M8,-2.0,4,0.0002897380377149111,0.0007240189588628709
35828,JG075B,296,S075_SNV,4.0,False,M8,10000.0,FAM,JG075B_296,STANDARD,,398,L-MMMMx,0.0,2+2,M8,-2.0,5,-0.0031535262616183535,-0.0009151578997261822
35829,JG075B,296,S075_SNV,4.0,False,M8,10000.0,HEX,JG075B_296,STANDARD,,399,L-MMMMx,0.0,2+2,M8,-2.0,5,0.0013584757952827195,-0.0005042336997576058
35830,JG075B,296,S075_SNV,4.0,False,M8,10000.0,FAM,JG075B_296,STANDARD,,398,L-MMMMx,0.0,2+2,M8,-2.0,6,-0.0015487345578448072,-0.0006304507260210812
35831,JG075B,296,S075_SNV,4.0,False,M8,10000.0,HEX,JG075B_296,STANDARD,,399,L-MMMMx,0.0,2+2,M8,-2.0,6,0.001487654314072322,-0.0009279726655222476
35832,JG075B,296,S075_SNV,4.0,False,M8,10000.0,FAM,JG075B_296,STANDARD,,398,L-MMMMx,0.0,2+2,M8,-2.0,7,0.0010307127885691289,0.00040825517498888075
35833,JG075B,296,S075_SNV,4.0,False,M8,10000.0,HEX,JG075B_296,STANDARD,,399,L-MMMMx,0.0,2+2,M8,-2.0,7,0.0005691694638505225,-0.00045463189599104226
35834,JG075B,296,S075_SNV,4.0,False,M8,10000.0,FAM,JG075B_296,STANDARD,,398,L-MMMMx,0.0,2+2,M8,-2.0,8,0.00257710220166114,0.0006477819988504052
35835,JG075B,296,S075_SNV,4.0,False,M8,10000.0,HEX,JG075B_296,STANDARD,,399,L-MMMMx,0.0,2+2,M8,-2.0,8,-0.00039477063237403065,5.763067747466266e-05
35836,JG075B,296,S075_SNV,4.0,False,M8,10000.0,FAM,JG075B_296,STANDARD,,398,L-MMMMx,0.0,2+2,M8,-2.0,9,0.0029694685147161745,-5.449529453471769e-06
35837,JG075B,296,S075_SNV,4.0,False,M8,10000.0,HEX,JG075B_296,STANDARD,,399,L-MMMMx,0.0,2+2,M8,-2.0,9,-0.0014227344077885266,0.0006247146520763636
35838,JG075B,296,S075_SNV,4.0,False,M8,10000.0,FAM,JG075B_296,STANDARD,,398,L-MMMMx,0.0,2+2,M8,-2.0,10,0.005527458027416644,0.0010166565189138055
35839,JG075B,296,S075_SNV,4.0,False,M8,10000.0,HEX,JG075B_296,STANDARD,,399,L-MMMMx,0.0,2+2,M8,-2.0,10,-0.0012606130173744173,0.0001727677881717682
35840,JG075B,296,S075_SNV,4.0,False,M8,10000.0,FAM,JG075B_296,STANDARD,,398,L-MMMMx,0.0,2+2,M8,-2.0,11,0.005700469034969924,0.0001937305205501616
35841,JG075B,296,S075_SNV,4.0,False,M8,10000.0,HEX,JG075B_296,STANDARD,,399,L-MMMMx,0.0,2+2,M8,-2.0,11,-0.0014345506834531016,8.577254448027816e-06
35842,JG075B,296,S075_SNV,4.0,False,M8,10000.0,FAM,JG075B_296,STANDARD,,398,L-MMMMx,0.0,2+2,M8,-2.0,12,0.006946179108504298,0.00020065023272763938
35843,JG075B,296,S075_SNV,4.0,False,M8,10000.0,HEX,JG075B_296,STANDARD,,399,L-MMMMx,0.0,2+2,M8,-2.0,12,-0.0016062086262445116,-0.0001575653295731172
35844,JG075B,296,S075_SNV,4.0,False,M8,10000.0,FAM,JG075B_296,STANDARD,,398,L-MMMMx,0.0,2+2,M8,-2.0,13,0.008364052662946177,0.0003407565236557275
35845,JG075B,296,S075_SNV,4.0,False,M8,10000.0,HEX,JG075B_296,STANDARD,,399,L-MMMMx,0.0,2+2,M8,-2.0,13,-0.0014306873355922245,-0.0006209861021488905
35846,JG075B,296,S075_SNV,4.0,False,M8,10000.0,FAM,JG075B_296,STANDARD,,398,L-MMMMx,0.0,2+2,M8,-2.0,14,0.009242591079168078,6.363028660416603e-05
35847,JG075B,296,S075_SNV,4.0,False,M8,10000.0,HEX,JG075B_296,STANDARD,,399,L-MMMMx,0.0,2+2,M8,-2.0,14,-0.001400911713114923,-0.0009596095769666135
35848,JG075B,296,S075_SNV,4.0,False,M8,10000.0,FAM,JG075B_296,STANDARD,,398,L-MMMMx,0.0,2+2,M8,-2.0,15,0.009675792766974053,-0.0005580107681453228
35849,JG075B,296,S075_SNV,4.0,False,M8,10000.0,HEX,JG075B_296,STANDARD,,399,L-MMMMx,0.0,2+2,M8,-2.0,15,-0.0013679514390225738,-0.0013009600806981325
35850,JG075B,296,S075_SNV,4.0,False,M8,10000.0,FAM,JG075B_296,STANDARD,,398,L-MMMMx,0.0,2+2,M8,-2.0,16,0.010209156694735167,-0.0011021657846868038
35851,JG075B,296,S075_SNV,4.0,False,M8,10000.0,HEX,JG075B_296,STANDARD,,399,L-MMMMx,0.0,2+2,M8,-2.0,16,-0.002576831270120312,-0.0005789636052213609
35852,JG075B,296,S075_SNV,4.0,False,M8,10000.0,FAM,JG075B_296,STANDARD,,398,L-MMMMx,0.0,2+2,M8,-2.0,17,0.012066087575626555,-0.0006224024691618979
35853,JG075B,296,S075_SNV,4.0,False,M8,10000.0,HEX,JG075B_296,STANDARD,,399,L-MMMMx,0.0,2+2,M8,-2.0,17,-0.0030619424636780315,-0.0004767064529005438
35854,JG075B,296,S075_SNV,4.0,False,M8,10000.0,FAM,JG075B_296,STANDARD,,398,L-MMMMx,0.0,2+2,M8,-2.0,18,0.013431915289230205,-0.0005225591012276709
35855,JG075B,296,S075_SNV,4.0,False,M8,10000.0,HEX,JG075B_296,STANDARD,,399,L-MMMMx,0.0,2+2,M8,-2.0,18,-0.004149039824818928,0.00014101163833402097
35856,JG075B,296,S075_SNV,4.0,False,M8,10000.0,FAM,JG075B_296,STANDARD,,398,L-MMMMx,0.0,2+2,M8,-2.0,19,0.015366048142763938,1.6928077457123436e-05
35857,JG075B,296,S075_SNV,4.0,False,M8,10000.0,HEX,JG075B_296,STANDARD,,399,L-MMMMx,0.0,2+2,M8,-2.0,19,-0.004368223907286264,1.5564128261758015e-05
35858,JG075B,296,S075_SNV,4.0,False,M8,10000.0,FAM,JG075B_296,STANDARD,,398,L-MMMMx,0.0,2+2,M8,-2.0,20,0.018229378391573802,0.0012752473121508956
35859,JG075B,296,S075_SNV,4.0,False,M8,10000.0,HEX,JG075B_296,STANDARD,,399,L-MMMMx,0.0,2+2,M8,-2.0,20,-0.004781776153078546,5.654768756357953e-05
35860,JG075B,296,S075_SNV,4.0,False,M8,10000.0,FAM,JG075B_296,STANDARD,,398,L-MMMMx,0.0,2+2,M8,-2.0,21,0.02414715614781563,0.004896503407508135
35861,JG075B,296,S075_SNV,4.0,False,M8,10000.0,HEX,JG075B_296,STANDARD,,399,L-MMMMx,0.0,2+2,M8,-2.0,21,-0.005751354648883839,0.0005736382445320487
35862,JG075B,296,S075_SNV,4.0,False,M8,10000.0,FAM,JG075B_296,STANDARD,,398,L-MMMMx,0.0,2+2,M8,-2.0,22,0.03571050151125197,0.01288519985973835
35863,JG075B,296,S075_SNV,4.0,False,M8,10000.0,HEX,JG075B_296,STANDARD,,399,L-MMMMx,0.0,2+2,M8,-2.0,22,-0.0075318707436486726,0.0017851080046966672
35864,JG075B,296,S075_SNV,4.0,False,M8,10000.0,FAM,JG075B_296,STANDARD,,398,L-MMMMx,0.0,2+2,M8,-2.0,23,0.055787714318752,0.027460269629955292
35865,JG075B,296,S075_SNV,4.0,False,M8,10000.0,HEX,JG075B_296,STANDARD,,399,L-MMMMx,0.0,2+2,M8,-2.0,23,-0.012382582422465507,0.005625485442578793
35866,JG075B,296,S075_SNV,4.0,False,M8,10000.0,FAM,JG075B_296,STANDARD,,398,L-MMMMx,0.0,2+2,M8,-2.0,24,0.08681416238694804,0.05050572752952576
35867,JG075B,296,S075_SNV,4.0,False,M8,10000.0,HEX,JG075B_296,STANDARD,,399,L-MMMMx,0.0,2+2,M8,-2.0,24,-0.023244837397485733,0.014613349922001362
35868,JG075B,296,S075_SNV,4.0,False,M8,10000.0,FAM,JG075B_296,STANDARD,,398,L-MMMMx,0.0,2+2,M8,-2.0,25,0.1318260714003879,0.08437041193246841
35869,JG075B,296,S075_SNV,4.0,False,M8,10000.0,HEX,JG075B_296,STANDARD,,399,L-MMMMx,0.0,2+2,M8,-2.0,25,-0.03788584683720425,0.026836836710572243
35870,JG075B,296,S075_SNV,4.0,False,M8,10000.0,FAM,JG075B_296,STANDARD,,398,L-MMMMx,0.0,2+2,M8,-2.0,26,0.18463395426498222,0.12426609545946121
35871,JG075B,296,S075_SNV,4.0,False,M8,10000.0,HEX,JG075B_296,STANDARD,,399,L-MMMMx,0.0,2+2,M8,-2.0,26,-0.05945815480350042,0.04499536752700806
35872,JG075B,296,S075_SNV,4.0,False,M8,10000.0,FAM,JG075B_296,STANDARD,,398,L-MMMMx,0.0,2+2,M8,-2.0,27,0.238479017124312,0.16496415436267853
35873,JG075B,296,S075_SNV,4.0,False,M8,10000.0,HEX,JG075B_296,STANDARD,,399,L-MMMMx,0.0,2+2,M8,-2.0,27,-0.08770799851030525,0.06887165457010269
35874,JG075B,296,S075_SNV,4.0,False,M8,10000.0,FAM,JG075B_296,STANDARD,,398,L-MMMMx,0.0,2+2,M8,-2.0,28,0.2898663682827118,0.20376090705394745
35875,JG075B,296,S075_SNV,4.0,False,M8,10000.0,HEX,JG075B_296,STANDARD,,399,L-MMMMx,0.0,2+2,M8,-2.0,28,-0.12225102705286499,0.09813658148050308
35876,JG075B,296,S075_SNV,4.0,False,M8,10000.0,FAM,JG075B_296,STANDARD,,398,L-MMMMx,0.0,2+2,M8,-2.0,29,0.3325300891522187,0.23580902814865112
35877,JG075B,296,S075_SNV,4.0,False,M8,10000.0,HEX,JG075B_296,STANDARD,,399,L-MMMMx,0.0,2+2,M8,-2.0,29,-0.16263380172909397,0.13240189850330353
35878,JG075B,296,S075_SNV,4.0,False,M8,10000.0,FAM,JG075B_296,STANDARD,,398,L-MMMMx,0.0,2+2,M8,-2.0,30,0.3672614999524169,0.2617206573486328
35879,JG075B,296,S075_SNV,4.0,False,M8,10000.0,HEX,JG075B_296,STANDARD,,399,L-MMMMx,0.0,2+2,M8,-2.0,30,-0.2098071933818676,0.17248179018497467
35880,JG075B,296,S075_SNV,4.0,False,M8,10000.0,FAM,JG075B_296,STANDARD,,398,L-MMMMx,0.0,2+2,M8,-2.0,31,0.39521107958100643,0.28238582611083984
35881,JG075B,296,S075_SNV,4.0,False,M8,10000.0,HEX,JG075B_296,STANDARD,,399,L-MMMMx,0.0,2+2,M8,-2.0,31,-0.2565519970566336,0.21219471096992493
35882,JG075B,296,S075_SNV,4.0,False,M8,10000.0,FAM,JG075B_296,STANDARD,,398,L-MMMMx,0.0,2+2,M8,-2.0,32,0.4179124660274542,0.29899096488952637
35883,JG075B,296,S075_SNV,4.0,False,M8,10000.0,HEX,JG075B_296,STANDARD,,399,L-MMMMx,0.0,2+2,M8,-2.0,32,-0.30360235326176577,0.25216925144195557
35884,JG075B,296,S075_SNV,4.0,False,M8,10000.0,FAM,JG075B_296,STANDARD,,398,L-MMMMx,0.0,2+2,M8,-2.0,33,0.43526934944564954,0.31146159768104553
35885,JG075B,296,S075_SNV,4.0,False,M8,10000.0,HEX,JG075B_296,STANDARD,,399,L-MMMMx,0.0,2+2,M8,-2.0,33,-0.34962474569148344,0.2912635803222656
35886,JG075B,296,S075_SNV,4.0,False,M8,10000.0,FAM,JG075B_296,STANDARD,,398,L-MMMMx,0.0,2+2,M8,-2.0,34,0.44827896050616123,0.32056912779808044
35887,JG075B,296,S075_SNV,4.0,False,M8,10000.0,HEX,JG075B_296,STANDARD,,399,L-MMMMx,0.0,2+2,M8,-2.0,34,-0.3932095744506016,0.32827070355415344
35888,JG075B,296,S075_SNV,4.0,False,M8,10000.0,FAM,JG075B_296,STANDARD,,398,L-MMMMx,0.0,2+2,M8,-2.0,35,0.46060615852107084,0.3291487395763397
35889,JG075B,296,S075_SNV,4.0,False,M8,10000.0,HEX,JG075B_296,STANDARD,,399,L-MMMMx,0.0,2+2,M8,-2.0,35,-0.43180852656317587,0.3610086143016815
35890,JG075B,296,S075_SNV,4.0,False,M8,10000.0,FAM,JG075B_296,STANDARD,,398,L-MMMMx,0.0,2+2,M8,-2.0,36,0.46907803487223027,0.334745854139328
35891,JG075B,296,S075_SNV,4.0,False,M8,10000.0,HEX,JG075B_296,STANDARD,,399,L-MMMMx,0.0,2+2,M8,-2.0,36,-0.4659696405464797,0.38994652032852173
35892,JG075B,296,S075_SNV,4.0,False,M8,10000.0,FAM,JG075B_296,STANDARD,,398,L-MMMMx,0.0,2+2,M8,-2.0,37,0.4784313389349949,0.34102484583854675
35893,JG075B,296,S075_SNV,4.0,False,M8,10000.0,HEX,JG075B_296,STANDARD,,399,L-MMMMx,0.0,2+2,M8,-2.0,37,-0.4993363666777415,0.4182042181491852
35894,JG075B,296,S075_SNV,4.0,False,M8,10000.0,FAM,JG075B_296,STANDARD,,398,L-MMMMx,0.0,2+2,M8,-2.0,38,0.48522210766032264,0.3453214764595032
35895,JG075B,296,S075_SNV,4.0,False,M8,10000.0,HEX,JG075B_296,STANDARD,,399,L-MMMMx,0.0,2+2,M8,-2.0,38,-0.5293623062524794,0.4436013102531433
35896,JG075B,296,S075_SNV,4.0,False,M8,10000.0,FAM,JG075B_296,STANDARD,,398,L-MMMMx,0.0,2+2,M8,-2.0,39,0.491838902279636,0.3494834899902344
35897,JG075B,296,S075_SNV,4.0,False,M8,10000.0,HEX,JG075B_296,STANDARD,,399,L-MMMMx,0.0,2+2,M8,-2.0,39,-0.5552249490306189,0.4654335081577301
35898,JG075B,296,S075_SNV,4.0,False,M8,10000.0,FAM,JG075B_296,STANDARD,,398,L-MMMMx,0.0,2+2,M8,-2.0,40,0.49688091534322393,0.35242724418640137
35899,JG075B,296,S075_SNV,4.0,False,M8,10000.0,HEX,JG075B_296,STANDARD,,399,L-MMMMx,0.0,2+2,M8,-2.0,40,-0.5777030206431445,0.48436763882637024
35900,JG075B,296,S075_SNV,4.0,False,M8,10000.0,FAM,JG075B_296,STANDARD,,398,L-MMMMx,0.0,2+2,M8,-2.0,41,0.5020895059166449,0.35549986362457275
35901,JG075B,296,S075_SNV,4.0,False,M8,10000.0,HEX,JG075B_296,STANDARD,,399,L-MMMMx,0.0,2+2,M8,-2.0,41,-0.5975539461004022,0.50105220079422
35902,JG075B,296,S075_SNV,4.0,False,M8,10000.0,FAM,JG075B_296,STANDARD,,398,L-MMMMx,0.0,2+2,M8,-2.0,42,0.5060268065214045,0.3575890064239502
35903,JG075B,296,S075_SNV,4.0,False,M8,10000.0,HEX,JG075B_296,STANDARD,,399,L-MMMMx,0.0,2+2,M8,-2.0,42,-0.6123136055658661,0.5133772492408752
35904,JG075B,296,S075_SNV,4.0,False,M8,10000.0,FAM,JG075B_296,STANDARD,,398,L-MMMMx,0.0,2+2,M8,-2.0,43,0.5084337821954034,0.35849428176879883
35905,JG075B,296,S075_SNV,4.0,False,M8,10000.0,HEX,JG075B_296,STANDARD,,399,L-MMMMx,0.0,2+2,M8,-2.0,43,-0.625573241913239,0.5244179368019104
35906,JG075B,296,S075_SNV,4.0,False,M8,10000.0,FAM,JG075B_296,STANDARD,,398,L-MMMMx,0.0,2+2,M8,-2.0,44,0.5108822096271683,0.359431654214859
35907,JG075B,296,S075_SNV,4.0,False,M8,10000.0,HEX,JG075B_296,STANDARD,,399,L-MMMMx,0.0,2+2,M8,-2.0,44,-0.639209606884451,0.53578120470047
35908,JG075B,296,S075_SNV,4.0,False,M8,10000.0,FAM,JG075B_296,STANDARD,,398,L-MMMMx,0.0,2+2,M8,-2.0,45,0.5161838740358707,0.36257627606391907
35909,JG075B,296,S075_SNV,4.0,False,M8,10000.0,HEX,JG075B_296,STANDARD,,399,L-MMMMx,0.0,2+2,M8,-2.0,45,-0.6493495376267622,0.5441505312919617
35910,JG075B,296,S075_SNV,4.0,False,M8,10000.0,FAM,JG075B_296,STANDARD,,398,L-MMMMx,0.0,2+2,M8,-2.0,46,0.5216063495155344,0.36581435799598694
35911,JG075B,296,S075_SNV,4.0,False,M8,10000.0,HEX,JG075B_296,STANDARD,,399,L-MMMMx,0.0,2+2,M8,-2.0,46,-0.6603085677254505,0.5532212853431702
35912,JG075B,296,S075_SNV,4.0,False,M8,10000.0,FAM,JG075B_296,STANDARD,,398,L-MMMMx,0.0,2+2,M8,-2.0,47,0.5234095009783576,0.36625251173973083
35913,JG075B,296,S075_SNV,4.0,False,M8,10000.0,HEX,JG075B_296,STANDARD,,399,L-MMMMx,0.0,2+2,M8,-2.0,47,-0.6721528265583151,0.5630499720573425
35914,JG075B,296,S075_SNV,4.0,False,M8,10000.0,FAM,JG075B_296,STANDARD,,398,L-MMMMx,0.0,2+2,M8,-2.0,48,0.5245413342898506,0.36617133021354675
35915,JG075B,296,S075_SNV,4.0,False,M8,10000.0,HEX,JG075B_296,STANDARD,,399,L-MMMMx,0.0,2+2,M8,-2.0,48,-0.6808787719835452,0.5702086091041565
35916,JG075B,296,S075_SNV,4.0,False,M8,10000.0,FAM,JG075B_296,STANDARD,,398,L-MMMMx,0.0,2+2,M8,-2.0,49,0.5283433388227939,0.368155837059021
35917,JG075B,296,S075_SNV,4.0,False,M8,10000.0,HEX,JG075B_296,STANDARD,,399,L-MMMMx,0.0,2+2,M8,-2.0,49,-0.6884617929307978,0.5763885974884033
35918,JG075B,296,S075_SNV,4.0,False,M8,10000.0,FAM,JG075B_296,STANDARD,,398,L-MMMMx,0.0,2+2,M8,-2.0,50,0.5325013045469624,0.37041568756103516
35919,JG075B,296,S075_SNV,4.0,False,M8,10000.0,HEX,JG075B_296,STANDARD,,399,L-MMMMx,0.0,2+2,M8,-2.0,50,-0.6995283702807484,0.585551381111145
37440,JG075B,313,S075_SNV,3.0,False,N1,1000.0,FAM,JG075B_313,STANDARD,,416,L-MMMMx,3.1622776601683795,2+2,N1,0.5,1,0.00037748162633862407,0.0021692595910280943
37441,JG075B,313,S075_SNV,3.0,False,N1,1000.0,HEX,JG075B_313,STANDARD,,417,L-MMMMx,3.1622776601683795,2+2,N1,0.5,1,0.0011117827617744744,0.0010898937471210957
37442,JG075B,313,S075_SNV,3.0,False,N1,1000.0,FAM,JG075B_313,STANDARD,,416,L-MMMMx,3.1622776601683795,2+2,N1,0.5,2,0.0006349756309002195,0.0020777941681444645
37443,JG075B,313,S075_SNV,3.0,False,N1,1000.0,HEX,JG075B_313,STANDARD,,417,L-MMMMx,3.1622776601683795,2+2,N1,0.5,2,0.001210855011197781,0.0006705879932269454
37444,JG075B,313,S075_SNV,3.0,False,N1,1000.0,FAM,JG075B_313,STANDARD,,416,L-MMMMx,3.1622776601683795,2+2,N1,0.5,3,-4.520302627206195e-05,0.0012609402183443308
37445,JG075B,313,S075_SNV,3.0,False,N1,1000.0,HEX,JG075B_313,STANDARD,,417,L-MMMMx,3.1622776601683795,2+2,N1,0.5,3,0.0007632635383069594,0.0007193724741227925
37446,JG075B,313,S075_SNV,3.0,False,N1,1000.0,FAM,JG075B_313,STANDARD,,416,L-MMMMx,3.1622776601683795,2+2,N1,0.5,4,-6.947310749196099e-05,0.0009515007259324193
37447,JG075B,313,S075_SNV,3.0,False,N1,1000.0,HEX,JG075B_313,STANDARD,,417,L-MMMMx,3.1622776601683795,2+2,N1,0.5,4,0.00017128378973281153,0.0008917919476516545
37448,JG075B,313,S075_SNV,3.0,False,N1,1000.0,FAM,JG075B_313,STANDARD,,416,L-MMMMx,3.1622776601683795,2+2,N1,0.5,5,-0.0010771822893175466,-0.00011873250332428142
37449,JG075B,313,S075_SNV,3.0,False,N1,1000.0,HEX,JG075B_313,STANDARD,,417,L-MMMMx,3.1622776601683795,2+2,N1,0.5,5,-0.00024715854952301307,0.0009156169835478067
37450,JG075B,313,S075_SNV,3.0,False,N1,1000.0,FAM,JG075B_313,STANDARD,,416,L-MMMMx,3.1622776601683795,2+2,N1,0.5,6,-0.0008205358114017254,-0.000210853511816822
37451,JG075B,313,S075_SNV,3.0,False,N1,1000.0,HEX,JG075B_313,STANDARD,,417,L-MMMMx,3.1622776601683795,2+2,N1,0.5,6,-0.000686640472399561,0.0009574575233273208
37452,JG075B,313,S075_SNV,3.0,False,N1,1000.0,FAM,JG075B_313,STANDARD,,416,L-MMMMx,3.1622776601683795,2+2,N1,0.5,7,-0.0003273908753764436,-0.00012001806317130104
37453,JG075B,313,S075_SNV,3.0,False,N1,1000.0,HEX,JG075B_313,STANDARD,,417,L-MMMMx,3.1622776601683795,2+2,N1,0.5,7,-0.0003535920428433966,0.00033780571538954973
37454,JG075B,313,S075_SNV,3.0,False,N1,1000.0,FAM,JG075B_313,STANDARD,,416,L-MMMMx,3.1622776601683795,2+2,N1,0.5,8,3.7608994906232434e-06,-0.00015450138016603887
37455,JG075B,313,S075_SNV,3.0,False,N1,1000.0,HEX,JG075B_313,STANDARD,,417,L-MMMMx,3.1622776601683795,2+2,N1,0.5,8,-7.295984642670179e-05,-0.0002369637950323522
37456,JG075B,313,S075_SNV,3.0,False,N1,1000.0,FAM,JG075B_313,STANDARD,,416,L-MMMMx,3.1622776601683795,2+2,N1,0.5,9,0.0010404400830263106,0.00035681502777151763
37457,JG075B,313,S075_SNV,3.0,False,N1,1000.0,HEX,JG075B_313,STANDARD,,417,L-MMMMx,3.1622776601683795,2+2,N1,0.5,9,3.933827855636479e-05,-0.0006675943732261658
37458,JG075B,313,S075_SNV,3.0,False,N1,1000.0,FAM,JG075B_313,STANDARD,,416,L-MMMMx,3.1622776601683795,2+2,N1,0.5,10,0.0012955841273428047,0.0002635317505337298
37459,JG075B,313,S075_SNV,3.0,False,N1,1000.0,HEX,JG075B_313,STANDARD,,417,L-MMMMx,3.1622776601683795,2+2,N1,0.5,10,0.0003864653045965367,-0.0012993011623620987
37460,JG075B,313,S075_SNV,3.0,False,N1,1000.0,FAM,JG075B_313,STANDARD,,416,L-MMMMx,3.1622776601683795,2+2,N1,0.5,11,0.0014608518232687839,0.00010071961878566071
37461,JG075B,313,S075_SNV,3.0,False,N1,1000.0,HEX,JG075B_313,STANDARD,,417,L-MMMMx,3.1622776601683795,2+2,N1,0.5,11,0.0003881011365736649,-0.001635175314731896
37462,JG075B,313,S075_SNV,3.0,False,N1,1000.0,FAM,JG075B_313,STANDARD,,416,L-MMMMx,3.1622776601683795,2+2,N1,0.5,12,0.0010170560523906302,-0.000533267215359956
37463,JG075B,313,S075_SNV,3.0,False,N1,1000.0,HEX,JG075B_313,STANDARD,,417,L-MMMMx,3.1622776601683795,2+2,N1,0.5,12,-0.0011476318455285604,-0.0006546510267071426
37464,JG075B,313,S075_SNV,3.0,False,N1,1000.0,FAM,JG075B_313,STANDARD,,416,L-MMMMx,3.1622776601683795,2+2,N1,0.5,13,0.00039735997857587475,-0.0013033314608037472
37465,JG075B,313,S075_SNV,3.0,False,N1,1000.0,HEX,JG075B_313,STANDARD,,417,L-MMMMx,3.1622776601683795,2+2,N1,0.5,13,-0.002157549261791121,-0.00012436530960258096
37466,JG075B,313,S075_SNV,3.0,False,N1,1000.0,FAM,JG075B_313,STANDARD,,416,L-MMMMx,3.1622776601683795,2+2,N1,0.5,14,0.0005200587225209198,-0.001499075093306601
37467,JG075B,313,S075_SNV,3.0,False,N1,1000.0,HEX,JG075B_313,STANDARD,,417,L-MMMMx,3.1622776601683795,2+2,N1,0.5,14,-0.0031030949495069026,0.0003508010122459382
37468,JG075B,313,S075_SNV,3.0,False,N1,1000.0,FAM,JG075B_313,STANDARD,,416,L-MMMMx,3.1622776601683795,2+2,N1,0.5,15,0.0011787795459797352,-0.0012801493285223842
37469,JG075B,313,S075_SNV,3.0,False,N1,1000.0,HEX,JG075B_313,STANDARD,,417,L-MMMMx,3.1622776601683795,2+2,N1,0.5,15,-0.003204098872860648,0.00010281396680511534
37470,JG075B,313,S075_SNV,3.0,False,N1,1000.0,FAM,JG075B_313,STANDARD,,416,L-MMMMx,3.1622776601683795,2+2,N1,0.5,16,0.0013470521091043684,-0.0014406368136405945
37471,JG075B,313,S075_SNV,3.0,False,N1,1000.0,HEX,JG075B_313,STANDARD,,417,L-MMMMx,3.1622776601683795,2+2,N1,0.5,16,-0.002672244650679882,-0.0006870686775073409
37472,JG075B,313,S075_SNV,3.0,False,N1,1000.0,FAM,JG075B_313,STANDARD,,416,L-MMMMx,3.1622776601683795,2+2,N1,0.5,17,0.0024324640747720753,-0.0008916204678826034
37473,JG075B,313,S075_SNV,3.0,False,N1,1000.0,HEX,JG075B_313,STANDARD,,417,L-MMMMx,3.1622776601683795,2+2,N1,0.5,17,-0.002075583638256293,-0.0015324433334171772
37474,JG075B,313,S075_SNV,3.0,False,N1,1000.0,FAM,JG075B_313,STANDARD,,416,L-MMMMx,3.1622776601683795,2+2,N1,0.5,18,0.0038610087601630215,-7.715485116932541e-05
37475,JG075B,313,S075_SNV,3.0,False,N1,1000.0,HEX,JG075B_313,STANDARD,,417,L-MMMMx,3.1622776601683795,2+2,N1,0.5,18,-0.0030804021314412094,-0.0010065236128866673
37476,JG075B,313,S075_SNV,3.0,False,N1,1000.0,FAM,JG075B_313,STANDARD,,416,L-MMMMx,3.1622776601683795,2+2,N1,0.5,19,0.006142049679387532,0.0013968063285574317
37477,JG075B,313,S075_SNV,3.0,False,N1,1000.0,HEX,JG075B_313,STANDARD,,417,L-MMMMx,3.1622776601683795,2+2,N1,0.5,19,-0.004334249939442131,-0.00026736833387985826
37478,JG075B,313,S075_SNV,3.0,False,N1,1000.0,FAM,JG075B_313,STANDARD,,416,L-MMMMx,3.1622776601683795,2+2,N1,0.5,20,0.008976679594056406,0.003299026982858777
37479,JG075B,313,S075_SNV,3.0,False,N1,1000.0,HEX,JG075B_313,STANDARD,,417,L-MMMMx,3.1622776601683795,2+2,N1,0.5,20,-0.004826322120136567,-0.00018049648497253656
37480,JG075B,313,S075_SNV,3.0,False,N1,1000.0,FAM,JG075B_313,STANDARD,,416,L-MMMMx,3.1622776601683795,2+2,N1,0.5,21,0.014966959402450375,0.007642474956810474
37481,JG075B,313,S075_SNV,3.0,False,N1,1000.0,HEX,JG075B_313,STANDARD,,417,L-MMMMx,3.1622776601683795,2+2,N1,0.5,21,-0.006614338678541212,0.0010160499950870872
37482,JG075B,313,S075_SNV,3.0,False,N1,1000.0,FAM,JG075B_313,STANDARD,,416,L-MMMMx,3.1622776601683795,2+2,N1,0.5,22,0.026452255266598595,0.016236895695328712
37483,JG075B,313,S075_SNV,3.0,False,N1,1000.0,HEX,JG075B_313,STANDARD,,417,L-MMMMx,3.1622776601683795,2+2,N1,0.5,22,-0.009322214882127158,0.0030002419371157885
37484,JG075B,313,S075_SNV,3.0,False,N1,1000.0,FAM,JG075B_313,STANDARD,,416,L-MMMMx,3.1622776601683795,2+2,N1,0.5,23,0.047562564531359,0.03227727860212326
37485,JG075B,313,S075_SNV,3.0,False,N1,1000.0,HEX,JG075B_313,STANDARD,,417,L-MMMMx,3.1622776601683795,2+2,N1,0.5,23,-0.014543790553120365,0.007136831991374493
37486,JG075B,313,S075_SNV,3.0,False,N1,1000.0,FAM,JG075B_313,STANDARD,,416,L-MMMMx,3.1622776601683795,2+2,N1,0.5,24,0.07787450911322889,0.05543609708547592
37487,JG075B,313,S075_SNV,3.0,False,N1,1000.0,HEX,JG075B_313,STANDARD,,417,L-MMMMx,3.1622776601683795,2+2,N1,0.5,24,-0.024680693266026968,0.015482255257666111
37488,JG075B,313,S075_SNV,3.0,False,N1,1000.0,FAM,JG075B_313,STANDARD,,416,L-MMMMx,3.1622776601683795,2+2,N1,0.5,25,0.12541851955273467,0.0919257327914238
37489,JG075B,313,S075_SNV,3.0,False,N1,1000.0,HEX,JG075B_313,STANDARD,,417,L-MMMMx,3.1622776601683795,2+2,N1,0.5,25,-0.03943925637601678,0.027785055339336395
37490,JG075B,313,S075_SNV,3.0,False,N1,1000.0,FAM,JG075B_313,STANDARD,,416,L-MMMMx,3.1622776601683795,2+2,N1,0.5,26,0.1856920334963237,0.13826297223567963
37491,JG075B,313,S075_SNV,3.0,False,N1,1000.0,HEX,JG075B_313,STANDARD,,417,L-MMMMx,3.1622776601683795,2+2,N1,0.5,26,-0.06152852205202113,0.04636489227414131
37492,JG075B,313,S075_SNV,3.0,False,N1,1000.0,FAM,JG075B_313,STANDARD,,416,L-MMMMx,3.1622776601683795,2+2,N1,0.5,27,0.250170666464737,0.18785332143306732
37493,JG075B,313,S075_SNV,3.0,False,N1,1000.0,HEX,JG075B_313,STANDARD,,417,L-MMMMx,3.1622776601683795,2+2,N1,0.5,27,-0.09160915758318573,0.07178747653961182
37494,JG075B,313,S075_SNV,3.0,False,N1,1000.0,FAM,JG075B_313,STANDARD,,416,L-MMMMx,3.1622776601683795,2+2,N1,0.5,28,0.31155001006136923,0.23504604399204254
37495,JG075B,313,S075_SNV,3.0,False,N1,1000.0,HEX,JG075B_313,STANDARD,,417,L-MMMMx,3.1622776601683795,2+2,N1,0.5,28,-0.1279988315983091,0.10261228680610657
37496,JG075B,313,S075_SNV,3.0,False,N1,1000.0,FAM,JG075B_313,STANDARD,,416,L-MMMMx,3.1622776601683795,2+2,N1,0.5,29,0.3673779000324263,0.2779441177845001
37497,JG075B,313,S075_SNV,3.0,False,N1,1000.0,HEX,JG075B_313,STANDARD,,417,L-MMMMx,3.1622776601683795,2+2,N1,0.5,29,-0.17055106752556692,0.13871389627456665
37498,JG075B,313,S075_SNV,3.0,False,N1,1000.0,FAM,JG075B_313,STANDARD,,416,L-MMMMx,3.1622776601683795,2+2,N1,0.5,30,0.41164568065087637,0.31189924478530884
37499,JG075B,313,S075_SNV,3.0,False,N1,1000.0,HEX,JG075B_313,STANDARD,,417,L-MMMMx,3.1622776601683795,2+2,N1,0.5,30,-0.2165518112852894,0.17776834964752197
37500,JG075B,313,S075_SNV,3.0,False,N1,1000.0,FAM,JG075B_313,STANDARD,,416,L-MMMMx,3.1622776601683795,2+2,N1,0.5,31,0.44756840572352563,0.339398592710495
37501,JG075B,313,S075_SNV,3.0,False,N1,1000.0,HEX,JG075B_313,STANDARD,,417,L-MMMMx,3.1622776601683795,2+2,N1,0.5,31,-0.26380943088241726,0.21789902448654175
37502,JG075B,313,S075_SNV,3.0,False,N1,1000.0,FAM,JG075B_313,STANDARD,,416,L-MMMMx,3.1622776601683795,2+2,N1,0.5,32,0.4723995495829272,0.35831743478775024
37503,JG075B,313,S075_SNV,3.0,False,N1,1000.0,HEX,JG075B_313,STANDARD,,417,L-MMMMx,3.1622776601683795,2+2,N1,0.5,32,-0.30976155214698975,0.25691184401512146
37504,JG075B,313,S075_SNV,3.0,False,N1,1000.0,FAM,JG075B_313,STANDARD,,416,L-MMMMx,3.1622776601683795,2+2,N1,0.5,33,0.4939956071875316,0.3747335970401764
37505,JG075B,313,S075_SNV,3.0,False,N1,1000.0,HEX,JG075B_313,STANDARD,,417,L-MMMMx,3.1622776601683795,2+2,N1,0.5,33,-0.3536241939027343,0.29413551092147827
37506,JG075B,313,S075_SNV,3.0,False,N1,1000.0,FAM,JG075B_313,STANDARD,,416,L-MMMMx,3.1622776601683795,2+2,N1,0.5,34,0.5104125065076864,0.3871431350708008
37507,JG075B,313,S075_SNV,3.0,False,N1,1000.0,HEX,JG075B_313,STANDARD,,417,L-MMMMx,3.1622776601683795,2+2,N1,0.5,34,-0.39371815722266096,0.32813218235969543
37508,JG075B,313,S075_SNV,3.0,False,N1,1000.0,FAM,JG075B_313,STANDARD,,416,L-MMMMx,3.1622776601683795,2+2,N1,0.5,35,0.5215918452527101,0.39550086855888367
37509,JG075B,313,S075_SNV,3.0,False,N1,1000.0,HEX,JG075B_313,STANDARD,,417,L-MMMMx,3.1622776601683795,2+2,N1,0.5,35,-0.4283540801385602,0.357455313205719
37510,JG075B,313,S075_SNV,3.0,False,N1,1000.0,FAM,JG075B_313,STANDARD,,416,L-MMMMx,3.1622776601683795,2+2,N1,0.5,36,0.533280624559721,0.40425270795822144
37511,JG075B,313,S075_SNV,3.0,False,N1,1000.0,HEX,JG075B_313,STANDARD,,417,L-MMMMx,3.1622776601683795,2+2,N1,0.5,36,-0.4624925013037983,0.38635244965553284
37512,JG075B,313,S075_SNV,3.0,False,N1,1000.0,FAM,JG075B_313,STANDARD,,416,L-MMMMx,3.1622776601683795,2+2,N1,0.5,37,0.5428649952052745,0.41137656569480896
37513,JG075B,313,S075_SNV,3.0,False,N1,1000.0,HEX,JG075B_313,STANDARD,,417,L-MMMMx,3.1622776601683795,2+2,N1,0.5,37,-0.4945717232542532,0.4134863317012787
37514,JG075B,313,S075_SNV,3.0,False,N1,1000.0,FAM,JG075B_313,STANDARD,,416,L-MMMMx,3.1622776601683795,2+2,N1,0.5,38,0.5498487688622081,0.4164885878562927
37515,JG075B,313,S075_SNV,3.0,False,N1,1000.0,HEX,JG075B_313,STANDARD,,417,L-MMMMx,3.1622776601683795,2+2,N1,0.5,38,-0.5202017298422837,0.43509799242019653
37516,JG075B,313,S075_SNV,3.0,False,N1,1000.0,FAM,JG075B_313,STANDARD,,416,L-MMMMx,3.1622776601683795,2+2,N1,0.5,39,0.554355607372928,0.41968443989753723
37517,JG075B,313,S075_SNV,3.0,False,N1,1000.0,HEX,JG075B_313,STANDARD,,417,L-MMMMx,3.1622776601683795,2+2,N1,0.5,39,-0.5420641021425668,0.45348355174064636
37518,JG075B,313,S075_SNV,3.0,False,N1,1000.0,FAM,JG075B_313,STANDARD,,416,L-MMMMx,3.1622776601683795,2+2,N1,0.5,40,0.560283979212242,0.4239799976348877
37519,JG075B,313,S075_SNV,3.0,False,N1,1000.0,HEX,JG075B_313,STANDARD,,417,L-MMMMx,3.1622776601683795,2+2,N1,0.5,40,-0.5642096473995716,0.4721115827560425
37520,JG075B,313,S075_SNV,3.0,False,N1,1000.0,FAM,JG075B_313,STANDARD,,416,L-MMMMx,3.1622776601683795,2+2,N1,0.5,41,0.5674895737067378,0.4292636215686798
37521,JG075B,313,S075_SNV,3.0,False,N1,1000.0,HEX,JG075B_313,STANDARD,,417,L-MMMMx,3.1622776601683795,2+2,N1,0.5,41,-0.5813021424841629,0.4864128530025482
37522,JG075B,313,S075_SNV,3.0,False,N1,1000.0,FAM,JG075B_313,STANDARD,,416,L-MMMMx,3.1622776601683795,2+2,N1,0.5,42,0.5705408237272789,0.43133339285850525
37523,JG075B,313,S075_SNV,3.0,False,N1,1000.0,HEX,JG075B_313,STANDARD,,417,L-MMMMx,3.1622776601683795,2+2,N1,0.5,42,-0.5976689546597517,0.5000927448272705
37524,JG075B,313,S075_SNV,3.0,False,N1,1000.0,FAM,JG075B_313,STANDARD,,416,L-MMMMx,3.1622776601683795,2+2,N1,0.5,43,0.5741082945229734,0.4338025450706482
37525,JG075B,313,S075_SNV,3.0,False,N1,1000.0,HEX,JG075B_313,STANDARD,,417,L-MMMMx,3.1622776601683795,2+2,N1,0.5,43,-0.609573077981992,0.5099514126777649
37526,JG075B,313,S075_SNV,3.0,False,N1,1000.0,FAM,JG075B_313,STANDARD,,416,L-MMMMx,3.1622776601683795,2+2,N1,0.5,44,0.5764688103272085,0.43533799052238464
37527,JG075B,313,S075_SNV,3.0,False,N1,1000.0,HEX,JG075B_313,STANDARD,,417,L-MMMMx,3.1622776601683795,2+2,N1,0.5,44,-0.621523979137791,0.5198500752449036
37528,JG075B,313,S075_SNV,3.0,False,N1,1000.0,FAM,JG075B_313,STANDARD,,416,L-MMMMx,3.1622776601683795,2+2,N1,0.5,45,0.5780980647318942,0.43630772829055786
37529,JG075B,313,S075_SNV,3.0,False,N1,1000.0,HEX,JG075B_313,STANDARD,,417,L-MMMMx,3.1622776601683795,2+2,N1,0.5,45,-0.631807793484218,0.5283212661743164
37530,JG075B,313,S075_SNV,3.0,False,N1,1000.0,FAM,JG075B_313,STANDARD,,416,L-MMMMx,3.1622776601683795,2+2,N1,0.5,46,0.5832347696361782,0.4399908483028412
37531,JG075B,313,S075_SNV,3.0,False,N1,1000.0,HEX,JG075B_313,STANDARD,,417,L-MMMMx,3.1622776601683795,2+2,N1,0.5,46,-0.6431189799221528,0.537672221660614
37532,JG075B,313,S075_SNV,3.0,False,N1,1000.0,FAM,JG075B_313,STANDARD,,416,L-MMMMx,3.1622776601683795,2+2,N1,0.5,47,0.5865759508174508,0.4422849416732788
37533,JG075B,313,S075_SNV,3.0,False,N1,1000.0,HEX,JG075B_313,STANDARD,,417,L-MMMMx,3.1622776601683795,2+2,N1,0.5,47,-0.6517342456519091,0.5447146892547607
37534,JG075B,313,S075_SNV,3.0,False,N1,1000.0,FAM,JG075B_313,STANDARD,,416,L-MMMMx,3.1622776601683795,2+2,N1,0.5,48,0.5905238840292212,0.44504842162132263
37535,JG075B,313,S075_SNV,3.0,False,N1,1000.0,HEX,JG075B_313,STANDARD,,417,L-MMMMx,3.1622776601683795,2+2,N1,0.5,48,-0.6606159083593874,0.5519853234291077
37536,JG075B,313,S075_SNV,3.0,False,N1,1000.0,FAM,JG075B_313,STANDARD,,416,L-MMMMx,3.1622776601683795,2+2,N1,0.5,49,0.5930323317570823,0.44669830799102783
37537,JG075B,313,S075_SNV,3.0,False,N1,1000.0,HEX,JG075B_313,STANDARD,,417,L-MMMMx,3.1622776601683795,2+2,N1,0.5,49,-0.6682669381509658,0.5582021474838257
37538,JG075B,313,S075_SNV,3.0,False,N1,1000.0,FAM,JG075B_313,STANDARD,,416,L-MMMMx,3.1622776601683795,2+2,N1,0.5,50,0.5931651622968381,0.4465104043483734
37539,JG075B,313,S075_SNV,3.0,False,N1,1000.0,HEX,JG075B_313,STANDARD,,417,L-MMMMx,3.1622776601683795,2+2,N1,0.5,50,-0.6780004168543641,0.5662021636962891
37800,JG075B,315,S075_SNV,3.0,False,N3,1000.0,FAM,JG075B_315,STANDARD,,420,L-MMMMx,1.0,2+2,N3,0.0,1,-0.001591284247856519,0.0011331342393532395
37801,JG075B,315,S075_SNV,3.0,False,N3,1000.0,HEX,JG075B_315,STANDARD,,421,L-MMMMx,1.0,2+2,N3,0.0,1,0.0003019175898956834,0.0014091398334130645
37802,JG075B,315,S075_SNV,3.0,False,N3,1000.0,FAM,JG075B_315,STANDARD,,420,L-MMMMx,1.0,2+2,N3,0.0,2,-0.0014351467253418352,0.000857590464875102
37803,JG075B,315,S075_SNV,3.0,False,N3,1000.0,HEX,JG075B_315,STANDARD,,421,L-MMMMx,1.0,2+2,N3,0.0,2,-0.00019340885228516646,0.001590189291164279
37804,JG075B,315,S075_SNV,3.0,False,N3,1000.0,FAM,JG075B_315,STANDARD,,420,L-MMMMx,1.0,2+2,N3,0.0,3,-0.0007554688793693294,0.0009870602516457438
37805,JG075B,315,S075_SNV,3.0,False,N3,1000.0,HEX,JG075B_315,STANDARD,,421,L-MMMMx,1.0,2+2,N3,0.0,3,0.00010241569855741046,0.0010938020423054695
37806,JG075B,315,S075_SNV,3.0,False,N3,1000.0,FAM,JG075B_315,STANDARD,,420,L-MMMMx,1.0,2+2,N3,0.0,4,-0.001549678394336692,-2.3677037461311556e-05
37807,JG075B,315,S075_SNV,3.0,False,N3,1000.0,HEX,JG075B_315,STANDARD,,421,L-MMMMx,1.0,2+2,N3,0.0,4,0.0009941355532385378,8.716931915841997e-05
37808,JG075B,315,S075_SNV,3.0,False,N3,1000.0,FAM,JG075B_315,STANDARD,,420,L-MMMMx,1.0,2+2,N3,0.0,5,-0.0006289947894567445,0.0002922360727097839
37809,JG075B,315,S075_SNV,3.0,False,N3,1000.0,HEX,JG075B_315,STANDARD,,421,L-MMMMx,1.0,2+2,N3,0.0,5,0.00034199547333532427,0.0004024930822197348
37810,JG075B,315,S075_SNV,3.0,False,N3,1000.0,FAM,JG075B_315,STANDARD,,420,L-MMMMx,1.0,2+2,N3,0.0,6,0.0005190185761829242,0.0007840126636438072
37811,JG075B,315,S075_SNV,3.0,False,N3,1000.0,HEX,JG075B_315,STANDARD,,421,L-MMMMx,1.0,2+2,N3,0.0,6,-0.0007624869531795195,0.0011051427572965622
37812,JG075B,315,S075_SNV,3.0,False,N3,1000.0,FAM,JG075B_315,STANDARD,,420,L-MMMMx,1.0,2+2,N3,0.0,7,0.0003236251603935148,0.00023652269737794995
37813,JG075B,315,S075_SNV,3.0,False,N3,1000.0,HEX,JG075B_315,STANDARD,,421,L-MMMMx,1.0,2+2,N3,0.0,7,-0.0001236597611752748,0.0003150536504108459
37814,JG075B,315,S075_SNV,3.0,False,N3,1000.0,FAM,JG075B_315,STANDARD,,420,L-MMMMx,1.0,2+2,N3,0.0,8,0.00023810201704720392,-0.00022597104543820024
37815,JG075B,315,S075_SNV,3.0,False,N3,1000.0,HEX,JG075B_315,STANDARD,,421,L-MMMMx,1.0,2+2,N3,0.0,8,0.00015789476603703486,-0.0001691145880613476
37816,JG075B,315,S075_SNV,3.0,False,N3,1000.0,FAM,JG075B_315,STANDARD,,420,L-MMMMx,1.0,2+2,N3,0.0,9,0.0009534915539575611,-6.88745203660801e-05
37817,JG075B,315,S075_SNV,3.0,False,N3,1000.0,HEX,JG075B_315,STANDARD,,421,L-MMMMx,1.0,2+2,N3,0.0,9,-0.00019654129649668853,-0.00010870498954318464
37818,JG075B,315,S075_SNV,3.0,False,N3,1000.0,FAM,JG075B_315,STANDARD,,420,L-MMMMx,1.0,2+2,N3,0.0,10,0.0008999047555815619,-0.0005066621233709157
37819,JG075B,315,S075_SNV,3.0,False,N3,1000.0,HEX,JG075B_315,STANDARD,,421,L-MMMMx,1.0,2+2,N3,0.0,10,-0.0005137534803168245,-8.016897481866181e-05
37820,JG075B,315,S075_SNV,3.0,False,N3,1000.0,FAM,JG075B_315,STANDARD,,420,L-MMMMx,1.0,2+2,N3,0.0,11,0.0009645479242910707,-0.0008529864717274904
37821,JG075B,315,S075_SNV,3.0,False,N3,1000.0,HEX,JG075B_315,STANDARD,,421,L-MMMMx,1.0,2+2,N3,0.0,11,-0.00038694169715370566,-0.00043183608795516193
37822,JG075B,315,S075_SNV,3.0,False,N3,1000.0,FAM,JG075B_315,STANDARD,,420,L-MMMMx,1.0,2+2,N3,0.0,12,0.0020348970300270624,-0.00042129133362323046
37823,JG075B,315,S075_SNV,3.0,False,N3,1000.0,HEX,JG075B_315,STANDARD,,421,L-MMMMx,1.0,2+2,N3,0.0,12,-0.0009769897717974148,-0.00016967966803349555
37824,JG075B,315,S075_SNV,3.0,False,N3,1000.0,FAM,JG075B_315,STANDARD,,420,L-MMMMx,1.0,2+2,N3,0.0,13,0.002133942075767317,-0.0007410021498799324
37825,JG075B,315,S075_SNV,3.0,False,N3,1000.0,HEX,JG075B_315,STANDARD,,421,L-MMMMx,1.0,2+2,N3,0.0,13,-0.0005288066149999723,-0.0007965264958329499
37826,JG075B,315,S075_SNV,3.0,False,N3,1000.0,FAM,JG075B_315,STANDARD,,420,L-MMMMx,1.0,2+2,N3,0.0,14,0.0032993297376453577,-0.0002357846824452281
37827,JG075B,315,S075_SNV,3.0,False,N3,1000.0,HEX,JG075B_315,STANDARD,,421,L-MMMMx,1.0,2+2,N3,0.0,14,-0.00021329987302833167,-0.0013097668997943401
37828,JG075B,315,S075_SNV,3.0,False,N3,1000.0,FAM,JG075B_315,STANDARD,,420,L-MMMMx,1.0,2+2,N3,0.0,15,0.0032738654143336862,-0.0006518166046589613
37829,JG075B,315,S075_SNV,3.0,False,N3,1000.0,HEX,JG075B_315,STANDARD,,421,L-MMMMx,1.0,2+2,N3,0.0,15,-0.0006452465273293847,-0.0011829875875264406
37830,JG075B,315,S075_SNV,3.0,False,N3,1000.0,FAM,JG075B_315,STANDARD,,420,L-MMMMx,1.0,2+2,N3,0.0,16,0.003400724743630714,-0.0009500101441517472
37831,JG075B,315,S075_SNV,3.0,False,N3,1000.0,HEX,JG075B_315,STANDARD,,421,L-MMMMx,1.0,2+2,N3,0.0,16,-0.001557449086660298,-0.0006449808133766055
37832,JG075B,315,S075_SNV,3.0,False,N3,1000.0,FAM,JG075B_315,STANDARD,,420,L-MMMMx,1.0,2+2,N3,0.0,17,0.004538837457090201,-0.00046589275007136166
37833,JG075B,315,S075_SNV,3.0,False,N3,1000.0,HEX,JG075B_315,STANDARD,,421,L-MMMMx,1.0,2+2,N3,0.0,17,-0.0015914013014196292,-0.000858990999404341
37834,JG075B,315,S075_SNV,3.0,False,N3,1000.0,FAM,JG075B_315,STANDARD,,420,L-MMMMx,1.0,2+2,N3,0.0,18,0.005099322237516092,-0.0004286313778720796
37835,JG075B,315,S075_SNV,3.0,False,N3,1000.0,HEX,JG075B_315,STANDARD,,421,L-MMMMx,1.0,2+2,N3,0.0,18,-0.001837489599170372,-0.0008913560304790735
37836,JG075B,315,S075_SNV,3.0,False,N3,1000.0,FAM,JG075B_315,STANDARD,,420,L-MMMMx,1.0,2+2,N3,0.0,19,0.007022976579792979,0.0006631852011196315
37837,JG075B,315,S075_SNV,3.0,False,N3,1000.0,HEX,JG075B_315,STANDARD,,421,L-MMMMx,1.0,2+2,N3,0.0,19,-0.0017155505070029543,-0.0012388508766889572
37838,JG075B,315,S075_SNV,3.0,False,N3,1000.0,FAM,JG075B_315,STANDARD,,420,L-MMMMx,1.0,2+2,N3,0.0,20,0.010051304856959714,0.002609583316370845
37839,JG075B,315,S075_SNV,3.0,False,N3,1000.0,HEX,JG075B_315,STANDARD,,421,L-MMMMx,1.0,2+2,N3,0.0,20,-0.003218601654498299,-0.00019491990678943694
37840,JG075B,315,S075_SNV,3.0,False,N3,1000.0,FAM,JG075B_315,STANDARD,,420,L-MMMMx,1.0,2+2,N3,0.0,21,0.015625410558340082,0.00652540847659111
37841,JG075B,315,S075_SNV,3.0,False,N3,1000.0,HEX,JG075B_315,STANDARD,,421,L-MMMMx,1.0,2+2,N3,0.0,21,-0.00530962998296418,0.0013524765381589532
37842,JG075B,315,S075_SNV,3.0,False,N3,1000.0,FAM,JG075B_315,STANDARD,,420,L-MMMMx,1.0,2+2,N3,0.0,22,0.026774353915931255,0.014753957279026508
37843,JG075B,315,S075_SNV,3.0,False,N3,1000.0,HEX,JG075B_315,STANDARD,,421,L-MMMMx,1.0,2+2,N3,0.0,22,-0.008360491425243952,0.003721746616065502
37844,JG075B,315,S075_SNV,3.0,False,N3,1000.0,FAM,JG075B_315,STANDARD,,420,L-MMMMx,1.0,2+2,N3,0.0,23,0.045760337643058493,0.029045281931757927
37845,JG075B,315,S075_SNV,3.0,False,N3,1000.0,HEX,JG075B_315,STANDARD,,421,L-MMMMx,1.0,2+2,N3,0.0,23,-0.012194568335211296,0.006761658471077681
37846,JG075B,315,S075_SNV,3.0,False,N3,1000.0,FAM,JG075B_315,STANDARD,,420,L-MMMMx,1.0,2+2,N3,0.0,24,0.07629383339492148,0.0522698238492012
37847,JG075B,315,S075_SNV,3.0,False,N3,1000.0,HEX,JG075B_315,STANDARD,,421,L-MMMMx,1.0,2+2,N3,0.0,24,-0.020804213067854627,0.013890732079744339
37848,JG075B,315,S075_SNV,3.0,False,N3,1000.0,FAM,JG075B_315,STANDARD,,420,L-MMMMx,1.0,2+2,N3,0.0,25,0.1212975368094727,0.08668859302997589
37849,JG075B,315,S075_SNV,3.0,False,N3,1000.0,HEX,JG075B_315,STANDARD,,421,L-MMMMx,1.0,2+2,N3,0.0,25,-0.034194576753655115,0.02511337772011757
37850,JG075B,315,S075_SNV,3.0,False,N3,1000.0,FAM,JG075B_315,STANDARD,,420,L-MMMMx,1.0,2+2,N3,0.0,26,0.17756036204556574,0.12981748580932617
37851,JG075B,315,S075_SNV,3.0,False,N3,1000.0,HEX,JG075B_315,STANDARD,,421,L-MMMMx,1.0,2+2,N3,0.0,26,-0.055635461282810085,0.043229419738054276
37852,JG075B,315,S075_SNV,3.0,False,N3,1000.0,FAM,JG075B_315,STANDARD,,420,L-MMMMx,1.0,2+2,N3,0.0,27,0.24071546658478724,0.17827826738357544
37853,JG075B,315,S075_SNV,3.0,False,N3,1000.0,HEX,JG075B_315,STANDARD,,421,L-MMMMx,1.0,2+2,N3,0.0,27,-0.08507455483698712,0.06819406896829605
37854,JG075B,315,S075_SNV,3.0,False,N3,1000.0,FAM,JG075B_315,STANDARD,,420,L-MMMMx,1.0,2+2,N3,0.0,28,0.2996300871236926,0.22345860302448273
37855,JG075B,315,S075_SNV,3.0,False,N3,1000.0,HEX,JG075B_315,STANDARD,,421,L-MMMMx,1.0,2+2,N3,0.0,28,-0.12059377481313203,0.0983649268746376
37856,JG075B,315,S075_SNV,3.0,False,N3,1000.0,FAM,JG075B_315,STANDARD,,420,L-MMMMx,1.0,2+2,N3,0.0,29,0.351668338746047,0.26331934332847595
37857,JG075B,315,S075_SNV,3.0,False,N3,1000.0,HEX,JG075B_315,STANDARD,,421,L-MMMMx,1.0,2+2,N3,0.0,29,-0.160470242089972,0.13226674497127533
37858,JG075B,315,S075_SNV,3.0,False,N3,1000.0,FAM,JG075B_315,STANDARD,,420,L-MMMMx,1.0,2+2,N3,0.0,30,0.3949571490407509,0.2964114546775818
37859,JG075B,315,S075_SNV,3.0,False,N3,1000.0,HEX,JG075B_315,STANDARD,,421,L-MMMMx,1.0,2+2,N3,0.0,30,-0.20528333702936372,0.1703956425189972
37860,JG075B,315,S075_SNV,3.0,False,N3,1000.0,FAM,JG075B_315,STANDARD,,420,L-MMMMx,1.0,2+2,N3,0.0,31,0.4281170913439299,0.3216678202152252
37861,JG075B,315,S075_SNV,3.0,False,N3,1000.0,HEX,JG075B_315,STANDARD,,421,L-MMMMx,1.0,2+2,N3,0.0,31,-0.2492383162794768,0.20778976380825043
37862,JG075B,315,S075_SNV,3.0,False,N3,1000.0,FAM,JG075B_315,STANDARD,,420,L-MMMMx,1.0,2+2,N3,0.0,32,0.45234348641763306,0.34001317620277405
37863,JG075B,315,S075_SNV,3.0,False,N3,1000.0,HEX,JG075B_315,STANDARD,,421,L-MMMMx,1.0,2+2,N3,0.0,32,-0.29235258230815303,0.24446401000022888
37864,JG075B,315,S075_SNV,3.0,False,N3,1000.0,FAM,JG075B_315,STANDARD,,420,L-MMMMx,1.0,2+2,N3,0.0,33,0.4733455819393035,0.35586416721343994
37865,JG075B,315,S075_SNV,3.0,False,N3,1000.0,HEX,JG075B_315,STANDARD,,421,L-MMMMx,1.0,2+2,N3,0.0,33,-0.33414972515575564,0.280010461807251
37866,JG075B,315,S075_SNV,3.0,False,N3,1000.0,FAM,JG075B_315,STANDARD,,420,L-MMMMx,1.0,2+2,N3,0.0,34,0.4871070261824938,0.3661137521266937
37867,JG075B,315,S075_SNV,3.0,False,N3,1000.0,HEX,JG075B_315,STANDARD,,421,L-MMMMx,1.0,2+2,N3,0.0,34,-0.3740266797016952,0.31391268968582153
37868,JG075B,315,S075_SNV,3.0,False,N3,1000.0,FAM,JG075B_315,STANDARD,,420,L-MMMMx,1.0,2+2,N3,0.0,35,0.49572275091980417,0.37238258123397827
37869,JG075B,315,S075_SNV,3.0,False,N3,1000.0,HEX,JG075B_315,STANDARD,,421,L-MMMMx,1.0,2+2,N3,0.0,35,-0.4103450035986672,0.34476780891418457
37870,JG075B,315,S075_SNV,3.0,False,N3,1000.0,FAM,JG075B_315,STANDARD,,420,L-MMMMx,1.0,2+2,N3,0.0,36,0.5078626455459977,0.3813777565956116
37871,JG075B,315,S075_SNV,3.0,False,N3,1000.0,HEX,JG075B_315,STANDARD,,421,L-MMMMx,1.0,2+2,N3,0.0,36,-0.44264161717740175,0.372179239988327
37872,JG075B,315,S075_SNV,3.0,False,N3,1000.0,FAM,JG075B_315,STANDARD,,420,L-MMMMx,1.0,2+2,N3,0.0,37,0.5162064683257683,0.38743624091148376
37873,JG075B,315,S075_SNV,3.0,False,N3,1000.0,HEX,JG075B_315,STANDARD,,421,L-MMMMx,1.0,2+2,N3,0.0,37,-0.4729837247878892,0.39791712164878845
37874,JG075B,315,S075_SNV,3.0,False,N3,1000.0,FAM,JG075B_315,STANDARD,,420,L-MMMMx,1.0,2+2,N3,0.0,38,0.5216452779553323,0.39124739170074463
37875,JG075B,315,S075_SNV,3.0,False,N3,1000.0,HEX,JG075B_315,STANDARD,,421,L-MMMMx,1.0,2+2,N3,0.0,38,-0.498567719250946,0.41958075761795044
37876,JG075B,315,S075_SNV,3.0,False,N3,1000.0,FAM,JG075B_315,STANDARD,,420,L-MMMMx,1.0,2+2,N3,0.0,39,0.5263470475945803,0.3944883644580841
37877,JG075B,315,S075_SNV,3.0,False,N3,1000.0,HEX,JG075B_315,STANDARD,,421,L-MMMMx,1.0,2+2,N3,0.0,39,-0.5183260635792855,0.4362561106681824
37878,JG075B,315,S075_SNV,3.0,False,N3,1000.0,FAM,JG075B_315,STANDARD,,420,L-MMMMx,1.0,2+2,N3,0.0,40,0.5301691616233916,0.39704886078834534
37879,JG075B,315,S075_SNV,3.0,False,N3,1000.0,HEX,JG075B_315,STANDARD,,421,L-MMMMx,1.0,2+2,N3,0.0,40,-0.5355788701976354,0.4507860243320465
37880,JG075B,315,S075_SNV,3.0,False,N3,1000.0,FAM,JG075B_315,STANDARD,,420,L-MMMMx,1.0,2+2,N3,0.0,41,0.5337938019437374,0.39945656061172485
37881,JG075B,315,S075_SNV,3.0,False,N3,1000.0,HEX,JG075B_315,STANDARD,,421,L-MMMMx,1.0,2+2,N3,0.0,41,-0.5520828834296888,0.46467480063438416
37882,JG075B,315,S075_SNV,3.0,False,N3,1000.0,FAM,JG075B_315,STANDARD,,420,L-MMMMx,1.0,2+2,N3,0.0,42,0.5382725950272699,0.40252503752708435
37883,JG075B,315,S075_SNV,3.0,False,N3,1000.0,HEX,JG075B_315,STANDARD,,421,L-MMMMx,1.0,2+2,N3,0.0,42,-0.568397070542524,0.4784010052680969
37884,JG075B,315,S075_SNV,3.0,False,N3,1000.0,FAM,JG075B_315,STANDARD,,420,L-MMMMx,1.0,2+2,N3,0.0,43,0.5449184366961702,0.40726998448371887
37885,JG075B,315,S075_SNV,3.0,False,N3,1000.0,HEX,JG075B_315,STANDARD,,421,L-MMMMx,1.0,2+2,N3,0.0,43,-0.5820295373609394,0.48983097076416016
37886,JG075B,315,S075_SNV,3.0,False,N3,1000.0,FAM,JG075B_315,STANDARD,,420,L-MMMMx,1.0,2+2,N3,0.0,44,0.5475572494317268,0.40891504287719727
37887,JG075B,315,S075_SNV,3.0,False,N3,1000.0,HEX,JG075B_315,STANDARD,,421,L-MMMMx,1.0,2+2,N3,0.0,44,-0.5931044678954542,0.4990709722042084
37888,JG075B,315,S075_SNV,3.0,False,N3,1000.0,FAM,JG075B_315,STANDARD,,420,L-MMMMx,1.0,2+2,N3,0.0,45,0.5494306685582723,0.40996798872947693
37889,JG075B,315,S075_SNV,3.0,False,N3,1000.0,HEX,JG075B_315,STANDARD,,421,L-MMMMx,1.0,2+2,N3,0.0,45,-0.6026560560049701,0.5070065855979919
37890,JG075B,315,S075_SNV,3.0,False,N3,1000.0,FAM,JG075B_315,STANDARD,,420,L-MMMMx,1.0,2+2,N3,0.0,46,0.5504346023941303,0.4103482961654663
37891,JG075B,315,S075_SNV,3.0,False,N3,1000.0,HEX,JG075B_315,STANDARD,,421,L-MMMMx,1.0,2+2,N3,0.0,46,-0.6137280629248874,0.516244113445282
37892,JG075B,315,S075_SNV,3.0,False,N3,1000.0,FAM,JG075B_315,STANDARD,,420,L-MMMMx,1.0,2+2,N3,0.0,47,0.5549061529772353,0.4134112000465393
37893,JG075B,315,S075_SNV,3.0,False,N3,1000.0,HEX,JG075B_315,STANDARD,,421,L-MMMMx,1.0,2+2,N3,0.0,47,-0.6227758147854477,0.5237483382225037
37894,JG075B,315,S075_SNV,3.0,False,N3,1000.0,FAM,JG075B_315,STANDARD,,420,L-MMMMx,1.0,2+2,N3,0.0,48,0.5581515636475356,0.41552552580833435
37895,JG075B,315,S075_SNV,3.0,False,N3,1000.0,HEX,JG075B_315,STANDARD,,421,L-MMMMx,1.0,2+2,N3,0.0,48,-0.6321015884722485,0.5314906239509583
37896,JG075B,315,S075_SNV,3.0,False,N3,1000.0,FAM,JG075B_315,STANDARD,,420,L-MMMMx,1.0,2+2,N3,0.0,49,0.559545205644696,0.41620731353759766
37897,JG075B,315,S075_SNV,3.0,False,N3,1000.0,HEX,JG075B_315,STANDARD,,421,L-MMMMx,1.0,2+2,N3,0.0,49,-0.6405305781862263,0.5384649634361267
37898,JG075B,315,S075_SNV,3.0,False,N3,1000.0,FAM,JG075B_315,STANDARD,,420,L-MMMMx,1.0,2+2,N3,0.0,50,0.5627479317912,0.4182886481285095
37899,JG075B,315,S075_SNV,3.0,False,N3,1000.0,HEX,JG075B_315,STANDARD,,421,L-MMMMx,1.0,2+2,N3,0.0,50,-0.6490862578660922,0.5455478429794312
38520,JG075B,319,S075_SNV,3.0,False,N7,1000.0,FAM,JG075B_319,STANDARD,,428,L-MMMMx,0.1,2+2,N7,-1.0,1,-0.0036266917200679684,0.0006621891516260803
38521,JG075B,319,S075_SNV,3.0,False,N7,1000.0,HEX,JG075B_319,STANDARD,,429,L-MMMMx,0.1,2+2,N7,-1.0,1,0.00048214624809917464,0.001746930880472064
38522,JG075B,319,S075_SNV,3.0,False,N7,1000.0,FAM,JG075B_319,STANDARD,,428,L-MMMMx,0.1,2+2,N7,-1.0,2,-0.0032087455118859293,0.0003791642375290394
38523,JG075B,319,S075_SNV,3.0,False,N7,1000.0,HEX,JG075B_319,STANDARD,,429,L-MMMMx,0.1,2+2,N7,-1.0,2,5.676032417447614e-05,0.0017883103573694825
38524,JG075B,319,S075_SNV,3.0,False,N7,1000.0,FAM,JG075B_319,STANDARD,,428,L-MMMMx,0.1,2+2,N7,-1.0,3,-0.0028266650903955187,6.839336856501177e-05
38525,JG075B,319,S075_SNV,3.0,False,N7,1000.0,HEX,JG075B_319,STANDARD,,429,L-MMMMx,0.1,2+2,N7,-1.0,3,0.0005428460559313359,0.001049226731993258
38526,JG075B,319,S075_SNV,3.0,False,N7,1000.0,FAM,JG075B_319,STANDARD,,428,L-MMMMx,0.1,2+2,N7,-1.0,4,-0.0022357078746601993,-8.078930841293186e-05
38527,JG075B,319,S075_SNV,3.0,False,N7,1000.0,HEX,JG075B_319,STANDARD,,429,L-MMMMx,0.1,2+2,N7,-1.0,4,0.0006084707621627234,0.0006701700622215867
38528,JG075B,319,S075_SNV,3.0,False,N7,1000.0,FAM,JG075B_319,STANDARD,,428,L-MMMMx,0.1,2+2,N7,-1.0,5,-0.001420965100502033,-5.685029464075342e-05
38529,JG075B,319,S075_SNV,3.0,False,N7,1000.0,HEX,JG075B_319,STANDARD,,429,L-MMMMx,0.1,2+2,N7,-1.0,5,0.0003188588923396653,0.0005952907376922667
38530,JG075B,319,S075_SNV,3.0,False,N7,1000.0,FAM,JG075B_319,STANDARD,,428,L-MMMMx,0.1,2+2,N7,-1.0,6,-0.001058185172172209,-0.0003825521271210164
38531,JG075B,319,S075_SNV,3.0,False,N7,1000.0,HEX,JG075B_319,STANDARD,,429,L-MMMMx,0.1,2+2,N7,-1.0,6,0.0005978378543113901,3.354579530423507e-05
38532,JG075B,319,S075_SNV,3.0,False,N7,1000.0,FAM,JG075B_319,STANDARD,,428,L-MMMMx,0.1,2+2,N7,-1.0,7,0.0011204591186673944,0.0006965083302929997
38533,JG075B,319,S075_SNV,3.0,False,N7,1000.0,HEX,JG075B_319,STANDARD,,429,L-MMMMx,0.1,2+2,N7,-1.0,7,0.0009725651943486399,-0.0006101853214204311
38534,JG075B,319,S075_SNV,3.0,False,N7,1000.0,FAM,JG075B_319,STANDARD,,428,L-MMMMx,0.1,2+2,N7,-1.0,8,0.001971838158286075,0.0007487893453799188
38535,JG075B,319,S075_SNV,3.0,False,N7,1000.0,HEX,JG075B_319,STANDARD,,429,L-MMMMx,0.1,2+2,N7,-1.0,8,0.0007109190903473373,-0.0007090108119882643
38536,JG075B,319,S075_SNV,3.0,False,N7,1000.0,FAM,JG075B_319,STANDARD,,428,L-MMMMx,0.1,2+2,N7,-1.0,9,0.001309650180367274,-0.00036983308382332325
38537,JG075B,319,S075_SNV,3.0,False,N7,1000.0,HEX,JG075B_319,STANDARD,,429,L-MMMMx,0.1,2+2,N7,-1.0,9,-0.001106176991820938,0.0005240444443188608
38538,JG075B,319,S075_SNV,3.0,False,N7,1000.0,FAM,JG075B_319,STANDARD,,428,L-MMMMx,0.1,2+2,N7,-1.0,10,0.0031395757804092168,0.00043945672223344445
38539,JG075B,319,S075_SNV,3.0,False,N7,1000.0,HEX,JG075B_319,STANDARD,,429,L-MMMMx,0.1,2+2,N7,-1.0,10,-0.002645320857620154,0.0015190982958301902
38540,JG075B,319,S075_SNV,3.0,False,N7,1000.0,FAM,JG075B_319,STANDARD,,428,L-MMMMx,0.1,2+2,N7,-1.0,11,0.0039152938049233236,0.0004332060052547604
38541,JG075B,319,S075_SNV,3.0,False,N7,1000.0,HEX,JG075B_319,STANDARD,,429,L-MMMMx,0.1,2+2,N7,-1.0,11,-0.0011418172459609225,-9.116683941101655e-05
38542,JG075B,319,S075_SNV,3.0,False,N7,1000.0,FAM,JG075B_319,STANDARD,,428,L-MMMMx,0.1,2+2,N7,-1.0,12,0.0033376658718897263,-0.0006200003554113209
38543,JG075B,319,S075_SNV,3.0,False,N7,1000.0,HEX,JG075B_319,STANDARD,,429,L-MMMMx,0.1,2+2,N7,-1.0,12,-0.00035383350208470146,-0.0010887557873502374
38544,JG075B,319,S075_SNV,3.0,False,N7,1000.0,FAM,JG075B_319,STANDARD,,428,L-MMMMx,0.1,2+2,N7,-1.0,13,0.003373146419196912,-0.0011989027261734009
38545,JG075B,319,S075_SNV,3.0,False,N7,1000.0,HEX,JG075B_319,STANDARD,,429,L-MMMMx,0.1,2+2,N7,-1.0,13,-0.0011057767350605768,-0.0007677559624426067
38546,JG075B,319,S075_SNV,3.0,False,N7,1000.0,FAM,JG075B_319,STANDARD,,428,L-MMMMx,0.1,2+2,N7,-1.0,14,0.005781008143780006,5.7481563999317586e-05
38547,JG075B,319,S075_SNV,3.0,False,N7,1000.0,HEX,JG075B_319,STANDARD,,429,L-MMMMx,0.1,2+2,N7,-1.0,14,-0.0009619279358803462,-0.0012137934099882841
38548,JG075B,319,S075_SNV,3.0,False,N7,1000.0,FAM,JG075B_319,STANDARD,,428,L-MMMMx,0.1,2+2,N7,-1.0,15,0.006550793481773693,4.6641271183034405e-05
38549,JG075B,319,S075_SNV,3.0,False,N7,1000.0,HEX,JG075B_319,STANDARD,,429,L-MMMMx,0.1,2+2,N7,-1.0,15,-0.0021198359386694833,-0.0005451792967505753
38550,JG075B,319,S075_SNV,3.0,False,N7,1000.0,FAM,JG075B_319,STANDARD,,428,L-MMMMx,0.1,2+2,N7,-1.0,16,0.006684201880606249,-0.00045650359243154526
38551,JG075B,319,S075_SNV,3.0,False,N7,1000.0,HEX,JG075B_319,STANDARD,,429,L-MMMMx,0.1,2+2,N7,-1.0,16,-0.0022787726774685453,-0.0007319513824768364
38552,JG075B,319,S075_SNV,3.0,False,N7,1000.0,FAM,JG075B_319,STANDARD,,428,L-MMMMx,0.1,2+2,N7,-1.0,17,0.007843078996887206,-0.00016634042549412698
38553,JG075B,319,S075_SNV,3.0,False,N7,1000.0,HEX,JG075B_319,STANDARD,,429,L-MMMMx,0.1,2+2,N7,-1.0,17,-0.002047633099593899,-0.0012527330545708537
38554,JG075B,319,S075_SNV,3.0,False,N7,1000.0,FAM,JG075B_319,STANDARD,,428,L-MMMMx,0.1,2+2,N7,-1.0,18,0.008653969377200943,-0.00014538165123667568
38555,JG075B,319,S075_SNV,3.0,False,N7,1000.0,HEX,JG075B_319,STANDARD,,429,L-MMMMx,0.1,2+2,N7,-1.0,18,-0.002773751070292559,-0.000953846494667232
38556,JG075B,319,S075_SNV,3.0,False,N7,1000.0,FAM,JG075B_319,STANDARD,,428,L-MMMMx,0.1,2+2,N7,-1.0,19,0.008931688449445788,-0.0005368869751691818
38557,JG075B,319,S075_SNV,3.0,False,N7,1000.0,HEX,JG075B_319,STANDARD,,429,L-MMMMx,0.1,2+2,N7,-1.0,19,-0.002924543454141664,-0.0011475923238322139
38558,JG075B,319,S075_SNV,3.0,False,N7,1000.0,FAM,JG075B_319,STANDARD,,428,L-MMMMx,0.1,2+2,N7,-1.0,20,0.01237892603325567,0.0015235638711601496
38559,JG075B,319,S075_SNV,3.0,False,N7,1000.0,HEX,JG075B_319,STANDARD,,429,L-MMMMx,0.1,2+2,N7,-1.0,20,-0.004973562225237466,0.00028405062039382756
38560,JG075B,319,S075_SNV,3.0,False,N7,1000.0,FAM,JG075B_319,STANDARD,,428,L-MMMMx,0.1,2+2,N7,-1.0,21,0.01843280886402115,0.005600529257208109
38561,JG075B,319,S075_SNV,3.0,False,N7,1000.0,HEX,JG075B_319,STANDARD,,429,L-MMMMx,0.1,2+2,N7,-1.0,21,-0.006250242071046815,0.001054365187883377
38562,JG075B,319,S075_SNV,3.0,False,N7,1000.0,FAM,JG075B_319,STANDARD,,428,L-MMMMx,0.1,2+2,N7,-1.0,22,0.02860189584728196,0.0128610385581851
38563,JG075B,319,S075_SNV,3.0,False,N7,1000.0,HEX,JG075B_319,STANDARD,,429,L-MMMMx,0.1,2+2,N7,-1.0,22,-0.00934586266061567,0.0033821789547801018
38564,JG075B,319,S075_SNV,3.0,False,N7,1000.0,FAM,JG075B_319,STANDARD,,428,L-MMMMx,0.1,2+2,N7,-1.0,23,0.049350234186419865,0.028305713087320328
38565,JG075B,319,S075_SNV,3.0,False,N7,1000.0,HEX,JG075B_319,STANDARD,,429,L-MMMMx,0.1,2+2,N7,-1.0,23,-0.014312526982662345,0.007312105968594551
38566,JG075B,319,S075_SNV,3.0,False,N7,1000.0,FAM,JG075B_319,STANDARD,,428,L-MMMMx,0.1,2+2,N7,-1.0,24,0.08275229944272114,0.053539376705884933
38567,JG075B,319,S075_SNV,3.0,False,N7,1000.0,HEX,JG075B_319,STANDARD,,429,L-MMMMx,0.1,2+2,N7,-1.0,24,-0.023675890000001414,0.015006781555712223
38568,JG075B,319,S075_SNV,3.0,False,N7,1000.0,FAM,JG075B_319,STANDARD,,428,L-MMMMx,0.1,2+2,N7,-1.0,25,0.13067172566236646,0.09000374376773834
38569,JG075B,319,S075_SNV,3.0,False,N7,1000.0,HEX,JG075B_319,STANDARD,,429,L-MMMMx,0.1,2+2,N7,-1.0,25,-0.03746146373048894,0.0264880508184433
38570,JG075B,319,S075_SNV,3.0,False,N7,1000.0,FAM,JG075B_319,STANDARD,,428,L-MMMMx,0.1,2+2,N7,-1.0,26,0.18860648982694145,0.1342160403728485
38571,JG075B,319,S075_SNV,3.0,False,N7,1000.0,HEX,JG075B_319,STANDARD,,429,L-MMMMx,0.1,2+2,N7,-1.0,26,-0.060184823127244574,0.04562245309352875
38572,JG075B,319,S075_SNV,3.0,False,N7,1000.0,FAM,JG075B_319,STANDARD,,428,L-MMMMx,0.1,2+2,N7,-1.0,27,0.24994784882026758,0.1810636818408966
38573,JG075B,319,S075_SNV,3.0,False,N7,1000.0,HEX,JG075B_319,STANDARD,,429,L-MMMMx,0.1,2+2,N7,-1.0,27,-0.0884387042065887,0.06949245929718018
38574,JG075B,319,S075_SNV,3.0,False,N7,1000.0,FAM,JG075B_319,STANDARD,,428,L-MMMMx,0.1,2+2,N7,-1.0,28,0.3086749733507646,0.2258889526128769
38575,JG075B,319,S075_SNV,3.0,False,N7,1000.0,HEX,JG075B_319,STANDARD,,429,L-MMMMx,0.1,2+2,N7,-1.0,28,-0.12409643042428642,0.0997021347284317
38576,JG075B,319,S075_SNV,3.0,False,N7,1000.0,FAM,JG075B_319,STANDARD,,428,L-MMMMx,0.1,2+2,N7,-1.0,29,0.35970570841098565,0.26476025581359863
38577,JG075B,319,S075_SNV,3.0,False,N7,1000.0,HEX,JG075B_319,STANDARD,,429,L-MMMMx,0.1,2+2,N7,-1.0,29,-0.16660108800446477,0.1357746124267578
38578,JG075B,319,S075_SNV,3.0,False,N7,1000.0,FAM,JG075B_319,STANDARD,,428,L-MMMMx,0.1,2+2,N7,-1.0,30,0.4007209899544617,0.29588353633880615
38579,JG075B,319,S075_SNV,3.0,False,N7,1000.0,HEX,JG075B_319,STANDARD,,429,L-MMMMx,0.1,2+2,N7,-1.0,30,-0.2122509284026254,0.1745402067899704
38580,JG075B,319,S075_SNV,3.0,False,N7,1000.0,FAM,JG075B_319,STANDARD,,428,L-MMMMx,0.1,2+2,N7,-1.0,31,0.4328148978330104,0.3201051950454712
38581,JG075B,319,S075_SNV,3.0,False,N7,1000.0,HEX,JG075B_319,STANDARD,,429,L-MMMMx,0.1,2+2,N7,-1.0,31,-0.260108271846517,0.21519601345062256
38582,JG075B,319,S075_SNV,3.0,False,N7,1000.0,FAM,JG075B_319,STANDARD,,428,L-MMMMx,0.1,2+2,N7,-1.0,32,0.4560845123715114,0.33750033378601074
38583,JG075B,319,S075_SNV,3.0,False,N7,1000.0,HEX,JG075B_319,STANDARD,,429,L-MMMMx,0.1,2+2,N7,-1.0,32,-0.30765546850853226,0.2555862367153168
38584,JG075B,319,S075_SNV,3.0,False,N7,1000.0,FAM,JG075B_319,STANDARD,,428,L-MMMMx,0.1,2+2,N7,-1.0,33,0.47799076472846913,0.35384079813957214
38585,JG075B,319,S075_SNV,3.0,False,N7,1000.0,HEX,JG075B_319,STANDARD,,429,L-MMMMx,0.1,2+2,N7,-1.0,33,-0.3512084159465643,0.2925563454627991
38586,JG075B,319,S075_SNV,3.0,False,N7,1000.0,FAM,JG075B_319,STANDARD,,428,L-MMMMx,0.1,2+2,N7,-1.0,34,0.49366792738261683,0.36536237597465515
38587,JG075B,319,S075_SNV,3.0,False,N7,1000.0,HEX,JG075B_319,STANDARD,,429,L-MMMMx,0.1,2+2,N7,-1.0,34,-0.39249570129133815,0.32758641242980957
38588,JG075B,319,S075_SNV,3.0,False,N7,1000.0,FAM,JG075B_319,STANDARD,,428,L-MMMMx,0.1,2+2,N7,-1.0,35,0.5063537062165658,0.3745698034763336
38589,JG075B,319,S075_SNV,3.0,False,N7,1000.0,HEX,JG075B_319,STANDARD,,429,L-MMMMx,0.1,2+2,N7,-1.0,35,-0.4304360744109077,0.3597506582736969
38590,JG075B,319,S075_SNV,3.0,False,N7,1000.0,FAM,JG075B_319,STANDARD,,428,L-MMMMx,0.1,2+2,N7,-1.0,36,0.5174397399826774,0.38253965973854065
38591,JG075B,319,S075_SNV,3.0,False,N7,1000.0,HEX,JG075B_319,STANDARD,,429,L-MMMMx,0.1,2+2,N7,-1.0,36,-0.4677752966813505,0.39140012860298157
38592,JG075B,319,S075_SNV,3.0,False,N7,1000.0,FAM,JG075B_319,STANDARD,,428,L-MMMMx,0.1,2+2,N7,-1.0,37,0.5268570708311365,0.38921862840652466
38593,JG075B,319,S075_SNV,3.0,False,N7,1000.0,HEX,JG075B_319,STANDARD,,429,L-MMMMx,0.1,2+2,N7,-1.0,37,-0.5003218096982931,0.4189457893371582
38594,JG075B,319,S075_SNV,3.0,False,N7,1000.0,FAM,JG075B_319,STANDARD,,428,L-MMMMx,0.1,2+2,N7,-1.0,38,0.5333422676767242,0.393629252910614
38595,JG075B,319,S075_SNV,3.0,False,N7,1000.0,HEX,JG075B_319,STANDARD,,429,L-MMMMx,0.1,2+2,N7,-1.0,38,-0.5262129925236931,0.44079267978668213
38596,JG075B,319,S075_SNV,3.0,False,N7,1000.0,FAM,JG075B_319,STANDARD,,428,L-MMMMx,0.1,2+2,N7,-1.0,39,0.5394087863592995,0.3977159857749939
38597,JG075B,319,S075_SNV,3.0,False,N7,1000.0,HEX,JG075B_319,STANDARD,,429,L-MMMMx,0.1,2+2,N7,-1.0,39,-0.5503994295993115,0.4611798822879791
38598,JG075B,319,S075_SNV,3.0,False,N7,1000.0,FAM,JG075B_319,STANDARD,,428,L-MMMMx,0.1,2+2,N7,-1.0,40,0.5449994573542108,0.40143463015556335
38599,JG075B,319,S075_SNV,3.0,False,N7,1000.0,HEX,JG075B_319,STANDARD,,429,L-MMMMx,0.1,2+2,N7,-1.0,40,-0.5691315852039563,0.476896733045578
38600,JG075B,319,S075_SNV,3.0,False,N7,1000.0,FAM,JG075B_319,STANDARD,,428,L-MMMMx,0.1,2+2,N7,-1.0,41,0.5493254644978732,0.40417489409446716
38601,JG075B,319,S075_SNV,3.0,False,N7,1000.0,HEX,JG075B_319,STANDARD,,429,L-MMMMx,0.1,2+2,N7,-1.0,41,-0.5878191904909261,0.49257543683052063
38602,JG075B,319,S075_SNV,3.0,False,N7,1000.0,FAM,JG075B_319,STANDARD,,428,L-MMMMx,0.1,2+2,N7,-1.0,42,0.5512490417922733,0.4050566256046295
38603,JG075B,319,S075_SNV,3.0,False,N7,1000.0,HEX,JG075B_319,STANDARD,,429,L-MMMMx,0.1,2+2,N7,-1.0,42,-0.6031076065392948,0.5053435564041138
38604,JG075B,319,S075_SNV,3.0,False,N7,1000.0,FAM,JG075B_319,STANDARD,,428,L-MMMMx,0.1,2+2,N7,-1.0,43,0.5535591682850232,0.40623739361763
38605,JG075B,319,S075_SNV,3.0,False,N7,1000.0,HEX,JG075B_319,STANDARD,,429,L-MMMMx,0.1,2+2,N7,-1.0,43,-0.6169993005186817,0.5169156789779663
38606,JG075B,319,S075_SNV,3.0,False,N7,1000.0,FAM,JG075B_319,STANDARD,,428,L-MMMMx,0.1,2+2,N7,-1.0,44,0.5592532375307191,0.41003602743148804
38607,JG075B,319,S075_SNV,3.0,False,N7,1000.0,HEX,JG075B_319,STANDARD,,429,L-MMMMx,0.1,2+2,N7,-1.0,44,-0.6282207598324242,0.5262013673782349
38608,JG075B,319,S075_SNV,3.0,False,N7,1000.0,FAM,JG075B_319,STANDARD,,428,L-MMMMx,0.1,2+2,N7,-1.0,45,0.5621107121408854,0.4116402268409729
38609,JG075B,319,S075_SNV,3.0,False,N7,1000.0,HEX,JG075B_319,STANDARD,,429,L-MMMMx,0.1,2+2,N7,-1.0,45,-0.6403089316545593,0.5362292528152466
38610,JG075B,319,S075_SNV,3.0,False,N7,1000.0,FAM,JG075B_319,STANDARD,,428,L-MMMMx,0.1,2+2,N7,-1.0,46,0.564838052886987,0.41314375400543213
38611,JG075B,319,S075_SNV,3.0,False,N7,1000.0,HEX,JG075B_319,STANDARD,,429,L-MMMMx,0.1,2+2,N7,-1.0,46,-0.6523505344727497,0.5462172031402588
38612,JG075B,319,S075_SNV,3.0,False,N7,1000.0,FAM,JG075B_319,STANDARD,,428,L-MMMMx,0.1,2+2,N7,-1.0,47,0.568167985078234,0.4151134490966797
38613,JG075B,319,S075_SNV,3.0,False,N7,1000.0,HEX,JG075B_319,STANDARD,,429,L-MMMMx,0.1,2+2,N7,-1.0,47,-0.6623021705130127,0.5544155836105347
38614,JG075B,319,S075_SNV,3.0,False,N7,1000.0,FAM,JG075B_319,STANDARD,,428,L-MMMMx,0.1,2+2,N7,-1.0,48,0.5716270495111463,0.4171830713748932
38615,JG075B,319,S075_SNV,3.0,False,N7,1000.0,HEX,JG075B_319,STANDARD,,429,L-MMMMx,0.1,2+2,N7,-1.0,48,-0.6715760152357736,0.5620335936546326
38616,JG075B,319,S075_SNV,3.0,False,N7,1000.0,FAM,JG075B_319,STANDARD,,428,L-MMMMx,0.1,2+2,N7,-1.0,49,0.5738619002281761,0.4183056056499481
38617,JG075B,319,S075_SNV,3.0,False,N7,1000.0,HEX,JG075B_319,STANDARD,,429,L-MMMMx,0.1,2+2,N7,-1.0,49,-0.6813020456829355,0.5700388550758362
38618,JG075B,319,S075_SNV,3.0,False,N7,1000.0,FAM,JG075B_319,STANDARD,,428,L-MMMMx,0.1,2+2,N7,-1.0,50,0.5757503436907149,0.4191601574420929
38619,JG075B,319,S075_SNV,3.0,False,N7,1000.0,HEX,JG075B_319,STANDARD,,429,L-MMMMx,0.1,2+2,N7,-1.0,50,-0.6901800886771028,0.5773179531097412
38700,JG075B,320,S075_SNV,3.0,False,N8,1000.0,FAM,JG075B_320,STANDARD,,430,L-MMMMx,0.0,2+2,N8,-2.0,1,0.03283405867689413,0.032423462718725204
38701,JG075B,320,S075_SNV,3.0,False,N8,1000.0,HEX,JG075B_320,STANDARD,,431,L-MMMMx,0.0,2+2,N8,-2.0,1,0.009500422678752521,-0.0065253786742687225
38702,JG075B,320,S075_SNV,3.0,False,N8,1000.0,FAM,JG075B_320,STANDARD,,430,L-MMMMx,0.0,2+2,N8,-2.0,2,0.02221489652078875,0.022936441004276276
38703,JG075B,320,S075_SNV,3.0,False,N8,1000.0,HEX,JG075B_320,STANDARD,,431,L-MMMMx,0.0,2+2,N8,-2.0,2,0.007003499190344745,-0.004647268448024988
38704,JG075B,320,S075_SNV,3.0,False,N8,1000.0,FAM,JG075B_320,STANDARD,,430,L-MMMMx,0.0,2+2,N8,-2.0,3,0.006283707016539471,0.009340009652078152
38705,JG075B,320,S075_SNV,3.0,False,N8,1000.0,HEX,JG075B_320,STANDARD,,431,L-MMMMx,0.0,2+2,N8,-2.0,3,0.0020602411875452757,-0.0006744423299096525
38706,JG075B,320,S075_SNV,3.0,False,N8,1000.0,FAM,JG075B_320,STANDARD,,430,L-MMMMx,0.0,2+2,N8,-2.0,4,-0.0032500816978366463,0.0006926401401869953
38707,JG075B,320,S075_SNV,3.0,False,N8,1000.0,HEX,JG075B_320,STANDARD,,431,L-MMMMx,0.0,2+2,N8,-2.0,4,0.0006877259513311926,0.00024087408382911235
38708,JG075B,320,S075_SNV,3.0,False,N8,1000.0,FAM,JG075B_320,STANDARD,,430,L-MMMMx,0.0,2+2,N8,-2.0,5,-0.00484639813515245,-0.0018142585176974535
38709,JG075B,320,S075_SNV,3.0,False,N8,1000.0,HEX,JG075B_320,STANDARD,,431,L-MMMMx,0.0,2+2,N8,-2.0,5,0.0008818678825741943,-0.00018528656801208854
38710,JG075B,320,S075_SNV,3.0,False,N8,1000.0,FAM,JG075B_320,STANDARD,,430,L-MMMMx,0.0,2+2,N8,-2.0,6,-0.003604386359708728,-0.0021254115272313356
38711,JG075B,320,S075_SNV,3.0,False,N8,1000.0,HEX,JG075B_320,STANDARD,,431,L-MMMMx,0.0,2+2,N8,-2.0,6,-0.00028475875660367915,0.0005537341930903494
38712,JG075B,320,S075_SNV,3.0,False,N8,1000.0,FAM,JG075B_320,STANDARD,,430,L-MMMMx,0.0,2+2,N8,-2.0,7,-0.000685389019846871,-0.0011392395244911313
38713,JG075B,320,S075_SNV,3.0,False,N8,1000.0,HEX,JG075B_320,STANDARD,,431,L-MMMMx,0.0,2+2,N8,-2.0,7,-0.00046179406195820204,0.00044540039380081
38714,JG075B,320,S075_SNV,3.0,False,N8,1000.0,FAM,JG075B_320,STANDARD,,430,L-MMMMx,0.0,2+2,N8,-2.0,8,0.0009962579411230221,-0.0011102883145213127
38715,JG075B,320,S075_SNV,3.0,False,N8,1000.0,HEX,JG075B_320,STANDARD,,431,L-MMMMx,0.0,2+2,N8,-2.0,8,0.00016685268635859593,-0.0003528124652802944
38716,JG075B,320,S075_SNV,3.0,False,N8,1000.0,FAM,JG075B_320,STANDARD,,430,L-MMMMx,0.0,2+2,N8,-2.0,9,0.002394676906650538,-0.0013004438951611519
38717,JG075B,320,S075_SNV,3.0,False,N8,1000.0,HEX,JG075B_320,STANDARD,,431,L-MMMMx,0.0,2+2,N8,-2.0,9,-0.0007576882226721461,0.0001789182424545288
38718,JG075B,320,S075_SNV,3.0,False,N8,1000.0,FAM,JG075B_320,STANDARD,,430,L-MMMMx,0.0,2+2,N8,-2.0,10,0.002711613348231664,-0.0023272400721907616
38719,JG075B,320,S075_SNV,3.0,False,N8,1000.0,HEX,JG075B_320,STANDARD,,431,L-MMMMx,0.0,2+2,N8,-2.0,10,-0.0022924466665752313,0.00123315816745162
38720,JG075B,320,S075_SNV,3.0,False,N8,1000.0,FAM,JG075B_320,STANDARD,,430,L-MMMMx,0.0,2+2,N8,-2.0,11,0.004478821976486312,-0.00223209778778255
38721,JG075B,320,S075_SNV,3.0,False,N8,1000.0,HEX,JG075B_320,STANDARD,,431,L-MMMMx,0.0,2+2,N8,-2.0,11,-0.001620050114104175,0.0003974837891291827
38722,JG075B,320,S075_SNV,3.0,False,N8,1000.0,FAM,JG075B_320,STANDARD,,430,L-MMMMx,0.0,2+2,N8,-2.0,12,0.00574552759647282,-0.0025241475086659193
38723,JG075B,320,S075_SNV,3.0,False,N8,1000.0,HEX,JG075B_320,STANDARD,,431,L-MMMMx,0.0,2+2,N8,-2.0,12,-0.0015019743697976342,3.645611650426872e-05
38724,JG075B,320,S075_SNV,3.0,False,N8,1000.0,FAM,JG075B_320,STANDARD,,430,L-MMMMx,0.0,2+2,N8,-2.0,13,0.007878174304809948,-0.0021463006269186735
38725,JG075B,320,S075_SNV,3.0,False,N8,1000.0,HEX,JG075B_320,STANDARD,,431,L-MMMMx,0.0,2+2,N8,-2.0,13,-0.002145012959019592,0.0003271456225775182
38726,JG075B,320,S075_SNV,3.0,False,N8,1000.0,FAM,JG075B_320,STANDARD,,430,L-MMMMx,0.0,2+2,N8,-2.0,14,0.011405233489076386,-0.0006897287676110864
38727,JG075B,320,S075_SNV,3.0,False,N8,1000.0,HEX,JG075B_320,STANDARD,,431,L-MMMMx,0.0,2+2,N8,-2.0,14,-0.001515374270035812,-0.00047191657358780503
38728,JG075B,320,S075_SNV,3.0,False,N8,1000.0,FAM,JG075B_320,STANDARD,,430,L-MMMMx,0.0,2+2,N8,-2.0,15,0.015376396635728533,0.0011104042641818523
38729,JG075B,320,S075_SNV,3.0,False,N8,1000.0,HEX,JG075B_320,STANDARD,,431,L-MMMMx,0.0,2+2,N8,-2.0,15,-0.0014814568602121647,-0.0007608822197653353
38730,JG075B,320,S075_SNV,3.0,False,N8,1000.0,FAM,JG075B_320,STANDARD,,430,L-MMMMx,0.0,2+2,N8,-2.0,16,0.01676060026797011,0.0009092516265809536
38731,JG075B,320,S075_SNV,3.0,False,N8,1000.0,HEX,JG075B_320,STANDARD,,431,L-MMMMx,0.0,2+2,N8,-2.0,16,-0.0020854095066614635,-0.0005036607617512345
38732,JG075B,320,S075_SNV,3.0,False,N8,1000.0,FAM,JG075B_320,STANDARD,,430,L-MMMMx,0.0,2+2,N8,-2.0,17,0.017997449835662295,0.0005941052222624421
38733,JG075B,320,S075_SNV,3.0,False,N8,1000.0,HEX,JG075B_320,STANDARD,,431,L-MMMMx,0.0,2+2,N8,-2.0,17,-0.0017931176567907699,-0.001013863948173821
38734,JG075B,320,S075_SNV,3.0,False,N8,1000.0,FAM,JG075B_320,STANDARD,,430,L-MMMMx,0.0,2+2,N8,-2.0,18,0.018905497588732518,2.4595916329417378e-05
38735,JG075B,320,S075_SNV,3.0,False,N8,1000.0,HEX,JG075B_320,STANDARD,,431,L-MMMMx,0.0,2+2,N8,-2.0,18,-0.002409704494893208,-0.0007458241889253259
38736,JG075B,320,S075_SNV,3.0,False,N8,1000.0,FAM,JG075B_320,STANDARD,,430,L-MMMMx,0.0,2+2,N8,-2.0,19,0.02212351773879891,0.0012420935090631247
38737,JG075B,320,S075_SNV,3.0,False,N8,1000.0,HEX,JG075B_320,STANDARD,,431,L-MMMMx,0.0,2+2,N8,-2.0,19,-0.0022113337639646513,-0.0011756058083847165
38738,JG075B,320,S075_SNV,3.0,False,N8,1000.0,FAM,JG075B_320,STANDARD,,430,L-MMMMx,0.0,2+2,N8,-2.0,20,0.026681323420080616,0.0034960561897605658
38739,JG075B,320,S075_SNV,3.0,False,N8,1000.0,HEX,JG075B_320,STANDARD,,431,L-MMMMx,0.0,2+2,N8,-2.0,20,-0.003842745514261034,-3.860486322082579e-05
38740,JG075B,320,S075_SNV,3.0,False,N8,1000.0,FAM,JG075B_320,STANDARD,,430,L-MMMMx,0.0,2+2,N8,-2.0,21,0.03326363911448634,0.007316190749406815
38741,JG075B,320,S075_SNV,3.0,False,N8,1000.0,HEX,JG075B_320,STANDARD,,431,L-MMMMx,0.0,2+2,N8,-2.0,21,-0.004194014327647552,2.251778369100066e-06
38742,JG075B,320,S075_SNV,3.0,False,N8,1000.0,FAM,JG075B_320,STANDARD,,430,L-MMMMx,0.0,2+2,N8,-2.0,22,0.04296712577770953,0.013550879433751106
38743,JG075B,320,S075_SNV,3.0,False,N8,1000.0,HEX,JG075B_320,STANDARD,,431,L-MMMMx,0.0,2+2,N8,-2.0,22,-0.007423320675177032,0.0025074773002415895
38744,JG075B,320,S075_SNV,3.0,False,N8,1000.0,FAM,JG075B_320,STANDARD,,430,L-MMMMx,0.0,2+2,N8,-2.0,23,0.06175509646123315,0.02681337296962738
38745,JG075B,320,S075_SNV,3.0,False,N8,1000.0,HEX,JG075B_320,STANDARD,,431,L-MMMMx,0.0,2+2,N8,-2.0,23,-0.012006486813394196,0.006171968765556812
38746,JG075B,320,S075_SNV,3.0,False,N8,1000.0,FAM,JG075B_320,STANDARD,,430,L-MMMMx,0.0,2+2,N8,-2.0,24,0.09167999103355333,0.04869145154953003
38747,JG075B,320,S075_SNV,3.0,False,N8,1000.0,HEX,JG075B_320,STANDARD,,431,L-MMMMx,0.0,2+2,N8,-2.0,24,-0.022053836426786953,0.014515260234475136
38748,JG075B,320,S075_SNV,3.0,False,N8,1000.0,FAM,JG075B_320,STANDARD,,430,L-MMMMx,0.0,2+2,N8,-2.0,25,0.13658176010698098,0.08215571939945221
38749,JG075B,320,S075_SNV,3.0,False,N8,1000.0,HEX,JG075B_320,STANDARD,,431,L-MMMMx,0.0,2+2,N8,-2.0,25,-0.036120877672147576,0.02630048245191574
38750,JG075B,320,S075_SNV,3.0,False,N8,1000.0,FAM,JG075B_320,STANDARD,,430,L-MMMMx,0.0,2+2,N8,-2.0,26,0.18998718778078458,0.12219845503568649
38751,JG075B,320,S075_SNV,3.0,False,N8,1000.0,HEX,JG075B_320,STANDARD,,431,L-MMMMx,0.0,2+2,N8,-2.0,26,-0.05852721631222933,0.04522636905312538
38752,JG075B,320,S075_SNV,3.0,False,N8,1000.0,FAM,JG075B_320,STANDARD,,430,L-MMMMx,0.0,2+2,N8,-2.0,27,0.24488518692567354,0.16339586675167084
38753,JG075B,320,S075_SNV,3.0,False,N8,1000.0,HEX,JG075B_320,STANDARD,,431,L-MMMMx,0.0,2+2,N8,-2.0,27,-0.08942454965920911,0.07142281532287598
38754,JG075B,320,S075_SNV,3.0,False,N8,1000.0,FAM,JG075B_320,STANDARD,,430,L-MMMMx,0.0,2+2,N8,-2.0,28,0.29887471455416936,0.20389045774936676
38755,JG075B,320,S075_SNV,3.0,False,N8,1000.0,HEX,JG075B_320,STANDARD,,431,L-MMMMx,0.0,2+2,N8,-2.0,28,-0.12562018615789652,0.10215602815151215
38756,JG075B,320,S075_SNV,3.0,False,N8,1000.0,FAM,JG075B_320,STANDARD,,430,L-MMMMx,0.0,2+2,N8,-2.0,29,0.3414753332125046,0.23557454347610474
38757,JG075B,320,S075_SNV,3.0,False,N8,1000.0,HEX,JG075B_320,STANDARD,,431,L-MMMMx,0.0,2+2,N8,-2.0,29,-0.16691913115612436,0.13725903630256653
38758,JG075B,320,S075_SNV,3.0,False,N8,1000.0,FAM,JG075B_320,STANDARD,,430,L-MMMMx,0.0,2+2,N8,-2.0,30,0.375815263750232,0.2608681321144104
38759,JG075B,320,S075_SNV,3.0,False,N8,1000.0,HEX,JG075B_320,STANDARD,,431,L-MMMMx,0.0,2+2,N8,-2.0,30,-0.214203724578407,0.1774873584508896
38760,JG075B,320,S075_SNV,3.0,False,N8,1000.0,FAM,JG075B_320,STANDARD,,430,L-MMMMx,0.0,2+2,N8,-2.0,31,0.4017129043215251,0.2796306908130646
38761,JG075B,320,S075_SNV,3.0,False,N8,1000.0,HEX,JG075B_320,STANDARD,,431,L-MMMMx,0.0,2+2,N8,-2.0,31,-0.26219722493069275,0.21832269430160522
38762,JG075B,320,S075_SNV,3.0,False,N8,1000.0,FAM,JG075B_320,STANDARD,,430,L-MMMMx,0.0,2+2,N8,-2.0,32,0.4200554612287559,0.29254859685897827
38763,JG075B,320,S075_SNV,3.0,False,N8,1000.0,HEX,JG075B_320,STANDARD,,431,L-MMMMx,0.0,2+2,N8,-2.0,32,-0.30926748955903594,0.25836747884750366
38764,JG075B,320,S075_SNV,3.0,False,N8,1000.0,FAM,JG075B_320,STANDARD,,430,L-MMMMx,0.0,2+2,N8,-2.0,33,0.434034873915664,0.30209118127822876
38765,JG075B,320,S075_SNV,3.0,False,N8,1000.0,HEX,JG075B_320,STANDARD,,431,L-MMMMx,0.0,2+2,N8,-2.0,33,-0.35460944549613965,0.2969323992729187
38766,JG075B,320,S075_SNV,3.0,False,N8,1000.0,FAM,JG075B_320,STANDARD,,430,L-MMMMx,0.0,2+2,N8,-2.0,34,0.44380115459855135,0.30837443470954895
38767,JG075B,320,S075_SNV,3.0,False,N8,1000.0,HEX,JG075B_320,STANDARD,,431,L-MMMMx,0.0,2+2,N8,-2.0,34,-0.39851127760946387,0.3342641592025757
38768,JG075B,320,S075_SNV,3.0,False,N8,1000.0,FAM,JG075B_320,STANDARD,,430,L-MMMMx,0.0,2+2,N8,-2.0,35,0.44941694320132847,0.311446875333786
38769,JG075B,320,S075_SNV,3.0,False,N8,1000.0,HEX,JG075B_320,STANDARD,,431,L-MMMMx,0.0,2+2,N8,-2.0,35,-0.4369749777419717,0.3669394254684448
38770,JG075B,320,S075_SNV,3.0,False,N8,1000.0,FAM,JG075B_320,STANDARD,,430,L-MMMMx,0.0,2+2,N8,-2.0,36,0.4547149093119402,0.3142734169960022
38771,JG075B,320,S075_SNV,3.0,False,N8,1000.0,HEX,JG075B_320,STANDARD,,431,L-MMMMx,0.0,2+2,N8,-2.0,36,-0.47117973711462274,0.39596793055534363
38772,JG075B,320,S075_SNV,3.0,False,N8,1000.0,FAM,JG075B_320,STANDARD,,430,L-MMMMx,0.0,2+2,N8,-2.0,37,0.46094399901475025,0.31782031059265137
38773,JG075B,320,S075_SNV,3.0,False,N8,1000.0,HEX,JG075B_320,STANDARD,,431,L-MMMMx,0.0,2+2,N8,-2.0,37,-0.5029659711164933,0.42292550206184387
38774,JG075B,320,S075_SNV,3.0,False,N8,1000.0,FAM,JG075B_320,STANDARD,,430,L-MMMMx,0.0,2+2,N8,-2.0,38,0.4655641749523733,0.32012251019477844
38775,JG075B,320,S075_SNV,3.0,False,N8,1000.0,HEX,JG075B_320,STANDARD,,431,L-MMMMx,0.0,2+2,N8,-2.0,38,-0.5315601052470801,0.4471498131752014
38776,JG075B,320,S075_SNV,3.0,False,N8,1000.0,FAM,JG075B_320,STANDARD,,430,L-MMMMx,0.0,2+2,N8,-2.0,39,0.4676811424177636,0.32048824429512024
38777,JG075B,320,S075_SNV,3.0,False,N8,1000.0,HEX,JG075B_320,STANDARD,,431,L-MMMMx,0.0,2+2,N8,-2.0,39,-0.5527639681642299,0.4650460481643677
38778,JG075B,320,S075_SNV,3.0,False,N8,1000.0,FAM,JG075B_320,STANDARD,,430,L-MMMMx,0.0,2+2,N8,-2.0,40,0.4690276311142682,0.32025790214538574
38779,JG075B,320,S075_SNV,3.0,False,N8,1000.0,HEX,JG075B_320,STANDARD,,431,L-MMMMx,0.0,2+2,N8,-2.0,40,-0.5726197663124833,0.4817880094051361
38780,JG075B,320,S075_SNV,3.0,False,N8,1000.0,FAM,JG075B_320,STANDARD,,430,L-MMMMx,0.0,2+2,N8,-2.0,41,0.47011238817298234,0.31982508301734924
38781,JG075B,320,S075_SNV,3.0,False,N8,1000.0,HEX,JG075B_320,STANDARD,,431,L-MMMMx,0.0,2+2,N8,-2.0,41,-0.5911238103686579,0.49737247824668884
38782,JG075B,320,S075_SNV,3.0,False,N8,1000.0,FAM,JG075B_320,STANDARD,,430,L-MMMMx,0.0,2+2,N8,-2.0,42,0.4720270279136633,0.32003429532051086
38783,JG075B,320,S075_SNV,3.0,False,N8,1000.0,HEX,JG075B_320,STANDARD,,431,L-MMMMx,0.0,2+2,N8,-2.0,42,-0.6085377638392229,0.5120235681533813
38784,JG075B,320,S075_SNV,3.0,False,N8,1000.0,FAM,JG075B_320,STANDARD,,430,L-MMMMx,0.0,2+2,N8,-2.0,43,0.4759422928256328,0.3217911720275879
38785,JG075B,320,S075_SNV,3.0,False,N8,1000.0,HEX,JG075B_320,STANDARD,,431,L-MMMMx,0.0,2+2,N8,-2.0,43,-0.6221797672100156,0.5234448313713074
38786,JG075B,320,S075_SNV,3.0,False,N8,1000.0,FAM,JG075B_320,STANDARD,,430,L-MMMMx,0.0,2+2,N8,-2.0,44,0.4781604241533778,0.3222351670265198
38787,JG075B,320,S075_SNV,3.0,False,N8,1000.0,HEX,JG075B_320,STANDARD,,431,L-MMMMx,0.0,2+2,N8,-2.0,44,-0.6348445872065562,0.5340293645858765
38788,JG075B,320,S075_SNV,3.0,False,N8,1000.0,FAM,JG075B_320,STANDARD,,430,L-MMMMx,0.0,2+2,N8,-2.0,45,0.48188961844266137,0.32384809851646423
38789,JG075B,320,S075_SNV,3.0,False,N8,1000.0,HEX,JG075B_320,STANDARD,,431,L-MMMMx,0.0,2+2,N8,-2.0,45,-0.6484374460081638,0.5454085469245911
38790,JG075B,320,S075_SNV,3.0,False,N8,1000.0,FAM,JG075B_320,STANDARD,,430,L-MMMMx,0.0,2+2,N8,-2.0,46,0.4814218607820709,0.322214275598526
38791,JG075B,320,S075_SNV,3.0,False,N8,1000.0,HEX,JG075B_320,STANDARD,,431,L-MMMMx,0.0,2+2,N8,-2.0,46,-0.6595026311606871,0.5546234250068665
38792,JG075B,320,S075_SNV,3.0,False,N8,1000.0,FAM,JG075B_320,STANDARD,,430,L-MMMMx,0.0,2+2,N8,-2.0,47,0.4813945858336523,0.3209211826324463
38793,JG075B,320,S075_SNV,3.0,False,N8,1000.0,HEX,JG075B_320,STANDARD,,431,L-MMMMx,0.0,2+2,N8,-2.0,47,-0.6668961740380783,0.5606943368911743
38794,JG075B,320,S075_SNV,3.0,False,N8,1000.0,FAM,JG075B_320,STANDARD,,430,L-MMMMx,0.0,2+2,N8,-2.0,48,0.48319257508872393,0.3210401237010956
38795,JG075B,320,S075_SNV,3.0,False,N8,1000.0,HEX,JG075B_320,STANDARD,,431,L-MMMMx,0.0,2+2,N8,-2.0,48,-0.6762316234969992,0.5684280395507812
38796,JG075B,320,S075_SNV,3.0,False,N8,1000.0,FAM,JG075B_320,STANDARD,,430,L-MMMMx,0.0,2+2,N8,-2.0,49,0.48489826098728306,0.32108768820762634
38797,JG075B,320,S075_SNV,3.0,False,N8,1000.0,HEX,JG075B_320,STANDARD,,431,L-MMMMx,0.0,2+2,N8,-2.0,49,-0.6857812625301167,0.5763451457023621
38798,JG075B,320,S075_SNV,3.0,False,N8,1000.0,FAM,JG075B_320,STANDARD,,430,L-MMMMx,0.0,2+2,N8,-2.0,50,0.48689734520103384,0.3213621973991394
38799,JG075B,320,S075_SNV,3.0,False,N8,1000.0,HEX,JG075B_320,STANDARD,,431,L-MMMMx,0.0,2+2,N8,-2.0,50,-0.6952523816283321,0.5841950178146362
40320,JG075B,337,S075_SNV,2.0,False,O1,100.0,FAM,JG075B_337,STANDARD,,448,L-MMMMx,3.1622776601683795,2+2,O1,0.5,1,0.0018149108950332833,0.003392920596525073
40321,JG075B,337,S075_SNV,2.0,False,O1,100.0,HEX,JG075B_337,STANDARD,,449,L-MMMMx,3.1622776601683795,2+2,O1,0.5,1,-0.0006937298027366098,0.0036024756263941526
40322,JG075B,337,S075_SNV,2.0,False,O1,100.0,FAM,JG075B_337,STANDARD,,448,L-MMMMx,3.1622776601683795,2+2,O1,0.5,2,0.001304121995200519,0.00264915288425982
40323,JG075B,337,S075_SNV,2.0,False,O1,100.0,HEX,JG075B_337,STANDARD,,449,L-MMMMx,3.1622776601683795,2+2,O1,0.5,2,-0.000970951115456314,0.0034432318061590195
40324,JG075B,337,S075_SNV,2.0,False,O1,100.0,FAM,JG075B_337,STANDARD,,448,L-MMMMx,3.1622776601683795,2+2,O1,0.5,3,0.0015786821044929326,0.00251293508335948
40325,JG075B,337,S075_SNV,2.0,False,O1,100.0,HEX,JG075B_337,STANDARD,,449,L-MMMMx,3.1622776601683795,2+2,O1,0.5,3,-0.00010850221168507629,0.0023081256076693535
40326,JG075B,337,S075_SNV,2.0,False,O1,100.0,FAM,JG075B_337,STANDARD,,448,L-MMMMx,3.1622776601683795,2+2,O1,0.5,4,0.0004159525943675474,0.001264822669327259
40327,JG075B,337,S075_SNV,2.0,False,O1,100.0,HEX,JG075B_337,STANDARD,,449,L-MMMMx,3.1622776601683795,2+2,O1,0.5,4,1.9545146694809647e-05,0.0018018634291365743
40328,JG075B,337,S075_SNV,2.0,False,O1,100.0,FAM,JG075B_337,STANDARD,,448,L-MMMMx,3.1622776601683795,2+2,O1,0.5,5,-0.0021118726745310477,-0.001039335154928267
40329,JG075B,337,S075_SNV,2.0,False,O1,100.0,HEX,JG075B_337,STANDARD,,449,L-MMMMx,3.1622776601683795,2+2,O1,0.5,5,-0.0008947283063092767,0.0021881063003093004
40330,JG075B,337,S075_SNV,2.0,False,O1,100.0,FAM,JG075B_337,STANDARD,,448,L-MMMMx,3.1622776601683795,2+2,O1,0.5,6,-0.0017118786216640451,-0.0010785164777189493
40331,JG075B,337,S075_SNV,2.0,False,O1,100.0,HEX,JG075B_337,STANDARD,,449,L-MMMMx,3.1622776601683795,2+2,O1,0.5,6,0.00017748994482688965,0.0008733815047889948
40332,JG075B,337,S075_SNV,2.0,False,O1,100.0,FAM,JG075B_337,STANDARD,,448,L-MMMMx,3.1622776601683795,2+2,O1,0.5,7,-0.0003284454681913559,-0.0003569040563888848
40333,JG075B,337,S075_SNV,2.0,False,O1,100.0,HEX,JG075B_337,STANDARD,,449,L-MMMMx,3.1622776601683795,2+2,O1,0.5,7,0.000851539731742916,-0.00010040467896033078
40334,JG075B,337,S075_SNV,2.0,False,O1,100.0,FAM,JG075B_337,STANDARD,,448,L-MMMMx,3.1622776601683795,2+2,O1,0.5,8,0.0007233350992144909,0.00010814016422955319
40335,JG075B,337,S075_SNV,2.0,False,O1,100.0,HEX,JG075B_337,STANDARD,,449,L-MMMMx,3.1622776601683795,2+2,O1,0.5,8,0.0005915642646544252,-0.0002744157100096345
40336,JG075B,337,S075_SNV,2.0,False,O1,100.0,FAM,JG075B_337,STANDARD,,448,L-MMMMx,3.1622776601683795,2+2,O1,0.5,9,0.0007212548065384996,-0.00024208796094171703
40337,JG075B,337,S075_SNV,2.0,False,O1,100.0,HEX,JG075B_337,STANDARD,,449,L-MMMMx,3.1622776601683795,2+2,O1,0.5,9,-0.0006509719392493334,0.0003929077065549791
40338,JG075B,337,S075_SNV,2.0,False,O1,100.0,FAM,JG075B_337,STANDARD,,448,L-MMMMx,3.1622776601683795,2+2,O1,0.5,10,0.0007129721597729785,-0.0005971142672933638
40339,JG075B,337,S075_SNV,2.0,False,O1,100.0,HEX,JG075B_337,STANDARD,,449,L-MMMMx,3.1622776601683795,2+2,O1,0.5,10,1.4063369324646007e-05,-0.0005731596611440182
40340,JG075B,337,S075_SNV,2.0,False,O1,100.0,FAM,JG075B_337,STANDARD,,448,L-MMMMx,3.1622776601683795,2+2,O1,0.5,11,0.0014219667229015845,-0.00039725113310851157
40341,JG075B,337,S075_SNV,2.0,False,O1,100.0,HEX,JG075B_337,STANDARD,,449,L-MMMMx,3.1622776601683795,2+2,O1,0.5,11,0.0007816688233581318,-0.0016270544147118926
40342,JG075B,337,S075_SNV,2.0,False,O1,100.0,FAM,JG075B_337,STANDARD,,448,L-MMMMx,3.1622776601683795,2+2,O1,0.5,12,0.0019533659298020404,-0.0003347767051309347
40343,JG075B,337,S075_SNV,2.0,False,O1,100.0,HEX,JG075B_337,STANDARD,,449,L-MMMMx,3.1622776601683795,2+2,O1,0.5,12,0.0004168086825871766,-0.0017112562200054526
40344,JG075B,337,S075_SNV,2.0,False,O1,100.0,FAM,JG075B_337,STANDARD,,448,L-MMMMx,3.1622776601683795,2+2,O1,0.5,13,0.0017533881653377613,-0.0008380993385799229
40345,JG075B,337,S075_SNV,2.0,False,O1,100.0,HEX,JG075B_337,STANDARD,,449,L-MMMMx,3.1622776601683795,2+2,O1,0.5,13,-0.001593472195092802,-0.00038653824594803154
40346,JG075B,337,S075_SNV,2.0,False,O1,100.0,FAM,JG075B_337,STANDARD,,448,L-MMMMx,3.1622776601683795,2+2,O1,0.5,14,0.002510845843029277,-0.0006007449119351804
40347,JG075B,337,S075_SNV,2.0,False,O1,100.0,HEX,JG075B_337,STANDARD,,449,L-MMMMx,3.1622776601683795,2+2,O1,0.5,14,-0.0012279507605438588,-0.0010961417574435472
40348,JG075B,337,S075_SNV,2.0,False,O1,100.0,FAM,JG075B_337,STANDARD,,448,L-MMMMx,3.1622776601683795,2+2,O1,0.5,15,0.003858991068887002,9.35685820877552e-05
40349,JG075B,337,S075_SNV,2.0,False,O1,100.0,HEX,JG075B_337,STANDARD,,449,L-MMMMx,3.1622776601683795,2+2,O1,0.5,15,-5.264028991293252e-05,-0.0024991410318762064
40350,JG075B,337,S075_SNV,2.0,False,O1,100.0,FAM,JG075B_337,STANDARD,,448,L-MMMMx,3.1622776601683795,2+2,O1,0.5,16,0.0034709779608761717,-0.0005552191869355738
40351,JG075B,337,S075_SNV,2.0,False,O1,100.0,HEX,JG075B_337,STANDARD,,449,L-MMMMx,3.1622776601683795,2+2,O1,0.5,16,0.0004586442152788382,-0.003333556465804577
40352,JG075B,337,S075_SNV,2.0,False,O1,100.0,FAM,JG075B_337,STANDARD,,448,L-MMMMx,3.1622776601683795,2+2,O1,0.5,17,0.002996594182873256,-0.0012708237627521157
40353,JG075B,337,S075_SNV,2.0,False,O1,100.0,HEX,JG075B_337,STANDARD,,449,L-MMMMx,3.1622776601683795,2+2,O1,0.5,17,0.00018808804774253935,-0.0034985076636075974
40354,JG075B,337,S075_SNV,2.0,False,O1,100.0,FAM,JG075B_337,STANDARD,,448,L-MMMMx,3.1622776601683795,2+2,O1,0.5,18,0.0049767631428479075,-8.757344039622694e-05
40355,JG075B,337,S075_SNV,2.0,False,O1,100.0,HEX,JG075B_337,STANDARD,,449,L-MMMMx,3.1622776601683795,2+2,O1,0.5,18,-0.0017526873733773327,-0.002233305014669895
40356,JG075B,337,S075_SNV,2.0,False,O1,100.0,FAM,JG075B_337,STANDARD,,448,L-MMMMx,3.1622776601683795,2+2,O1,0.5,19,0.007057749249731251,0.001173669588752091
40357,JG075B,337,S075_SNV,2.0,False,O1,100.0,HEX,JG075B_337,STANDARD,,449,L-MMMMx,3.1622776601683795,2+2,O1,0.5,19,-0.002797061675966636,-0.001735661062411964
40358,JG075B,337,S075_SNV,2.0,False,O1,100.0,FAM,JG075B_337,STANDARD,,448,L-MMMMx,3.1622776601683795,2+2,O1,0.5,20,0.008893646060232057,0.002245310228317976
40359,JG075B,337,S075_SNV,2.0,False,O1,100.0,HEX,JG075B_337,STANDARD,,449,L-MMMMx,3.1622776601683795,2+2,O1,0.5,20,-0.005675047002706073,0.00033204370993189514
40360,JG075B,337,S075_SNV,2.0,False,O1,100.0,FAM,JG075B_337,STANDARD,,448,L-MMMMx,3.1622776601683795,2+2,O1,0.5,21,0.014192421173551125,0.005995851941406727
40361,JG075B,337,S075_SNV,2.0,False,O1,100.0,HEX,JG075B_337,STANDARD,,449,L-MMMMx,3.1622776601683795,2+2,O1,0.5,21,-0.007833092234830684,0.0017832873854786158
40362,JG075B,337,S075_SNV,2.0,False,O1,100.0,FAM,JG075B_337,STANDARD,,448,L-MMMMx,3.1622776601683795,2+2,O1,0.5,22,0.02495065474744037,0.01396985910832882
40363,JG075B,337,S075_SNV,2.0,False,O1,100.0,HEX,JG075B_337,STANDARD,,449,L-MMMMx,3.1622776601683795,2+2,O1,0.5,22,-0.009701386377389504,0.0029864266980439425
40364,JG075B,337,S075_SNV,2.0,False,O1,100.0,FAM,JG075B_337,STANDARD,,448,L-MMMMx,3.1622776601683795,2+2,O1,0.5,23,0.04408653511905432,0.028424859046936035
40365,JG075B,337,S075_SNV,2.0,False,O1,100.0,HEX,JG075B_337,STANDARD,,449,L-MMMMx,3.1622776601683795,2+2,O1,0.5,23,-0.014154660495635553,0.0064029996283352375
40366,JG075B,337,S075_SNV,2.0,False,O1,100.0,FAM,JG075B_337,STANDARD,,448,L-MMMMx,3.1622776601683795,2+2,O1,0.5,24,0.07786155062343471,0.05420476943254471
40367,JG075B,337,S075_SNV,2.0,False,O1,100.0,HEX,JG075B_337,STANDARD,,449,L-MMMMx,3.1622776601683795,2+2,O1,0.5,24,-0.02175745064635648,0.012516398914158344
40368,JG075B,337,S075_SNV,2.0,False,O1,100.0,FAM,JG075B_337,STANDARD,,448,L-MMMMx,3.1622776601683795,2+2,O1,0.5,25,0.12760670333383153,0.09233926236629486
40369,JG075B,337,S075_SNV,2.0,False,O1,100.0,HEX,JG075B_337,STANDARD,,449,L-MMMMx,3.1622776601683795,2+2,O1,0.5,25,-0.035930264091259496,0.02425549365580082
40370,JG075B,337,S075_SNV,2.0,False,O1,100.0,FAM,JG075B_337,STANDARD,,448,L-MMMMx,3.1622776601683795,2+2,O1,0.5,26,0.19205555729782742,0.141848623752594
40371,JG075B,337,S075_SNV,2.0,False,O1,100.0,HEX,JG075B_337,STANDARD,,449,L-MMMMx,3.1622776601683795,2+2,O1,0.5,26,-0.05778041985911767,0.04256844520568848
40372,JG075B,337,S075_SNV,2.0,False,O1,100.0,FAM,JG075B_337,STANDARD,,448,L-MMMMx,3.1622776601683795,2+2,O1,0.5,27,0.2685123228749067,0.20064735412597656
40373,JG075B,337,S075_SNV,2.0,False,O1,100.0,HEX,JG075B_337,STANDARD,,449,L-MMMMx,3.1622776601683795,2+2,O1,0.5,27,-0.08509863985248015,0.06556352227926254
40374,JG075B,337,S075_SNV,2.0,False,O1,100.0,FAM,JG075B_337,STANDARD,,448,L-MMMMx,3.1622776601683795,2+2,O1,0.5,28,0.3450375840145399,0.25949907302856445
40375,JG075B,337,S075_SNV,2.0,False,O1,100.0,HEX,JG075B_337,STANDARD,,449,L-MMMMx,3.1622776601683795,2+2,O1,0.5,28,-0.12131554216687024,0.09617824107408524
40376,JG075B,337,S075_SNV,2.0,False,O1,100.0,FAM,JG075B_337,STANDARD,,448,L-MMMMx,3.1622776601683795,2+2,O1,0.5,29,0.4141855879899696,0.31264373660087585
40377,JG075B,337,S075_SNV,2.0,False,O1,100.0,HEX,JG075B_337,STANDARD,,449,L-MMMMx,3.1622776601683795,2+2,O1,0.5,29,-0.16137692806699708,0.13008487224578857
40378,JG075B,337,S075_SNV,2.0,False,O1,100.0,FAM,JG075B_337,STANDARD,,448,L-MMMMx,3.1622776601683795,2+2,O1,0.5,30,0.4713065724788475,0.35648420453071594
40379,JG075B,337,S075_SNV,2.0,False,O1,100.0,HEX,JG075B_337,STANDARD,,449,L-MMMMx,3.1622776601683795,2+2,O1,0.5,30,-0.2047391792624188,0.16681791841983795
40380,JG075B,337,S075_SNV,2.0,False,O1,100.0,FAM,JG075B_337,STANDARD,,448,L-MMMMx,3.1622776601683795,2+2,O1,0.5,31,0.5170708540101042,0.391539067029953
40381,JG075B,337,S075_SNV,2.0,False,O1,100.0,HEX,JG075B_337,STANDARD,,449,L-MMMMx,3.1622776601683795,2+2,O1,0.5,31,-0.24783799189965153,0.20332540571689606
40382,JG075B,337,S075_SNV,2.0,False,O1,100.0,FAM,JG075B_337,STANDARD,,448,L-MMMMx,3.1622776601683795,2+2,O1,0.5,32,0.5522006023338163,0.41836702823638916
40383,JG075B,337,S075_SNV,2.0,False,O1,100.0,HEX,JG075B_337,STANDARD,,449,L-MMMMx,3.1622776601683795,2+2,O1,0.5,32,-0.2899462908722653,0.23898473381996155
40384,JG075B,337,S075_SNV,2.0,False,O1,100.0,FAM,JG075B_337,STANDARD,,448,L-MMMMx,3.1622776601683795,2+2,O1,0.5,33,0.5801104252579313,0.4396095871925354
40385,JG075B,337,S075_SNV,2.0,False,O1,100.0,HEX,JG075B_337,STANDARD,,449,L-MMMMx,3.1622776601683795,2+2,O1,0.5,33,-0.3275126849579148,0.27075499296188354
40386,JG075B,337,S075_SNV,2.0,False,O1,100.0,FAM,JG075B_337,STANDARD,,448,L-MMMMx,3.1622776601683795,2+2,O1,0.5,34,0.5969489305604204,0.45228731632232666
40387,JG075B,337,S075_SNV,2.0,False,O1,100.0,HEX,JG075B_337,STANDARD,,449,L-MMMMx,3.1622776601683795,2+2,O1,0.5,34,-0.36162907459886523,0.29957109689712524
40388,JG075B,337,S075_SNV,2.0,False,O1,100.0,FAM,JG075B_337,STANDARD,,448,L-MMMMx,3.1622776601683795,2+2,O1,0.5,35,0.6093896200979868,0.4615629017353058
40389,JG075B,337,S075_SNV,2.0,False,O1,100.0,HEX,JG075B_337,STANDARD,,449,L-MMMMx,3.1622776601683795,2+2,O1,0.5,35,-0.3921261685879517,0.32528814673423767
40390,JG075B,337,S075_SNV,2.0,False,O1,100.0,FAM,JG075B_337,STANDARD,,448,L-MMMMx,3.1622776601683795,2+2,O1,0.5,36,0.6214831319022934,0.4705698788166046
40391,JG075B,337,S075_SNV,2.0,False,O1,100.0,HEX,JG075B_337,STANDARD,,449,L-MMMMx,3.1622776601683795,2+2,O1,0.5,36,-0.41981196350706845,0.3485979735851288
40392,JG075B,337,S075_SNV,2.0,False,O1,100.0,FAM,JG075B_337,STANDARD,,448,L-MMMMx,3.1622776601683795,2+2,O1,0.5,37,0.6279616255825918,0.4752330482006073
40393,JG075B,337,S075_SNV,2.0,False,O1,100.0,HEX,JG075B_337,STANDARD,,449,L-MMMMx,3.1622776601683795,2+2,O1,0.5,37,-0.4481844598072222,0.37249577045440674
40394,JG075B,337,S075_SNV,2.0,False,O1,100.0,FAM,JG075B_337,STANDARD,,448,L-MMMMx,3.1622776601683795,2+2,O1,0.5,38,0.6362651523227497,0.48130807280540466
40395,JG075B,337,S075_SNV,2.0,False,O1,100.0,HEX,JG075B_337,STANDARD,,449,L-MMMMx,3.1622776601683795,2+2,O1,0.5,38,-0.46797343247896317,0.38904380798339844
40396,JG075B,337,S075_SNV,2.0,False,O1,100.0,FAM,JG075B_337,STANDARD,,448,L-MMMMx,3.1622776601683795,2+2,O1,0.5,39,0.6445682938235232,0.48738282918930054
40397,JG075B,337,S075_SNV,2.0,False,O1,100.0,HEX,JG075B_337,STANDARD,,449,L-MMMMx,3.1622776601683795,2+2,O1,0.5,39,-0.48891897316346944,0.40658217668533325
40398,JG075B,337,S075_SNV,2.0,False,O1,100.0,FAM,JG075B_337,STANDARD,,448,L-MMMMx,3.1622776601683795,2+2,O1,0.5,40,0.6473269160076415,0.48916828632354736
40399,JG075B,337,S075_SNV,2.0,False,O1,100.0,HEX,JG075B_337,STANDARD,,449,L-MMMMx,3.1622776601683795,2+2,O1,0.5,40,-0.5033845309224071,0.41857191920280457
40400,JG075B,337,S075_SNV,2.0,False,O1,100.0,FAM,JG075B_337,STANDARD,,448,L-MMMMx,3.1622776601683795,2+2,O1,0.5,41,0.6506865116314906,0.49141865968704224
40401,JG075B,337,S075_SNV,2.0,False,O1,100.0,HEX,JG075B_337,STANDARD,,449,L-MMMMx,3.1622776601683795,2+2,O1,0.5,41,-0.5177175514862615,0.4304482042789459
40402,JG075B,337,S075_SNV,2.0,False,O1,100.0,FAM,JG075B_337,STANDARD,,448,L-MMMMx,3.1622776601683795,2+2,O1,0.5,42,0.6540586660592725,0.4936787784099579
40403,JG075B,337,S075_SNV,2.0,False,O1,100.0,HEX,JG075B_337,STANDARD,,449,L-MMMMx,3.1622776601683795,2+2,O1,0.5,42,-0.5299908855662333,0.44056084752082825
40404,JG075B,337,S075_SNV,2.0,False,O1,100.0,FAM,JG075B_337,STANDARD,,448,L-MMMMx,3.1622776601683795,2+2,O1,0.5,43,0.6579921142701878,0.49637308716773987
40405,JG075B,337,S075_SNV,2.0,False,O1,100.0,HEX,JG075B_337,STANDARD,,449,L-MMMMx,3.1622776601683795,2+2,O1,0.5,43,-0.5377178597274732,0.44678056240081787
40406,JG075B,337,S075_SNV,2.0,False,O1,100.0,FAM,JG075B_337,STANDARD,,448,L-MMMMx,3.1622776601683795,2+2,O1,0.5,44,0.6610224072682152,0.4983687102794647
40407,JG075B,337,S075_SNV,2.0,False,O1,100.0,HEX,JG075B_337,STANDARD,,449,L-MMMMx,3.1622776601683795,2+2,O1,0.5,44,-0.549395681357899,0.45638328790664673
40408,JG075B,337,S075_SNV,2.0,False,O1,100.0,FAM,JG075B_337,STANDARD,,448,L-MMMMx,3.1622776601683795,2+2,O1,0.5,45,0.664333770921132,0.5005818009376526
40409,JG075B,337,S075_SNV,2.0,False,O1,100.0,HEX,JG075B_337,STANDARD,,449,L-MMMMx,3.1622776601683795,2+2,O1,0.5,45,-0.5629074446593637,0.46755632758140564
40410,JG075B,337,S075_SNV,2.0,False,O1,100.0,FAM,JG075B_337,STANDARD,,448,L-MMMMx,3.1622776601683795,2+2,O1,0.5,46,0.6698577184546579,0.504506528377533
40411,JG075B,337,S075_SNV,2.0,False,O1,100.0,HEX,JG075B_337,STANDARD,,449,L-MMMMx,3.1622776601683795,2+2,O1,0.5,46,-0.5731047339356813,0.4758913218975067
40412,JG075B,337,S075_SNV,2.0,False,O1,100.0,FAM,JG075B_337,STANDARD,,448,L-MMMMx,3.1622776601683795,2+2,O1,0.5,47,0.673359082171982,0.5068665742874146
40413,JG075B,337,S075_SNV,2.0,False,O1,100.0,HEX,JG075B_337,STANDARD,,449,L-MMMMx,3.1622776601683795,2+2,O1,0.5,47,-0.579588127744947,0.48104622960090637
40414,JG075B,337,S075_SNV,2.0,False,O1,100.0,FAM,JG075B_337,STANDARD,,448,L-MMMMx,3.1622776601683795,2+2,O1,0.5,48,0.675081487459826,0.5078504085540771
40415,JG075B,337,S075_SNV,2.0,False,O1,100.0,HEX,JG075B_337,STANDARD,,449,L-MMMMx,3.1622776601683795,2+2,O1,0.5,48,-0.588357857779267,0.48815882205963135
40416,JG075B,337,S075_SNV,2.0,False,O1,100.0,FAM,JG075B_337,STANDARD,,448,L-MMMMx,3.1622776601683795,2+2,O1,0.5,49,0.6769931223333083,0.5089806318283081
40417,JG075B,337,S075_SNV,2.0,False,O1,100.0,HEX,JG075B_337,STANDARD,,449,L-MMMMx,3.1622776601683795,2+2,O1,0.5,49,-0.5985176273349176,0.4964616894721985
40418,JG075B,337,S075_SNV,2.0,False,O1,100.0,FAM,JG075B_337,STANDARD,,448,L-MMMMx,3.1622776601683795,2+2,O1,0.5,50,0.6760867311095912,0.5079308152198792
40419,JG075B,337,S075_SNV,2.0,False,O1,100.0,HEX,JG075B_337,STANDARD,,449,L-MMMMx,3.1622776601683795,2+2,O1,0.5,50,-0.6065919547542797,0.5029788613319397
40680,JG075B,339,S075_SNV,2.0,False,O3,100.0,FAM,JG075B_339,STANDARD,,452,L-MMMMx,1.0,2+2,O3,0.0,1,-0.0003173987288424574,0.003527791239321232
40681,JG075B,339,S075_SNV,2.0,False,O3,100.0,HEX,JG075B_339,STANDARD,,453,L-MMMMx,1.0,2+2,O3,0.0,1,-0.00022741109913954259,0.0024414113722741604
40682,JG075B,339,S075_SNV,2.0,False,O3,100.0,FAM,JG075B_339,STANDARD,,452,L-MMMMx,1.0,2+2,O3,0.0,2,-0.000398144903821677,0.0027881087735295296
40683,JG075B,339,S075_SNV,2.0,False,O3,100.0,HEX,JG075B_339,STANDARD,,453,L-MMMMx,1.0,2+2,O3,0.0,2,-0.0004494317838650909,0.002309175208210945
40684,JG075B,339,S075_SNV,2.0,False,O3,100.0,FAM,JG075B_339,STANDARD,,452,L-MMMMx,1.0,2+2,O3,0.0,3,-0.0004768493100633496,0.002050005830824375
40685,JG075B,339,S075_SNV,2.0,False,O3,100.0,HEX,JG075B_339,STANDARD,,453,L-MMMMx,1.0,2+2,O3,0.0,3,0.0010934014051165845,0.0006657525664195418
40686,JG075B,339,S075_SNV,2.0,False,O3,100.0,FAM,JG075B_339,STANDARD,,452,L-MMMMx,1.0,2+2,O3,0.0,4,-0.0005355212683139945,0.0013273998629301786
40687,JG075B,339,S075_SNV,2.0,False,O3,100.0,HEX,JG075B_339,STANDARD,,453,L-MMMMx,1.0,2+2,O3,0.0,4,0.001066671214511596,0.0003662955714389682
40688,JG075B,339,S075_SNV,2.0,False,O3,100.0,FAM,JG075B_339,STANDARD,,452,L-MMMMx,1.0,2+2,O3,0.0,5,-0.0014896436517635807,-8.793106826487929e-05
40689,JG075B,339,S075_SNV,2.0,False,O3,100.0,HEX,JG075B_339,STANDARD,,453,L-MMMMx,1.0,2+2,O3,0.0,5,0.0005589368127595503,0.00047870661364868283
40690,JG075B,339,S075_SNV,2.0,False,O3,100.0,FAM,JG075B_339,STANDARD,,452,L-MMMMx,1.0,2+2,O3,0.0,6,-0.001703721177698468,-0.0009307594737038016
40691,JG075B,339,S075_SNV,2.0,False,O3,100.0,HEX,JG075B_339,STANDARD,,453,L-MMMMx,1.0,2+2,O3,0.0,6,0.0002027779059094898,0.00046132857096381485
40692,JG075B,339,S075_SNV,2.0,False,O3,100.0,FAM,JG075B_339,STANDARD,,452,L-MMMMx,1.0,2+2,O3,0.0,7,-0.0012416650599977235,-0.001250527217052877
40693,JG075B,339,S075_SNV,2.0,False,O3,100.0,HEX,JG075B_339,STANDARD,,453,L-MMMMx,1.0,2+2,O3,0.0,7,0.00019398965964938618,0.0001465084496885538
40694,JG075B,339,S075_SNV,2.0,False,O3,100.0,FAM,JG075B_339,STANDARD,,452,L-MMMMx,1.0,2+2,O3,0.0,8,0.0007762573596523263,-0.0003666686825454235
40695,JG075B,339,S075_SNV,2.0,False,O3,100.0,HEX,JG075B_339,STANDARD,,453,L-MMMMx,1.0,2+2,O3,0.0,8,-0.0008000219010057789,0.0006753026391379535
40696,JG075B,339,S075_SNV,2.0,False,O3,100.0,FAM,JG075B_339,STANDARD,,452,L-MMMMx,1.0,2+2,O3,0.0,9,0.001642198448002946,-0.00037398896529339254
40697,JG075B,339,S075_SNV,2.0,False,O3,100.0,HEX,JG075B_339,STANDARD,,453,L-MMMMx,1.0,2+2,O3,0.0,9,-0.0011058702733252265,0.0006148453685455024
40698,JG075B,339,S075_SNV,2.0,False,O3,100.0,FAM,JG075B_339,STANDARD,,452,L-MMMMx,1.0,2+2,O3,0.0,10,0.0030289446601818436,2.158837378374301e-05
40699,JG075B,339,S075_SNV,2.0,False,O3,100.0,HEX,JG075B_339,STANDARD,,453,L-MMMMx,1.0,2+2,O3,0.0,10,-0.0012098848236156013,0.00038156440132297575
40700,JG075B,339,S075_SNV,2.0,False,O3,100.0,FAM,JG075B_339,STANDARD,,452,L-MMMMx,1.0,2+2,O3,0.0,11,0.004016929585523956,0.00010868185927392915
40701,JG075B,339,S075_SNV,2.0,False,O3,100.0,HEX,JG075B_339,STANDARD,,453,L-MMMMx,1.0,2+2,O3,0.0,11,-0.00019079630680041783,-0.0008133928058668971
40702,JG075B,339,S075_SNV,2.0,False,O3,100.0,FAM,JG075B_339,STANDARD,,452,L-MMMMx,1.0,2+2,O3,0.0,12,0.003754080753518605,-0.0007718762499280274
40703,JG075B,339,S075_SNV,2.0,False,O3,100.0,HEX,JG075B_339,STANDARD,,453,L-MMMMx,1.0,2+2,O3,0.0,12,0.00014945674444224725,-0.0014270854881033301
40704,JG075B,339,S075_SNV,2.0,False,O3,100.0,FAM,JG075B_339,STANDARD,,452,L-MMMMx,1.0,2+2,O3,0.0,13,0.004202614968825406,-0.0011021046666428447
40705,JG075B,339,S075_SNV,2.0,False,O3,100.0,HEX,JG075B_339,STANDARD,,453,L-MMMMx,1.0,2+2,O3,0.0,13,-0.0001400507105737601,-0.001501535065472126
40706,JG075B,339,S075_SNV,2.0,False,O3,100.0,FAM,JG075B_339,STANDARD,,452,L-MMMMx,1.0,2+2,O3,0.0,14,0.00569715116077141,-0.0006231404840946198
40707,JG075B,339,S075_SNV,2.0,False,O3,100.0,HEX,JG075B_339,STANDARD,,453,L-MMMMx,1.0,2+2,O3,0.0,14,-0.0008251858695050063,-0.0012372215278446674
40708,JG075B,339,S075_SNV,2.0,False,O3,100.0,FAM,JG075B_339,STANDARD,,452,L-MMMMx,1.0,2+2,O3,0.0,15,0.006372167610192158,-0.0007781610474921763
40709,JG075B,339,S075_SNV,2.0,False,O3,100.0,HEX,JG075B_339,STANDARD,,453,L-MMMMx,1.0,2+2,O3,0.0,15,-0.0014078901027194805,-0.0010606162250041962
40710,JG075B,339,S075_SNV,2.0,False,O3,100.0,FAM,JG075B_339,STANDARD,,452,L-MMMMx,1.0,2+2,O3,0.0,16,0.008631866267518535,0.00029273692052811384
40711,JG075B,339,S075_SNV,2.0,False,O3,100.0,HEX,JG075B_339,STANDARD,,453,L-MMMMx,1.0,2+2,O3,0.0,16,-0.002045064060278755,-0.0008373703458346426
40712,JG075B,339,S075_SNV,2.0,False,O3,100.0,FAM,JG075B_339,STANDARD,,452,L-MMMMx,1.0,2+2,O3,0.0,17,0.009923458351740052,0.0006147025269456208
40713,JG075B,339,S075_SNV,2.0,False,O3,100.0,HEX,JG075B_339,STANDARD,,453,L-MMMMx,1.0,2+2,O3,0.0,17,-0.003416117489194128,1.4272410226112697e-05
40714,JG075B,339,S075_SNV,2.0,False,O3,100.0,FAM,JG075B_339,STANDARD,,452,L-MMMMx,1.0,2+2,O3,0.0,18,0.01007551233677964,5.5115400755312294e-05
40715,JG075B,339,S075_SNV,2.0,False,O3,100.0,HEX,JG075B_339,STANDARD,,453,L-MMMMx,1.0,2+2,O3,0.0,18,-0.0033548433999231876,-0.00036053979420103133
40716,JG075B,339,S075_SNV,2.0,False,O3,100.0,FAM,JG075B_339,STANDARD,,452,L-MMMMx,1.0,2+2,O3,0.0,19,0.011179492840777492,0.00023194368986878544
40717,JG075B,339,S075_SNV,2.0,False,O3,100.0,HEX,JG075B_339,STANDARD,,453,L-MMMMx,1.0,2+2,O3,0.0,19,-0.004366744697519712,0.00018357281805947423
40718,JG075B,339,S075_SNV,2.0,False,O3,100.0,FAM,JG075B_339,STANDARD,,452,L-MMMMx,1.0,2+2,O3,0.0,20,0.01380131651948014,0.0015829834155738354
40719,JG075B,339,S075_SNV,2.0,False,O3,100.0,HEX,JG075B_339,STANDARD,,453,L-MMMMx,1.0,2+2,O3,0.0,20,-0.004811412555813114,0.00024198208120651543
40720,JG075B,339,S075_SNV,2.0,False,O3,100.0,FAM,JG075B_339,STANDARD,,452,L-MMMMx,1.0,2+2,O3,0.0,21,0.02008156601254424,0.005764200817793608
40721,JG075B,339,S075_SNV,2.0,False,O3,100.0,HEX,JG075B_339,STANDARD,,453,L-MMMMx,1.0,2+2,O3,0.0,21,-0.005406159296774106,0.0004288989584892988
40722,JG075B,339,S075_SNV,2.0,False,O3,100.0,FAM,JG075B_339,STANDARD,,452,L-MMMMx,1.0,2+2,O3,0.0,22,0.031149801719094636,0.013649429194629192
40723,JG075B,339,S075_SNV,2.0,False,O3,100.0,HEX,JG075B_339,STANDARD,,453,L-MMMMx,1.0,2+2,O3,0.0,22,-0.008293315724066165,0.0025787309277802706
40724,JG075B,339,S075_SNV,2.0,False,O3,100.0,FAM,JG075B_339,STANDARD,,452,L-MMMMx,1.0,2+2,O3,0.0,23,0.05172528314643304,0.02888951450586319
40725,JG075B,339,S075_SNV,2.0,False,O3,100.0,HEX,JG075B_339,STANDARD,,453,L-MMMMx,1.0,2+2,O3,0.0,23,-0.012578760442445998,0.005925870966166258
40726,JG075B,339,S075_SNV,2.0,False,O3,100.0,FAM,JG075B_339,STANDARD,,452,L-MMMMx,1.0,2+2,O3,0.0,24,0.08282689141853387,0.05227266624569893
40727,JG075B,339,S075_SNV,2.0,False,O3,100.0,HEX,JG075B_339,STANDARD,,453,L-MMMMx,1.0,2+2,O3,0.0,24,-0.022700105349102044,0.014270100742578506
40728,JG075B,339,S075_SNV,2.0,False,O3,100.0,FAM,JG075B_339,STANDARD,,452,L-MMMMx,1.0,2+2,O3,0.0,25,0.13142541762507504,0.08919152617454529
40729,JG075B,339,S075_SNV,2.0,False,O3,100.0,HEX,JG075B_339,STANDARD,,453,L-MMMMx,1.0,2+2,O3,0.0,25,-0.037070262779330954,0.026252448558807373
40730,JG075B,339,S075_SNV,2.0,False,O3,100.0,FAM,JG075B_339,STANDARD,,452,L-MMMMx,1.0,2+2,O3,0.0,26,0.19388724536805318,0.13683511316776276
40731,JG075B,339,S075_SNV,2.0,False,O3,100.0,HEX,JG075B_339,STANDARD,,453,L-MMMMx,1.0,2+2,O3,0.0,26,-0.05792912177151728,0.04379085823893547
40732,JG075B,339,S075_SNV,2.0,False,O3,100.0,FAM,JG075B_339,STANDARD,,452,L-MMMMx,1.0,2+2,O3,0.0,27,0.26813959413947364,0.1935998946428299
40733,JG075B,339,S075_SNV,2.0,False,O3,100.0,HEX,JG075B_339,STANDARD,,453,L-MMMMx,1.0,2+2,O3,0.0,27,-0.08591169837720791,0.0674290731549263
40734,JG075B,339,S075_SNV,2.0,False,O3,100.0,FAM,JG075B_339,STANDARD,,452,L-MMMMx,1.0,2+2,O3,0.0,28,0.34312979190391746,0.25093549489974976
40735,JG075B,339,S075_SNV,2.0,False,O3,100.0,HEX,JG075B_339,STANDARD,,453,L-MMMMx,1.0,2+2,O3,0.0,28,-0.12207787249783919,0.09807463735342026
40736,JG075B,339,S075_SNV,2.0,False,O3,100.0,FAM,JG075B_339,STANDARD,,452,L-MMMMx,1.0,2+2,O3,0.0,29,0.4075133092683118,0.30006569623947144
40737,JG075B,339,S075_SNV,2.0,False,O3,100.0,HEX,JG075B_339,STANDARD,,453,L-MMMMx,1.0,2+2,O3,0.0,29,-0.16386659255100633,0.13353459537029266
40738,JG075B,339,S075_SNV,2.0,False,O3,100.0,FAM,JG075B_339,STANDARD,,452,L-MMMMx,1.0,2+2,O3,0.0,30,0.46238881043314933,0.3418404757976532
40739,JG075B,339,S075_SNV,2.0,False,O3,100.0,HEX,JG075B_339,STANDARD,,453,L-MMMMx,1.0,2+2,O3,0.0,30,-0.20611348477751212,0.1693868786096573
40740,JG075B,339,S075_SNV,2.0,False,O3,100.0,FAM,JG075B_339,STANDARD,,452,L-MMMMx,1.0,2+2,O3,0.0,31,0.5048047453305826,0.3739764392375946
40741,JG075B,339,S075_SNV,2.0,False,O3,100.0,HEX,JG075B_339,STANDARD,,453,L-MMMMx,1.0,2+2,O3,0.0,31,-0.2505133407155327,0.20708267390727997
40742,JG075B,339,S075_SNV,2.0,False,O3,100.0,FAM,JG075B_339,STANDARD,,452,L-MMMMx,1.0,2+2,O3,0.0,32,0.5393332890709333,0.40001070499420166
40743,JG075B,339,S075_SNV,2.0,False,O3,100.0,HEX,JG075B_339,STANDARD,,453,L-MMMMx,1.0,2+2,O3,0.0,32,-0.29158125055069295,0.2419254183769226
40744,JG075B,339,S075_SNV,2.0,False,O3,100.0,FAM,JG075B_339,STANDARD,,452,L-MMMMx,1.0,2+2,O3,0.0,33,0.5646197088348693,0.4188951849937439
40745,JG075B,339,S075_SNV,2.0,False,O3,100.0,HEX,JG075B_339,STANDARD,,453,L-MMMMx,1.0,2+2,O3,0.0,33,-0.3306158908481542,0.27502715587615967
40746,JG075B,339,S075_SNV,2.0,False,O3,100.0,FAM,JG075B_339,STANDARD,,452,L-MMMMx,1.0,2+2,O3,0.0,34,0.5807700995488666,0.4307119846343994
40747,JG075B,339,S075_SNV,2.0,False,O3,100.0,HEX,JG075B_339,STANDARD,,453,L-MMMMx,1.0,2+2,O3,0.0,34,-0.3670688054314146,0.30591824650764465
40748,JG075B,339,S075_SNV,2.0,False,O3,100.0,FAM,JG075B_339,STANDARD,,452,L-MMMMx,1.0,2+2,O3,0.0,35,0.5945874035028011,0.4407239258289337
40749,JG075B,339,S075_SNV,2.0,False,O3,100.0,HEX,JG075B_339,STANDARD,,453,L-MMMMx,1.0,2+2,O3,0.0,35,-0.39884692988327086,0.33280646800994873
40750,JG075B,339,S075_SNV,2.0,False,O3,100.0,FAM,JG075B_339,STANDARD,,452,L-MMMMx,1.0,2+2,O3,0.0,36,0.6043531448505503,0.4476015269756317
40751,JG075B,339,S075_SNV,2.0,False,O3,100.0,HEX,JG075B_339,STANDARD,,453,L-MMMMx,1.0,2+2,O3,0.0,36,-0.42754415623335246,0.3570566177368164
40752,JG075B,339,S075_SNV,2.0,False,O3,100.0,FAM,JG075B_339,STANDARD,,452,L-MMMMx,1.0,2+2,O3,0.0,37,0.61259942501818,0.45330366492271423
40753,JG075B,339,S075_SNV,2.0,False,O3,100.0,HEX,JG075B_339,STANDARD,,453,L-MMMMx,1.0,2+2,O3,0.0,37,-0.45190378266893233,0.37759262323379517
40754,JG075B,339,S075_SNV,2.0,False,O3,100.0,FAM,JG075B_339,STANDARD,,452,L-MMMMx,1.0,2+2,O3,0.0,38,0.6207149549387297,0.4589046835899353
40755,JG075B,339,S075_SNV,2.0,False,O3,100.0,HEX,JG075B_339,STANDARD,,453,L-MMMMx,1.0,2+2,O3,0.0,38,-0.4745972272234679,0.3967019319534302
40756,JG075B,339,S075_SNV,2.0,False,O3,100.0,FAM,JG075B_339,STANDARD,,452,L-MMMMx,1.0,2+2,O3,0.0,39,0.6262024588264874,0.4624726176261902
40757,JG075B,339,S075_SNV,2.0,False,O3,100.0,HEX,JG075B_339,STANDARD,,453,L-MMMMx,1.0,2+2,O3,0.0,39,-0.49440506417034935,0.41334035992622375
40758,JG075B,339,S075_SNV,2.0,False,O3,100.0,FAM,JG075B_339,STANDARD,,452,L-MMMMx,1.0,2+2,O3,0.0,40,0.6309538472984516,0.4654711186885834
40759,JG075B,339,S075_SNV,2.0,False,O3,100.0,HEX,JG075B_339,STANDARD,,453,L-MMMMx,1.0,2+2,O3,0.0,40,-0.5105826767155622,0.4268703758716583
40760,JG075B,339,S075_SNV,2.0,False,O3,100.0,FAM,JG075B_339,STANDARD,,452,L-MMMMx,1.0,2+2,O3,0.0,41,0.6367047778772913,0.4692428410053253
40761,JG075B,339,S075_SNV,2.0,False,O3,100.0,HEX,JG075B_339,STANDARD,,453,L-MMMMx,1.0,2+2,O3,0.0,41,-0.5247061019567302,0.4386414587497711
40762,JG075B,339,S075_SNV,2.0,False,O3,100.0,FAM,JG075B_339,STANDARD,,452,L-MMMMx,1.0,2+2,O3,0.0,42,0.6429613736721506,0.47340574860572815
40763,JG075B,339,S075_SNV,2.0,False,O3,100.0,HEX,JG075B_339,STANDARD,,453,L-MMMMx,1.0,2+2,O3,0.0,42,-0.5352904221178493,0.4473821222782135
40764,JG075B,339,S075_SNV,2.0,False,O3,100.0,FAM,JG075B_339,STANDARD,,452,L-MMMMx,1.0,2+2,O3,0.0,43,0.6468270967992807,0.4757190942764282
40765,JG075B,339,S075_SNV,2.0,False,O3,100.0,HEX,JG075B_339,STANDARD,,453,L-MMMMx,1.0,2+2,O3,0.0,43,-0.5476317650421466,0.4576272666454315
40766,JG075B,339,S075_SNV,2.0,False,O3,100.0,FAM,JG075B_339,STANDARD,,452,L-MMMMx,1.0,2+2,O3,0.0,44,0.6492965583014362,0.4769522547721863
40767,JG075B,339,S075_SNV,2.0,False,O3,100.0,HEX,JG075B_339,STANDARD,,453,L-MMMMx,1.0,2+2,O3,0.0,44,-0.5569132668507579,0.4652523696422577
40768,JG075B,339,S075_SNV,2.0,False,O3,100.0,FAM,JG075B_339,STANDARD,,452,L-MMMMx,1.0,2+2,O3,0.0,45,0.6506264046565329,0.47730380296707153
40769,JG075B,339,S075_SNV,2.0,False,O3,100.0,HEX,JG075B_339,STANDARD,,453,L-MMMMx,1.0,2+2,O3,0.0,45,-0.5681502491658155,0.47455188632011414
40770,JG075B,339,S075_SNV,2.0,False,O3,100.0,FAM,JG075B_339,STANDARD,,452,L-MMMMx,1.0,2+2,O3,0.0,46,0.6533401849763021,0.47872599959373474
40771,JG075B,339,S075_SNV,2.0,False,O3,100.0,HEX,JG075B_339,STANDARD,,453,L-MMMMx,1.0,2+2,O3,0.0,46,-0.5787205081329183,0.4832805097103119
40772,JG075B,339,S075_SNV,2.0,False,O3,100.0,FAM,JG075B_339,STANDARD,,452,L-MMMMx,1.0,2+2,O3,0.0,47,0.6580763950165193,0.4817127287387848
40773,JG075B,339,S075_SNV,2.0,False,O3,100.0,HEX,JG075B_339,STANDARD,,453,L-MMMMx,1.0,2+2,O3,0.0,47,-0.5875661129270284,0.49053236842155457
40774,JG075B,339,S075_SNV,2.0,False,O3,100.0,FAM,JG075B_339,STANDARD,,452,L-MMMMx,1.0,2+2,O3,0.0,48,0.6613468462468083,0.4835655689239502
40775,JG075B,339,S075_SNV,2.0,False,O3,100.0,HEX,JG075B_339,STANDARD,,453,L-MMMMx,1.0,2+2,O3,0.0,48,-0.5982359140101863,0.49934619665145874
40776,JG075B,339,S075_SNV,2.0,False,O3,100.0,FAM,JG075B_339,STANDARD,,452,L-MMMMx,1.0,2+2,O3,0.0,49,0.6650587818116689,0.4857599139213562
40777,JG075B,339,S075_SNV,2.0,False,O3,100.0,HEX,JG075B_339,STANDARD,,453,L-MMMMx,1.0,2+2,O3,0.0,49,-0.6072061900839151,0.5067048072814941
40778,JG075B,339,S075_SNV,2.0,False,O3,100.0,FAM,JG075B_339,STANDARD,,452,L-MMMMx,1.0,2+2,O3,0.0,50,0.6670786689521796,0.48664528131484985
40779,JG075B,339,S075_SNV,2.0,False,O3,100.0,HEX,JG075B_339,STANDARD,,453,L-MMMMx,1.0,2+2,O3,0.0,50,-0.6168316342669514,0.5146244168281555
41400,JG075B,343,S075_SNV,2.0,False,O7,100.0,FAM,JG075B_343,STANDARD,,460,L-MMMMx,0.1,2+2,O7,-1.0,1,-0.004392658372663365,0.0014063912676647305
41401,JG075B,343,S075_SNV,2.0,False,O7,100.0,HEX,JG075B_343,STANDARD,,461,L-MMMMx,0.1,2+2,O7,-1.0,1,0.0007286804840883635,0.0016539866337552667
41402,JG075B,343,S075_SNV,2.0,False,O7,100.0,FAM,JG075B_343,STANDARD,,460,L-MMMMx,0.1,2+2,O7,-1.0,2,-0.00397475068841977,0.0008943768334574997
41403,JG075B,343,S075_SNV,2.0,False,O7,100.0,HEX,JG075B_343,STANDARD,,461,L-MMMMx,0.1,2+2,O7,-1.0,2,0.0004553225192295366,0.0015354116912931204
41404,JG075B,343,S075_SNV,2.0,False,O7,100.0,FAM,JG075B_343,STANDARD,,460,L-MMMMx,0.1,2+2,O7,-1.0,3,-0.0032314698200757515,0.0006340728141367435
41405,JG075B,343,S075_SNV,2.0,False,O7,100.0,HEX,JG075B_343,STANDARD,,461,L-MMMMx,0.1,2+2,O7,-1.0,3,0.0014184446994655257,0.0003580793854780495
41406,JG075B,343,S075_SNV,2.0,False,O7,100.0,FAM,JG075B_343,STANDARD,,460,L-MMMMx,0.1,2+2,O7,-1.0,4,-0.003176534683854202,-0.00015873911615926772
41407,JG075B,343,S075_SNV,2.0,False,O7,100.0,HEX,JG075B_343,STANDARD,,461,L-MMMMx,0.1,2+2,O7,-1.0,4,0.0009231530622203593,0.00042953892261721194
41408,JG075B,343,S075_SNV,2.0,False,O7,100.0,FAM,JG075B_343,STANDARD,,460,L-MMMMx,0.1,2+2,O7,-1.0,5,-0.0028086695956497324,-0.0007094667525961995
41409,JG075B,343,S075_SNV,2.0,False,O7,100.0,HEX,JG075B_343,STANDARD,,461,L-MMMMx,0.1,2+2,O7,-1.0,5,4.2066115390565274e-05,0.000831342302262783
41410,JG075B,343,S075_SNV,2.0,False,O7,100.0,FAM,JG075B_343,STANDARD,,460,L-MMMMx,0.1,2+2,O7,-1.0,6,-0.0011288717837251649,-0.0002452763437759131
41411,JG075B,343,S075_SNV,2.0,False,O7,100.0,HEX,JG075B_343,STANDARD,,461,L-MMMMx,0.1,2+2,O7,-1.0,6,0.0006307393950747731,-2.536169813538436e-05
41412,JG075B,343,S075_SNV,2.0,False,O7,100.0,FAM,JG075B_343,STANDARD,,460,L-MMMMx,0.1,2+2,O7,-1.0,7,0.000842167002838191,0.00044421962229534984
41413,JG075B,343,S075_SNV,2.0,False,O7,100.0,HEX,JG075B_343,STANDARD,,461,L-MMMMx,0.1,2+2,O7,-1.0,7,0.00046405855808611486,-0.00023528079327661544
41414,JG075B,343,S075_SNV,2.0,False,O7,100.0,FAM,JG075B_343,STANDARD,,460,L-MMMMx,0.1,2+2,O7,-1.0,8,0.0020468876058678457,0.0005408878205344081
41415,JG075B,343,S075_SNV,2.0,False,O7,100.0,HEX,JG075B_343,STANDARD,,461,L-MMMMx,0.1,2+2,O7,-1.0,8,-0.0007861173292001893,0.00048256132868118584
41416,JG075B,343,S075_SNV,2.0,False,O7,100.0,FAM,JG075B_343,STANDARD,,460,L-MMMMx,0.1,2+2,O7,-1.0,9,0.0037263772262848592,0.0010048397816717625
41417,JG075B,343,S075_SNV,2.0,False,O7,100.0,HEX,JG075B_343,STANDARD,,461,L-MMMMx,0.1,2+2,O7,-1.0,9,-0.0010824987590137033,0.00038370059337466955
41418,JG075B,343,S075_SNV,2.0,False,O7,100.0,FAM,JG075B_343,STANDARD,,460,L-MMMMx,0.1,2+2,O7,-1.0,10,0.0037301140483139545,0.0001724206085782498
41419,JG075B,343,S075_SNV,2.0,False,O7,100.0,HEX,JG075B_343,STANDARD,,461,L-MMMMx,0.1,2+2,O7,-1.0,10,-0.0016098457420234457,0.00048260806943289936
41420,JG075B,343,S075_SNV,2.0,False,O7,100.0,FAM,JG075B_343,STANDARD,,460,L-MMMMx,0.1,2+2,O7,-1.0,11,0.00446391802780068,-9.521480387775227e-05
41421,JG075B,343,S075_SNV,2.0,False,O7,100.0,HEX,JG075B_343,STANDARD,,461,L-MMMMx,0.1,2+2,O7,-1.0,11,-0.001269801520394882,-0.00016120303189381957
41422,JG075B,343,S075_SNV,2.0,False,O7,100.0,FAM,JG075B_343,STANDARD,,460,L-MMMMx,0.1,2+2,O7,-1.0,12,0.005652651196375957,-1.0914580343523994e-05
41423,JG075B,343,S075_SNV,2.0,False,O7,100.0,HEX,JG075B_343,STANDARD,,461,L-MMMMx,0.1,2+2,O7,-1.0,12,-0.0012910151286940233,-0.0004956809571012855
41424,JG075B,343,S075_SNV,2.0,False,O7,100.0,FAM,JG075B_343,STANDARD,,460,L-MMMMx,0.1,2+2,O7,-1.0,13,0.006541976315362257,-0.00015823800640646368
41425,JG075B,343,S075_SNV,2.0,False,O7,100.0,HEX,JG075B_343,STANDARD,,461,L-MMMMx,0.1,2+2,O7,-1.0,13,-0.002095792254037571,-0.00015921914018690586
41426,JG075B,343,S075_SNV,2.0,False,O7,100.0,FAM,JG075B_343,STANDARD,,460,L-MMMMx,0.1,2+2,O7,-1.0,14,0.006854020216760959,-0.0007521492661908269
41427,JG075B,343,S075_SNV,2.0,False,O7,100.0,HEX,JG075B_343,STANDARD,,461,L-MMMMx,0.1,2+2,O7,-1.0,14,-0.001965204135352784,-0.0006236798944883049
41428,JG075B,343,S075_SNV,2.0,False,O7,100.0,FAM,JG075B_343,STANDARD,,460,L-MMMMx,0.1,2+2,O7,-1.0,15,0.00730659944560441,-0.001237341552041471
41429,JG075B,343,S075_SNV,2.0,False,O7,100.0,HEX,JG075B_343,STANDARD,,461,L-MMMMx,0.1,2+2,O7,-1.0,15,-0.002099255345138087,-0.0008615386323072016
41430,JG075B,343,S075_SNV,2.0,False,O7,100.0,FAM,JG075B_343,STANDARD,,460,L-MMMMx,0.1,2+2,O7,-1.0,16,0.009464363761807211,-0.0004033937584608793
41431,JG075B,343,S075_SNV,2.0,False,O7,100.0,HEX,JG075B_343,STANDARD,,461,L-MMMMx,0.1,2+2,O7,-1.0,16,-0.0019341929376587154,-0.0013555185869336128
41432,JG075B,343,S075_SNV,2.0,False,O7,100.0,FAM,JG075B_343,STANDARD,,460,L-MMMMx,0.1,2+2,O7,-1.0,17,0.009527003685717617,-0.0011902452679350972
41433,JG075B,343,S075_SNV,2.0,False,O7,100.0,HEX,JG075B_343,STANDARD,,461,L-MMMMx,0.1,2+2,O7,-1.0,17,-0.001801464315429388,-0.0018218121258541942
41434,JG075B,343,S075_SNV,2.0,False,O7,100.0,FAM,JG075B_343,STANDARD,,460,L-MMMMx,0.1,2+2,O7,-1.0,18,0.011316979961592838,-0.0006408201297745109
41435,JG075B,343,S075_SNV,2.0,False,O7,100.0,HEX,JG075B_343,STANDARD,,461,L-MMMMx,0.1,2+2,O7,-1.0,18,-0.0030396499023726993,-0.0011142368894070387
41436,JG075B,343,S075_SNV,2.0,False,O7,100.0,FAM,JG075B_343,STANDARD,,460,L-MMMMx,0.1,2+2,O7,-1.0,19,0.013239285966024174,1.0975886652886402e-05
41437,JG075B,343,S075_SNV,2.0,False,O7,100.0,HEX,JG075B_343,STANDARD,,461,L-MMMMx,0.1,2+2,O7,-1.0,19,-0.0035006760804373823,-0.0010721177095547318
41438,JG075B,343,S075_SNV,2.0,False,O7,100.0,FAM,JG075B_343,STANDARD,,460,L-MMMMx,0.1,2+2,O7,-1.0,20,0.017917016667682938,0.002794383093714714
41439,JG075B,343,S075_SNV,2.0,False,O7,100.0,HEX,JG075B_343,STANDARD,,461,L-MMMMx,0.1,2+2,O7,-1.0,20,-0.005756262144815224,0.0005066240555606782
41440,JG075B,343,S075_SNV,2.0,False,O7,100.0,FAM,JG075B_343,STANDARD,,460,L-MMMMx,0.1,2+2,O7,-1.0,21,0.02343661099616464,0.006229060236364603
41441,JG075B,343,S075_SNV,2.0,False,O7,100.0,HEX,JG075B_343,STANDARD,,461,L-MMMMx,0.1,2+2,O7,-1.0,21,-0.006530758976114058,0.000817157793790102
41442,JG075B,343,S075_SNV,2.0,False,O7,100.0,FAM,JG075B_343,STANDARD,,460,L-MMMMx,0.1,2+2,O7,-1.0,22,0.034793429525601174,0.014179444871842861
41443,JG075B,343,S075_SNV,2.0,False,O7,100.0,HEX,JG075B_343,STANDARD,,461,L-MMMMx,0.1,2+2,O7,-1.0,22,-0.010232316093466176,0.003634036984294653
41444,JG075B,343,S075_SNV,2.0,False,O7,100.0,FAM,JG075B_343,STANDARD,,460,L-MMMMx,0.1,2+2,O7,-1.0,23,0.05527252405895198,0.029186870902776718
41445,JG075B,343,S075_SNV,2.0,False,O7,100.0,HEX,JG075B_343,STANDARD,,461,L-MMMMx,0.1,2+2,O7,-1.0,23,-0.0151881734829831,0.0075249322690069675
41446,JG075B,343,S075_SNV,2.0,False,O7,100.0,FAM,JG075B_343,STANDARD,,460,L-MMMMx,0.1,2+2,O7,-1.0,24,0.08877139997256374,0.054266467690467834
41447,JG075B,343,S075_SNV,2.0,False,O7,100.0,HEX,JG075B_343,STANDARD,,461,L-MMMMx,0.1,2+2,O7,-1.0,24,-0.02486860946439957,0.015461329370737076
41448,JG075B,343,S075_SNV,2.0,False,O7,100.0,FAM,JG075B_343,STANDARD,,460,L-MMMMx,0.1,2+2,O7,-1.0,25,0.13685559307693526,0.09062934666872025
41449,JG075B,343,S075_SNV,2.0,False,O7,100.0,HEX,JG075B_343,STANDARD,,461,L-MMMMx,0.1,2+2,O7,-1.0,25,-0.039939825311634966,0.028013672679662704
41450,JG075B,343,S075_SNV,2.0,False,O7,100.0,FAM,JG075B_343,STANDARD,,460,L-MMMMx,0.1,2+2,O7,-1.0,26,0.19968316709150344,0.13839778304100037
41451,JG075B,343,S075_SNV,2.0,False,O7,100.0,HEX,JG075B_343,STANDARD,,461,L-MMMMx,0.1,2+2,O7,-1.0,26,-0.061805643300550744,0.04638401046395302
41452,JG075B,343,S075_SNV,2.0,False,O7,100.0,FAM,JG075B_343,STANDARD,,460,L-MMMMx,0.1,2+2,O7,-1.0,27,0.27175355851337807,0.1933165043592453
41453,JG075B,343,S075_SNV,2.0,False,O7,100.0,HEX,JG075B_343,STANDARD,,461,L-MMMMx,0.1,2+2,O7,-1.0,27,-0.09287428654096509,0.07263442873954773
41454,JG075B,343,S075_SNV,2.0,False,O7,100.0,FAM,JG075B_343,STANDARD,,460,L-MMMMx,0.1,2+2,O7,-1.0,28,0.3454998568293944,0.24953171610832214
41455,JG075B,343,S075_SNV,2.0,False,O7,100.0,HEX,JG075B_343,STANDARD,,461,L-MMMMx,0.1,2+2,O7,-1.0,28,-0.13091677734183024,0.10485631972551346
41456,JG075B,343,S075_SNV,2.0,False,O7,100.0,FAM,JG075B_343,STANDARD,,460,L-MMMMx,0.1,2+2,O7,-1.0,29,0.4133468303556837,0.30118319392204285
41457,JG075B,343,S075_SNV,2.0,False,O7,100.0,HEX,JG075B_343,STANDARD,,461,L-MMMMx,0.1,2+2,O7,-1.0,29,-0.1741255387708874,0.14150191843509674
41458,JG075B,343,S075_SNV,2.0,False,O7,100.0,FAM,JG075B_343,STANDARD,,460,L-MMMMx,0.1,2+2,O7,-1.0,30,0.46914729128256843,0.34351539611816406
41459,JG075B,343,S075_SNV,2.0,False,O7,100.0,HEX,JG075B_343,STANDARD,,461,L-MMMMx,0.1,2+2,O7,-1.0,30,-0.2194465073317739,0.17995613813400269
41460,JG075B,343,S075_SNV,2.0,False,O7,100.0,FAM,JG075B_343,STANDARD,,460,L-MMMMx,0.1,2+2,O7,-1.0,31,0.5126308786100466,0.3763192296028137
41461,JG075B,343,S075_SNV,2.0,False,O7,100.0,HEX,JG075B_343,STANDARD,,461,L-MMMMx,0.1,2+2,O7,-1.0,31,-0.26455777615516685,0.21823078393936157
41462,JG075B,343,S075_SNV,2.0,False,O7,100.0,FAM,JG075B_343,STANDARD,,460,L-MMMMx,0.1,2+2,O7,-1.0,32,0.5461676620790876,0.4014281630516052
41463,JG075B,343,S075_SNV,2.0,False,O7,100.0,HEX,JG075B_343,STANDARD,,461,L-MMMMx,0.1,2+2,O7,-1.0,32,-0.31017134981034516,0.2569355368614197
41464,JG075B,343,S075_SNV,2.0,False,O7,100.0,FAM,JG075B_343,STANDARD,,460,L-MMMMx,0.1,2+2,O7,-1.0,33,0.5736176632739316,0.4218282997608185
41465,JG075B,343,S075_SNV,2.0,False,O7,100.0,HEX,JG075B_343,STANDARD,,461,L-MMMMx,0.1,2+2,O7,-1.0,33,-0.351355020861589,0.2918471395969391
41466,JG075B,343,S075_SNV,2.0,False,O7,100.0,FAM,JG075B_343,STANDARD,,460,L-MMMMx,0.1,2+2,O7,-1.0,34,0.5924445431352839,0.4355575740337372
41467,JG075B,343,S075_SNV,2.0,False,O7,100.0,HEX,JG075B_343,STANDARD,,461,L-MMMMx,0.1,2+2,O7,-1.0,34,-0.3872072370598866,0.32219356298446655
41468,JG075B,343,S075_SNV,2.0,False,O7,100.0,FAM,JG075B_343,STANDARD,,460,L-MMMMx,0.1,2+2,O7,-1.0,35,0.6061038989415969,0.4452892243862152
41469,JG075B,343,S075_SNV,2.0,False,O7,100.0,HEX,JG075B_343,STANDARD,,461,L-MMMMx,0.1,2+2,O7,-1.0,35,-0.42173644804297994,0.35140714049339294
41470,JG075B,343,S075_SNV,2.0,False,O7,100.0,FAM,JG075B_343,STANDARD,,460,L-MMMMx,0.1,2+2,O7,-1.0,36,0.6202168355991529,0.4553717374801636
41471,JG075B,343,S075_SNV,2.0,False,O7,100.0,HEX,JG075B_343,STANDARD,,461,L-MMMMx,0.1,2+2,O7,-1.0,36,-0.45372594286924256,0.3784460723400116
41472,JG075B,343,S075_SNV,2.0,False,O7,100.0,FAM,JG075B_343,STANDARD,,460,L-MMMMx,0.1,2+2,O7,-1.0,37,0.6299018307719229,0.4620288014411926
41473,JG075B,343,S075_SNV,2.0,False,O7,100.0,HEX,JG075B_343,STANDARD,,461,L-MMMMx,0.1,2+2,O7,-1.0,37,-0.4795500217786447,0.40020573139190674
41474,JG075B,343,S075_SNV,2.0,False,O7,100.0,FAM,JG075B_343,STANDARD,,460,L-MMMMx,0.1,2+2,O7,-1.0,38,0.6400300823804327,0.4690287709236145
41475,JG075B,343,S075_SNV,2.0,False,O7,100.0,HEX,JG075B_343,STANDARD,,461,L-MMMMx,0.1,2+2,O7,-1.0,38,-0.502081692992123,0.41914620995521545
41476,JG075B,343,S075_SNV,2.0,False,O7,100.0,FAM,JG075B_343,STANDARD,,460,L-MMMMx,0.1,2+2,O7,-1.0,39,0.6478441239587175,0.47423842549324036
41477,JG075B,343,S075_SNV,2.0,False,O7,100.0,HEX,JG075B_343,STANDARD,,461,L-MMMMx,0.1,2+2,O7,-1.0,39,-0.5236217715879762,0.43723762035369873
41478,JG075B,343,S075_SNV,2.0,False,O7,100.0,FAM,JG075B_343,STANDARD,,460,L-MMMMx,0.1,2+2,O7,-1.0,40,0.6517285697199315,0.4764081537723541
41479,JG075B,343,S075_SNV,2.0,False,O7,100.0,HEX,JG075B_343,STANDARD,,461,L-MMMMx,0.1,2+2,O7,-1.0,40,-0.5422052405073807,0.45279741287231445
41480,JG075B,343,S075_SNV,2.0,False,O7,100.0,FAM,JG075B_343,STANDARD,,460,L-MMMMx,0.1,2+2,O7,-1.0,41,0.6577231256854928,0.4802102744579315
41481,JG075B,343,S075_SNV,2.0,False,O7,100.0,HEX,JG075B_343,STANDARD,,461,L-MMMMx,0.1,2+2,O7,-1.0,41,-0.5573792875370932,0.46543779969215393
41482,JG075B,343,S075_SNV,2.0,False,O7,100.0,FAM,JG075B_343,STANDARD,,460,L-MMMMx,0.1,2+2,O7,-1.0,42,0.659986792308479,0.4811261296272278
41483,JG075B,343,S075_SNV,2.0,False,O7,100.0,HEX,JG075B_343,STANDARD,,461,L-MMMMx,0.1,2+2,O7,-1.0,42,-0.5699445654175788,0.4758443832397461
41484,JG075B,343,S075_SNV,2.0,False,O7,100.0,FAM,JG075B_343,STANDARD,,460,L-MMMMx,0.1,2+2,O7,-1.0,43,0.665680784506298,0.4846957325935364
41485,JG075B,343,S075_SNV,2.0,False,O7,100.0,HEX,JG075B_343,STANDARD,,461,L-MMMMx,0.1,2+2,O7,-1.0,43,-0.5807177371597169,0.4847164750099182
41486,JG075B,343,S075_SNV,2.0,False,O7,100.0,FAM,JG075B_343,STANDARD,,460,L-MMMMx,0.1,2+2,O7,-1.0,44,0.6699816740420947,0.48718759417533875
41487,JG075B,343,S075_SNV,2.0,False,O7,100.0,HEX,JG075B_343,STANDARD,,461,L-MMMMx,0.1,2+2,O7,-1.0,44,-0.5935128668354568,0.4953198730945587
41488,JG075B,343,S075_SNV,2.0,False,O7,100.0,FAM,JG075B_343,STANDARD,,460,L-MMMMx,0.1,2+2,O7,-1.0,45,0.6737552479084662,0.4892715513706207
41489,JG075B,343,S075_SNV,2.0,False,O7,100.0,HEX,JG075B_343,STANDARD,,461,L-MMMMx,0.1,2+2,O7,-1.0,45,-0.6046853904096283,0.5045338869094849
41490,JG075B,343,S075_SNV,2.0,False,O7,100.0,FAM,JG075B_343,STANDARD,,460,L-MMMMx,0.1,2+2,O7,-1.0,46,0.6763421303749998,0.49043747782707214
41491,JG075B,343,S075_SNV,2.0,False,O7,100.0,HEX,JG075B_343,STANDARD,,461,L-MMMMx,0.1,2+2,O7,-1.0,46,-0.614583705288424,0.5126568675041199
41492,JG075B,343,S075_SNV,2.0,False,O7,100.0,FAM,JG075B_343,STANDARD,,460,L-MMMMx,0.1,2+2,O7,-1.0,47,0.6813939285189526,0.49351024627685547
41493,JG075B,343,S075_SNV,2.0,False,O7,100.0,HEX,JG075B_343,STANDARD,,461,L-MMMMx,0.1,2+2,O7,-1.0,47,-0.6250517769643599,0.5212676525115967
41494,JG075B,343,S075_SNV,2.0,False,O7,100.0,FAM,JG075B_343,STANDARD,,460,L-MMMMx,0.1,2+2,O7,-1.0,48,0.6829420515092746,0.49387258291244507
41495,JG075B,343,S075_SNV,2.0,False,O7,100.0,HEX,JG075B_343,STANDARD,,461,L-MMMMx,0.1,2+2,O7,-1.0,48,-0.6362408676879168,0.5304958820343018
41496,JG075B,343,S075_SNV,2.0,False,O7,100.0,FAM,JG075B_343,STANDARD,,460,L-MMMMx,0.1,2+2,O7,-1.0,49,0.687118046436635,0.4962678551673889
41497,JG075B,343,S075_SNV,2.0,False,O7,100.0,HEX,JG075B_343,STANDARD,,461,L-MMMMx,0.1,2+2,O7,-1.0,49,-0.6445248600398367,0.5372365713119507
41498,JG075B,343,S075_SNV,2.0,False,O7,100.0,FAM,JG075B_343,STANDARD,,460,L-MMMMx,0.1,2+2,O7,-1.0,50,0.6896479134742711,0.49738964438438416
41499,JG075B,343,S075_SNV,2.0,False,O7,100.0,HEX,JG075B_343,STANDARD,,461,L-MMMMx,0.1,2+2,O7,-1.0,50,-0.6505055313580888,0.5420049428939819
41580,JG075B,344,S075_SNV,2.0,False,O8,100.0,FAM,JG075B_344,STANDARD,,462,L-MMMMx,0.0,2+2,O8,-2.0,1,-0.006297951242779244,-0.0001342188916169107
41581,JG075B,344,S075_SNV,2.0,False,O8,100.0,HEX,JG075B_344,STANDARD,,463,L-MMMMx,0.0,2+2,O8,-2.0,1,0.001144379759350626,0.0010353816905990243
41582,JG075B,344,S075_SNV,2.0,False,O8,100.0,FAM,JG075B_344,STANDARD,,462,L-MMMMx,0.0,2+2,O8,-2.0,2,-0.005055977991273967,6.903230769239599e-06
41583,JG075B,344,S075_SNV,2.0,False,O8,100.0,HEX,JG075B_344,STANDARD,,463,L-MMMMx,0.0,2+2,O8,-2.0,2,0.0010606738890316194,0.0007466062088496983
41584,JG075B,344,S075_SNV,2.0,False,O8,100.0,FAM,JG075B_344,STANDARD,,462,L-MMMMx,0.0,2+2,O8,-2.0,3,-0.0037411174482321033,0.0002044113352894783
41585,JG075B,344,S075_SNV,2.0,False,O8,100.0,HEX,JG075B_344,STANDARD,,463,L-MMMMx,0.0,2+2,O8,-2.0,3,0.001308519836034383,0.00017393380403518677
41586,JG075B,344,S075_SNV,2.0,False,O8,100.0,FAM,JG075B_344,STANDARD,,462,L-MMMMx,0.0,2+2,O8,-2.0,4,-0.0026124045757530212,0.0002579146239440888
41587,JG075B,344,S075_SNV,2.0,False,O8,100.0,HEX,JG075B_344,STANDARD,,463,L-MMMMx,0.0,2+2,O8,-2.0,4,0.0009066098412282583,0.00015762605471536517
41588,JG075B,344,S075_SNV,2.0,False,O8,100.0,FAM,JG075B_344,STANDARD,,462,L-MMMMx,0.0,2+2,O8,-2.0,5,-0.0025824714755818125,-0.0005386039265431464
41589,JG075B,344,S075_SNV,2.0,False,O8,100.0,HEX,JG075B_344,STANDARD,,463,L-MMMMx,0.0,2+2,O8,-2.0,5,-0.00032445813636776107,0.000851299031637609
41590,JG075B,344,S075_SNV,2.0,False,O8,100.0,FAM,JG075B_344,STANDARD,,462,L-MMMMx,0.0,2+2,O8,-2.0,6,-0.0015191337266426803,-0.0005356751498766243
41591,JG075B,344,S075_SNV,2.0,False,O8,100.0,HEX,JG075B_344,STANDARD,,463,L-MMMMx,0.0,2+2,O8,-2.0,6,0.00024268829059615341,5.220112143433653e-06
41592,JG075B,344,S075_SNV,2.0,False,O8,100.0,FAM,JG075B_344,STANDARD,,462,L-MMMMx,0.0,2+2,O8,-2.0,7,0.0009435475623466303,0.0005497931269928813
41593,JG075B,344,S075_SNV,2.0,False,O8,100.0,HEX,JG075B_344,STANDARD,,463,L-MMMMx,0.0,2+2,O8,-2.0,7,0.00023513561955281682,-0.00034876284189522266
41594,JG075B,344,S075_SNV,2.0,False,O8,100.0,FAM,JG075B_344,STANDARD,,462,L-MMMMx,0.0,2+2,O8,-2.0,8,0.0020372036508414138,0.0005761763313785195
41595,JG075B,344,S075_SNV,2.0,False,O8,100.0,HEX,JG075B_344,STANDARD,,463,L-MMMMx,0.0,2+2,O8,-2.0,8,-0.0008849394181482702,0.00024987049982883036
41596,JG075B,344,S075_SNV,2.0,False,O8,100.0,FAM,JG075B_344,STANDARD,,462,L-MMMMx,0.0,2+2,O8,-2.0,9,0.003255908443526344,0.0006992978160269558
41597,JG075B,344,S075_SNV,2.0,False,O8,100.0,HEX,JG075B_344,STANDARD,,463,L-MMMMx,0.0,2+2,O8,-2.0,9,-0.0006737778733559984,-0.0002913902571890503
41598,JG075B,344,S075_SNV,2.0,False,O8,100.0,FAM,JG075B_344,STANDARD,,462,L-MMMMx,0.0,2+2,O8,-2.0,10,0.004218467569495229,0.0006242637173272669
41599,JG075B,344,S075_SNV,2.0,False,O8,100.0,HEX,JG075B_344,STANDARD,,463,L-MMMMx,0.0,2+2,O8,-2.0,10,-0.000809778159539582,-0.0005353877204470336
41600,JG075B,344,S075_SNV,2.0,False,O8,100.0,FAM,JG075B_344,STANDARD,,462,L-MMMMx,0.0,2+2,O8,-2.0,11,0.004363818389245513,-8.296710439026356e-05
41601,JG075B,344,S075_SNV,2.0,False,O8,100.0,HEX,JG075B_344,STANDARD,,463,L-MMMMx,0.0,2+2,O8,-2.0,11,-0.0031329902139506168,0.0010934523306787014
41602,JG075B,344,S075_SNV,2.0,False,O8,100.0,FAM,JG075B_344,STANDARD,,462,L-MMMMx,0.0,2+2,O8,-2.0,12,0.005616539819576746,6.646986003033817e-05
41603,JG075B,344,S075_SNV,2.0,False,O8,100.0,HEX,JG075B_344,STANDARD,,463,L-MMMMx,0.0,2+2,O8,-2.0,12,-0.003657674619380565,0.001182272215373814
41604,JG075B,344,S075_SNV,2.0,False,O8,100.0,FAM,JG075B_344,STANDARD,,462,L-MMMMx,0.0,2+2,O8,-2.0,13,0.006575362123516535,-1.1455092135292944e-05
41605,JG075B,344,S075_SNV,2.0,False,O8,100.0,HEX,JG075B_344,STANDARD,,463,L-MMMMx,0.0,2+2,O8,-2.0,13,-0.003041435830634963,0.000294157158350572
41606,JG075B,344,S075_SNV,2.0,False,O8,100.0,FAM,JG075B_344,STANDARD,,462,L-MMMMx,0.0,2+2,O8,-2.0,14,0.0065008568265652895,-0.0008887677104212344
41607,JG075B,344,S075_SNV,2.0,False,O8,100.0,HEX,JG075B_344,STANDARD,,463,L-MMMMx,0.0,2+2,O8,-2.0,14,-0.0021842250696841037,-0.0008002943359315395
41608,JG075B,344,S075_SNV,2.0,False,O8,100.0,FAM,JG075B_344,STANDARD,,462,L-MMMMx,0.0,2+2,O8,-2.0,15,0.006704956652443107,-0.0015505499904975295
41609,JG075B,344,S075_SNV,2.0,False,O8,100.0,HEX,JG075B_344,STANDARD,,463,L-MMMMx,0.0,2+2,O8,-2.0,15,-0.0019977054193558055,-0.001320454990491271
41610,JG075B,344,S075_SNV,2.0,False,O8,100.0,FAM,JG075B_344,STANDARD,,462,L-MMMMx,0.0,2+2,O8,-2.0,16,0.008393923161717415,-0.0010636314982548356
41611,JG075B,344,S075_SNV,2.0,False,O8,100.0,HEX,JG075B_344,STANDARD,,463,L-MMMMx,0.0,2+2,O8,-2.0,16,-0.0023900266543811044,-0.0013449733378365636
41612,JG075B,344,S075_SNV,2.0,False,O8,100.0,FAM,JG075B_344,STANDARD,,462,L-MMMMx,0.0,2+2,O8,-2.0,17,0.010065091611430462,-0.0005904817371629179
41613,JG075B,344,S075_SNV,2.0,False,O8,100.0,HEX,JG075B_344,STANDARD,,463,L-MMMMx,0.0,2+2,O8,-2.0,17,-0.0023130903440525537,-0.0017713013803586364
41614,JG075B,344,S075_SNV,2.0,False,O8,100.0,FAM,JG075B_344,STANDARD,,462,L-MMMMx,0.0,2+2,O8,-2.0,18,0.011241805311211122,-0.0004998447839170694
41615,JG075B,344,S075_SNV,2.0,False,O8,100.0,HEX,JG075B_344,STANDARD,,463,L-MMMMx,0.0,2+2,O8,-2.0,18,-0.003958667703172153,-0.0007226977031677961
41616,JG075B,344,S075_SNV,2.0,False,O8,100.0,FAM,JG075B_344,STANDARD,,462,L-MMMMx,0.0,2+2,O8,-2.0,19,0.013447339311084836,0.0003866930492222309
41617,JG075B,344,S075_SNV,2.0,False,O8,100.0,HEX,JG075B_344,STANDARD,,463,L-MMMMx,0.0,2+2,O8,-2.0,19,-0.005062140786552174,-0.0001382800255669281
41618,JG075B,344,S075_SNV,2.0,False,O8,100.0,FAM,JG075B_344,STANDARD,,462,L-MMMMx,0.0,2+2,O8,-2.0,20,0.01710545693393873,0.0023969572503119707
41619,JG075B,344,S075_SNV,2.0,False,O8,100.0,HEX,JG075B_344,STANDARD,,463,L-MMMMx,0.0,2+2,O8,-2.0,20,-0.005889836962043358,0.0002099989214912057
41620,JG075B,344,S075_SNV,2.0,False,O8,100.0,FAM,JG075B_344,STANDARD,,462,L-MMMMx,0.0,2+2,O8,-2.0,21,0.023448038159405677,0.006483936682343483
41621,JG075B,344,S075_SNV,2.0,False,O8,100.0,HEX,JG075B_344,STANDARD,,463,L-MMMMx,0.0,2+2,O8,-2.0,21,-0.006308192288959974,0.00020777276949957013
41622,JG075B,344,S075_SNV,2.0,False,O8,100.0,FAM,JG075B_344,STANDARD,,462,L-MMMMx,0.0,2+2,O8,-2.0,22,0.033934215680001385,0.013776424340903759
41623,JG075B,344,S075_SNV,2.0,False,O8,100.0,HEX,JG075B_344,STANDARD,,463,L-MMMMx,0.0,2+2,O8,-2.0,22,-0.009812492433325408,0.0028479397296905518
41624,JG075B,344,S075_SNV,2.0,False,O8,100.0,FAM,JG075B_344,STANDARD,,462,L-MMMMx,0.0,2+2,O8,-2.0,23,0.05386341951599848,0.028374087065458298
41625,JG075B,344,S075_SNV,2.0,False,O8,100.0,HEX,JG075B_344,STANDARD,,463,L-MMMMx,0.0,2+2,O8,-2.0,23,-0.015841786246727427,0.0076501755975186825
41626,JG075B,344,S075_SNV,2.0,False,O8,100.0,FAM,JG075B_344,STANDARD,,462,L-MMMMx,0.0,2+2,O8,-2.0,24,0.0880543779837618,0.054004717618227005
41627,JG075B,344,S075_SNV,2.0,False,O8,100.0,HEX,JG075B_344,STANDARD,,463,L-MMMMx,0.0,2+2,O8,-2.0,24,-0.024323731670347706,0.01455253642052412
41628,JG075B,344,S075_SNV,2.0,False,O8,100.0,FAM,JG075B_344,STANDARD,,462,L-MMMMx,0.0,2+2,O8,-2.0,25,0.13733855324673433,0.09131154417991638
41629,JG075B,344,S075_SNV,2.0,False,O8,100.0,HEX,JG075B_344,STANDARD,,463,L-MMMMx,0.0,2+2,O8,-2.0,25,-0.0387215764269129,0.026520488783717155
41630,JG075B,344,S075_SNV,2.0,False,O8,100.0,FAM,JG075B_344,STANDARD,,462,L-MMMMx,0.0,2+2,O8,-2.0,26,0.201466040516228,0.14010122418403625
41631,JG075B,344,S075_SNV,2.0,False,O8,100.0,HEX,JG075B_344,STANDARD,,463,L-MMMMx,0.0,2+2,O8,-2.0,26,-0.061433833049185475,0.0456077978014946
41632,JG075B,344,S075_SNV,2.0,False,O8,100.0,FAM,JG075B_344,STANDARD,,462,L-MMMMx,0.0,2+2,O8,-2.0,27,0.27311914063687415,0.1947127729654312
41633,JG075B,344,S075_SNV,2.0,False,O8,100.0,HEX,JG075B_344,STANDARD,,463,L-MMMMx,0.0,2+2,O8,-2.0,27,-0.09281291891342949,0.07211622595787048
41634,JG075B,344,S075_SNV,2.0,False,O8,100.0,FAM,JG075B_344,STANDARD,,462,L-MMMMx,0.0,2+2,O8,-2.0,28,0.34554610963298904,0.249922975897789
41635,JG075B,344,S075_SNV,2.0,False,O8,100.0,HEX,JG075B_344,STANDARD,,463,L-MMMMx,0.0,2+2,O8,-2.0,28,-0.13181461633926625,0.10515164583921432
41636,JG075B,344,S075_SNV,2.0,False,O8,100.0,FAM,JG075B_344,STANDARD,,462,L-MMMMx,0.0,2+2,O8,-2.0,29,0.4115662779982504,0.30017685890197754
41637,JG075B,344,S075_SNV,2.0,False,O8,100.0,HEX,JG075B_344,STANDARD,,463,L-MMMMx,0.0,2+2,O8,-2.0,29,-0.17534567147275334,0.1420654058456421
41638,JG075B,344,S075_SNV,2.0,False,O8,100.0,FAM,JG075B_344,STANDARD,,462,L-MMMMx,0.0,2+2,O8,-2.0,30,0.46560727360850784,0.3411635756492615
41639,JG075B,344,S075_SNV,2.0,False,O8,100.0,HEX,JG075B_344,STANDARD,,463,L-MMMMx,0.0,2+2,O8,-2.0,30,-0.2201514921805872,0.18007071316242218
41640,JG075B,344,S075_SNV,2.0,False,O8,100.0,FAM,JG075B_344,STANDARD,,462,L-MMMMx,0.0,2+2,O8,-2.0,31,0.5070692016943069,0.3724190890789032
41641,JG075B,344,S075_SNV,2.0,False,O8,100.0,HEX,JG075B_344,STANDARD,,463,L-MMMMx,0.0,2+2,O8,-2.0,31,-0.2655395994624073,0.21857459843158722
41642,JG075B,344,S075_SNV,2.0,False,O8,100.0,FAM,JG075B_344,STANDARD,,462,L-MMMMx,0.0,2+2,O8,-2.0,32,0.5388994517381429,0.3962234556674957
41643,JG075B,344,S075_SNV,2.0,False,O8,100.0,HEX,JG075B_344,STANDARD,,463,L-MMMMx,0.0,2+2,O8,-2.0,32,-0.3092606547397911,0.25565105676651
41644,JG075B,344,S075_SNV,2.0,False,O8,100.0,FAM,JG075B_344,STANDARD,,462,L-MMMMx,0.0,2+2,O8,-2.0,33,0.5647483980512426,0.4154006540775299
41645,JG075B,344,S075_SNV,2.0,False,O8,100.0,HEX,JG075B_344,STANDARD,,463,L-MMMMx,0.0,2+2,O8,-2.0,33,-0.349468987078374,0.28971967101097107
41646,JG075B,344,S075_SNV,2.0,False,O8,100.0,FAM,JG075B_344,STANDARD,,462,L-MMMMx,0.0,2+2,O8,-2.0,34,0.5840333275406974,0.42949989438056946
41647,JG075B,344,S075_SNV,2.0,False,O8,100.0,HEX,JG075B_344,STANDARD,,463,L-MMMMx,0.0,2+2,O8,-2.0,34,-0.3863635414905233,0.32095083594322205
41648,JG075B,344,S075_SNV,2.0,False,O8,100.0,FAM,JG075B_344,STANDARD,,462,L-MMMMx,0.0,2+2,O8,-2.0,35,0.5992815646642063,0.44047635793685913
41649,JG075B,344,S075_SNV,2.0,False,O8,100.0,HEX,JG075B_344,STANDARD,,463,L-MMMMx,0.0,2+2,O8,-2.0,35,-0.42021868528423284,0.34957942366600037
41650,JG075B,344,S075_SNV,2.0,False,O8,100.0,FAM,JG075B_344,STANDARD,,462,L-MMMMx,0.0,2+2,O8,-2.0,36,0.6107771078959808,0.44854968786239624
41651,JG075B,344,S075_SNV,2.0,False,O8,100.0,HEX,JG075B_344,STANDARD,,463,L-MMMMx,0.0,2+2,O8,-2.0,36,-0.4516005555433315,0.37609022855758667
41652,JG075B,344,S075_SNV,2.0,False,O8,100.0,FAM,JG075B_344,STANDARD,,462,L-MMMMx,0.0,2+2,O8,-2.0,37,0.6213301244497773,0.455893874168396
41653,JG075B,344,S075_SNV,2.0,False,O8,100.0,HEX,JG075B_344,STANDARD,,463,L-MMMMx,0.0,2+2,O8,-2.0,37,-0.47984343826299963,0.3999132513999939
41654,JG075B,344,S075_SNV,2.0,False,O8,100.0,FAM,JG075B_344,STANDARD,,462,L-MMMMx,0.0,2+2,O8,-2.0,38,0.6300048678607844,0.4617850184440613
41655,JG075B,344,S075_SNV,2.0,False,O8,100.0,HEX,JG075B_344,STANDARD,,463,L-MMMMx,0.0,2+2,O8,-2.0,38,-0.5028989933683872,0.4192945063114166
41656,JG075B,344,S075_SNV,2.0,False,O8,100.0,FAM,JG075B_344,STANDARD,,462,L-MMMMx,0.0,2+2,O8,-2.0,39,0.6383060831646356,0.46738722920417786
41657,JG075B,344,S075_SNV,2.0,False,O8,100.0,HEX,JG075B_344,STANDARD,,463,L-MMMMx,0.0,2+2,O8,-2.0,39,-0.5213231252922323,0.4347100257873535
41658,JG075B,344,S075_SNV,2.0,False,O8,100.0,FAM,JG075B_344,STANDARD,,462,L-MMMMx,0.0,2+2,O8,-2.0,40,0.643193538187185,0.4703485071659088
41659,JG075B,344,S075_SNV,2.0,False,O8,100.0,HEX,JG075B_344,STANDARD,,463,L-MMMMx,0.0,2+2,O8,-2.0,40,-0.5374256983961113,0.44813767075538635
41660,JG075B,344,S075_SNV,2.0,False,O8,100.0,FAM,JG075B_344,STANDARD,,462,L-MMMMx,0.0,2+2,O8,-2.0,41,0.6470329109404193,0.47249898314476013
41661,JG075B,344,S075_SNV,2.0,False,O8,100.0,HEX,JG075B_344,STANDARD,,463,L-MMMMx,0.0,2+2,O8,-2.0,41,-0.5526994267616216,0.460855633020401
41662,JG075B,344,S075_SNV,2.0,False,O8,100.0,FAM,JG075B_344,STANDARD,,462,L-MMMMx,0.0,2+2,O8,-2.0,42,0.653794709664037,0.4769102931022644
41663,JG075B,344,S075_SNV,2.0,False,O8,100.0,HEX,JG075B_344,STANDARD,,463,L-MMMMx,0.0,2+2,O8,-2.0,42,-0.5663905747015996,0.47221845388412476
41664,JG075B,344,S075_SNV,2.0,False,O8,100.0,FAM,JG075B_344,STANDARD,,462,L-MMMMx,0.0,2+2,O8,-2.0,43,0.6589123837427294,0.48004966974258423
41665,JG075B,344,S075_SNV,2.0,False,O8,100.0,HEX,JG075B_344,STANDARD,,463,L-MMMMx,0.0,2+2,O8,-2.0,43,-0.5771246256960294,0.48104920983314514
41666,JG075B,344,S075_SNV,2.0,False,O8,100.0,FAM,JG075B_344,STANDARD,,462,L-MMMMx,0.0,2+2,O8,-2.0,44,0.6640171137781047,0.4831790328025818
41667,JG075B,344,S075_SNV,2.0,False,O8,100.0,HEX,JG075B_344,STANDARD,,463,L-MMMMx,0.0,2+2,O8,-2.0,44,-0.589346170031704,0.49115368723869324
41668,JG075B,344,S075_SNV,2.0,False,O8,100.0,FAM,JG075B_344,STANDARD,,462,L-MMMMx,0.0,2+2,O8,-2.0,45,0.6681702254860291,0.4855722188949585
41669,JG075B,344,S075_SNV,2.0,False,O8,100.0,HEX,JG075B_344,STANDARD,,463,L-MMMMx,0.0,2+2,O8,-2.0,45,-0.599941697382113,0.4998658299446106
41670,JG075B,344,S075_SNV,2.0,False,O8,100.0,FAM,JG075B_344,STANDARD,,462,L-MMMMx,0.0,2+2,O8,-2.0,46,0.6719850199665359,0.48770371079444885
41671,JG075B,344,S075_SNV,2.0,False,O8,100.0,HEX,JG075B_344,STANDARD,,463,L-MMMMx,0.0,2+2,O8,-2.0,46,-0.6108543673064709,0.508849561214447
41672,JG075B,344,S075_SNV,2.0,False,O8,100.0,FAM,JG075B_344,STANDARD,,462,L-MMMMx,0.0,2+2,O8,-2.0,47,0.6751127014809505,0.4893036186695099
41673,JG075B,344,S075_SNV,2.0,False,O8,100.0,HEX,JG075B_344,STANDARD,,463,L-MMMMx,0.0,2+2,O8,-2.0,47,-0.6227335006848904,0.5186607837677002
41674,JG075B,344,S075_SNV,2.0,False,O8,100.0,FAM,JG075B_344,STANDARD,,462,L-MMMMx,0.0,2+2,O8,-2.0,48,0.6784618185935428,0.4910748302936554
41675,JG075B,344,S075_SNV,2.0,False,O8,100.0,HEX,JG075B_344,STANDARD,,463,L-MMMMx,0.0,2+2,O8,-2.0,48,-0.6304400791538198,0.5248992443084717
41676,JG075B,344,S075_SNV,2.0,False,O8,100.0,FAM,JG075B_344,STANDARD,,462,L-MMMMx,0.0,2+2,O8,-2.0,49,0.6793035666485504,0.49090632796287537
41677,JG075B,344,S075_SNV,2.0,False,O8,100.0,HEX,JG075B_344,STANDARD,,463,L-MMMMx,0.0,2+2,O8,-2.0,49,-0.6383749780008334,0.5313332080841064
41678,JG075B,344,S075_SNV,2.0,False,O8,100.0,FAM,JG075B_344,STANDARD,,462,L-MMMMx,0.0,2+2,O8,-2.0,50,0.6812719087594227,0.4916093945503235
41679,JG075B,344,S075_SNV,2.0,False,O8,100.0,HEX,JG075B_344,STANDARD,,463,L-MMMMx,0.0,2+2,O8,-2.0,50,-0.6488435369458688,0.5399366021156311
