,Experiment,Well,Target,lg10_Copies,Outlier,WellPosition,Copies,Reporter,Sample,Task,Comments,CT,Reaction,Blocker,Blocker μM,WellName,lg10_Blocker,Cycle,Fluorescence,Corr_Fluorescence
287,JG075A,8,S075_WT,8.0,False,A8,100000000.0,EVAGREEN,JG075A_008,STANDARD,,61.330612,7,L-MMMMx,3.1622776601683795,A8,0.5,3,-0.004075891058357021,0.17824041843414307
288,JG075A,8,S075_WT,8.0,False,A8,100000000.0,EVAGREEN,JG075A_008,STANDARD,,61.330612,7,L-MMMMx,3.1622776601683795,A8,0.5,4,-0.0045491825201485,0.1313180774450302
289,JG075A,8,S075_WT,8.0,False,A8,100000000.0,EVAGREEN,JG075A_008,STANDARD,,61.330612,7,L-MMMMx,3.1622776601683795,A8,0.5,5,-0.003908879393426184,0.08680734783411026
290,JG075A,8,S075_WT,8.0,False,A8,100000000.0,EVAGREEN,JG075A_008,STANDARD,,61.330612,7,L-MMMMx,3.1622776601683795,A8,0.5,6,-0.0013421071705982184,0.0464685782790184
291,JG075A,8,S075_WT,8.0,False,A8,100000000.0,EVAGREEN,JG075A_008,STANDARD,,61.330612,7,L-MMMMx,3.1622776601683795,A8,0.5,7,0.0008853021931992206,0.005394885782152414
292,JG075A,8,S075_WT,8.0,False,A8,100000000.0,EVAGREEN,JG075A_008,STANDARD,,61.330612,7,L-MMMMx,3.1622776601683795,A8,0.5,8,0.001854894634231449,-0.0384027399122715
293,JG075A,8,S075_WT,8.0,False,A8,100000000.0,EVAGREEN,JG075A_008,STANDARD,,61.330612,7,L-MMMMx,3.1622776601683795,A8,0.5,9,0.00404476215376955,-0.07955773174762726
294,JG075A,8,S075_WT,8.0,False,A8,100000000.0,EVAGREEN,JG075A_008,STANDARD,,61.330612,7,L-MMMMx,3.1622776601683795,A8,0.5,10,0.007091101161329704,-0.11885794997215271
295,JG075A,8,S075_WT,8.0,False,A8,100000000.0,EVAGREEN,JG075A_008,STANDARD,,61.330612,7,L-MMMMx,3.1622776601683795,A8,0.5,11,0.01037414094647806,-0.1576455682516098
296,JG075A,8,S075_WT,8.0,False,A8,100000000.0,EVAGREEN,JG075A_008,STANDARD,,61.330612,7,L-MMMMx,3.1622776601683795,A8,0.5,12,0.014824555938675947,-0.19390511512756348
297,JG075A,8,S075_WT,8.0,False,A8,100000000.0,EVAGREEN,JG075A_008,STANDARD,,61.330612,7,L-MMMMx,3.1622776601683795,A8,0.5,13,0.017526192558036724,-0.23395180702209473
298,JG075A,8,S075_WT,8.0,False,A8,100000000.0,EVAGREEN,JG075A_008,STANDARD,,61.330612,7,L-MMMMx,3.1622776601683795,A8,0.5,14,0.023187579737714344,-0.26758888363838196
299,JG075A,8,S075_WT,8.0,False,A8,100000000.0,EVAGREEN,JG075A_008,STANDARD,,61.330612,7,L-MMMMx,3.1622776601683795,A8,0.5,15,0.03166840345862222,-0.29512014985084534
300,JG075A,8,S075_WT,8.0,False,A8,100000000.0,EVAGREEN,JG075A_008,STANDARD,,61.330612,7,L-MMMMx,3.1622776601683795,A8,0.5,16,0.04353542446635294,-0.3153182566165924
301,JG075A,8,S075_WT,8.0,False,A8,100000000.0,EVAGREEN,JG075A_008,STANDARD,,61.330612,7,L-MMMMx,3.1622776601683795,A8,0.5,17,0.062141812032251914,-0.3209215998649597
302,JG075A,8,S075_WT,8.0,False,A8,100000000.0,EVAGREEN,JG075A_008,STANDARD,,61.330612,7,L-MMMMx,3.1622776601683795,A8,0.5,18,0.08798799563749457,-0.31084638833999634
303,JG075A,8,S075_WT,8.0,False,A8,100000000.0,EVAGREEN,JG075A_008,STANDARD,,61.330612,7,L-MMMMx,3.1622776601683795,A8,0.5,19,0.1256865027835805,-0.27510377764701843
304,JG075A,8,S075_WT,8.0,False,A8,100000000.0,EVAGREEN,JG075A_008,STANDARD,,61.330612,7,L-MMMMx,3.1622776601683795,A8,0.5,20,0.17452772655797724,-0.21523043513298035
305,JG075A,8,S075_WT,8.0,False,A8,100000000.0,EVAGREEN,JG075A_008,STANDARD,,61.330612,7,L-MMMMx,3.1622776601683795,A8,0.5,21,0.23542494663532804,-0.12924860417842865
306,JG075A,8,S075_WT,8.0,False,A8,100000000.0,EVAGREEN,JG075A_008,STANDARD,,61.330612,7,L-MMMMx,3.1622776601683795,A8,0.5,22,0.30712722692942546,-0.019867300987243652
307,JG075A,8,S075_WT,8.0,False,A8,100000000.0,EVAGREEN,JG075A_008,STANDARD,,61.330612,7,L-MMMMx,3.1622776601683795,A8,0.5,23,0.37992350518952006,0.09188316762447357
308,JG075A,8,S075_WT,8.0,False,A8,100000000.0,EVAGREEN,JG075A_008,STANDARD,,61.330612,7,L-MMMMx,3.1622776601683795,A8,0.5,24,0.44893664446344567,0.1954408586025238
309,JG075A,8,S075_WT,8.0,False,A8,100000000.0,EVAGREEN,JG075A_008,STANDARD,,61.330612,7,L-MMMMx,3.1622776601683795,A8,0.5,25,0.5037919946228189,0.2683384120464325
310,JG075A,8,S075_WT,8.0,False,A8,100000000.0,EVAGREEN,JG075A_008,STANDARD,,61.330612,7,L-MMMMx,3.1622776601683795,A8,0.5,26,0.5553672224717443,0.33413249254226685
311,JG075A,8,S075_WT,8.0,False,A8,100000000.0,EVAGREEN,JG075A_008,STANDARD,,61.330612,7,L-MMMMx,3.1622776601683795,A8,0.5,27,0.5961409681389331,0.3765348792076111
312,JG075A,8,S075_WT,8.0,False,A8,100000000.0,EVAGREEN,JG075A_008,STANDARD,,61.330612,7,L-MMMMx,3.1622776601683795,A8,0.5,28,0.6242535341662366,0.39151814579963684
313,JG075A,8,S075_WT,8.0,False,A8,100000000.0,EVAGREEN,JG075A_008,STANDARD,,61.330612,7,L-MMMMx,3.1622776601683795,A8,0.5,29,0.6434959862635383,0.3872922956943512
314,JG075A,8,S075_WT,8.0,False,A8,100000000.0,EVAGREEN,JG075A_008,STANDARD,,61.330612,7,L-MMMMx,3.1622776601683795,A8,0.5,30,0.6568101297694123,0.3702280819416046
315,JG075A,8,S075_WT,8.0,False,A8,100000000.0,EVAGREEN,JG075A_008,STANDARD,,61.330612,7,L-MMMMx,3.1622776601683795,A8,0.5,31,0.6689655403989534,0.3506544828414917
316,JG075A,8,S075_WT,8.0,False,A8,100000000.0,EVAGREEN,JG075A_008,STANDARD,,61.330612,7,L-MMMMx,3.1622776601683795,A8,0.5,32,0.6740997454049189,0.315875768661499
317,JG075A,8,S075_WT,8.0,False,A8,100000000.0,EVAGREEN,JG075A_008,STANDARD,,61.330612,7,L-MMMMx,3.1622776601683795,A8,0.5,33,0.6837581279709818,0.29089459776878357
318,JG075A,8,S075_WT,8.0,False,A8,100000000.0,EVAGREEN,JG075A_008,STANDARD,,61.330612,7,L-MMMMx,3.1622776601683795,A8,0.5,34,0.6926655635584731,0.26428720355033875
319,JG075A,8,S075_WT,8.0,False,A8,100000000.0,EVAGREEN,JG075A_008,STANDARD,,61.330612,7,L-MMMMx,3.1622776601683795,A8,0.5,35,0.6950640580424435,0.22358401119709015
320,JG075A,8,S075_WT,8.0,False,A8,100000000.0,EVAGREEN,JG075A_008,STANDARD,,61.330612,7,L-MMMMx,3.1622776601683795,A8,0.5,36,0.6992314229419999,0.18671149015426636
321,JG075A,8,S075_WT,8.0,False,A8,100000000.0,EVAGREEN,JG075A_008,STANDARD,,61.330612,7,L-MMMMx,3.1622776601683795,A8,0.5,37,0.7031787111650918,0.14936237037181854
322,JG075A,8,S075_WT,8.0,False,A8,100000000.0,EVAGREEN,JG075A_008,STANDARD,,61.330612,7,L-MMMMx,3.1622776601683795,A8,0.5,38,0.705720767423004,0.10897008329629898
323,JG075A,8,S075_WT,8.0,False,A8,100000000.0,EVAGREEN,JG075A_008,STANDARD,,61.330612,7,L-MMMMx,3.1622776601683795,A8,0.5,39,0.7078112206159551,0.06759979575872421
324,JG075A,8,S075_WT,8.0,False,A8,100000000.0,EVAGREEN,JG075A_008,STANDARD,,61.330612,7,L-MMMMx,3.1622776601683795,A8,0.5,40,0.7117981424576199,0.03033651039004326
325,JG075A,8,S075_WT,8.0,False,A8,100000000.0,EVAGREEN,JG075A_008,STANDARD,,61.330612,7,L-MMMMx,3.1622776601683795,A8,0.5,41,0.7148251600761257,-0.009005547501146793
326,JG075A,8,S075_WT,8.0,False,A8,100000000.0,EVAGREEN,JG075A_008,STANDARD,,61.330612,7,L-MMMMx,3.1622776601683795,A8,0.5,42,0.7177132398428565,-0.048648491501808167
327,JG075A,8,S075_WT,8.0,False,A8,100000000.0,EVAGREEN,JG075A_008,STANDARD,,61.330612,7,L-MMMMx,3.1622776601683795,A8,0.5,43,0.7223051248346828,-0.08460167050361633
328,JG075A,8,S075_WT,8.0,False,A8,100000000.0,EVAGREEN,JG075A_008,STANDARD,,61.330612,7,L-MMMMx,3.1622776601683795,A8,0.5,44,0.7248050153261689,-0.1250852793455124
329,JG075A,8,S075_WT,8.0,False,A8,100000000.0,EVAGREEN,JG075A_008,STANDARD,,61.330612,7,L-MMMMx,3.1622776601683795,A8,0.5,45,0.7235833090336591,-0.17362837493419647
330,JG075A,8,S075_WT,8.0,False,A8,100000000.0,EVAGREEN,JG075A_008,STANDARD,,61.330612,7,L-MMMMx,3.1622776601683795,A8,0.5,46,0.7265712435005166,-0.2130550742149353
331,JG075A,8,S075_WT,8.0,False,A8,100000000.0,EVAGREEN,JG075A_008,STANDARD,,61.330612,7,L-MMMMx,3.1622776601683795,A8,0.5,47,0.731083751161812,-0.2491801530122757
332,JG075A,8,S075_WT,8.0,False,A8,100000000.0,EVAGREEN,JG075A_008,STANDARD,,61.330612,7,L-MMMMx,3.1622776601683795,A8,0.5,48,0.7357829772039398,-0.28490087389945984
333,JG075A,8,S075_WT,8.0,False,A8,100000000.0,EVAGREEN,JG075A_008,STANDARD,,61.330612,7,L-MMMMx,3.1622776601683795,A8,0.5,49,0.7383007028237839,-0.32534584403038025
334,JG075A,9,S075_WT,8.0,False,A9,100000000.0,EVAGREEN,JG075A_009,STANDARD,,60.40766,8,L-MMMMx,1.7782794100389228,A9,0.25,3,-0.0067040885091364365,0.152790829539299
335,JG075A,9,S075_WT,8.0,False,A9,100000000.0,EVAGREEN,JG075A_009,STANDARD,,60.40766,8,L-MMMMx,1.7782794100389228,A9,0.25,4,-0.005730450136208224,0.10572558641433716
336,JG075A,9,S075_WT,8.0,False,A9,100000000.0,EVAGREEN,JG075A_009,STANDARD,,60.40766,8,L-MMMMx,1.7782794100389228,A9,0.25,5,-0.004549946293006415,0.059108324348926544
337,JG075A,9,S075_WT,8.0,False,A9,100000000.0,EVAGREEN,JG075A_009,STANDARD,,60.40766,8,L-MMMMx,1.7782794100389228,A9,0.25,6,-0.0024531902537684174,0.014475304633378983
338,JG075A,9,S075_WT,8.0,False,A9,100000000.0,EVAGREEN,JG075A_009,STANDARD,,60.40766,8,L-MMMMx,1.7782794100389228,A9,0.25,7,0.0006859024305908342,-0.02790042757987976
339,JG075A,9,S075_WT,8.0,False,A9,100000000.0,EVAGREEN,JG075A_009,STANDARD,,60.40766,8,L-MMMMx,1.7782794100389228,A9,0.25,8,0.003657598123172011,-0.07063867896795273
340,JG075A,9,S075_WT,8.0,False,A9,100000000.0,EVAGREEN,JG075A_009,STANDARD,,60.40766,8,L-MMMMx,1.7782794100389228,A9,0.25,9,0.0064634381313640596,-0.1137361004948616
341,JG075A,9,S075_WT,8.0,False,A9,100000000.0,EVAGREEN,JG075A_009,STANDARD,,60.40766,8,L-MMMMx,1.7782794100389228,A9,0.25,10,0.008630736506992588,-0.15821635723114014
342,JG075A,9,S075_WT,8.0,False,A9,100000000.0,EVAGREEN,JG075A_009,STANDARD,,60.40766,8,L-MMMMx,1.7782794100389228,A9,0.25,11,0.012162807528840717,-0.19974105060100555
343,JG075A,9,S075_WT,8.0,False,A9,100000000.0,EVAGREEN,JG075A_009,STANDARD,,60.40766,8,L-MMMMx,1.7782794100389228,A9,0.25,12,0.017038072893463197,-0.23835691809654236
344,JG075A,9,S075_WT,8.0,False,A9,100000000.0,EVAGREEN,JG075A_009,STANDARD,,60.40766,8,L-MMMMx,1.7782794100389228,A9,0.25,13,0.024312273115595865,-0.2717776596546173
345,JG075A,9,S075_WT,8.0,False,A9,100000000.0,EVAGREEN,JG075A_009,STANDARD,,60.40766,8,L-MMMMx,1.7782794100389228,A9,0.25,14,0.03246666995020187,-0.3032922148704529
346,JG075A,9,S075_WT,8.0,False,A9,100000000.0,EVAGREEN,JG075A_009,STANDARD,,60.40766,8,L-MMMMx,1.7782794100389228,A9,0.25,15,0.04329694155209626,-0.3290119171142578
347,JG075A,9,S075_WT,8.0,False,A9,100000000.0,EVAGREEN,JG075A_009,STANDARD,,60.40766,8,L-MMMMx,1.7782794100389228,A9,0.25,16,0.060010493550984104,-0.34199076890945435
348,JG075A,9,S075_WT,8.0,False,A9,100000000.0,EVAGREEN,JG075A_009,STANDARD,,60.40766,8,L-MMMMx,1.7782794100389228,A9,0.25,17,0.08335073152856973,-0.3406188189983368
349,JG075A,9,S075_WT,8.0,False,A9,100000000.0,EVAGREEN,JG075A_009,STANDARD,,60.40766,8,L-MMMMx,1.7782794100389228,A9,0.25,18,0.11649594141424559,-0.3180132210254669
350,JG075A,9,S075_WT,8.0,False,A9,100000000.0,EVAGREEN,JG075A_009,STANDARD,,60.40766,8,L-MMMMx,1.7782794100389228,A9,0.25,19,0.16283694441700136,-0.26683077216148376
351,JG075A,9,S075_WT,8.0,False,A9,100000000.0,EVAGREEN,JG075A_009,STANDARD,,60.40766,8,L-MMMMx,1.7782794100389228,A9,0.25,20,0.2228007377302677,-0.18614675104618073
352,JG075A,9,S075_WT,8.0,False,A9,100000000.0,EVAGREEN,JG075A_009,STANDARD,,60.40766,8,L-MMMMx,1.7782794100389228,A9,0.25,21,0.2923391325436693,-0.084727942943573
353,JG075A,9,S075_WT,8.0,False,A9,100000000.0,EVAGREEN,JG075A_009,STANDARD,,60.40766,8,L-MMMMx,1.7782794100389228,A9,0.25,22,0.3702431383506549,0.03480745479464531
354,JG075A,9,S075_WT,8.0,False,A9,100000000.0,EVAGREEN,JG075A_009,STANDARD,,60.40766,8,L-MMMMx,1.7782794100389228,A9,0.25,23,0.4461643072484535,0.15004882216453552
355,JG075A,9,S075_WT,8.0,False,A9,100000000.0,EVAGREEN,JG075A_009,STANDARD,,60.40766,8,L-MMMMx,1.7782794100389228,A9,0.25,24,0.5153992846930024,0.25081053376197815
356,JG075A,9,S075_WT,8.0,False,A9,100000000.0,EVAGREEN,JG075A_009,STANDARD,,60.40766,8,L-MMMMx,1.7782794100389228,A9,0.25,25,0.5760829786502917,0.3330535888671875
357,JG075A,9,S075_WT,8.0,False,A9,100000000.0,EVAGREEN,JG075A_009,STANDARD,,60.40766,8,L-MMMMx,1.7782794100389228,A9,0.25,26,0.6249364778371076,0.38967710733413696
358,JG075A,9,S075_WT,8.0,False,A9,100000000.0,EVAGREEN,JG075A_009,STANDARD,,60.40766,8,L-MMMMx,1.7782794100389228,A9,0.25,27,0.6652709508984467,0.4278517961502075
359,JG075A,9,S075_WT,8.0,False,A9,100000000.0,EVAGREEN,JG075A_009,STANDARD,,60.40766,8,L-MMMMx,1.7782794100389228,A9,0.25,28,0.6955764670600662,0.44430777430534363
360,JG075A,9,S075_WT,8.0,False,A9,100000000.0,EVAGREEN,JG075A_009,STANDARD,,60.40766,8,L-MMMMx,1.7782794100389228,A9,0.25,29,0.7162009214183281,0.43979838490486145
361,JG075A,9,S075_WT,8.0,False,A9,100000000.0,EVAGREEN,JG075A_009,STANDARD,,60.40766,8,L-MMMMx,1.7782794100389228,A9,0.25,30,0.7297003520910305,0.41985902190208435
362,JG075A,9,S075_WT,8.0,False,A9,100000000.0,EVAGREEN,JG075A_009,STANDARD,,60.40766,8,L-MMMMx,1.7782794100389228,A9,0.25,31,0.7406525521167291,0.3944033980369568
363,JG075A,9,S075_WT,8.0,False,A9,100000000.0,EVAGREEN,JG075A_009,STANDARD,,60.40766,8,L-MMMMx,1.7782794100389228,A9,0.25,32,0.751716827208281,0.3691904544830322
364,JG075A,9,S075_WT,8.0,False,A9,100000000.0,EVAGREEN,JG075A_009,STANDARD,,60.40766,8,L-MMMMx,1.7782794100389228,A9,0.25,33,0.757107769987891,0.33169132471084595
365,JG075A,9,S075_WT,8.0,False,A9,100000000.0,EVAGREEN,JG075A_009,STANDARD,,60.40766,8,L-MMMMx,1.7782794100389228,A9,0.25,34,0.7603049919794905,0.2894414961338043
366,JG075A,9,S075_WT,8.0,False,A9,100000000.0,EVAGREEN,JG075A_009,STANDARD,,60.40766,8,L-MMMMx,1.7782794100389228,A9,0.25,35,0.767396657369418,0.255625456571579
367,JG075A,9,S075_WT,8.0,False,A9,100000000.0,EVAGREEN,JG075A_009,STANDARD,,60.40766,8,L-MMMMx,1.7782794100389228,A9,0.25,36,0.7715867015062688,0.21552567183971405
368,JG075A,9,S075_WT,8.0,False,A9,100000000.0,EVAGREEN,JG075A_009,STANDARD,,60.40766,8,L-MMMMx,1.7782794100389228,A9,0.25,37,0.7751656172634024,0.17410242557525635
369,JG075A,9,S075_WT,8.0,False,A9,100000000.0,EVAGREEN,JG075A_009,STANDARD,,60.40766,8,L-MMMMx,1.7782794100389228,A9,0.25,38,0.7785087129900272,0.1321684718132019
370,JG075A,9,S075_WT,8.0,False,A9,100000000.0,EVAGREEN,JG075A_009,STANDARD,,60.40766,8,L-MMMMx,1.7782794100389228,A9,0.25,39,0.7823986425595733,0.09141875803470612
371,JG075A,9,S075_WT,8.0,False,A9,100000000.0,EVAGREEN,JG075A_009,STANDARD,,60.40766,8,L-MMMMx,1.7782794100389228,A9,0.25,40,0.7841136773099309,0.04595908522605896
372,JG075A,9,S075_WT,8.0,False,A9,100000000.0,EVAGREEN,JG075A_009,STANDARD,,60.40766,8,L-MMMMx,1.7782794100389228,A9,0.25,41,0.7859188785425419,0.0006946719950065017
373,JG075A,9,S075_WT,8.0,False,A9,100000000.0,EVAGREEN,JG075A_009,STANDARD,,60.40766,8,L-MMMMx,1.7782794100389228,A9,0.25,42,0.7904196062116504,-0.03873229771852493
374,JG075A,9,S075_WT,8.0,False,A9,100000000.0,EVAGREEN,JG075A_009,STANDARD,,60.40766,8,L-MMMMx,1.7782794100389228,A9,0.25,43,0.7930452233487206,-0.08222001791000366
375,JG075A,9,S075_WT,8.0,False,A9,100000000.0,EVAGREEN,JG075A_009,STANDARD,,60.40766,8,L-MMMMx,1.7782794100389228,A9,0.25,44,0.7968768034242566,-0.12309609353542328
376,JG075A,9,S075_WT,8.0,False,A9,100000000.0,EVAGREEN,JG075A_009,STANDARD,,60.40766,8,L-MMMMx,1.7782794100389228,A9,0.25,45,0.8022502413556635,-0.1606331169605255
377,JG075A,9,S075_WT,8.0,False,A9,100000000.0,EVAGREEN,JG075A_009,STANDARD,,60.40766,8,L-MMMMx,1.7782794100389228,A9,0.25,46,0.8026995324595414,-0.20883390307426453
378,JG075A,9,S075_WT,8.0,False,A9,100000000.0,EVAGREEN,JG075A_009,STANDARD,,60.40766,8,L-MMMMx,1.7782794100389228,A9,0.25,47,0.8043285842762729,-0.2544797658920288
379,JG075A,9,S075_WT,8.0,False,A9,100000000.0,EVAGREEN,JG075A_009,STANDARD,,60.40766,8,L-MMMMx,1.7782794100389228,A9,0.25,48,0.8077930029130848,-0.29615098237991333
380,JG075A,9,S075_WT,8.0,False,A9,100000000.0,EVAGREEN,JG075A_009,STANDARD,,60.40766,8,L-MMMMx,1.7782794100389228,A9,0.25,49,0.81382722134081,-0.3322570323944092
381,JG075A,10,S075_WT,8.0,False,A10,100000000.0,EVAGREEN,JG075A_010,STANDARD,,59.585648,9,L-MMMMx,1.0,A10,0.0,3,-0.0075953770301409405,0.16385215520858765
382,JG075A,10,S075_WT,8.0,False,A10,100000000.0,EVAGREEN,JG075A_010,STANDARD,,59.585648,9,L-MMMMx,1.0,A10,0.0,4,-0.005981270390413024,0.11321809887886047
383,JG075A,10,S075_WT,8.0,False,A10,100000000.0,EVAGREEN,JG075A_010,STANDARD,,59.585648,9,L-MMMMx,1.0,A10,0.0,5,-0.0043631453421353545,0.0625927522778511
384,JG075A,10,S075_WT,8.0,False,A10,100000000.0,EVAGREEN,JG075A_010,STANDARD,,59.585648,9,L-MMMMx,1.0,A10,0.0,6,-0.0021239009394585055,0.013312498107552528
385,JG075A,10,S075_WT,8.0,False,A10,100000000.0,EVAGREEN,JG075A_010,STANDARD,,59.585648,9,L-MMMMx,1.0,A10,0.0,7,0.0010127696904324017,-0.03402428701519966
386,JG075A,10,S075_WT,8.0,False,A10,100000000.0,EVAGREEN,JG075A_010,STANDARD,,59.585648,9,L-MMMMx,1.0,A10,0.0,8,0.003838206321141055,-0.08203507959842682
387,JG075A,10,S075_WT,8.0,False,A10,100000000.0,EVAGREEN,JG075A_010,STANDARD,,59.585648,9,L-MMMMx,1.0,A10,0.0,9,0.0060324225293836835,-0.13141284883022308
388,JG075A,10,S075_WT,8.0,False,A10,100000000.0,EVAGREEN,JG075A_010,STANDARD,,59.585648,9,L-MMMMx,1.0,A10,0.0,10,0.009180295161190684,-0.17872536182403564
389,JG075A,10,S075_WT,8.0,False,A10,100000000.0,EVAGREEN,JG075A_010,STANDARD,,59.585648,9,L-MMMMx,1.0,A10,0.0,11,0.014528851987604641,-0.2212720811367035
390,JG075A,10,S075_WT,8.0,False,A10,100000000.0,EVAGREEN,JG075A_010,STANDARD,,59.585648,9,L-MMMMx,1.0,A10,0.0,12,0.02165943538910298,-0.2599596381187439
391,JG075A,10,S075_WT,8.0,False,A10,100000000.0,EVAGREEN,JG075A_010,STANDARD,,59.585648,9,L-MMMMx,1.0,A10,0.0,13,0.02913130828386803,-0.29790809750556946
392,JG075A,10,S075_WT,8.0,False,A10,100000000.0,EVAGREEN,JG075A_010,STANDARD,,59.585648,9,L-MMMMx,1.0,A10,0.0,14,0.0395542618848871,-0.32946568727493286
393,JG075A,10,S075_WT,8.0,False,A10,100000000.0,EVAGREEN,JG075A_010,STANDARD,,59.585648,9,L-MMMMx,1.0,A10,0.0,15,0.0543432989452517,-0.3515680730342865
394,JG075A,10,S075_WT,8.0,False,A10,100000000.0,EVAGREEN,JG075A_010,STANDARD,,59.585648,9,L-MMMMx,1.0,A10,0.0,16,0.07580754564371966,-0.3592146039009094
395,JG075A,10,S075_WT,8.0,False,A10,100000000.0,EVAGREEN,JG075A_010,STANDARD,,59.585648,9,L-MMMMx,1.0,A10,0.0,17,0.10701169905978736,-0.3457683324813843
396,JG075A,10,S075_WT,8.0,False,A10,100000000.0,EVAGREEN,JG075A_010,STANDARD,,59.585648,9,L-MMMMx,1.0,A10,0.0,18,0.14906046374113588,-0.308836966753006
397,JG075A,10,S075_WT,8.0,False,A10,100000000.0,EVAGREEN,JG075A_010,STANDARD,,59.585648,9,L-MMMMx,1.0,A10,0.0,19,0.2038899970017443,-0.24422752857208252
398,JG075A,10,S075_WT,8.0,False,A10,100000000.0,EVAGREEN,JG075A_010,STANDARD,,59.585648,9,L-MMMMx,1.0,A10,0.0,20,0.2712997362176259,-0.15237435698509216
399,JG075A,10,S075_WT,8.0,False,A10,100000000.0,EVAGREEN,JG075A_010,STANDARD,,59.585648,9,L-MMMMx,1.0,A10,0.0,21,0.34738252220449395,-0.041738808155059814
400,JG075A,10,S075_WT,8.0,False,A10,100000000.0,EVAGREEN,JG075A_010,STANDARD,,59.585648,9,L-MMMMx,1.0,A10,0.0,22,0.42744656022370314,0.07751855999231339
401,JG075A,10,S075_WT,8.0,False,A10,100000000.0,EVAGREEN,JG075A_010,STANDARD,,59.585648,9,L-MMMMx,1.0,A10,0.0,23,0.5047470891412238,0.1907912641763687
402,JG075A,10,S075_WT,8.0,False,A10,100000000.0,EVAGREEN,JG075A_010,STANDARD,,59.585648,9,L-MMMMx,1.0,A10,0.0,24,0.5761647229885983,0.2913239300251007
403,JG075A,10,S075_WT,8.0,False,A10,100000000.0,EVAGREEN,JG075A_010,STANDARD,,59.585648,9,L-MMMMx,1.0,A10,0.0,25,0.6375533999362532,0.37013787031173706
404,JG075A,10,S075_WT,8.0,False,A10,100000000.0,EVAGREEN,JG075A_010,STANDARD,,59.585648,9,L-MMMMx,1.0,A10,0.0,26,0.6868482635032324,0.4227614402770996
405,JG075A,10,S075_WT,8.0,False,A10,100000000.0,EVAGREEN,JG075A_010,STANDARD,,59.585648,9,L-MMMMx,1.0,A10,0.0,27,0.7266990963245971,0.45493295788764954
406,JG075A,10,S075_WT,8.0,False,A10,100000000.0,EVAGREEN,JG075A_010,STANDARD,,59.585648,9,L-MMMMx,1.0,A10,0.0,28,0.7554192677433001,0.4629998803138733
407,JG075A,10,S075_WT,8.0,False,A10,100000000.0,EVAGREEN,JG075A_010,STANDARD,,59.585648,9,L-MMMMx,1.0,A10,0.0,29,0.776741714161985,0.45504626631736755
408,JG075A,10,S075_WT,8.0,False,A10,100000000.0,EVAGREEN,JG075A_010,STANDARD,,59.585648,9,L-MMMMx,1.0,A10,0.0,30,0.7911289378907206,0.432073712348938
409,JG075A,10,S075_WT,8.0,False,A10,100000000.0,EVAGREEN,JG075A_010,STANDARD,,59.585648,9,L-MMMMx,1.0,A10,0.0,31,0.8035264438737112,0.4047922194004059
410,JG075A,10,S075_WT,8.0,False,A10,100000000.0,EVAGREEN,JG075A_010,STANDARD,,59.585648,9,L-MMMMx,1.0,A10,0.0,32,0.8124817700836446,0.3700563311576843
411,JG075A,10,S075_WT,8.0,False,A10,100000000.0,EVAGREEN,JG075A_010,STANDARD,,59.585648,9,L-MMMMx,1.0,A10,0.0,33,0.8213685081147701,0.3351719081401825
412,JG075A,10,S075_WT,8.0,False,A10,100000000.0,EVAGREEN,JG075A_010,STANDARD,,59.585648,9,L-MMMMx,1.0,A10,0.0,34,0.8273714600211768,0.2940423786640167
413,JG075A,10,S075_WT,8.0,False,A10,100000000.0,EVAGREEN,JG075A_010,STANDARD,,59.585648,9,L-MMMMx,1.0,A10,0.0,35,0.8310860108285376,0.2479570358991623
414,JG075A,10,S075_WT,8.0,False,A10,100000000.0,EVAGREEN,JG075A_010,STANDARD,,59.585648,9,L-MMMMx,1.0,A10,0.0,36,0.8319840425693688,0.19577226042747498
415,JG075A,10,S075_WT,8.0,False,A10,100000000.0,EVAGREEN,JG075A_010,STANDARD,,59.585648,9,L-MMMMx,1.0,A10,0.0,37,0.837553116445787,0.15370309352874756
416,JG075A,10,S075_WT,8.0,False,A10,100000000.0,EVAGREEN,JG075A_010,STANDARD,,59.585648,9,L-MMMMx,1.0,A10,0.0,38,0.8414627527312345,0.10804024338722229
417,JG075A,10,S075_WT,8.0,False,A10,100000000.0,EVAGREEN,JG075A_010,STANDARD,,59.585648,9,L-MMMMx,1.0,A10,0.0,39,0.8461103449758326,0.0639755129814148
418,JG075A,10,S075_WT,8.0,False,A10,100000000.0,EVAGREEN,JG075A_010,STANDARD,,59.585648,9,L-MMMMx,1.0,A10,0.0,40,0.8522044542049569,0.023043371737003326
419,JG075A,10,S075_WT,8.0,False,A10,100000000.0,EVAGREEN,JG075A_010,STANDARD,,59.585648,9,L-MMMMx,1.0,A10,0.0,41,0.8545237915451666,-0.026063432916998863
420,JG075A,10,S075_WT,8.0,False,A10,100000000.0,EVAGREEN,JG075A_010,STANDARD,,59.585648,9,L-MMMMx,1.0,A10,0.0,42,0.8556773500324081,-0.0776948481798172
421,JG075A,10,S075_WT,8.0,False,A10,100000000.0,EVAGREEN,JG075A_010,STANDARD,,59.585648,9,L-MMMMx,1.0,A10,0.0,43,0.8595705824035018,-0.1233932226896286
422,JG075A,10,S075_WT,8.0,False,A10,100000000.0,EVAGREEN,JG075A_010,STANDARD,,59.585648,9,L-MMMMx,1.0,A10,0.0,44,0.8640610713878123,-0.16779817640781403
423,JG075A,10,S075_WT,8.0,False,A10,100000000.0,EVAGREEN,JG075A_010,STANDARD,,59.585648,9,L-MMMMx,1.0,A10,0.0,45,0.8659498334995812,-0.21783742308616638
424,JG075A,10,S075_WT,8.0,False,A10,100000000.0,EVAGREEN,JG075A_010,STANDARD,,59.585648,9,L-MMMMx,1.0,A10,0.0,46,0.8696160533109601,-0.2640274167060852
425,JG075A,10,S075_WT,8.0,False,A10,100000000.0,EVAGREEN,JG075A_010,STANDARD,,59.585648,9,L-MMMMx,1.0,A10,0.0,47,0.8740152748791681,-0.3086300194263458
426,JG075A,10,S075_WT,8.0,False,A10,100000000.0,EVAGREEN,JG075A_010,STANDARD,,59.585648,9,L-MMMMx,1.0,A10,0.0,48,0.8785590490617821,-0.3529195785522461
427,JG075A,11,S075_WT,8.0,False,A11,100000000.0,EVAGREEN,JG075A_011,STANDARD,,55.014168,10,L-MMMMx,0.5623413251903491,A11,-0.25,3,-0.013439801343092507,0.09495454281568527
428,JG075A,11,S075_WT,8.0,False,A11,100000000.0,EVAGREEN,JG075A_011,STANDARD,,55.014168,10,L-MMMMx,0.5623413251903491,A11,-0.25,4,-0.010795165573776515,0.04151223227381706
429,JG075A,11,S075_WT,8.0,False,A11,100000000.0,EVAGREEN,JG075A_011,STANDARD,,55.014168,10,L-MMMMx,0.5623413251903491,A11,-0.25,5,-0.007534612362499039,-0.010596239939332008
430,JG075A,11,S075_WT,8.0,False,A11,100000000.0,EVAGREEN,JG075A_011,STANDARD,,55.014168,10,L-MMMMx,0.5623413251903491,A11,-0.25,6,-0.004075643348240941,-0.06227502226829529
431,JG075A,11,S075_WT,8.0,False,A11,100000000.0,EVAGREEN,JG075A_011,STANDARD,,55.014168,10,L-MMMMx,0.5623413251903491,A11,-0.25,7,-0.0004018821399946657,-0.11348865181207657
432,JG075A,11,S075_WT,8.0,False,A11,100000000.0,EVAGREEN,JG075A_011,STANDARD,,55.014168,10,L-MMMMx,0.5623413251903491,A11,-0.25,8,0.004483759526156971,-0.16207782924175262
433,JG075A,11,S075_WT,8.0,False,A11,100000000.0,EVAGREEN,JG075A_011,STANDARD,,55.014168,10,L-MMMMx,0.5623413251903491,A11,-0.25,9,0.011335448860294702,-0.20640932023525238
434,JG075A,11,S075_WT,8.0,False,A11,100000000.0,EVAGREEN,JG075A_011,STANDARD,,55.014168,10,L-MMMMx,0.5623413251903491,A11,-0.25,10,0.020427896381151996,-0.24588823318481445
435,JG075A,11,S075_WT,8.0,False,A11,100000000.0,EVAGREEN,JG075A_011,STANDARD,,55.014168,10,L-MMMMx,0.5623413251903491,A11,-0.25,11,0.03310713133616502,-0.277599573135376
436,JG075A,11,S075_WT,8.0,False,A11,100000000.0,EVAGREEN,JG075A_011,STANDARD,,55.014168,10,L-MMMMx,0.5623413251903491,A11,-0.25,12,0.050423334524130906,-0.29926908016204834
437,JG075A,11,S075_WT,8.0,False,A11,100000000.0,EVAGREEN,JG075A_011,STANDARD,,55.014168,10,L-MMMMx,0.5623413251903491,A11,-0.25,13,0.0739108499273996,-0.30757400393486023
438,JG075A,11,S075_WT,8.0,False,A11,100000000.0,EVAGREEN,JG075A_011,STANDARD,,55.014168,10,L-MMMMx,0.5623413251903491,A11,-0.25,14,0.10536422724359068,-0.2986280024051666
439,JG075A,11,S075_WT,8.0,False,A11,100000000.0,EVAGREEN,JG075A_011,STANDARD,,55.014168,10,L-MMMMx,0.5623413251903491,A11,-0.25,15,0.14644634448195373,-0.26882997155189514
440,JG075A,11,S075_WT,8.0,False,A11,100000000.0,EVAGREEN,JG075A_011,STANDARD,,55.014168,10,L-MMMMx,0.5623413251903491,A11,-0.25,16,0.1974960966046333,-0.21744601428508759
441,JG075A,11,S075_WT,8.0,False,A11,100000000.0,EVAGREEN,JG075A_011,STANDARD,,55.014168,10,L-MMMMx,0.5623413251903491,A11,-0.25,17,0.2574826792485791,-0.1467084139585495
442,JG075A,11,S075_WT,8.0,False,A11,100000000.0,EVAGREEN,JG075A_011,STANDARD,,55.014168,10,L-MMMMx,0.5623413251903491,A11,-0.25,18,0.3258418638160517,-0.05783909186720848
443,JG075A,11,S075_WT,8.0,False,A11,100000000.0,EVAGREEN,JG075A_011,STANDARD,,55.014168,10,L-MMMMx,0.5623413251903491,A11,-0.25,19,0.3971575511889858,0.037432849407196045
444,JG075A,11,S075_WT,8.0,False,A11,100000000.0,EVAGREEN,JG075A_011,STANDARD,,55.014168,10,L-MMMMx,0.5623413251903491,A11,-0.25,20,0.46833947509923646,0.13241510093212128
445,JG075A,11,S075_WT,8.0,False,A11,100000000.0,EVAGREEN,JG075A_011,STANDARD,,55.014168,10,L-MMMMx,0.5623413251903491,A11,-0.25,21,0.5363046904887558,0.22043125331401825
446,JG075A,11,S075_WT,8.0,False,A11,100000000.0,EVAGREEN,JG075A_011,STANDARD,,55.014168,10,L-MMMMx,0.5623413251903491,A11,-0.25,22,0.5974579327327492,0.2936953604221344
447,JG075A,11,S075_WT,8.0,False,A11,100000000.0,EVAGREEN,JG075A_011,STANDARD,,55.014168,10,L-MMMMx,0.5623413251903491,A11,-0.25,23,0.6525693601054574,0.3538753092288971
448,JG075A,11,S075_WT,8.0,False,A11,100000000.0,EVAGREEN,JG075A_011,STANDARD,,55.014168,10,L-MMMMx,0.5623413251903491,A11,-0.25,24,0.6988298848438331,0.3948877155780792
449,JG075A,11,S075_WT,8.0,False,A11,100000000.0,EVAGREEN,JG075A_011,STANDARD,,55.014168,10,L-MMMMx,0.5623413251903491,A11,-0.25,25,0.7346546025784999,0.4133003056049347
450,JG075A,11,S075_WT,8.0,False,A11,100000000.0,EVAGREEN,JG075A_011,STANDARD,,55.014168,10,L-MMMMx,0.5623413251903491,A11,-0.25,26,0.7643900551929791,0.41852593421936035
451,JG075A,11,S075_WT,8.0,False,A11,100000000.0,EVAGREEN,JG075A_011,STANDARD,,55.014168,10,L-MMMMx,0.5623413251903491,A11,-0.25,27,0.788604654833637,0.41179561614990234
452,JG075A,11,S075_WT,8.0,False,A11,100000000.0,EVAGREEN,JG075A_011,STANDARD,,55.014168,10,L-MMMMx,0.5623413251903491,A11,-0.25,28,0.8062099082037228,0.39075207710266113
453,JG075A,11,S075_WT,8.0,False,A11,100000000.0,EVAGREEN,JG075A_011,STANDARD,,55.014168,10,L-MMMMx,0.5623413251903491,A11,-0.25,29,0.8183079601797181,0.35778212547302246
454,JG075A,11,S075_WT,8.0,False,A11,100000000.0,EVAGREEN,JG075A_011,STANDARD,,55.014168,10,L-MMMMx,0.5623413251903491,A11,-0.25,30,0.8306311531278845,0.3252997100353241
455,JG075A,11,S075_WT,8.0,False,A11,100000000.0,EVAGREEN,JG075A_011,STANDARD,,55.014168,10,L-MMMMx,0.5623413251903491,A11,-0.25,31,0.8390912792924266,0.2844514548778534
456,JG075A,11,S075_WT,8.0,False,A11,100000000.0,EVAGREEN,JG075A_011,STANDARD,,55.014168,10,L-MMMMx,0.5623413251903491,A11,-0.25,32,0.8461587241376705,0.24058720469474792
457,JG075A,11,S075_WT,8.0,False,A11,100000000.0,EVAGREEN,JG075A_011,STANDARD,,55.014168,10,L-MMMMx,0.5623413251903491,A11,-0.25,33,0.8527091704473079,0.19560332596302032
458,JG075A,11,S075_WT,8.0,False,A11,100000000.0,EVAGREEN,JG075A_011,STANDARD,,55.014168,10,L-MMMMx,0.5623413251903491,A11,-0.25,34,0.8578587885271629,0.14758582413196564
459,JG075A,11,S075_WT,8.0,False,A11,100000000.0,EVAGREEN,JG075A_011,STANDARD,,55.014168,10,L-MMMMx,0.5623413251903491,A11,-0.25,35,0.8613768226424331,0.0960349515080452
460,JG075A,11,S075_WT,8.0,False,A11,100000000.0,EVAGREEN,JG075A_011,STANDARD,,55.014168,10,L-MMMMx,0.5623413251903491,A11,-0.25,36,0.8672814611561019,0.04965251684188843
461,JG075A,11,S075_WT,8.0,False,A11,100000000.0,EVAGREEN,JG075A_011,STANDARD,,55.014168,10,L-MMMMx,0.5623413251903491,A11,-0.25,37,0.8700197038259502,-0.003587073413655162
462,JG075A,11,S075_WT,8.0,False,A11,100000000.0,EVAGREEN,JG075A_011,STANDARD,,55.014168,10,L-MMMMx,0.5623413251903491,A11,-0.25,38,0.8745230737362969,-0.053004100918769836
463,JG075A,11,S075_WT,8.0,False,A11,100000000.0,EVAGREEN,JG075A_011,STANDARD,,55.014168,10,L-MMMMx,0.5623413251903491,A11,-0.25,39,0.879997137021525,-0.10031899064779282
464,JG075A,11,S075_WT,8.0,False,A11,100000000.0,EVAGREEN,JG075A_011,STANDARD,,55.014168,10,L-MMMMx,0.5623413251903491,A11,-0.25,40,0.8841026294387537,-0.15059766173362732
465,JG075A,11,S075_WT,8.0,False,A11,100000000.0,EVAGREEN,JG075A_011,STANDARD,,55.014168,10,L-MMMMx,0.5623413251903491,A11,-0.25,41,0.8887432858001015,-0.19971737265586853
466,JG075A,11,S075_WT,8.0,False,A11,100000000.0,EVAGREEN,JG075A_011,STANDARD,,55.014168,10,L-MMMMx,0.5623413251903491,A11,-0.25,42,0.8932158295626693,-0.24920116364955902
467,JG075A,11,S075_WT,8.0,False,A11,100000000.0,EVAGREEN,JG075A_011,STANDARD,,55.014168,10,L-MMMMx,0.5623413251903491,A11,-0.25,43,0.8975595640648751,-0.29896390438079834
468,JG075A,11,S075_WT,8.0,False,A11,100000000.0,EVAGREEN,JG075A_011,STANDARD,,55.014168,10,L-MMMMx,0.5623413251903491,A11,-0.25,44,0.9042155899306553,-0.34371912479400635
469,JG075A,12,S075_WT,8.0,False,A12,100000000.0,EVAGREEN,JG075A_012,STANDARD,,55.511,11,L-MMMMx,0.3162277660168379,A12,-0.5000000000000001,3,-0.011559678121621897,0.10605620592832565
470,JG075A,12,S075_WT,8.0,False,A12,100000000.0,EVAGREEN,JG075A_012,STANDARD,,55.511,11,L-MMMMx,0.3162277660168379,A12,-0.5000000000000001,4,-0.009774376268336002,0.0500728115439415
471,JG075A,12,S075_WT,8.0,False,A12,100000000.0,EVAGREEN,JG075A_012,STANDARD,,55.511,11,L-MMMMx,0.3162277660168379,A12,-0.5000000000000001,5,-0.00730386694895161,-0.004426694940775633
472,JG075A,12,S075_WT,8.0,False,A12,100000000.0,EVAGREEN,JG075A_012,STANDARD,,55.511,11,L-MMMMx,0.3162277660168379,A12,-0.5000000000000001,6,-0.0041463611459636954,-0.0574384406208992
473,JG075A,12,S075_WT,8.0,False,A12,100000000.0,EVAGREEN,JG075A_012,STANDARD,,55.511,11,L-MMMMx,0.3162277660168379,A12,-0.5000000000000001,7,0.00031804946779275136,-0.10761994868516922
474,JG075A,12,S075_WT,8.0,False,A12,100000000.0,EVAGREEN,JG075A_012,STANDARD,,55.511,11,L-MMMMx,0.3162277660168379,A12,-0.5000000000000001,8,0.004393183634128416,-0.15864446759223938
475,JG075A,12,S075_WT,8.0,False,A12,100000000.0,EVAGREEN,JG075A_012,STANDARD,,55.511,11,L-MMMMx,0.3162277660168379,A12,-0.5000000000000001,9,0.01015280163650514,-0.20602107048034668
476,JG075A,12,S075_WT,8.0,False,A12,100000000.0,EVAGREEN,JG075A_012,STANDARD,,55.511,11,L-MMMMx,0.3162277660168379,A12,-0.5000000000000001,10,0.017920247746446898,-0.24904951453208923
477,JG075A,12,S075_WT,8.0,False,A12,100000000.0,EVAGREEN,JG075A_012,STANDARD,,55.511,11,L-MMMMx,0.3162277660168379,A12,-0.5000000000000001,11,0.02904921646331524,-0.2847982347011566
478,JG075A,12,S075_WT,8.0,False,A12,100000000.0,EVAGREEN,JG075A_012,STANDARD,,55.511,11,L-MMMMx,0.3162277660168379,A12,-0.5000000000000001,12,0.04423313097205867,-0.31176555156707764
479,JG075A,12,S075_WT,8.0,False,A12,100000000.0,EVAGREEN,JG075A_012,STANDARD,,55.511,11,L-MMMMx,0.3162277660168379,A12,-0.5000000000000001,13,0.06528207789924427,-0.32603153586387634
480,JG075A,12,S075_WT,8.0,False,A12,100000000.0,EVAGREEN,JG075A_012,STANDARD,,55.511,11,L-MMMMx,0.3162277660168379,A12,-0.5000000000000001,14,0.09563479659965021,-0.3201492428779602
481,JG075A,12,S075_WT,8.0,False,A12,100000000.0,EVAGREEN,JG075A_012,STANDARD,,55.511,11,L-MMMMx,0.3162277660168379,A12,-0.5000000000000001,15,0.1367904011724505,-0.290872186422348
482,JG075A,12,S075_WT,8.0,False,A12,100000000.0,EVAGREEN,JG075A_012,STANDARD,,55.511,11,L-MMMMx,0.3162277660168379,A12,-0.5000000000000001,16,0.1882482419496999,-0.23928457498550415
483,JG075A,12,S075_WT,8.0,False,A12,100000000.0,EVAGREEN,JG075A_012,STANDARD,,55.511,11,L-MMMMx,0.3162277660168379,A12,-0.5000000000000001,17,0.2508733501800983,-0.16351309418678284
484,JG075A,12,S075_WT,8.0,False,A12,100000000.0,EVAGREEN,JG075A_012,STANDARD,,55.511,11,L-MMMMx,0.3162277660168379,A12,-0.5000000000000001,18,0.32232172760521305,-0.06863391399383545
485,JG075A,12,S075_WT,8.0,False,A12,100000000.0,EVAGREEN,JG075A_012,STANDARD,,55.511,11,L-MMMMx,0.3162277660168379,A12,-0.5000000000000001,19,0.3962326463409782,0.03157815337181091
486,JG075A,12,S075_WT,8.0,False,A12,100000000.0,EVAGREEN,JG075A_012,STANDARD,,55.511,11,L-MMMMx,0.3162277660168379,A12,-0.5000000000000001,20,0.47077698736690793,0.13316196203231812
487,JG075A,12,S075_WT,8.0,False,A12,100000000.0,EVAGREEN,JG075A_012,STANDARD,,55.511,11,L-MMMMx,0.3162277660168379,A12,-0.5000000000000001,21,0.5416336403713984,0.22675970196723938
488,JG075A,12,S075_WT,8.0,False,A12,100000000.0,EVAGREEN,JG075A_012,STANDARD,,55.511,11,L-MMMMx,0.3162277660168379,A12,-0.5000000000000001,22,0.6046787823886309,0.30344080924987793
489,JG075A,12,S075_WT,8.0,False,A12,100000000.0,EVAGREEN,JG075A_012,STANDARD,,55.511,11,L-MMMMx,0.3162277660168379,A12,-0.5000000000000001,23,0.6600055524222519,0.3634069859981537
490,JG075A,12,S075_WT,8.0,False,A12,100000000.0,EVAGREEN,JG075A_012,STANDARD,,55.511,11,L-MMMMx,0.3162277660168379,A12,-0.5000000000000001,24,0.7058520709866183,0.4028427004814148
491,JG075A,12,S075_WT,8.0,False,A12,100000000.0,EVAGREEN,JG075A_012,STANDARD,,55.511,11,L-MMMMx,0.3162277660168379,A12,-0.5000000000000001,25,0.7440882742246766,0.4257974922657013
492,JG075A,12,S075_WT,8.0,False,A12,100000000.0,EVAGREEN,JG075A_012,STANDARD,,55.511,11,L-MMMMx,0.3162277660168379,A12,-0.5000000000000001,26,0.775552523262629,0.4340869188308716
493,JG075A,12,S075_WT,8.0,False,A12,100000000.0,EVAGREEN,JG075A_012,STANDARD,,55.511,11,L-MMMMx,0.3162277660168379,A12,-0.5000000000000001,27,0.7979789861453392,0.4228040874004364
494,JG075A,12,S075_WT,8.0,False,A12,100000000.0,EVAGREEN,JG075A_012,STANDARD,,55.511,11,L-MMMMx,0.3162277660168379,A12,-0.5000000000000001,28,0.8164019030852612,0.4028511643409729
495,JG075A,12,S075_WT,8.0,False,A12,100000000.0,EVAGREEN,JG075A_012,STANDARD,,55.511,11,L-MMMMx,0.3162277660168379,A12,-0.5000000000000001,29,0.8306353263552568,0.37382546067237854
496,JG075A,12,S075_WT,8.0,False,A12,100000000.0,EVAGREEN,JG075A_012,STANDARD,,55.511,11,L-MMMMx,0.3162277660168379,A12,-0.5000000000000001,30,0.840730669566086,0.33583831787109375
497,JG075A,12,S075_WT,8.0,False,A12,100000000.0,EVAGREEN,JG075A_012,STANDARD,,55.511,11,L-MMMMx,0.3162277660168379,A12,-0.5000000000000001,31,0.8487015407280225,0.2932504117488861
498,JG075A,12,S075_WT,8.0,False,A12,100000000.0,EVAGREEN,JG075A_012,STANDARD,,55.511,11,L-MMMMx,0.3162277660168379,A12,-0.5000000000000001,32,0.8554175674885868,0.24794501066207886
499,JG075A,12,S075_WT,8.0,False,A12,100000000.0,EVAGREEN,JG075A_012,STANDARD,,55.511,11,L-MMMMx,0.3162277660168379,A12,-0.5000000000000001,33,0.8622448986613098,0.2028806507587433
500,JG075A,12,S075_WT,8.0,False,A12,100000000.0,EVAGREEN,JG075A_012,STANDARD,,55.511,11,L-MMMMx,0.3162277660168379,A12,-0.5000000000000001,34,0.8677500082810868,0.15495288372039795
501,JG075A,12,S075_WT,8.0,False,A12,100000000.0,EVAGREEN,JG075A_012,STANDARD,,55.511,11,L-MMMMx,0.3162277660168379,A12,-0.5000000000000001,35,0.8720294482464965,0.10437081009149551
502,JG075A,12,S075_WT,8.0,False,A12,100000000.0,EVAGREEN,JG075A_012,STANDARD,,55.511,11,L-MMMMx,0.3162277660168379,A12,-0.5000000000000001,36,0.8759409561194879,0.05299193412065506
503,JG075A,12,S075_WT,8.0,False,A12,100000000.0,EVAGREEN,JG075A_012,STANDARD,,55.511,11,L-MMMMx,0.3162277660168379,A12,-0.5000000000000001,37,0.880074962723412,0.0020949013996869326
504,JG075A,12,S075_WT,8.0,False,A12,100000000.0,EVAGREEN,JG075A_012,STANDARD,,55.511,11,L-MMMMx,0.3162277660168379,A12,-0.5000000000000001,38,0.8841412618956075,-0.048948757350444794
505,JG075A,12,S075_WT,8.0,False,A12,100000000.0,EVAGREEN,JG075A_012,STANDARD,,55.511,11,L-MMMMx,0.3162277660168379,A12,-0.5000000000000001,39,0.8876340846257299,-0.10123433917760849
506,JG075A,12,S075_WT,8.0,False,A12,100000000.0,EVAGREEN,JG075A_012,STANDARD,,55.511,11,L-MMMMx,0.3162277660168379,A12,-0.5000000000000001,40,0.8913099926549822,-0.1531234234571457
507,JG075A,12,S075_WT,8.0,False,A12,100000000.0,EVAGREEN,JG075A_012,STANDARD,,55.511,11,L-MMMMx,0.3162277660168379,A12,-0.5000000000000001,41,0.8935150530616399,-0.20819778740406036
508,JG075A,12,S075_WT,8.0,False,A12,100000000.0,EVAGREEN,JG075A_012,STANDARD,,55.511,11,L-MMMMx,0.3162277660168379,A12,-0.5000000000000001,42,0.8978511911202859,-0.2586570978164673
509,JG075A,12,S075_WT,8.0,False,A12,100000000.0,EVAGREEN,JG075A_012,STANDARD,,55.511,11,L-MMMMx,0.3162277660168379,A12,-0.5000000000000001,43,0.9028439261266231,-0.3076944649219513
510,JG075A,12,S075_WT,8.0,False,A12,100000000.0,EVAGREEN,JG075A_012,STANDARD,,55.511,11,L-MMMMx,0.3162277660168379,A12,-0.5000000000000001,44,0.9092789945688594,-0.35360831022262573
511,JG075A,13,S075_WT,8.0,False,A13,100000000.0,EVAGREEN,JG075A_013,STANDARD,,52.381367,12,L-MMMMx,0.1778279410038923,A13,-0.75,3,-0.013879154798771793,0.055515218526124954
512,JG075A,13,S075_WT,8.0,False,A13,100000000.0,EVAGREEN,JG075A_013,STANDARD,,52.381367,12,L-MMMMx,0.1778279410038923,A13,-0.75,4,-0.01099132274215704,0.001846536761149764
513,JG075A,13,S075_WT,8.0,False,A13,100000000.0,EVAGREEN,JG075A_013,STANDARD,,52.381367,12,L-MMMMx,0.1778279410038923,A13,-0.75,5,-0.008164372327405672,-0.0519539900124073
514,JG075A,13,S075_WT,8.0,False,A13,100000000.0,EVAGREEN,JG075A_013,STANDARD,,52.381367,12,L-MMMMx,0.1778279410038923,A13,-0.75,6,-0.005428909515526766,-0.10595264285802841
515,JG075A,13,S075_WT,8.0,False,A13,100000000.0,EVAGREEN,JG075A_013,STANDARD,,52.381367,12,L-MMMMx,0.1778279410038923,A13,-0.75,7,-0.0009580446770791063,-0.1561931073665619
516,JG075A,13,S075_WT,8.0,False,A13,100000000.0,EVAGREEN,JG075A_013,STANDARD,,52.381367,12,L-MMMMx,0.1778279410038923,A13,-0.75,8,0.004787426325334788,-0.20367327332496643
517,JG075A,13,S075_WT,8.0,False,A13,100000000.0,EVAGREEN,JG075A_013,STANDARD,,52.381367,12,L-MMMMx,0.1778279410038923,A13,-0.75,9,0.012222583076227434,-0.24749425053596497
518,JG075A,13,S075_WT,8.0,False,A13,100000000.0,EVAGREEN,JG075A_013,STANDARD,,52.381367,12,L-MMMMx,0.1778279410038923,A13,-0.75,10,0.022411794659378155,-0.285351037979126
519,JG075A,13,S075_WT,8.0,False,A13,100000000.0,EVAGREEN,JG075A_013,STANDARD,,52.381367,12,L-MMMMx,0.1778279410038923,A13,-0.75,11,0.038258856672215784,-0.3109551668167114
520,JG075A,13,S075_WT,8.0,False,A13,100000000.0,EVAGREEN,JG075A_013,STANDARD,,52.381367,12,L-MMMMx,0.1778279410038923,A13,-0.75,12,0.06051512894350548,-0.3226794898509979
521,JG075A,13,S075_WT,8.0,False,A13,100000000.0,EVAGREEN,JG075A_013,STANDARD,,52.381367,12,L-MMMMx,0.1778279410038923,A13,-0.75,13,0.09315528542583908,-0.31191644072532654
522,JG075A,13,S075_WT,8.0,False,A13,100000000.0,EVAGREEN,JG075A_013,STANDARD,,52.381367,12,L-MMMMx,0.1778279410038923,A13,-0.75,14,0.13768888532828533,-0.2753969132900238
523,JG075A,13,S075_WT,8.0,False,A13,100000000.0,EVAGREEN,JG075A_013,STANDARD,,52.381367,12,L-MMMMx,0.1778279410038923,A13,-0.75,15,0.1945316687956663,-0.21222059428691864
524,JG075A,13,S075_WT,8.0,False,A13,100000000.0,EVAGREEN,JG075A_013,STANDARD,,52.381367,12,L-MMMMx,0.1778279410038923,A13,-0.75,16,0.2626657674376603,-0.12459176033735275
525,JG075A,13,S075_WT,8.0,False,A13,100000000.0,EVAGREEN,JG075A_013,STANDARD,,52.381367,12,L-MMMMx,0.1778279410038923,A13,-0.75,17,0.338600175064996,-0.020070545375347137
526,JG075A,13,S075_WT,8.0,False,A13,100000000.0,EVAGREEN,JG075A_013,STANDARD,,52.381367,12,L-MMMMx,0.1778279410038923,A13,-0.75,18,0.4157866472357347,0.08716214448213577
527,JG075A,13,S075_WT,8.0,False,A13,100000000.0,EVAGREEN,JG075A_013,STANDARD,,52.381367,12,L-MMMMx,0.1778279410038923,A13,-0.75,19,0.48994967982297755,0.18784725666046143
528,JG075A,13,S075_WT,8.0,False,A13,100000000.0,EVAGREEN,JG075A_013,STANDARD,,52.381367,12,L-MMMMx,0.1778279410038923,A13,-0.75,20,0.5579037207339271,0.2750861644744873
529,JG075A,13,S075_WT,8.0,False,A13,100000000.0,EVAGREEN,JG075A_013,STANDARD,,52.381367,12,L-MMMMx,0.1778279410038923,A13,-0.75,21,0.6183115757152874,0.34598302841186523
530,JG075A,13,S075_WT,8.0,False,A13,100000000.0,EVAGREEN,JG075A_013,STANDARD,,52.381367,12,L-MMMMx,0.1778279410038923,A13,-0.75,22,0.6669982834239423,0.39149653911590576
531,JG075A,13,S075_WT,8.0,False,A13,100000000.0,EVAGREEN,JG075A_013,STANDARD,,52.381367,12,L-MMMMx,0.1778279410038923,A13,-0.75,23,0.707589384165541,0.419478178024292
532,JG075A,13,S075_WT,8.0,False,A13,100000000.0,EVAGREEN,JG075A_013,STANDARD,,52.381367,12,L-MMMMx,0.1778279410038923,A13,-0.75,24,0.7389468976668088,0.4274635314941406
533,JG075A,13,S075_WT,8.0,False,A13,100000000.0,EVAGREEN,JG075A_013,STANDARD,,52.381367,12,L-MMMMx,0.1778279410038923,A13,-0.75,25,0.7647180526302252,0.4233510494232178
534,JG075A,13,S075_WT,8.0,False,A13,100000000.0,EVAGREEN,JG075A_013,STANDARD,,52.381367,12,L-MMMMx,0.1778279410038923,A13,-0.75,26,0.7837699881249146,0.40468737483024597
535,JG075A,13,S075_WT,8.0,False,A13,100000000.0,EVAGREEN,JG075A_013,STANDARD,,52.381367,12,L-MMMMx,0.1778279410038923,A13,-0.75,27,0.7992236864734161,0.37823137640953064
536,JG075A,13,S075_WT,8.0,False,A13,100000000.0,EVAGREEN,JG075A_013,STANDARD,,52.381367,12,L-MMMMx,0.1778279410038923,A13,-0.75,28,0.8113698492586235,0.34461256861686707
537,JG075A,13,S075_WT,8.0,False,A13,100000000.0,EVAGREEN,JG075A_013,STANDARD,,52.381367,12,L-MMMMx,0.1778279410038923,A13,-0.75,29,0.8213484934814326,0.30629977583885193
538,JG075A,13,S075_WT,8.0,False,A13,100000000.0,EVAGREEN,JG075A_013,STANDARD,,52.381367,12,L-MMMMx,0.1778279410038923,A13,-0.75,30,0.8293771636704546,0.2637641131877899
539,JG075A,13,S075_WT,8.0,False,A13,100000000.0,EVAGREEN,JG075A_013,STANDARD,,52.381367,12,L-MMMMx,0.1778279410038923,A13,-0.75,31,0.8351437450794278,0.2163296639919281
540,JG075A,13,S075_WT,8.0,False,A13,100000000.0,EVAGREEN,JG075A_013,STANDARD,,52.381367,12,L-MMMMx,0.1778279410038923,A13,-0.75,32,0.8396245458458649,0.16611072421073914
541,JG075A,13,S075_WT,8.0,False,A13,100000000.0,EVAGREEN,JG075A_013,STANDARD,,52.381367,12,L-MMMMx,0.1778279410038923,A13,-0.75,33,0.843094469151923,0.11370261758565903
542,JG075A,13,S075_WT,8.0,False,A13,100000000.0,EVAGREEN,JG075A_013,STANDARD,,52.381367,12,L-MMMMx,0.1778279410038923,A13,-0.75,34,0.8475030486578495,0.06332727521657944
543,JG075A,13,S075_WT,8.0,False,A13,100000000.0,EVAGREEN,JG075A_013,STANDARD,,52.381367,12,L-MMMMx,0.1778279410038923,A13,-0.75,35,0.8518233332690663,0.012760716490447521
544,JG075A,13,S075_WT,8.0,False,A13,100000000.0,EVAGREEN,JG075A_013,STANDARD,,52.381367,12,L-MMMMx,0.1778279410038923,A13,-0.75,36,0.8541184500645925,-0.04219155013561249
545,JG075A,13,S075_WT,8.0,False,A13,100000000.0,EVAGREEN,JG075A_013,STANDARD,,52.381367,12,L-MMMMx,0.1778279410038923,A13,-0.75,37,0.8569436665085313,-0.09599582850933075
546,JG075A,13,S075_WT,8.0,False,A13,100000000.0,EVAGREEN,JG075A_013,STANDARD,,52.381367,12,L-MMMMx,0.1778279410038923,A13,-0.75,38,0.8595535402915573,-0.15026645362377167
547,JG075A,13,S075_WT,8.0,False,A13,100000000.0,EVAGREEN,JG075A_013,STANDARD,,52.381367,12,L-MMMMx,0.1778279410038923,A13,-0.75,39,0.8628717549131891,-0.20300310850143433
548,JG075A,13,S075_WT,8.0,False,A13,100000000.0,EVAGREEN,JG075A_013,STANDARD,,52.381367,12,L-MMMMx,0.1778279410038923,A13,-0.75,40,0.866773574568307,-0.2544758915901184
549,JG075A,13,S075_WT,8.0,False,A13,100000000.0,EVAGREEN,JG075A_013,STANDARD,,52.381367,12,L-MMMMx,0.1778279410038923,A13,-0.75,41,0.8706122006204781,-0.3060855269432068
550,JG075A,13,S075_WT,8.0,False,A13,100000000.0,EVAGREEN,JG075A_013,STANDARD,,52.381367,12,L-MMMMx,0.1778279410038923,A13,-0.75,42,0.8754713923509015,-0.3554850220680237
551,JG075A,14,S075_WT,8.0,False,A14,100000000.0,EVAGREEN,JG075A_014,STANDARD,,52.684895,13,L-MMMMx,0.1,A14,-1.0,3,-0.01728432255198448,-0.07540760189294815
552,JG075A,14,S075_WT,8.0,False,A14,100000000.0,EVAGREEN,JG075A_014,STANDARD,,52.684895,13,L-MMMMx,0.1,A14,-1.0,4,-0.015639169577707786,-0.13132698833942413
553,JG075A,14,S075_WT,8.0,False,A14,100000000.0,EVAGREEN,JG075A_014,STANDARD,,52.684895,13,L-MMMMx,0.1,A14,-1.0,5,-0.012729057372318888,-0.18450698256492615
554,JG075A,14,S075_WT,8.0,False,A14,100000000.0,EVAGREEN,JG075A_014,STANDARD,,52.684895,13,L-MMMMx,0.1,A14,-1.0,6,-0.008598821466828388,-0.2350446730852127
555,JG075A,14,S075_WT,8.0,False,A14,100000000.0,EVAGREEN,JG075A_014,STANDARD,,52.684895,13,L-MMMMx,0.1,A14,-1.0,7,-0.003190772927535722,-0.2828151285648346
556,JG075A,14,S075_WT,8.0,False,A14,100000000.0,EVAGREEN,JG075A_014,STANDARD,,52.684895,13,L-MMMMx,0.1,A14,-1.0,8,0.005110392150848084,-0.3243202567100525
557,JG075A,14,S075_WT,8.0,False,A14,100000000.0,EVAGREEN,JG075A_014,STANDARD,,52.684895,13,L-MMMMx,0.1,A14,-1.0,9,0.017085263390785702,-0.35786956548690796
558,JG075A,14,S075_WT,8.0,False,A14,100000000.0,EVAGREEN,JG075A_014,STANDARD,,52.684895,13,L-MMMMx,0.1,A14,-1.0,10,0.03524648835474147,-0.3780216872692108
559,JG075A,14,S075_WT,8.0,False,A14,100000000.0,EVAGREEN,JG075A_014,STANDARD,,52.684895,13,L-MMMMx,0.1,A14,-1.0,11,0.06384405702765779,-0.3755728602409363
560,JG075A,14,S075_WT,8.0,False,A14,100000000.0,EVAGREEN,JG075A_014,STANDARD,,52.684895,13,L-MMMMx,0.1,A14,-1.0,12,0.10491656861818614,-0.34610822796821594
561,JG075A,14,S075_WT,8.0,False,A14,100000000.0,EVAGREEN,JG075A_014,STANDARD,,52.684895,13,L-MMMMx,0.1,A14,-1.0,13,0.1616238821754172,-0.2827848494052887
562,JG075A,14,S075_WT,8.0,False,A14,100000000.0,EVAGREEN,JG075A_014,STANDARD,,52.684895,13,L-MMMMx,0.1,A14,-1.0,14,0.23406645791309486,-0.18538512289524078
563,JG075A,14,S075_WT,8.0,False,A14,100000000.0,EVAGREEN,JG075A_014,STANDARD,,52.684895,13,L-MMMMx,0.1,A14,-1.0,15,0.31784628529024533,-0.06343340128660202
564,JG075A,14,S075_WT,8.0,False,A14,100000000.0,EVAGREEN,JG075A_014,STANDARD,,52.684895,13,L-MMMMx,0.1,A14,-1.0,16,0.40663225154334753,0.06935962289571762
565,JG075A,14,S075_WT,8.0,False,A14,100000000.0,EVAGREEN,JG075A_014,STANDARD,,52.684895,13,L-MMMMx,0.1,A14,-1.0,17,0.4932777822067429,0.19751732051372528
566,JG075A,14,S075_WT,8.0,False,A14,100000000.0,EVAGREEN,JG075A_014,STANDARD,,52.684895,13,L-MMMMx,0.1,A14,-1.0,18,0.5715619404718737,0.3075675964355469
567,JG075A,14,S075_WT,8.0,False,A14,100000000.0,EVAGREEN,JG075A_014,STANDARD,,52.684895,13,L-MMMMx,0.1,A14,-1.0,19,0.6402601576182221,0.3968585133552551
568,JG075A,14,S075_WT,8.0,False,A14,100000000.0,EVAGREEN,JG075A_014,STANDARD,,52.684895,13,L-MMMMx,0.1,A14,-1.0,20,0.6974819100398603,0.4612959921360016
569,JG075A,14,S075_WT,8.0,False,A14,100000000.0,EVAGREEN,JG075A_014,STANDARD,,52.684895,13,L-MMMMx,0.1,A14,-1.0,21,0.7402595754994493,0.4944532811641693
570,JG075A,14,S075_WT,8.0,False,A14,100000000.0,EVAGREEN,JG075A_014,STANDARD,,52.684895,13,L-MMMMx,0.1,A14,-1.0,22,0.7723000533140978,0.5043581128120422
571,JG075A,14,S075_WT,8.0,False,A14,100000000.0,EVAGREEN,JG075A_014,STANDARD,,52.684895,13,L-MMMMx,0.1,A14,-1.0,23,0.7989735336603575,0.5026401281356812
572,JG075A,14,S075_WT,8.0,False,A14,100000000.0,EVAGREEN,JG075A_014,STANDARD,,52.684895,13,L-MMMMx,0.1,A14,-1.0,24,0.8190288052185586,0.4865897595882416
573,JG075A,14,S075_WT,8.0,False,A14,100000000.0,EVAGREEN,JG075A_014,STANDARD,,52.684895,13,L-MMMMx,0.1,A14,-1.0,25,0.8312125098480253,0.4534927010536194
574,JG075A,14,S075_WT,8.0,False,A14,100000000.0,EVAGREEN,JG075A_014,STANDARD,,52.684895,13,L-MMMMx,0.1,A14,-1.0,26,0.8414962228404608,0.41628098487854004
575,JG075A,14,S075_WT,8.0,False,A14,100000000.0,EVAGREEN,JG075A_014,STANDARD,,52.684895,13,L-MMMMx,0.1,A14,-1.0,27,0.851449765771507,0.3783542811870575
576,JG075A,14,S075_WT,8.0,False,A14,100000000.0,EVAGREEN,JG075A_014,STANDARD,,52.684895,13,L-MMMMx,0.1,A14,-1.0,28,0.8589453637907233,0.3351046144962311
577,JG075A,14,S075_WT,8.0,False,A14,100000000.0,EVAGREEN,JG075A_014,STANDARD,,52.684895,13,L-MMMMx,0.1,A14,-1.0,29,0.8639156397465358,0.2863861322402954
578,JG075A,14,S075_WT,8.0,False,A14,100000000.0,EVAGREEN,JG075A_014,STANDARD,,52.684895,13,L-MMMMx,0.1,A14,-1.0,30,0.8678958458917202,0.2355235368013382
579,JG075A,14,S075_WT,8.0,False,A14,100000000.0,EVAGREEN,JG075A_014,STANDARD,,52.684895,13,L-MMMMx,0.1,A14,-1.0,31,0.8720250083867076,0.1849835216999054
580,JG075A,14,S075_WT,8.0,False,A14,100000000.0,EVAGREEN,JG075A_014,STANDARD,,52.684895,13,L-MMMMx,0.1,A14,-1.0,32,0.8738029064598574,0.12935160100460052
581,JG075A,14,S075_WT,8.0,False,A14,100000000.0,EVAGREEN,JG075A_014,STANDARD,,52.684895,13,L-MMMMx,0.1,A14,-1.0,33,0.876274392858033,0.0752217173576355
582,JG075A,14,S075_WT,8.0,False,A14,100000000.0,EVAGREEN,JG075A_014,STANDARD,,52.684895,13,L-MMMMx,0.1,A14,-1.0,34,0.8797552154091987,0.023277655243873596
583,JG075A,14,S075_WT,8.0,False,A14,100000000.0,EVAGREEN,JG075A_014,STANDARD,,52.684895,13,L-MMMMx,0.1,A14,-1.0,35,0.8811351258958453,-0.033216144889593124
584,JG075A,14,S075_WT,8.0,False,A14,100000000.0,EVAGREEN,JG075A_014,STANDARD,,52.684895,13,L-MMMMx,0.1,A14,-1.0,36,0.8831680002484807,-0.08829589188098907
585,JG075A,14,S075_WT,8.0,False,A14,100000000.0,EVAGREEN,JG075A_014,STANDARD,,52.684895,13,L-MMMMx,0.1,A14,-1.0,37,0.88739712753698,-0.13861942291259766
586,JG075A,14,S075_WT,8.0,False,A14,100000000.0,EVAGREEN,JG075A_014,STANDARD,,52.684895,13,L-MMMMx,0.1,A14,-1.0,38,0.8903258317627479,-0.1917591542005539
587,JG075A,14,S075_WT,8.0,False,A14,100000000.0,EVAGREEN,JG075A_014,STANDARD,,52.684895,13,L-MMMMx,0.1,A14,-1.0,39,0.8913492598690084,-0.24902495741844177
588,JG075A,14,S075_WT,8.0,False,A14,100000000.0,EVAGREEN,JG075A_014,STANDARD,,52.684895,13,L-MMMMx,0.1,A14,-1.0,40,0.8939395370295178,-0.302897572517395
589,JG075A,14,S075_WT,8.0,False,A14,100000000.0,EVAGREEN,JG075A_014,STANDARD,,52.684895,13,L-MMMMx,0.1,A14,-1.0,41,0.8981947564502442,-0.3531646132469177
590,JG075A,14,S075_WT,8.0,False,A14,100000000.0,EVAGREEN,JG075A_014,STANDARD,,52.684895,13,L-MMMMx,0.1,A14,-1.0,42,0.9019055640825175,-0.40461060404777527
946,JG075A,32,S075_WT,7.0,False,B8,10000000.0,EVAGREEN,JG075A_032,STANDARD,,20.380243,22,L-MMMMx,3.1622776601683795,B8,0.5,3,-0.003910207394881839,0.002451722975820303
947,JG075A,32,S075_WT,7.0,False,B8,10000000.0,EVAGREEN,JG075A_032,STANDARD,,20.380243,22,L-MMMMx,3.1622776601683795,B8,0.5,4,-0.0030759197239221213,0.0009613152360543609
948,JG075A,32,S075_WT,7.0,False,B8,10000000.0,EVAGREEN,JG075A_032,STANDARD,,20.380243,22,L-MMMMx,3.1622776601683795,B8,0.5,5,-0.001973334473900801,5.193359174882062e-05
949,JG075A,32,S075_WT,7.0,False,B8,10000000.0,EVAGREEN,JG075A_032,STANDARD,,20.380243,22,L-MMMMx,3.1622776601683795,B8,0.5,6,-0.0005562124231494847,-0.00017628617933951318
950,JG075A,32,S075_WT,7.0,False,B8,10000000.0,EVAGREEN,JG075A_032,STANDARD,,20.380243,22,L-MMMMx,3.1622776601683795,B8,0.5,7,0.0006905401144307891,-0.0007734586833976209
951,JG075A,32,S075_WT,7.0,False,B8,10000000.0,EVAGREEN,JG075A_032,STANDARD,,20.380243,22,L-MMMMx,3.1622776601683795,B8,0.5,8,0.002168874087200264,-0.0008691177354194224
952,JG075A,32,S075_WT,7.0,False,B8,10000000.0,EVAGREEN,JG075A_032,STANDARD,,20.380243,22,L-MMMMx,3.1622776601683795,B8,0.5,9,0.0026558171287224103,-0.003111736150458455
953,JG075A,32,S075_WT,7.0,False,B8,10000000.0,EVAGREEN,JG075A_032,STANDARD,,20.380243,22,L-MMMMx,3.1622776601683795,B8,0.5,10,0.004000442685500783,-0.0034969544503837824
954,JG075A,32,S075_WT,7.0,False,B8,10000000.0,EVAGREEN,JG075A_032,STANDARD,,20.380243,22,L-MMMMx,3.1622776601683795,B8,0.5,11,0.007302803859703431,0.00035750551614910364
955,JG075A,32,S075_WT,7.0,False,B8,10000000.0,EVAGREEN,JG075A_032,STANDARD,,20.380243,22,L-MMMMx,3.1622776601683795,B8,0.5,12,0.009919833712749541,0.002727809827774763
956,JG075A,32,S075_WT,7.0,False,B8,10000000.0,EVAGREEN,JG075A_032,STANDARD,,20.380243,22,L-MMMMx,3.1622776601683795,B8,0.5,13,0.01069984534494136,0.0011198617285117507
957,JG075A,32,S075_WT,7.0,False,B8,10000000.0,EVAGREEN,JG075A_032,STANDARD,,20.380243,22,L-MMMMx,3.1622776601683795,B8,0.5,14,0.011526261338878957,-0.0003875928814522922
958,JG075A,32,S075_WT,7.0,False,B8,10000000.0,EVAGREEN,JG075A_032,STANDARD,,20.380243,22,L-MMMMx,3.1622776601683795,B8,0.5,15,0.012848262705055295,-0.0008218063157983124
959,JG075A,32,S075_WT,7.0,False,B8,10000000.0,EVAGREEN,JG075A_032,STANDARD,,20.380243,22,L-MMMMx,3.1622776601683795,B8,0.5,16,0.01565845140195187,0.0019668033346533775
960,JG075A,32,S075_WT,7.0,False,B8,10000000.0,EVAGREEN,JG075A_032,STANDARD,,20.380243,22,L-MMMMx,3.1622776601683795,B8,0.5,17,0.018987455175306308,0.0058789607137441635
961,JG075A,32,S075_WT,7.0,False,B8,10000000.0,EVAGREEN,JG075A_032,STANDARD,,20.380243,22,L-MMMMx,3.1622776601683795,B8,0.5,18,0.02496932419849986,0.01553617138415575
962,JG075A,32,S075_WT,7.0,False,B8,10000000.0,EVAGREEN,JG075A_032,STANDARD,,20.380243,22,L-MMMMx,3.1622776601683795,B8,0.5,19,0.03214328439365855,0.027774978429079056
963,JG075A,32,S075_WT,7.0,False,B8,10000000.0,EVAGREEN,JG075A_032,STANDARD,,20.380243,22,L-MMMMx,3.1622776601683795,B8,0.5,20,0.04385232139402226,0.0498349629342556
964,JG075A,32,S075_WT,7.0,False,B8,10000000.0,EVAGREEN,JG075A_032,STANDARD,,20.380243,22,L-MMMMx,3.1622776601683795,B8,0.5,21,0.06321053668557232,0.0884600281715393
965,JG075A,32,S075_WT,7.0,False,B8,10000000.0,EVAGREEN,JG075A_032,STANDARD,,20.380243,22,L-MMMMx,3.1622776601683795,B8,0.5,22,0.09241313731701568,0.14840413630008698
966,JG075A,32,S075_WT,7.0,False,B8,10000000.0,EVAGREEN,JG075A_032,STANDARD,,20.380243,22,L-MMMMx,3.1622776601683795,B8,0.5,23,0.13655012580027054,0.2406901866197586
967,JG075A,32,S075_WT,7.0,False,B8,10000000.0,EVAGREEN,JG075A_032,STANDARD,,20.380243,22,L-MMMMx,3.1622776601683795,B8,0.5,24,0.1959816726441182,0.36609819531440735
968,JG075A,32,S075_WT,7.0,False,B8,10000000.0,EVAGREEN,JG075A_032,STANDARD,,20.380243,22,L-MMMMx,3.1622776601683795,B8,0.5,25,0.2709375427428966,0.5251256823539734
969,JG075A,32,S075_WT,7.0,False,B8,10000000.0,EVAGREEN,JG075A_032,STANDARD,,20.380243,22,L-MMMMx,3.1622776601683795,B8,0.5,26,0.3532038337874479,0.6999847292900085
970,JG075A,32,S075_WT,7.0,False,B8,10000000.0,EVAGREEN,JG075A_032,STANDARD,,20.380243,22,L-MMMMx,3.1622776601683795,B8,0.5,27,0.43195407239765765,0.8672293424606323
971,JG075A,32,S075_WT,7.0,False,B8,10000000.0,EVAGREEN,JG075A_032,STANDARD,,20.380243,22,L-MMMMx,3.1622776601683795,B8,0.5,28,0.49679489256970527,1.0043516159057617
972,JG075A,32,S075_WT,7.0,False,B8,10000000.0,EVAGREEN,JG075A_032,STANDARD,,20.380243,22,L-MMMMx,3.1622776601683795,B8,0.5,29,0.5524985122599236,1.1216864585876465
973,JG075A,32,S075_WT,7.0,False,B8,10000000.0,EVAGREEN,JG075A_032,STANDARD,,20.380243,22,L-MMMMx,3.1622776601683795,B8,0.5,30,0.5945640937058194,1.2094866037368774
974,JG075A,32,S075_WT,7.0,False,B8,10000000.0,EVAGREEN,JG075A_032,STANDARD,,20.380243,22,L-MMMMx,3.1622776601683795,B8,0.5,31,0.6214035398298532,1.2643131017684937
975,JG075A,32,S075_WT,7.0,False,B8,10000000.0,EVAGREEN,JG075A_032,STANDARD,,20.380243,22,L-MMMMx,3.1622776601683795,B8,0.5,32,0.6428759334388056,1.3075166940689087
976,JG075A,32,S075_WT,7.0,False,B8,10000000.0,EVAGREEN,JG075A_032,STANDARD,,20.380243,22,L-MMMMx,3.1622776601683795,B8,0.5,33,0.6592773156447392,1.339738368988037
977,JG075A,32,S075_WT,7.0,False,B8,10000000.0,EVAGREEN,JG075A_032,STANDARD,,20.380243,22,L-MMMMx,3.1622776601683795,B8,0.5,34,0.6715031860406322,1.3629176616668701
978,JG075A,32,S075_WT,7.0,False,B8,10000000.0,EVAGREEN,JG075A_032,STANDARD,,20.380243,22,L-MMMMx,3.1622776601683795,B8,0.5,35,0.6766041428443504,1.3706670999526978
979,JG075A,32,S075_WT,7.0,False,B8,10000000.0,EVAGREEN,JG075A_032,STANDARD,,20.380243,22,L-MMMMx,3.1622776601683795,B8,0.5,36,0.6843268635166665,1.3840943574905396
980,JG075A,32,S075_WT,7.0,False,B8,10000000.0,EVAGREEN,JG075A_032,STANDARD,,20.380243,22,L-MMMMx,3.1622776601683795,B8,0.5,37,0.6886316249606089,1.3901195526123047
981,JG075A,32,S075_WT,7.0,False,B8,10000000.0,EVAGREEN,JG075A_032,STANDARD,,20.380243,22,L-MMMMx,3.1622776601683795,B8,0.5,38,0.6924382138377669,1.3950660228729248
982,JG075A,32,S075_WT,7.0,False,B8,10000000.0,EVAGREEN,JG075A_032,STANDARD,,20.380243,22,L-MMMMx,3.1622776601683795,B8,0.5,39,0.6943329209923218,1.3958719968795776
983,JG075A,32,S075_WT,7.0,False,B8,10000000.0,EVAGREEN,JG075A_032,STANDARD,,20.380243,22,L-MMMMx,3.1622776601683795,B8,0.5,40,0.7002928263852228,1.4054816961288452
984,JG075A,32,S075_WT,7.0,False,B8,10000000.0,EVAGREEN,JG075A_032,STANDARD,,20.380243,22,L-MMMMx,3.1622776601683795,B8,0.5,41,0.7024245645975207,1.4068011045455933
985,JG075A,32,S075_WT,7.0,False,B8,10000000.0,EVAGREEN,JG075A_032,STANDARD,,20.380243,22,L-MMMMx,3.1622776601683795,B8,0.5,42,0.7038663475664951,1.4066262245178223
986,JG075A,32,S075_WT,7.0,False,B8,10000000.0,EVAGREEN,JG075A_032,STANDARD,,20.380243,22,L-MMMMx,3.1622776601683795,B8,0.5,43,0.7072947656664366,1.4107537269592285
987,JG075A,32,S075_WT,7.0,False,B8,10000000.0,EVAGREEN,JG075A_032,STANDARD,,20.380243,22,L-MMMMx,3.1622776601683795,B8,0.5,44,0.7109089113067462,1.4152833223342896
988,JG075A,32,S075_WT,7.0,False,B8,10000000.0,EVAGREEN,JG075A_032,STANDARD,,20.380243,22,L-MMMMx,3.1622776601683795,B8,0.5,45,0.7138230832057041,1.4182971715927124
989,JG075A,32,S075_WT,7.0,False,B8,10000000.0,EVAGREEN,JG075A_032,STANDARD,,20.380243,22,L-MMMMx,3.1622776601683795,B8,0.5,46,0.7139305343493907,1.4152326583862305
990,JG075A,32,S075_WT,7.0,False,B8,10000000.0,EVAGREEN,JG075A_032,STANDARD,,20.380243,22,L-MMMMx,3.1622776601683795,B8,0.5,47,0.7186895410995326,1.4222416877746582
991,JG075A,32,S075_WT,7.0,False,B8,10000000.0,EVAGREEN,JG075A_032,STANDARD,,20.380243,22,L-MMMMx,3.1622776601683795,B8,0.5,48,0.7208448392962044,1.4236119985580444
992,JG075A,32,S075_WT,7.0,False,B8,10000000.0,EVAGREEN,JG075A_032,STANDARD,,20.380243,22,L-MMMMx,3.1622776601683795,B8,0.5,49,0.7237769564169051,1.4266647100448608
993,JG075A,32,S075_WT,7.0,False,B8,10000000.0,EVAGREEN,JG075A_032,STANDARD,,20.380243,22,L-MMMMx,3.1622776601683795,B8,0.5,50,0.7248877986707958,1.4257732629776
994,JG075A,32,S075_WT,7.0,False,B8,10000000.0,EVAGREEN,JG075A_032,STANDARD,,20.380243,22,L-MMMMx,3.1622776601683795,B8,0.5,51,0.7285675599685204,1.4304449558258057
995,JG075A,32,S075_WT,7.0,False,B8,10000000.0,EVAGREEN,JG075A_032,STANDARD,,20.380243,22,L-MMMMx,3.1622776601683795,B8,0.5,52,0.7318183974385783,1.434187889099121
996,JG075A,32,S075_WT,7.0,False,B8,10000000.0,EVAGREEN,JG075A_032,STANDARD,,20.380243,22,L-MMMMx,3.1622776601683795,B8,0.5,53,0.7334681468116756,1.434463381767273
997,JG075A,32,S075_WT,7.0,False,B8,10000000.0,EVAGREEN,JG075A_032,STANDARD,,20.380243,22,L-MMMMx,3.1622776601683795,B8,0.5,54,0.739042835450725,1.4432388544082642
998,JG075A,33,S075_WT,7.0,False,B9,10000000.0,EVAGREEN,JG075A_033,STANDARD,,19.936075,23,L-MMMMx,1.7782794100389228,B9,0.25,3,-0.006026972906829909,0.0030124664772301912
999,JG075A,33,S075_WT,7.0,False,B9,10000000.0,EVAGREEN,JG075A_033,STANDARD,,19.936075,23,L-MMMMx,1.7782794100389228,B9,0.25,4,-0.004405352393580878,0.0018713694298639894
1000,JG075A,33,S075_WT,7.0,False,B9,10000000.0,EVAGREEN,JG075A_033,STANDARD,,19.936075,23,L-MMMMx,1.7782794100389228,B9,0.25,5,-0.0033496118788450373,-0.0004951990558765829
1001,JG075A,33,S075_WT,7.0,False,B9,10000000.0,EVAGREEN,JG075A_033,STANDARD,,19.936075,23,L-MMMMx,1.7782794100389228,B9,0.25,6,-0.0012035615265069848,-0.0005005891434848309
1002,JG075A,33,S075_WT,7.0,False,B9,10000000.0,EVAGREEN,JG075A_033,STANDARD,,19.936075,23,L-MMMMx,1.7782794100389228,B9,0.25,7,0.0010253340979869384,-0.00032656925031915307
1003,JG075A,33,S075_WT,7.0,False,B9,10000000.0,EVAGREEN,JG075A_033,STANDARD,,19.936075,23,L-MMMMx,1.7782794100389228,B9,0.25,8,0.0028172140310220866,-0.0010989519068971276
1004,JG075A,33,S075_WT,7.0,False,B9,10000000.0,EVAGREEN,JG075A_033,STANDARD,,19.936075,23,L-MMMMx,1.7782794100389228,B9,0.25,9,0.00446327527572441,-0.0021871200297027826
1005,JG075A,33,S075_WT,7.0,False,B9,10000000.0,EVAGREEN,JG075A_033,STANDARD,,19.936075,23,L-MMMMx,1.7782794100389228,B9,0.25,10,0.0066796753010293745,-0.0020401605870574713
1006,JG075A,33,S075_WT,7.0,False,B9,10000000.0,EVAGREEN,JG075A_033,STANDARD,,19.936075,23,L-MMMMx,1.7782794100389228,B9,0.25,11,0.009140042267327574,-0.0013648656895384192
1007,JG075A,33,S075_WT,7.0,False,B9,10000000.0,EVAGREEN,JG075A_033,STANDARD,,19.936075,23,L-MMMMx,1.7782794100389228,B9,0.25,12,0.011341799872437547,-0.0012496159179136157
1008,JG075A,33,S075_WT,7.0,False,B9,10000000.0,EVAGREEN,JG075A_033,STANDARD,,19.936075,23,L-MMMMx,1.7782794100389228,B9,0.25,13,0.013632237699104403,-0.0009423200972378254
1009,JG075A,33,S075_WT,7.0,False,B9,10000000.0,EVAGREEN,JG075A_033,STANDARD,,19.936075,23,L-MMMMx,1.7782794100389228,B9,0.25,14,0.01642508668787533,0.0004529989673756063
1010,JG075A,33,S075_WT,7.0,False,B9,10000000.0,EVAGREEN,JG075A_033,STANDARD,,19.936075,23,L-MMMMx,1.7782794100389228,B9,0.25,15,0.01922327520581511,0.0018598813330754638
1011,JG075A,33,S075_WT,7.0,False,B9,10000000.0,EVAGREEN,JG075A_033,STANDARD,,19.936075,23,L-MMMMx,1.7782794100389228,B9,0.25,16,0.021902287634573855,0.003008675528690219
1012,JG075A,33,S075_WT,7.0,False,B9,10000000.0,EVAGREEN,JG075A_033,STANDARD,,19.936075,23,L-MMMMx,1.7782794100389228,B9,0.25,17,0.026570687528922738,0.008465693332254887
1013,JG075A,33,S075_WT,7.0,False,B9,10000000.0,EVAGREEN,JG075A_033,STANDARD,,19.936075,23,L-MMMMx,1.7782794100389228,B9,0.25,18,0.03258415335358969,0.016835590824484825
1014,JG075A,33,S075_WT,7.0,False,B9,10000000.0,EVAGREEN,JG075A_033,STANDARD,,19.936075,23,L-MMMMx,1.7782794100389228,B9,0.25,19,0.042866214945251314,0.03444957360625267
1015,JG075A,33,S075_WT,7.0,False,B9,10000000.0,EVAGREEN,JG075A_033,STANDARD,,19.936075,23,L-MMMMx,1.7782794100389228,B9,0.25,20,0.0586694597908889,0.06402024626731873
1016,JG075A,33,S075_WT,7.0,False,B9,10000000.0,EVAGREEN,JG075A_033,STANDARD,,19.936075,23,L-MMMMx,1.7782794100389228,B9,0.25,21,0.08450331293701999,0.11531323194503784
1017,JG075A,33,S075_WT,7.0,False,B9,10000000.0,EVAGREEN,JG075A_033,STANDARD,,19.936075,23,L-MMMMx,1.7782794100389228,B9,0.25,22,0.12233002382985078,0.19257798790931702
1018,JG075A,33,S075_WT,7.0,False,B9,10000000.0,EVAGREEN,JG075A_033,STANDARD,,19.936075,23,L-MMMMx,1.7782794100389228,B9,0.25,23,0.17660942044599023,0.305472731590271
1019,JG075A,33,S075_WT,7.0,False,B9,10000000.0,EVAGREEN,JG075A_033,STANDARD,,19.936075,23,L-MMMMx,1.7782794100389228,B9,0.25,24,0.24953786581468698,0.45875394344329834
1020,JG075A,33,S075_WT,7.0,False,B9,10000000.0,EVAGREEN,JG075A_033,STANDARD,,19.936075,23,L-MMMMx,1.7782794100389228,B9,0.25,25,0.3339966666200146,0.6370052695274353
1021,JG075A,33,S075_WT,7.0,False,B9,10000000.0,EVAGREEN,JG075A_033,STANDARD,,19.936075,23,L-MMMMx,1.7782794100389228,B9,0.25,26,0.42291969913734817,0.8249244093894958
1022,JG075A,33,S075_WT,7.0,False,B9,10000000.0,EVAGREEN,JG075A_033,STANDARD,,19.936075,23,L-MMMMx,1.7782794100389228,B9,0.25,27,0.5047621306499391,0.9975097179412842
1023,JG075A,33,S075_WT,7.0,False,B9,10000000.0,EVAGREEN,JG075A_033,STANDARD,,19.936075,23,L-MMMMx,1.7782794100389228,B9,0.25,28,0.5716601558126906,1.1377314329147339
1024,JG075A,33,S075_WT,7.0,False,B9,10000000.0,EVAGREEN,JG075A_033,STANDARD,,19.936075,23,L-MMMMx,1.7782794100389228,B9,0.25,29,0.6276492476500188,1.254328727722168
1025,JG075A,33,S075_WT,7.0,False,B9,10000000.0,EVAGREEN,JG075A_033,STANDARD,,19.936075,23,L-MMMMx,1.7782794100389228,B9,0.25,30,0.6671477816396244,1.3352140188217163
1026,JG075A,33,S075_WT,7.0,False,B9,10000000.0,EVAGREEN,JG075A_033,STANDARD,,19.936075,23,L-MMMMx,1.7782794100389228,B9,0.25,31,0.6929701850737233,1.3864821195602417
1027,JG075A,33,S075_WT,7.0,False,B9,10000000.0,EVAGREEN,JG075A_033,STANDARD,,19.936075,23,L-MMMMx,1.7782794100389228,B9,0.25,32,0.7149511000276431,1.4294312000274658
1028,JG075A,33,S075_WT,7.0,False,B9,10000000.0,EVAGREEN,JG075A_033,STANDARD,,19.936075,23,L-MMMMx,1.7782794100389228,B9,0.25,33,0.7314667591671287,1.4605447053909302
1029,JG075A,33,S075_WT,7.0,False,B9,10000000.0,EVAGREEN,JG075A_033,STANDARD,,19.936075,23,L-MMMMx,1.7782794100389228,B9,0.25,34,0.7422454520181858,1.479234218597412
1030,JG075A,33,S075_WT,7.0,False,B9,10000000.0,EVAGREEN,JG075A_033,STANDARD,,19.936075,23,L-MMMMx,1.7782794100389228,B9,0.25,35,0.7535778045020295,1.4991227388381958
1031,JG075A,33,S075_WT,7.0,False,B9,10000000.0,EVAGREEN,JG075A_033,STANDARD,,19.936075,23,L-MMMMx,1.7782794100389228,B9,0.25,36,0.7605835970517156,1.5096415281295776
1032,JG075A,33,S075_WT,7.0,False,B9,10000000.0,EVAGREEN,JG075A_033,STANDARD,,19.936075,23,L-MMMMx,1.7782794100389228,B9,0.25,37,0.7618391020133974,1.5077075958251953
1033,JG075A,33,S075_WT,7.0,False,B9,10000000.0,EVAGREEN,JG075A_033,STANDARD,,19.936075,23,L-MMMMx,1.7782794100389228,B9,0.25,38,0.7673401381779322,1.5149677991867065
1034,JG075A,33,S075_WT,7.0,False,B9,10000000.0,EVAGREEN,JG075A_033,STANDARD,,19.936075,23,L-MMMMx,1.7782794100389228,B9,0.25,39,0.7705124790645387,1.5171849727630615
1035,JG075A,33,S075_WT,7.0,False,B9,10000000.0,EVAGREEN,JG075A_033,STANDARD,,19.936075,23,L-MMMMx,1.7782794100389228,B9,0.25,40,0.7726328776581893,1.5171239376068115
1036,JG075A,33,S075_WT,7.0,False,B9,10000000.0,EVAGREEN,JG075A_033,STANDARD,,19.936075,23,L-MMMMx,1.7782794100389228,B9,0.25,41,0.7770333102536313,1.5220006704330444
1037,JG075A,33,S075_WT,7.0,False,B9,10000000.0,EVAGREEN,JG075A_033,STANDARD,,19.936075,23,L-MMMMx,1.7782794100389228,B9,0.25,42,0.7797930211335399,1.5233242511749268
1038,JG075A,33,S075_WT,7.0,False,B9,10000000.0,EVAGREEN,JG075A_033,STANDARD,,19.936075,23,L-MMMMx,1.7782794100389228,B9,0.25,43,0.7825097955933279,1.5245548486709595
1039,JG075A,33,S075_WT,7.0,False,B9,10000000.0,EVAGREEN,JG075A_033,STANDARD,,19.936075,23,L-MMMMx,1.7782794100389228,B9,0.25,44,0.7857666881995566,1.5269551277160645
1040,JG075A,33,S075_WT,7.0,False,B9,10000000.0,EVAGREEN,JG075A_033,STANDARD,,19.936075,23,L-MMMMx,1.7782794100389228,B9,0.25,45,0.7888548076466957,1.5289897918701172
1041,JG075A,33,S075_WT,7.0,False,B9,10000000.0,EVAGREEN,JG075A_033,STANDARD,,19.936075,23,L-MMMMx,1.7782794100389228,B9,0.25,46,0.7898874835972898,1.5265733003616333
1042,JG075A,33,S075_WT,7.0,False,B9,10000000.0,EVAGREEN,JG075A_033,STANDARD,,19.936075,23,L-MMMMx,1.7782794100389228,B9,0.25,47,0.7906553849571399,1.5235834121704102
1043,JG075A,33,S075_WT,7.0,False,B9,10000000.0,EVAGREEN,JG075A_033,STANDARD,,19.936075,23,L-MMMMx,1.7782794100389228,B9,0.25,48,0.7948727322534521,1.5280636548995972
1044,JG075A,33,S075_WT,7.0,False,B9,10000000.0,EVAGREEN,JG075A_033,STANDARD,,19.936075,23,L-MMMMx,1.7782794100389228,B9,0.25,49,0.7964433244827885,1.526811957359314
1045,JG075A,33,S075_WT,7.0,False,B9,10000000.0,EVAGREEN,JG075A_033,STANDARD,,19.936075,23,L-MMMMx,1.7782794100389228,B9,0.25,50,0.7968061922795004,1.5229449272155762
1046,JG075A,33,S075_WT,7.0,False,B9,10000000.0,EVAGREEN,JG075A_033,STANDARD,,19.936075,23,L-MMMMx,1.7782794100389228,B9,0.25,51,0.8005512389544855,1.5264023542404175
1047,JG075A,33,S075_WT,7.0,False,B9,10000000.0,EVAGREEN,JG075A_033,STANDARD,,19.936075,23,L-MMMMx,1.7782794100389228,B9,0.25,52,0.8036053395456828,1.5283634662628174
1048,JG075A,33,S075_WT,7.0,False,B9,10000000.0,EVAGREEN,JG075A_033,STANDARD,,19.936075,23,L-MMMMx,1.7782794100389228,B9,0.25,53,0.8043306347655671,1.525281310081482
1049,JG075A,34,S075_WT,7.0,False,B10,10000000.0,EVAGREEN,JG075A_034,STANDARD,,64.15803,24,L-MMMMx,1.0,B10,0.0,3,-0.007474845416158018,0.2761825621128082
1050,JG075A,34,S075_WT,7.0,False,B10,10000000.0,EVAGREEN,JG075A_034,STANDARD,,64.15803,24,L-MMMMx,1.0,B10,0.0,4,-0.005812132546985827,0.22732773423194885
1051,JG075A,34,S075_WT,7.0,False,B10,10000000.0,EVAGREEN,JG075A_034,STANDARD,,64.15803,24,L-MMMMx,1.0,B10,0.0,5,-0.003557089743572277,0.17975567281246185
1052,JG075A,34,S075_WT,7.0,False,B10,10000000.0,EVAGREEN,JG075A_034,STANDARD,,64.15803,24,L-MMMMx,1.0,B10,0.0,6,-0.00152996777029918,0.13169001042842865
1053,JG075A,34,S075_WT,7.0,False,B10,10000000.0,EVAGREEN,JG075A_034,STANDARD,,64.15803,24,L-MMMMx,1.0,B10,0.0,7,0.0012195869948500929,0.0851888582110405
1054,JG075A,34,S075_WT,7.0,False,B10,10000000.0,EVAGREEN,JG075A_034,STANDARD,,64.15803,24,L-MMMMx,1.0,B10,0.0,8,0.0037881757585293166,0.03829580545425415
1055,JG075A,34,S075_WT,7.0,False,B10,10000000.0,EVAGREEN,JG075A_034,STANDARD,,64.15803,24,L-MMMMx,1.0,B10,0.0,9,0.005830958515807959,-0.009735936298966408
1056,JG075A,34,S075_WT,7.0,False,B10,10000000.0,EVAGREEN,JG075A_034,STANDARD,,64.15803,24,L-MMMMx,1.0,B10,0.0,10,0.007535314207827934,-0.05850057676434517
1057,JG075A,34,S075_WT,7.0,False,B10,10000000.0,EVAGREEN,JG075A_034,STANDARD,,64.15803,24,L-MMMMx,1.0,B10,0.0,11,0.009513417101463289,-0.10667238384485245
1058,JG075A,34,S075_WT,7.0,False,B10,10000000.0,EVAGREEN,JG075A_034,STANDARD,,64.15803,24,L-MMMMx,1.0,B10,0.0,12,0.012194356164458214,-0.15332213044166565
1059,JG075A,34,S075_WT,7.0,False,B10,10000000.0,EVAGREEN,JG075A_034,STANDARD,,64.15803,24,L-MMMMx,1.0,B10,0.0,13,0.014619658387657882,-0.20052549242973328
1060,JG075A,34,S075_WT,7.0,False,B10,10000000.0,EVAGREEN,JG075A_034,STANDARD,,64.15803,24,L-MMMMx,1.0,B10,0.0,14,0.0171502924568843,-0.2475007325410843
1061,JG075A,34,S075_WT,7.0,False,B10,10000000.0,EVAGREEN,JG075A_034,STANDARD,,64.15803,24,L-MMMMx,1.0,B10,0.0,15,0.020959358435203086,-0.2917073965072632
1062,JG075A,34,S075_WT,7.0,False,B10,10000000.0,EVAGREEN,JG075A_034,STANDARD,,64.15803,24,L-MMMMx,1.0,B10,0.0,16,0.026451311895481524,-0.3322696089744568
1063,JG075A,34,S075_WT,7.0,False,B10,10000000.0,EVAGREEN,JG075A_034,STANDARD,,64.15803,24,L-MMMMx,1.0,B10,0.0,17,0.03257833904669835,-0.371456503868103
1064,JG075A,34,S075_WT,7.0,False,B10,10000000.0,EVAGREEN,JG075A_034,STANDARD,,64.15803,24,L-MMMMx,1.0,B10,0.0,18,0.04141399374721868,-0.4047775864601135
1065,JG075A,34,S075_WT,7.0,False,B10,10000000.0,EVAGREEN,JG075A_034,STANDARD,,64.15803,24,L-MMMMx,1.0,B10,0.0,19,0.056176856105317426,-0.4252626895904541
1066,JG075A,34,S075_WT,7.0,False,B10,10000000.0,EVAGREEN,JG075A_034,STANDARD,,64.15803,24,L-MMMMx,1.0,B10,0.0,20,0.0769821113249721,-0.43266233801841736
1067,JG075A,34,S075_WT,7.0,False,B10,10000000.0,EVAGREEN,JG075A_034,STANDARD,,64.15803,24,L-MMMMx,1.0,B10,0.0,21,0.10882117329190079,-0.41616716980934143
1068,JG075A,34,S075_WT,7.0,False,B10,10000000.0,EVAGREEN,JG075A_034,STANDARD,,64.15803,24,L-MMMMx,1.0,B10,0.0,22,0.15667725393464468,-0.36498549580574036
1069,JG075A,34,S075_WT,7.0,False,B10,10000000.0,EVAGREEN,JG075A_034,STANDARD,,64.15803,24,L-MMMMx,1.0,B10,0.0,23,0.22123205149265782,-0.27764102816581726
1070,JG075A,34,S075_WT,7.0,False,B10,10000000.0,EVAGREEN,JG075A_034,STANDARD,,64.15803,24,L-MMMMx,1.0,B10,0.0,24,0.30183884989954596,-0.1555342823266983
1071,JG075A,34,S075_WT,7.0,False,B10,10000000.0,EVAGREEN,JG075A_034,STANDARD,,64.15803,24,L-MMMMx,1.0,B10,0.0,25,0.393095366757052,-0.010364477522671223
1072,JG075A,34,S075_WT,7.0,False,B10,10000000.0,EVAGREEN,JG075A_034,STANDARD,,64.15803,24,L-MMMMx,1.0,B10,0.0,26,0.48550698340918835,0.137306809425354
1073,JG075A,34,S075_WT,7.0,False,B10,10000000.0,EVAGREEN,JG075A_034,STANDARD,,64.15803,24,L-MMMMx,1.0,B10,0.0,27,0.5702286872177162,0.2683247923851013
1074,JG075A,34,S075_WT,7.0,False,B10,10000000.0,EVAGREEN,JG075A_034,STANDARD,,64.15803,24,L-MMMMx,1.0,B10,0.0,28,0.6406001586748433,0.36826589703559875
1075,JG075A,34,S075_WT,7.0,False,B10,10000000.0,EVAGREEN,JG075A_034,STANDARD,,64.15803,24,L-MMMMx,1.0,B10,0.0,29,0.6934547817499792,0.4302724301815033
1076,JG075A,34,S075_WT,7.0,False,B10,10000000.0,EVAGREEN,JG075A_034,STANDARD,,64.15803,24,L-MMMMx,1.0,B10,0.0,30,0.7356064562228861,0.46910062432289124
1077,JG075A,34,S075_WT,7.0,False,B10,10000000.0,EVAGREEN,JG075A_034,STANDARD,,64.15803,24,L-MMMMx,1.0,B10,0.0,31,0.7648340480527074,0.47994038462638855
1078,JG075A,34,S075_WT,7.0,False,B10,10000000.0,EVAGREEN,JG075A_034,STANDARD,,64.15803,24,L-MMMMx,1.0,B10,0.0,32,0.786047281833547,0.4734242260456085
1079,JG075A,34,S075_WT,7.0,False,B10,10000000.0,EVAGREEN,JG075A_034,STANDARD,,64.15803,24,L-MMMMx,1.0,B10,0.0,33,0.8020006940562219,0.45551741123199463
1080,JG075A,34,S075_WT,7.0,False,B10,10000000.0,EVAGREEN,JG075A_034,STANDARD,,64.15803,24,L-MMMMx,1.0,B10,0.0,34,0.8139054220482893,0.4288427233695984
1081,JG075A,34,S075_WT,7.0,False,B10,10000000.0,EVAGREEN,JG075A_034,STANDARD,,64.15803,24,L-MMMMx,1.0,B10,0.0,35,0.8225433490294849,0.3950934410095215
1082,JG075A,34,S075_WT,7.0,False,B10,10000000.0,EVAGREEN,JG075A_034,STANDARD,,64.15803,24,L-MMMMx,1.0,B10,0.0,36,0.8274960100437094,0.3533633351325989
1083,JG075A,34,S075_WT,7.0,False,B10,10000000.0,EVAGREEN,JG075A_034,STANDARD,,64.15803,24,L-MMMMx,1.0,B10,0.0,37,0.8329520180138099,0.312723308801651
1084,JG075A,34,S075_WT,7.0,False,B10,10000000.0,EVAGREEN,JG075A_034,STANDARD,,64.15803,24,L-MMMMx,1.0,B10,0.0,38,0.8362558104020166,0.2674224078655243
1085,JG075A,34,S075_WT,7.0,False,B10,10000000.0,EVAGREEN,JG075A_034,STANDARD,,64.15803,24,L-MMMMx,1.0,B10,0.0,39,0.8395734745567238,0.22215154767036438
1086,JG075A,34,S075_WT,7.0,False,B10,10000000.0,EVAGREEN,JG075A_034,STANDARD,,64.15803,24,L-MMMMx,1.0,B10,0.0,40,0.8441289186381399,0.17956122756004333
1087,JG075A,34,S075_WT,7.0,False,B10,10000000.0,EVAGREEN,JG075A_034,STANDARD,,64.15803,24,L-MMMMx,1.0,B10,0.0,41,0.8453697811796267,0.12979285418987274
1088,JG075A,34,S075_WT,7.0,False,B10,10000000.0,EVAGREEN,JG075A_034,STANDARD,,64.15803,24,L-MMMMx,1.0,B10,0.0,42,0.849933592358297,0.08722066134214401
1089,JG075A,34,S075_WT,7.0,False,B10,10000000.0,EVAGREEN,JG075A_034,STANDARD,,64.15803,24,L-MMMMx,1.0,B10,0.0,43,0.8535570959363252,0.04261213168501854
1090,JG075A,34,S075_WT,7.0,False,B10,10000000.0,EVAGREEN,JG075A_034,STANDARD,,64.15803,24,L-MMMMx,1.0,B10,0.0,44,0.8566583164962703,-0.0031274515204131603
1091,JG075A,34,S075_WT,7.0,False,B10,10000000.0,EVAGREEN,JG075A_034,STANDARD,,64.15803,24,L-MMMMx,1.0,B10,0.0,45,0.8572074623002749,-0.054393816739320755
1092,JG075A,34,S075_WT,7.0,False,B10,10000000.0,EVAGREEN,JG075A_034,STANDARD,,64.15803,24,L-MMMMx,1.0,B10,0.0,46,0.8595904336169711,-0.10168884694576263
1093,JG075A,34,S075_WT,7.0,False,B10,10000000.0,EVAGREEN,JG075A_034,STANDARD,,64.15803,24,L-MMMMx,1.0,B10,0.0,47,0.8638006248432631,-0.14502683281898499
1094,JG075A,34,S075_WT,7.0,False,B10,10000000.0,EVAGREEN,JG075A_034,STANDARD,,64.15803,24,L-MMMMx,1.0,B10,0.0,48,0.8664622425172038,-0.1917184293270111
1095,JG075A,34,S075_WT,7.0,False,B10,10000000.0,EVAGREEN,JG075A_034,STANDARD,,64.15803,24,L-MMMMx,1.0,B10,0.0,49,0.8695201963768735,-0.2375517040491104
1096,JG075A,34,S075_WT,7.0,False,B10,10000000.0,EVAGREEN,JG075A_034,STANDARD,,64.15803,24,L-MMMMx,1.0,B10,0.0,50,0.8688508285965311,-0.2914568781852722
1097,JG075A,34,S075_WT,7.0,False,B10,10000000.0,EVAGREEN,JG075A_034,STANDARD,,64.15803,24,L-MMMMx,1.0,B10,0.0,51,0.8708055366458699,-0.3396793603897095
1098,JG075A,34,S075_WT,7.0,False,B10,10000000.0,EVAGREEN,JG075A_034,STANDARD,,64.15803,24,L-MMMMx,1.0,B10,0.0,52,0.8738758209646512,-0.3854859471321106
1099,JG075A,34,S075_WT,7.0,False,B10,10000000.0,EVAGREEN,JG075A_034,STANDARD,,64.15803,24,L-MMMMx,1.0,B10,0.0,53,0.8774682782081306,-0.430161714553833
1100,JG075A,35,S075_WT,7.0,False,B11,10000000.0,EVAGREEN,JG075A_035,STANDARD,,61.496853,25,L-MMMMx,0.5623413251903491,B11,-0.25,3,-0.00808268475600065,0.24782110750675201
1101,JG075A,35,S075_WT,7.0,False,B11,10000000.0,EVAGREEN,JG075A_035,STANDARD,,61.496853,25,L-MMMMx,0.5623413251903491,B11,-0.25,4,-0.006228877293945333,0.19666987657546997
1102,JG075A,35,S075_WT,7.0,False,B11,10000000.0,EVAGREEN,JG075A_035,STANDARD,,61.496853,25,L-MMMMx,0.5623413251903491,B11,-0.25,5,-0.003760418463855165,0.14684975147247314
1103,JG075A,35,S075_WT,7.0,False,B11,10000000.0,EVAGREEN,JG075A_035,STANDARD,,61.496853,25,L-MMMMx,0.5623413251903491,B11,-0.25,6,-0.0016593963059513333,0.09623390436172485
1104,JG075A,35,S075_WT,7.0,False,B11,10000000.0,EVAGREEN,JG075A_035,STANDARD,,61.496853,25,L-MMMMx,0.5623413251903491,B11,-0.25,7,0.0005565082991214699,0.045866839587688446
1105,JG075A,35,S075_WT,7.0,False,B11,10000000.0,EVAGREEN,JG075A_035,STANDARD,,61.496853,25,L-MMMMx,0.5623413251903491,B11,-0.25,8,0.0030559308937217226,-0.003886232851073146
1106,JG075A,35,S075_WT,7.0,False,B11,10000000.0,EVAGREEN,JG075A_035,STANDARD,,61.496853,25,L-MMMMx,0.5623413251903491,B11,-0.25,9,0.006498055620086335,-0.05159778892993927
1107,JG075A,35,S075_WT,7.0,False,B11,10000000.0,EVAGREEN,JG075A_035,STANDARD,,61.496853,25,L-MMMMx,0.5623413251903491,B11,-0.25,10,0.009620882006822954,-0.10000081360340118
1108,JG075A,35,S075_WT,7.0,False,B11,10000000.0,EVAGREEN,JG075A_035,STANDARD,,61.496853,25,L-MMMMx,0.5623413251903491,B11,-0.25,11,0.012936729620678884,-0.14798583090305328
1109,JG075A,35,S075_WT,7.0,False,B11,10000000.0,EVAGREEN,JG075A_035,STANDARD,,61.496853,25,L-MMMMx,0.5623413251903491,B11,-0.25,12,0.01635320258835603,-0.19575294852256775
1110,JG075A,35,S075_WT,7.0,False,B11,10000000.0,EVAGREEN,JG075A_035,STANDARD,,61.496853,25,L-MMMMx,0.5623413251903491,B11,-0.25,13,0.019400945286573976,-0.24431857466697693
1111,JG075A,35,S075_WT,7.0,False,B11,10000000.0,EVAGREEN,JG075A_035,STANDARD,,61.496853,25,L-MMMMx,0.5623413251903491,B11,-0.25,14,0.02399514223948358,-0.28953519463539124
1112,JG075A,35,S075_WT,7.0,False,B11,10000000.0,EVAGREEN,JG075A_035,STANDARD,,61.496853,25,L-MMMMx,0.5623413251903491,B11,-0.25,15,0.029760622714607547,-0.332215279340744
1113,JG075A,35,S075_WT,7.0,False,B11,10000000.0,EVAGREEN,JG075A_035,STANDARD,,61.496853,25,L-MMMMx,0.5623413251903491,B11,-0.25,16,0.038419907812478435,-0.36862853169441223
1114,JG075A,35,S075_WT,7.0,False,B11,10000000.0,EVAGREEN,JG075A_035,STANDARD,,61.496853,25,L-MMMMx,0.5623413251903491,B11,-0.25,17,0.05019676233795578,-0.39829036593437195
1115,JG075A,35,S075_WT,7.0,False,B11,10000000.0,EVAGREEN,JG075A_035,STANDARD,,61.496853,25,L-MMMMx,0.5623413251903491,B11,-0.25,18,0.06867816638861894,-0.4134328365325928
1116,JG075A,35,S075_WT,7.0,False,B11,10000000.0,EVAGREEN,JG075A_035,STANDARD,,61.496853,25,L-MMMMx,0.5623413251903491,B11,-0.25,19,0.09436474210906695,-0.41297173500061035
1117,JG075A,35,S075_WT,7.0,False,B11,10000000.0,EVAGREEN,JG075A_035,STANDARD,,61.496853,25,L-MMMMx,0.5623413251903491,B11,-0.25,20,0.1329683269726192,-0.3845375180244446
1118,JG075A,35,S075_WT,7.0,False,B11,10000000.0,EVAGREEN,JG075A_035,STANDARD,,61.496853,25,L-MMMMx,0.5623413251903491,B11,-0.25,21,0.186883699811505,-0.3229440450668335
1119,JG075A,35,S075_WT,7.0,False,B11,10000000.0,EVAGREEN,JG075A_035,STANDARD,,61.496853,25,L-MMMMx,0.5623413251903491,B11,-0.25,22,0.25627038594048024,-0.22784584760665894
1120,JG075A,35,S075_WT,7.0,False,B11,10000000.0,EVAGREEN,JG075A_035,STANDARD,,61.496853,25,L-MMMMx,0.5623413251903491,B11,-0.25,23,0.3370694624441395,-0.1080329492688179
1121,JG075A,35,S075_WT,7.0,False,B11,10000000.0,EVAGREEN,JG075A_035,STANDARD,,61.496853,25,L-MMMMx,0.5623413251903491,B11,-0.25,24,0.4252875670177999,0.027846623212099075
1122,JG075A,35,S075_WT,7.0,False,B11,10000000.0,EVAGREEN,JG075A_035,STANDARD,,61.496853,25,L-MMMMx,0.5623413251903491,B11,-0.25,25,0.5131873916156429,0.16303692758083344
1123,JG075A,35,S075_WT,7.0,False,B11,10000000.0,EVAGREEN,JG075A_035,STANDARD,,61.496853,25,L-MMMMx,0.5623413251903491,B11,-0.25,26,0.5931609879191364,0.28106215596199036
1124,JG075A,35,S075_WT,7.0,False,B11,10000000.0,EVAGREEN,JG075A_035,STANDARD,,61.496853,25,L-MMMMx,0.5623413251903491,B11,-0.25,27,0.6613265182225263,0.3735158145427704
1125,JG075A,35,S075_WT,7.0,False,B11,10000000.0,EVAGREEN,JG075A_035,STANDARD,,61.496853,25,L-MMMMx,0.5623413251903491,B11,-0.25,28,0.7146656072380235,0.43386128544807434
1126,JG075A,35,S075_WT,7.0,False,B11,10000000.0,EVAGREEN,JG075A_035,STANDARD,,61.496853,25,L-MMMMx,0.5623413251903491,B11,-0.25,29,0.7579782164549619,0.47249338030815125
1127,JG075A,35,S075_WT,7.0,False,B11,10000000.0,EVAGREEN,JG075A_035,STANDARD,,61.496853,25,L-MMMMx,0.5623413251903491,B11,-0.25,30,0.7898106177721026,0.4862639009952545
1128,JG075A,35,S075_WT,7.0,False,B11,10000000.0,EVAGREEN,JG075A_035,STANDARD,,61.496853,25,L-MMMMx,0.5623413251903491,B11,-0.25,31,0.8150652696201447,0.48578962683677673
1129,JG075A,35,S075_WT,7.0,False,B11,10000000.0,EVAGREEN,JG075A_035,STANDARD,,61.496853,25,L-MMMMx,0.5623413251903491,B11,-0.25,32,0.8308288808472093,0.46476152539253235
1130,JG075A,35,S075_WT,7.0,False,B11,10000000.0,EVAGREEN,JG075A_035,STANDARD,,61.496853,25,L-MMMMx,0.5623413251903491,B11,-0.25,33,0.8412494399171063,0.43216249346733093
1131,JG075A,35,S075_WT,7.0,False,B11,10000000.0,EVAGREEN,JG075A_035,STANDARD,,61.496853,25,L-MMMMx,0.5623413251903491,B11,-0.25,34,0.8505807350365578,0.39720451831817627
1132,JG075A,35,S075_WT,7.0,False,B11,10000000.0,EVAGREEN,JG075A_035,STANDARD,,61.496853,25,L-MMMMx,0.5623413251903491,B11,-0.25,35,0.8559928157460733,0.35375910997390747
1133,JG075A,35,S075_WT,7.0,False,B11,10000000.0,EVAGREEN,JG075A_035,STANDARD,,61.496853,25,L-MMMMx,0.5623413251903491,B11,-0.25,36,0.8637889687061342,0.315476655960083
1134,JG075A,35,S075_WT,7.0,False,B11,10000000.0,EVAGREEN,JG075A_035,STANDARD,,61.496853,25,L-MMMMx,0.5623413251903491,B11,-0.25,37,0.8683471651221735,0.2701820731163025
1135,JG075A,35,S075_WT,7.0,False,B11,10000000.0,EVAGREEN,JG075A_035,STANDARD,,61.496853,25,L-MMMMx,0.5623413251903491,B11,-0.25,38,0.8731988705024221,0.22552311420440674
1136,JG075A,35,S075_WT,7.0,False,B11,10000000.0,EVAGREEN,JG075A_035,STANDARD,,61.496853,25,L-MMMMx,0.5623413251903491,B11,-0.25,39,0.8773629326004306,0.17937497794628143
1137,JG075A,35,S075_WT,7.0,False,B11,10000000.0,EVAGREEN,JG075A_035,STANDARD,,61.496853,25,L-MMMMx,0.5623413251903491,B11,-0.25,40,0.8818735686741824,0.13397739827632904
1138,JG075A,35,S075_WT,7.0,False,B11,10000000.0,EVAGREEN,JG075A_035,STANDARD,,61.496853,25,L-MMMMx,0.5623413251903491,B11,-0.25,41,0.8838546991359032,0.08310191333293915
1139,JG075A,35,S075_WT,7.0,False,B11,10000000.0,EVAGREEN,JG075A_035,STANDARD,,61.496853,25,L-MMMMx,0.5623413251903491,B11,-0.25,42,0.8860632825308785,0.032718997448682785
1140,JG075A,35,S075_WT,7.0,False,B11,10000000.0,EVAGREEN,JG075A_035,STANDARD,,61.496853,25,L-MMMMx,0.5623413251903491,B11,-0.25,43,0.8900673789405914,-0.013775549829006195
1141,JG075A,35,S075_WT,7.0,False,B11,10000000.0,EVAGREEN,JG075A_035,STANDARD,,61.496853,25,L-MMMMx,0.5623413251903491,B11,-0.25,44,0.8934876501300485,-0.06153443083167076
1142,JG075A,35,S075_WT,7.0,False,B11,10000000.0,EVAGREEN,JG075A_035,STANDARD,,61.496853,25,L-MMMMx,0.5623413251903491,B11,-0.25,45,0.8949881128731878,-0.11345085501670837
1143,JG075A,35,S075_WT,7.0,False,B11,10000000.0,EVAGREEN,JG075A_035,STANDARD,,61.496853,25,L-MMMMx,0.5623413251903491,B11,-0.25,46,0.8947498707882107,-0.16913262009620667
1144,JG075A,35,S075_WT,7.0,False,B11,10000000.0,EVAGREEN,JG075A_035,STANDARD,,61.496853,25,L-MMMMx,0.5623413251903491,B11,-0.25,47,0.8985388447237808,-0.216093048453331
1145,JG075A,35,S075_WT,7.0,False,B11,10000000.0,EVAGREEN,JG075A_035,STANDARD,,61.496853,25,L-MMMMx,0.5623413251903491,B11,-0.25,48,0.9012398758295244,-0.2654094994068146
1146,JG075A,35,S075_WT,7.0,False,B11,10000000.0,EVAGREEN,JG075A_035,STANDARD,,61.496853,25,L-MMMMx,0.5623413251903491,B11,-0.25,49,0.9062442807346636,-0.30973780155181885
1147,JG075A,36,S075_WT,7.0,False,B12,10000000.0,EVAGREEN,JG075A_036,STANDARD,,61.87158,26,L-MMMMx,0.3162277660168379,B12,-0.5000000000000001,3,-0.008550058698352424,0.2311018705368042
1148,JG075A,36,S075_WT,7.0,False,B12,10000000.0,EVAGREEN,JG075A_036,STANDARD,,61.87158,26,L-MMMMx,0.3162277660168379,B12,-0.5000000000000001,4,-0.006738389479377053,0.18002831935882568
1149,JG075A,36,S075_WT,7.0,False,B12,10000000.0,EVAGREEN,JG075A_036,STANDARD,,61.87158,26,L-MMMMx,0.3162277660168379,B12,-0.5000000000000001,5,-0.004094331700331916,0.1307573914527893
1150,JG075A,36,S075_WT,7.0,False,B12,10000000.0,EVAGREEN,JG075A_036,STANDARD,,61.87158,26,L-MMMMx,0.3162277660168379,B12,-0.5000000000000001,6,-0.0014764899085719851,0.08142967522144318
1151,JG075A,36,S075_WT,7.0,False,B12,10000000.0,EVAGREEN,JG075A_036,STANDARD,,61.87158,26,L-MMMMx,0.3162277660168379,B12,-0.5000000000000001,7,0.0012059629384656558,0.03224189206957817
1152,JG075A,36,S075_WT,7.0,False,B12,10000000.0,EVAGREEN,JG075A_036,STANDARD,,61.87158,26,L-MMMMx,0.3162277660168379,B12,-0.5000000000000001,8,0.003967242649109414,-0.016775183379650116
1153,JG075A,36,S075_WT,7.0,False,B12,10000000.0,EVAGREEN,JG075A_036,STANDARD,,61.87158,26,L-MMMMx,0.3162277660168379,B12,-0.5000000000000001,9,0.006495151907058945,-0.06629765033721924
1154,JG075A,36,S075_WT,7.0,False,B12,10000000.0,EVAGREEN,JG075A_036,STANDARD,,61.87158,26,L-MMMMx,0.3162277660168379,B12,-0.5000000000000001,10,0.009190912291999363,-0.11545661091804504
1155,JG075A,36,S075_WT,7.0,False,B12,10000000.0,EVAGREEN,JG075A_036,STANDARD,,61.87158,26,L-MMMMx,0.3162277660168379,B12,-0.5000000000000001,11,0.012412423636647903,-0.16347701847553253
1156,JG075A,36,S075_WT,7.0,False,B12,10000000.0,EVAGREEN,JG075A_036,STANDARD,,61.87158,26,L-MMMMx,0.3162277660168379,B12,-0.5000000000000001,12,0.016339771195395213,-0.20996885001659393
1157,JG075A,36,S075_WT,7.0,False,B12,10000000.0,EVAGREEN,JG075A_036,STANDARD,,61.87158,26,L-MMMMx,0.3162277660168379,B12,-0.5000000000000001,13,0.02010058874777073,-0.25682133436203003
1158,JG075A,36,S075_WT,7.0,False,B12,10000000.0,EVAGREEN,JG075A_036,STANDARD,,61.87158,26,L-MMMMx,0.3162277660168379,B12,-0.5000000000000001,14,0.0256369648888663,-0.2998286485671997
1159,JG075A,36,S075_WT,7.0,False,B12,10000000.0,EVAGREEN,JG075A_036,STANDARD,,61.87158,26,L-MMMMx,0.3162277660168379,B12,-0.5000000000000001,15,0.03223919637443767,-0.34052774310112
1160,JG075A,36,S075_WT,7.0,False,B12,10000000.0,EVAGREEN,JG075A_036,STANDARD,,61.87158,26,L-MMMMx,0.3162277660168379,B12,-0.5000000000000001,16,0.04160054698797366,-0.3752516806125641
1161,JG075A,36,S075_WT,7.0,False,B12,10000000.0,EVAGREEN,JG075A_036,STANDARD,,61.87158,26,L-MMMMx,0.3162277660168379,B12,-0.5000000000000001,17,0.05623329272676447,-0.3985598683357239
1162,JG075A,36,S075_WT,7.0,False,B12,10000000.0,EVAGREEN,JG075A_036,STANDARD,,61.87158,26,L-MMMMx,0.3162277660168379,B12,-0.5000000000000001,18,0.0780982793463585,-0.4062058925628662
1163,JG075A,36,S075_WT,7.0,False,B12,10000000.0,EVAGREEN,JG075A_036,STANDARD,,61.87158,26,L-MMMMx,0.3162277660168379,B12,-0.5000000000000001,19,0.10991083633086657,-0.3923094570636749
1164,JG075A,36,S075_WT,7.0,False,B12,10000000.0,EVAGREEN,JG075A_036,STANDARD,,61.87158,26,L-MMMMx,0.3162277660168379,B12,-0.5000000000000001,20,0.15493049852775556,-0.3498116433620453
1165,JG075A,36,S075_WT,7.0,False,B12,10000000.0,EVAGREEN,JG075A_036,STANDARD,,61.87158,26,L-MMMMx,0.3162277660168379,B12,-0.5000000000000001,21,0.213873781209462,-0.27716079354286194
1166,JG075A,36,S075_WT,7.0,False,B12,10000000.0,EVAGREEN,JG075A_036,STANDARD,,61.87158,26,L-MMMMx,0.3162277660168379,B12,-0.5000000000000001,22,0.28628266837135263,-0.17534878849983215
1167,JG075A,36,S075_WT,7.0,False,B12,10000000.0,EVAGREEN,JG075A_036,STANDARD,,61.87158,26,L-MMMMx,0.3162277660168379,B12,-0.5000000000000001,23,0.3690791141110091,-0.05104146525263786
1168,JG075A,36,S075_WT,7.0,False,B12,10000000.0,EVAGREEN,JG075A_036,STANDARD,,61.87158,26,L-MMMMx,0.3162277660168379,B12,-0.5000000000000001,24,0.4549853126479423,0.08000035583972931
1169,JG075A,36,S075_WT,7.0,False,B12,10000000.0,EVAGREEN,JG075A_036,STANDARD,,61.87158,26,L-MMMMx,0.3162277660168379,B12,-0.5000000000000001,25,0.5355815420898776,0.19954289495944977
1170,JG075A,36,S075_WT,7.0,False,B12,10000000.0,EVAGREEN,JG075A_036,STANDARD,,61.87158,26,L-MMMMx,0.3162277660168379,B12,-0.5000000000000001,26,0.6083542603655984,0.30214279890060425
1171,JG075A,36,S075_WT,7.0,False,B12,10000000.0,EVAGREEN,JG075A_036,STANDARD,,61.87158,26,L-MMMMx,0.3162277660168379,B12,-0.5000000000000001,27,0.672184203077267,0.3853762149810791
1172,JG075A,36,S075_WT,7.0,False,B12,10000000.0,EVAGREEN,JG075A_036,STANDARD,,61.87158,26,L-MMMMx,0.3162277660168379,B12,-0.5000000000000001,28,0.7224062180853899,0.439140260219574
1173,JG075A,36,S075_WT,7.0,False,B12,10000000.0,EVAGREEN,JG075A_036,STANDARD,,61.87158,26,L-MMMMx,0.3162277660168379,B12,-0.5000000000000001,29,0.7628607479829894,0.4717518091201782
1174,JG075A,36,S075_WT,7.0,False,B12,10000000.0,EVAGREEN,JG075A_036,STANDARD,,61.87158,26,L-MMMMx,0.3162277660168379,B12,-0.5000000000000001,30,0.7929912156625786,0.4820055067539215
1175,JG075A,36,S075_WT,7.0,False,B12,10000000.0,EVAGREEN,JG075A_036,STANDARD,,61.87158,26,L-MMMMx,0.3162277660168379,B12,-0.5000000000000001,31,0.8142695146339086,0.47308894991874695
1176,JG075A,36,S075_WT,7.0,False,B12,10000000.0,EVAGREEN,JG075A_036,STANDARD,,61.87158,26,L-MMMMx,0.3162277660168379,B12,-0.5000000000000001,32,0.8294064743139816,0.4508726894855499
1177,JG075A,36,S075_WT,7.0,False,B12,10000000.0,EVAGREEN,JG075A_036,STANDARD,,61.87158,26,L-MMMMx,0.3162277660168379,B12,-0.5000000000000001,33,0.8420743696503474,0.42330941557884216
1178,JG075A,36,S075_WT,7.0,False,B12,10000000.0,EVAGREEN,JG075A_036,STANDARD,,61.87158,26,L-MMMMx,0.3162277660168379,B12,-0.5000000000000001,34,0.8524298635297538,0.3907383978366852
1179,JG075A,36,S075_WT,7.0,False,B12,10000000.0,EVAGREEN,JG075A_036,STANDARD,,61.87158,26,L-MMMMx,0.3162277660168379,B12,-0.5000000000000001,35,0.8581581324407732,0.3481466472148895
1180,JG075A,36,S075_WT,7.0,False,B12,10000000.0,EVAGREEN,JG075A_036,STANDARD,,61.87158,26,L-MMMMx,0.3162277660168379,B12,-0.5000000000000001,36,0.864143359312207,0.30611133575439453
1181,JG075A,36,S075_WT,7.0,False,B12,10000000.0,EVAGREEN,JG075A_036,STANDARD,,61.87158,26,L-MMMMx,0.3162277660168379,B12,-0.5000000000000001,37,0.8683755692154841,0.26027971506118774
1182,JG075A,36,S075_WT,7.0,False,B12,10000000.0,EVAGREEN,JG075A_036,STANDARD,,61.87158,26,L-MMMMx,0.3162277660168379,B12,-0.5000000000000001,38,0.873481149941369,0.21633946895599365
1183,JG075A,36,S075_WT,7.0,False,B12,10000000.0,EVAGREEN,JG075A_036,STANDARD,,61.87158,26,L-MMMMx,0.3162277660168379,B12,-0.5000000000000001,39,0.8777689570040331,0.17062824964523315
1184,JG075A,36,S075_WT,7.0,False,B12,10000000.0,EVAGREEN,JG075A_036,STANDARD,,61.87158,26,L-MMMMx,0.3162277660168379,B12,-0.5000000000000001,40,0.8817025936473942,0.12415003031492233
1185,JG075A,36,S075_WT,7.0,False,B12,10000000.0,EVAGREEN,JG075A_036,STANDARD,,61.87158,26,L-MMMMx,0.3162277660168379,B12,-0.5000000000000001,41,0.8858389122124019,0.07811073958873749
1186,JG075A,36,S075_WT,7.0,False,B12,10000000.0,EVAGREEN,JG075A_036,STANDARD,,61.87158,26,L-MMMMx,0.3162277660168379,B12,-0.5000000000000001,42,0.8893314046623695,0.030677178874611855
1187,JG075A,36,S075_WT,7.0,False,B12,10000000.0,EVAGREEN,JG075A_036,STANDARD,,61.87158,26,L-MMMMx,0.3162277660168379,B12,-0.5000000000000001,43,0.8914086466491297,-0.019821250811219215
1188,JG075A,36,S075_WT,7.0,False,B12,10000000.0,EVAGREEN,JG075A_036,STANDARD,,61.87158,26,L-MMMMx,0.3162277660168379,B12,-0.5000000000000001,44,0.8928371083185281,-0.07172468304634094
1189,JG075A,36,S075_WT,7.0,False,B12,10000000.0,EVAGREEN,JG075A_036,STANDARD,,61.87158,26,L-MMMMx,0.3162277660168379,B12,-0.5000000000000001,45,0.8968652050861547,-0.11799833923578262
1190,JG075A,36,S075_WT,7.0,False,B12,10000000.0,EVAGREEN,JG075A_036,STANDARD,,61.87158,26,L-MMMMx,0.3162277660168379,B12,-0.5000000000000001,46,0.9005784347728966,-0.16495387256145477
1191,JG075A,36,S075_WT,7.0,False,B12,10000000.0,EVAGREEN,JG075A_036,STANDARD,,61.87158,26,L-MMMMx,0.3162277660168379,B12,-0.5000000000000001,47,0.9046347154470639,-0.21116648614406586
1192,JG075A,36,S075_WT,7.0,False,B12,10000000.0,EVAGREEN,JG075A_036,STANDARD,,61.87158,26,L-MMMMx,0.3162277660168379,B12,-0.5000000000000001,48,0.9045228605679803,-0.2664056420326233
1193,JG075A,36,S075_WT,7.0,False,B12,10000000.0,EVAGREEN,JG075A_036,STANDARD,,61.87158,26,L-MMMMx,0.3162277660168379,B12,-0.5000000000000001,49,0.906286116220935,-0.3175840377807617
1194,JG075A,37,S075_WT,7.0,False,B13,10000000.0,EVAGREEN,JG075A_037,STANDARD,,60.03353,27,L-MMMMx,0.1778279410038923,B13,-0.75,3,-0.009065894372580758,0.17928041517734528
1195,JG075A,37,S075_WT,7.0,False,B13,10000000.0,EVAGREEN,JG075A_037,STANDARD,,60.03353,27,L-MMMMx,0.1778279410038923,B13,-0.75,4,-0.006899518029050975,0.12856890261173248
1196,JG075A,37,S075_WT,7.0,False,B13,10000000.0,EVAGREEN,JG075A_037,STANDARD,,60.03353,27,L-MMMMx,0.1778279410038923,B13,-0.75,5,-0.005523887422743171,0.07614493370056152
1197,JG075A,37,S075_WT,7.0,False,B13,10000000.0,EVAGREEN,JG075A_037,STANDARD,,60.03353,27,L-MMMMx,0.1778279410038923,B13,-0.75,6,-0.0025599670754723044,0.02716057002544403
1198,JG075A,37,S075_WT,7.0,False,B13,10000000.0,EVAGREEN,JG075A_037,STANDARD,,60.03353,27,L-MMMMx,0.1778279410038923,B13,-0.75,7,0.0004333894905928161,-0.021760040894150734
1199,JG075A,37,S075_WT,7.0,False,B13,10000000.0,EVAGREEN,JG075A_037,STANDARD,,60.03353,27,L-MMMMx,0.1778279410038923,B13,-0.75,8,0.004492890396269166,-0.06837181001901627
1200,JG075A,37,S075_WT,7.0,False,B13,10000000.0,EVAGREEN,JG075A_037,STANDARD,,60.03353,27,L-MMMMx,0.1778279410038923,B13,-0.75,9,0.008085939391692488,-0.11599372327327728
1201,JG075A,37,S075_WT,7.0,False,B13,10000000.0,EVAGREEN,JG075A_037,STANDARD,,60.03353,27,L-MMMMx,0.1778279410038923,B13,-0.75,10,0.011037047621292737,-0.16500583291053772
1202,JG075A,37,S075_WT,7.0,False,B13,10000000.0,EVAGREEN,JG075A_037,STANDARD,,60.03353,27,L-MMMMx,0.1778279410038923,B13,-0.75,11,0.014098634562664969,-0.21377868950366974
1203,JG075A,37,S075_WT,7.0,False,B13,10000000.0,EVAGREEN,JG075A_037,STANDARD,,60.03353,27,L-MMMMx,0.1778279410038923,B13,-0.75,12,0.018760649040688217,-0.25908565521240234
1204,JG075A,37,S075_WT,7.0,False,B13,10000000.0,EVAGREEN,JG075A_037,STANDARD,,60.03353,27,L-MMMMx,0.1778279410038923,B13,-0.75,13,0.02522161695172803,-0.30049678683280945
1205,JG075A,37,S075_WT,7.0,False,B13,10000000.0,EVAGREEN,JG075A_037,STANDARD,,60.03353,27,L-MMMMx,0.1778279410038923,B13,-0.75,14,0.03478432836629137,-0.3351907730102539
1206,JG075A,37,S075_WT,7.0,False,B13,10000000.0,EVAGREEN,JG075A_037,STANDARD,,60.03353,27,L-MMMMx,0.1778279410038923,B13,-0.75,15,0.04735726815815955,-0.3633658289909363
1207,JG075A,37,S075_WT,7.0,False,B13,10000000.0,EVAGREEN,JG075A_037,STANDARD,,60.03353,27,L-MMMMx,0.1778279410038923,B13,-0.75,16,0.06663124824856906,-0.37702906131744385
1208,JG075A,37,S075_WT,7.0,False,B13,10000000.0,EVAGREEN,JG075A_037,STANDARD,,60.03353,27,L-MMMMx,0.1778279410038923,B13,-0.75,17,0.09474250691692654,-0.37155425548553467
1209,JG075A,37,S075_WT,7.0,False,B13,10000000.0,EVAGREEN,JG075A_037,STANDARD,,60.03353,27,L-MMMMx,0.1778279410038923,B13,-0.75,18,0.1340835523193972,-0.34176021814346313
1210,JG075A,37,S075_WT,7.0,False,B13,10000000.0,EVAGREEN,JG075A_037,STANDARD,,60.03353,27,L-MMMMx,0.1778279410038923,B13,-0.75,19,0.1885441626471228,-0.27922317385673523
1211,JG075A,37,S075_WT,7.0,False,B13,10000000.0,EVAGREEN,JG075A_037,STANDARD,,60.03353,27,L-MMMMx,0.1778279410038923,B13,-0.75,20,0.2572850960268219,-0.18576063215732574
1212,JG075A,37,S075_WT,7.0,False,B13,10000000.0,EVAGREEN,JG075A_037,STANDARD,,60.03353,27,L-MMMMx,0.1778279410038923,B13,-0.75,21,0.3344949630418571,-0.07395774126052856
1213,JG075A,37,S075_WT,7.0,False,B13,10000000.0,EVAGREEN,JG075A_037,STANDARD,,60.03353,27,L-MMMMx,0.1778279410038923,B13,-0.75,22,0.4154216377786441,0.04589428752660751
1214,JG075A,37,S075_WT,7.0,False,B13,10000000.0,EVAGREEN,JG075A_037,STANDARD,,60.03353,27,L-MMMMx,0.1778279410038923,B13,-0.75,23,0.4969043391559936,0.16695044934749603
1215,JG075A,37,S075_WT,7.0,False,B13,10000000.0,EVAGREEN,JG075A_037,STANDARD,,60.03353,27,L-MMMMx,0.1778279410038923,B13,-0.75,24,0.5712228236027501,0.2724917531013489
1216,JG075A,37,S075_WT,7.0,False,B13,10000000.0,EVAGREEN,JG075A_037,STANDARD,,60.03353,27,L-MMMMx,0.1778279410038923,B13,-0.75,25,0.6351601073647204,0.35555151104927063
1217,JG075A,37,S075_WT,7.0,False,B13,10000000.0,EVAGREEN,JG075A_037,STANDARD,,60.03353,27,L-MMMMx,0.1778279410038923,B13,-0.75,26,0.688104346455185,0.4148046672344208
1218,JG075A,37,S075_WT,7.0,False,B13,10000000.0,EVAGREEN,JG075A_037,STANDARD,,60.03353,27,L-MMMMx,0.1778279410038923,B13,-0.75,27,0.7301542946404215,0.4504651427268982
1219,JG075A,37,S075_WT,7.0,False,B13,10000000.0,EVAGREEN,JG075A_037,STANDARD,,60.03353,27,L-MMMMx,0.1778279410038923,B13,-0.75,28,0.7632242006508088,0.4666784107685089
1220,JG075A,37,S075_WT,7.0,False,B13,10000000.0,EVAGREEN,JG075A_037,STANDARD,,60.03353,27,L-MMMMx,0.1778279410038923,B13,-0.75,29,0.787978147784213,0.46488258242607117
1221,JG075A,37,S075_WT,7.0,False,B13,10000000.0,EVAGREEN,JG075A_037,STANDARD,,60.03353,27,L-MMMMx,0.1778279410038923,B13,-0.75,30,0.8069917157342562,0.45065540075302124
1222,JG075A,37,S075_WT,7.0,False,B13,10000000.0,EVAGREEN,JG075A_037,STANDARD,,60.03353,27,L-MMMMx,0.1778279410038923,B13,-0.75,31,0.821336113136256,0.42631661891937256
1223,JG075A,37,S075_WT,7.0,False,B13,10000000.0,EVAGREEN,JG075A_037,STANDARD,,60.03353,27,L-MMMMx,0.1778279410038923,B13,-0.75,32,0.830399000583261,0.390540212392807
1224,JG075A,37,S075_WT,7.0,False,B13,10000000.0,EVAGREEN,JG075A_037,STANDARD,,60.03353,27,L-MMMMx,0.1778279410038923,B13,-0.75,33,0.8384531023442006,0.35257917642593384
1225,JG075A,37,S075_WT,7.0,False,B13,10000000.0,EVAGREEN,JG075A_037,STANDARD,,60.03353,27,L-MMMMx,0.1778279410038923,B13,-0.75,34,0.8467208953652791,0.3150808811187744
1226,JG075A,37,S075_WT,7.0,False,B13,10000000.0,EVAGREEN,JG075A_037,STANDARD,,60.03353,27,L-MMMMx,0.1778279410038923,B13,-0.75,35,0.8512112742562046,0.26940223574638367
1227,JG075A,37,S075_WT,7.0,False,B13,10000000.0,EVAGREEN,JG075A_037,STANDARD,,60.03353,27,L-MMMMx,0.1778279410038923,B13,-0.75,36,0.8554830076846697,0.22325007617473602
1228,JG075A,37,S075_WT,7.0,False,B13,10000000.0,EVAGREEN,JG075A_037,STANDARD,,60.03353,27,L-MMMMx,0.1778279410038923,B13,-0.75,37,0.859821567797784,0.17724265158176422
1229,JG075A,37,S075_WT,7.0,False,B13,10000000.0,EVAGREEN,JG075A_037,STANDARD,,60.03353,27,L-MMMMx,0.1778279410038923,B13,-0.75,38,0.8644372329607539,0.13183531165122986
1230,JG075A,37,S075_WT,7.0,False,B13,10000000.0,EVAGREEN,JG075A_037,STANDARD,,60.03353,27,L-MMMMx,0.1778279410038923,B13,-0.75,39,0.8658541348247354,0.0795007199048996
1231,JG075A,37,S075_WT,7.0,False,B13,10000000.0,EVAGREEN,JG075A_037,STANDARD,,60.03353,27,L-MMMMx,0.1778279410038923,B13,-0.75,40,0.8679703498697589,0.02868056856095791
1232,JG075A,37,S075_WT,7.0,False,B13,10000000.0,EVAGREEN,JG075A_037,STANDARD,,60.03353,27,L-MMMMx,0.1778279410038923,B13,-0.75,41,0.8712313159312298,-0.019660506397485733
1233,JG075A,37,S075_WT,7.0,False,B13,10000000.0,EVAGREEN,JG075A_037,STANDARD,,60.03353,27,L-MMMMx,0.1778279410038923,B13,-0.75,42,0.8745069244128957,-0.06796987354755402
1234,JG075A,37,S075_WT,7.0,False,B13,10000000.0,EVAGREEN,JG075A_037,STANDARD,,60.03353,27,L-MMMMx,0.1778279410038923,B13,-0.75,43,0.8775794105993755,-0.11671911925077438
1235,JG075A,37,S075_WT,7.0,False,B13,10000000.0,EVAGREEN,JG075A_037,STANDARD,,60.03353,27,L-MMMMx,0.1778279410038923,B13,-0.75,44,0.8795618621817154,-0.16782894730567932
1236,JG075A,37,S075_WT,7.0,False,B13,10000000.0,EVAGREEN,JG075A_037,STANDARD,,60.03353,27,L-MMMMx,0.1778279410038923,B13,-0.75,45,0.8814563491495004,-0.219129279255867
1237,JG075A,37,S075_WT,7.0,False,B13,10000000.0,EVAGREEN,JG075A_037,STANDARD,,60.03353,27,L-MMMMx,0.1778279410038923,B13,-0.75,46,0.8835254442257761,-0.2700514793395996
1238,JG075A,37,S075_WT,7.0,False,B13,10000000.0,EVAGREEN,JG075A_037,STANDARD,,60.03353,27,L-MMMMx,0.1778279410038923,B13,-0.75,47,0.8862066585222332,-0.31964805722236633
1239,JG075A,37,S075_WT,7.0,False,B13,10000000.0,EVAGREEN,JG075A_037,STANDARD,,60.03353,27,L-MMMMx,0.1778279410038923,B13,-0.75,48,0.8903123711262318,-0.3661597669124603
1240,JG075A,38,S075_WT,7.0,False,B14,10000000.0,EVAGREEN,JG075A_038,STANDARD,,58.24507,28,L-MMMMx,0.1,B14,-1.0,3,-0.010585257053535234,0.10392279922962189
1241,JG075A,38,S075_WT,7.0,False,B14,10000000.0,EVAGREEN,JG075A_038,STANDARD,,58.24507,28,L-MMMMx,0.1,B14,-1.0,4,-0.0076001850146857,0.0534060038626194
1242,JG075A,38,S075_WT,7.0,False,B14,10000000.0,EVAGREEN,JG075A_038,STANDARD,,58.24507,28,L-MMMMx,0.1,B14,-1.0,5,-0.0050520598589293645,0.0019429493695497513
1243,JG075A,38,S075_WT,7.0,False,B14,10000000.0,EVAGREEN,JG075A_038,STANDARD,,58.24507,28,L-MMMMx,0.1,B14,-1.0,6,-0.0021472183743437385,-0.04874759912490845
1244,JG075A,38,S075_WT,7.0,False,B14,10000000.0,EVAGREEN,JG075A_038,STANDARD,,58.24507,28,L-MMMMx,0.1,B14,-1.0,7,0.0013303288986204103,-0.09819789230823517
1245,JG075A,38,S075_WT,7.0,False,B14,10000000.0,EVAGREEN,JG075A_038,STANDARD,,58.24507,28,L-MMMMx,0.1,B14,-1.0,8,0.004215972849209783,-0.14893001317977905
1246,JG075A,38,S075_WT,7.0,False,B14,10000000.0,EVAGREEN,JG075A_038,STANDARD,,58.24507,28,L-MMMMx,0.1,B14,-1.0,9,0.00766632705609752,-0.19843919575214386
1247,JG075A,38,S075_WT,7.0,False,B14,10000000.0,EVAGREEN,JG075A_038,STANDARD,,58.24507,28,L-MMMMx,0.1,B14,-1.0,10,0.012172091497566324,-0.24566277861595154
1248,JG075A,38,S075_WT,7.0,False,B14,10000000.0,EVAGREEN,JG075A_038,STANDARD,,58.24507,28,L-MMMMx,0.1,B14,-1.0,11,0.017250437872355612,-0.29164639115333557
1249,JG075A,38,S075_WT,7.0,False,B14,10000000.0,EVAGREEN,JG075A_038,STANDARD,,58.24507,28,L-MMMMx,0.1,B14,-1.0,12,0.02493194233369049,-0.33199256658554077
1250,JG075A,38,S075_WT,7.0,False,B14,10000000.0,EVAGREEN,JG075A_038,STANDARD,,58.24507,28,L-MMMMx,0.1,B14,-1.0,13,0.03490703604483569,-0.3673717677593231
1251,JG075A,38,S075_WT,7.0,False,B14,10000000.0,EVAGREEN,JG075A_038,STANDARD,,58.24507,28,L-MMMMx,0.1,B14,-1.0,14,0.05076031833392158,-0.39002111554145813
1252,JG075A,38,S075_WT,7.0,False,B14,10000000.0,EVAGREEN,JG075A_038,STANDARD,,58.24507,28,L-MMMMx,0.1,B14,-1.0,15,0.07555235777850981,-0.3933126926422119
1253,JG075A,38,S075_WT,7.0,False,B14,10000000.0,EVAGREEN,JG075A_038,STANDARD,,58.24507,28,L-MMMMx,0.1,B14,-1.0,16,0.11228961205747155,-0.37073564529418945
1254,JG075A,38,S075_WT,7.0,False,B14,10000000.0,EVAGREEN,JG075A_038,STANDARD,,58.24507,28,L-MMMMx,0.1,B14,-1.0,17,0.16412537590182136,-0.31546124815940857
1255,JG075A,38,S075_WT,7.0,False,B14,10000000.0,EVAGREEN,JG075A_038,STANDARD,,58.24507,28,L-MMMMx,0.1,B14,-1.0,18,0.23268091202130725,-0.2239784449338913
1256,JG075A,38,S075_WT,7.0,False,B14,10000000.0,EVAGREEN,JG075A_038,STANDARD,,58.24507,28,L-MMMMx,0.1,B14,-1.0,19,0.31419377898612605,-0.10443519800901413
1257,JG075A,38,S075_WT,7.0,False,B14,10000000.0,EVAGREEN,JG075A_038,STANDARD,,58.24507,28,L-MMMMx,0.1,B14,-1.0,20,0.4030781136786586,0.03107171319425106
1258,JG075A,38,S075_WT,7.0,False,B14,10000000.0,EVAGREEN,JG075A_038,STANDARD,,58.24507,28,L-MMMMx,0.1,B14,-1.0,21,0.4897499016143585,0.16178712248802185
1259,JG075A,38,S075_WT,7.0,False,B14,10000000.0,EVAGREEN,JG075A_038,STANDARD,,58.24507,28,L-MMMMx,0.1,B14,-1.0,22,0.5715941496678008,0.2820480167865753
1260,JG075A,38,S075_WT,7.0,False,B14,10000000.0,EVAGREEN,JG075A_038,STANDARD,,58.24507,28,L-MMMMx,0.1,B14,-1.0,23,0.6421048892568577,0.3777649998664856
1261,JG075A,38,S075_WT,7.0,False,B14,10000000.0,EVAGREEN,JG075A_038,STANDARD,,58.24507,28,L-MMMMx,0.1,B14,-1.0,24,0.7020066999944113,0.4505072832107544
1262,JG075A,38,S075_WT,7.0,False,B14,10000000.0,EVAGREEN,JG075A_038,STANDARD,,58.24507,28,L-MMMMx,0.1,B14,-1.0,25,0.7489860794896533,0.4952646791934967
1263,JG075A,38,S075_WT,7.0,False,B14,10000000.0,EVAGREEN,JG075A_038,STANDARD,,58.24507,28,L-MMMMx,0.1,B14,-1.0,26,0.7844827189372443,0.515155017375946
1264,JG075A,38,S075_WT,7.0,False,B14,10000000.0,EVAGREEN,JG075A_038,STANDARD,,58.24507,28,L-MMMMx,0.1,B14,-1.0,27,0.8079036553659797,0.5088942050933838
1265,JG075A,38,S075_WT,7.0,False,B14,10000000.0,EVAGREEN,JG075A_038,STANDARD,,58.24507,28,L-MMMMx,0.1,B14,-1.0,28,0.8276971248548298,0.49477773904800415
1266,JG075A,38,S075_WT,7.0,False,B14,10000000.0,EVAGREEN,JG075A_038,STANDARD,,58.24507,28,L-MMMMx,0.1,B14,-1.0,29,0.8439949091855493,0.4730909764766693
1267,JG075A,38,S075_WT,7.0,False,B14,10000000.0,EVAGREEN,JG075A_038,STANDARD,,58.24507,28,L-MMMMx,0.1,B14,-1.0,30,0.8545524244262928,0.438973069190979
1268,JG075A,38,S075_WT,7.0,False,B14,10000000.0,EVAGREEN,JG075A_038,STANDARD,,58.24507,28,L-MMMMx,0.1,B14,-1.0,31,0.8622023733711736,0.3985585570335388
1269,JG075A,38,S075_WT,7.0,False,B14,10000000.0,EVAGREEN,JG075A_038,STANDARD,,58.24507,28,L-MMMMx,0.1,B14,-1.0,32,0.8688516835404734,0.35597702860832214
1270,JG075A,38,S075_WT,7.0,False,B14,10000000.0,EVAGREEN,JG075A_038,STANDARD,,58.24507,28,L-MMMMx,0.1,B14,-1.0,33,0.8748376810656016,0.31195905804634094
1271,JG075A,38,S075_WT,7.0,False,B14,10000000.0,EVAGREEN,JG075A_038,STANDARD,,58.24507,28,L-MMMMx,0.1,B14,-1.0,34,0.8783055125973461,0.2624877095222473
1272,JG075A,38,S075_WT,7.0,False,B14,10000000.0,EVAGREEN,JG075A_038,STANDARD,,58.24507,28,L-MMMMx,0.1,B14,-1.0,35,0.8818422625880535,0.21316564083099365
1273,JG075A,38,S075_WT,7.0,False,B14,10000000.0,EVAGREEN,JG075A_038,STANDARD,,58.24507,28,L-MMMMx,0.1,B14,-1.0,36,0.8857777708189584,0.16470710933208466
1274,JG075A,38,S075_WT,7.0,False,B14,10000000.0,EVAGREEN,JG075A_038,STANDARD,,58.24507,28,L-MMMMx,0.1,B14,-1.0,37,0.8892562814090407,0.11525889486074448
1275,JG075A,38,S075_WT,7.0,False,B14,10000000.0,EVAGREEN,JG075A_038,STANDARD,,58.24507,28,L-MMMMx,0.1,B14,-1.0,38,0.8912602012014409,0.06261730939149857
1276,JG075A,38,S075_WT,7.0,False,B14,10000000.0,EVAGREEN,JG075A_038,STANDARD,,58.24507,28,L-MMMMx,0.1,B14,-1.0,39,0.894001526486067,0.01157265156507492
1277,JG075A,38,S075_WT,7.0,False,B14,10000000.0,EVAGREEN,JG075A_038,STANDARD,,58.24507,28,L-MMMMx,0.1,B14,-1.0,40,0.8952579121948282,-0.0426877960562706
1278,JG075A,38,S075_WT,7.0,False,B14,10000000.0,EVAGREEN,JG075A_038,STANDARD,,58.24507,28,L-MMMMx,0.1,B14,-1.0,41,0.8982092956578908,-0.09327755123376846
1279,JG075A,38,S075_WT,7.0,False,B14,10000000.0,EVAGREEN,JG075A_038,STANDARD,,58.24507,28,L-MMMMx,0.1,B14,-1.0,42,0.9002036373258026,-0.1459398865699768
1280,JG075A,38,S075_WT,7.0,False,B14,10000000.0,EVAGREEN,JG075A_038,STANDARD,,58.24507,28,L-MMMMx,0.1,B14,-1.0,43,0.9040887227864118,-0.19450761377811432
1281,JG075A,38,S075_WT,7.0,False,B14,10000000.0,EVAGREEN,JG075A_038,STANDARD,,58.24507,28,L-MMMMx,0.1,B14,-1.0,44,0.9054834958800234,-0.24846836924552917
1282,JG075A,38,S075_WT,7.0,False,B14,10000000.0,EVAGREEN,JG075A_038,STANDARD,,58.24507,28,L-MMMMx,0.1,B14,-1.0,45,0.9060227332793849,-0.3042818605899811
1674,JG075A,56,S075_WT,6.0,False,C8,1000000.0,EVAGREEN,JG075A_056,STANDARD,,24.23313,37,L-MMMMx,3.1622776601683795,C8,0.5,3,-0.006246189478724749,0.0009224819368682802
1675,JG075A,56,S075_WT,6.0,False,C8,1000000.0,EVAGREEN,JG075A_056,STANDARD,,24.23313,37,L-MMMMx,3.1622776601683795,C8,0.5,4,-0.004219150075490346,0.0010766630293801427
1676,JG075A,56,S075_WT,6.0,False,C8,1000000.0,EVAGREEN,JG075A_056,STANDARD,,24.23313,37,L-MMMMx,3.1622776601683795,C8,0.5,5,-0.0028265788495772477,-0.00014316203305497766
1677,JG075A,56,S075_WT,6.0,False,C8,1000000.0,EVAGREEN,JG075A_056,STANDARD,,24.23313,37,L-MMMMx,3.1622776601683795,C8,0.5,6,-0.0001372726893280413,0.001445226138457656
1678,JG075A,56,S075_WT,6.0,False,C8,1000000.0,EVAGREEN,JG075A_056,STANDARD,,24.23313,37,L-MMMMx,3.1622776601683795,C8,0.5,7,0.0010673691285185175,-0.000181579525815323
1679,JG075A,56,S075_WT,6.0,False,C8,1000000.0,EVAGREEN,JG075A_056,STANDARD,,24.23313,37,L-MMMMx,3.1622776601683795,C8,0.5,8,0.0023344338956174065,-0.001673201797530055
1680,JG075A,56,S075_WT,6.0,False,C8,1000000.0,EVAGREEN,JG075A_056,STANDARD,,24.23313,37,L-MMMMx,3.1622776601683795,C8,0.5,9,0.004458135290815736,-0.0013096891343593597
1681,JG075A,56,S075_WT,6.0,False,C8,1000000.0,EVAGREEN,JG075A_056,STANDARD,,24.23313,37,L-MMMMx,3.1622776601683795,C8,0.5,10,0.005569252778168724,-0.0031390313524752855
1682,JG075A,56,S075_WT,6.0,False,C8,1000000.0,EVAGREEN,JG075A_056,STANDARD,,24.23313,37,L-MMMMx,3.1622776601683795,C8,0.5,11,0.0093831628654242,0.0008848025463521481
1683,JG075A,56,S075_WT,6.0,False,C8,1000000.0,EVAGREEN,JG075A_056,STANDARD,,24.23313,37,L-MMMMx,3.1622776601683795,C8,0.5,12,0.011397651622777182,0.0010118039790540934
1684,JG075A,56,S075_WT,6.0,False,C8,1000000.0,EVAGREEN,JG075A_056,STANDARD,,24.23313,37,L-MMMMx,3.1622776601683795,C8,0.5,13,0.012515760040072892,-0.0008023986010812223
1685,JG075A,56,S075_WT,6.0,False,C8,1000000.0,EVAGREEN,JG075A_056,STANDARD,,24.23313,37,L-MMMMx,3.1622776601683795,C8,0.5,14,0.0143512920002307,-0.0010629466269165277
1686,JG075A,56,S075_WT,6.0,False,C8,1000000.0,EVAGREEN,JG075A_056,STANDARD,,24.23313,37,L-MMMMx,3.1622776601683795,C8,0.5,15,0.017692240905849473,0.0019366410560905933
1687,JG075A,56,S075_WT,6.0,False,C8,1000000.0,EVAGREEN,JG075A_056,STANDARD,,24.23313,37,L-MMMMx,3.1622776601683795,C8,0.5,16,0.01943815685067854,0.0014820204814895988
1688,JG075A,56,S075_WT,6.0,False,C8,1000000.0,EVAGREEN,JG075A_056,STANDARD,,24.23313,37,L-MMMMx,3.1622776601683795,C8,0.5,17,0.020960803410880222,0.0005438868538476527
1689,JG075A,56,S075_WT,6.0,False,C8,1000000.0,EVAGREEN,JG075A_056,STANDARD,,24.23313,37,L-MMMMx,3.1622776601683795,C8,0.5,18,0.021829275077859076,-0.001810929854400456
1690,JG075A,56,S075_WT,6.0,False,C8,1000000.0,EVAGREEN,JG075A_056,STANDARD,,24.23313,37,L-MMMMx,3.1622776601683795,C8,0.5,19,0.024416799903745352,-0.0004429597465787083
1691,JG075A,56,S075_WT,6.0,False,C8,1000000.0,EVAGREEN,JG075A_056,STANDARD,,24.23313,37,L-MMMMx,3.1622776601683795,C8,0.5,20,0.027160106869300146,0.0012623727088794112
1692,JG075A,56,S075_WT,6.0,False,C8,1000000.0,EVAGREEN,JG075A_056,STANDARD,,24.23313,37,L-MMMMx,3.1622776601683795,C8,0.5,21,0.03077375708937751,0.004852523095905781
1693,JG075A,56,S075_WT,6.0,False,C8,1000000.0,EVAGREEN,JG075A_056,STANDARD,,24.23313,37,L-MMMMx,3.1622776601683795,C8,0.5,22,0.03665934944745437,0.01336279883980751
1694,JG075A,56,S075_WT,6.0,False,C8,1000000.0,EVAGREEN,JG075A_056,STANDARD,,24.23313,37,L-MMMMx,3.1622776601683795,C8,0.5,23,0.04534494686432228,0.027936773374676704
1695,JG075A,56,S075_WT,6.0,False,C8,1000000.0,EVAGREEN,JG075A_056,STANDARD,,24.23313,37,L-MMMMx,3.1622776601683795,C8,0.5,24,0.06009718521077578,0.05564868450164795
1696,JG075A,56,S075_WT,6.0,False,C8,1000000.0,EVAGREEN,JG075A_056,STANDARD,,24.23313,37,L-MMMMx,3.1622776601683795,C8,0.5,25,0.08171110386604893,0.09822027385234833
1697,JG075A,56,S075_WT,6.0,False,C8,1000000.0,EVAGREEN,JG075A_056,STANDARD,,24.23313,37,L-MMMMx,3.1622776601683795,C8,0.5,26,0.11671870849780425,0.16979727149009705
1698,JG075A,56,S075_WT,6.0,False,C8,1000000.0,EVAGREEN,JG075A_056,STANDARD,,24.23313,37,L-MMMMx,3.1622776601683795,C8,0.5,27,0.16997131915944305,0.2808856964111328
1699,JG075A,56,S075_WT,6.0,False,C8,1000000.0,EVAGREEN,JG075A_056,STANDARD,,24.23313,37,L-MMMMx,3.1622776601683795,C8,0.5,28,0.24280387318987037,0.4343765377998352
1700,JG075A,56,S075_WT,6.0,False,C8,1000000.0,EVAGREEN,JG075A_056,STANDARD,,24.23313,37,L-MMMMx,3.1622776601683795,C8,0.5,29,0.32820441280984425,0.6150846481323242
1701,JG075A,56,S075_WT,6.0,False,C8,1000000.0,EVAGREEN,JG075A_056,STANDARD,,24.23313,37,L-MMMMx,3.1622776601683795,C8,0.5,30,0.4141467219770328,0.7969659566879272
1702,JG075A,56,S075_WT,6.0,False,C8,1000000.0,EVAGREEN,JG075A_056,STANDARD,,24.23313,37,L-MMMMx,3.1622776601683795,C8,0.5,31,0.4918213482165278,0.960942804813385
1703,JG075A,56,S075_WT,6.0,False,C8,1000000.0,EVAGREEN,JG075A_056,STANDARD,,24.23313,37,L-MMMMx,3.1622776601683795,C8,0.5,32,0.5574304000285802,1.0987904071807861
1704,JG075A,56,S075_WT,6.0,False,C8,1000000.0,EVAGREEN,JG075A_056,STANDARD,,24.23313,37,L-MMMMx,3.1622776601683795,C8,0.5,33,0.6065717934169743,1.2009755373001099
1705,JG075A,56,S075_WT,6.0,False,C8,1000000.0,EVAGREEN,JG075A_056,STANDARD,,24.23313,37,L-MMMMx,3.1622776601683795,C8,0.5,34,0.6406208149461898,1.2704766988754272
1706,JG075A,56,S075_WT,6.0,False,C8,1000000.0,EVAGREEN,JG075A_056,STANDARD,,24.23313,37,L-MMMMx,3.1622776601683795,C8,0.5,35,0.6646353749064395,1.3182470798492432
1707,JG075A,56,S075_WT,6.0,False,C8,1000000.0,EVAGREEN,JG075A_056,STANDARD,,24.23313,37,L-MMMMx,3.1622776601683795,C8,0.5,36,0.6824243741359648,1.352535367012024
1708,JG075A,56,S075_WT,6.0,False,C8,1000000.0,EVAGREEN,JG075A_056,STANDARD,,24.23313,37,L-MMMMx,3.1622776601683795,C8,0.5,37,0.6935892745813379,1.3724786043167114
1709,JG075A,56,S075_WT,6.0,False,C8,1000000.0,EVAGREEN,JG075A_056,STANDARD,,24.23313,37,L-MMMMx,3.1622776601683795,C8,0.5,38,0.7046330723032939,1.3921594619750977
1710,JG075A,56,S075_WT,6.0,False,C8,1000000.0,EVAGREEN,JG075A_056,STANDARD,,24.23313,37,L-MMMMx,3.1622776601683795,C8,0.5,39,0.713787887726711,1.4077495336532593
1711,JG075A,56,S075_WT,6.0,False,C8,1000000.0,EVAGREEN,JG075A_056,STANDARD,,24.23313,37,L-MMMMx,3.1622776601683795,C8,0.5,40,0.7191006642030244,1.4150193929672241
1712,JG075A,56,S075_WT,6.0,False,C8,1000000.0,EVAGREEN,JG075A_056,STANDARD,,24.23313,37,L-MMMMx,3.1622776601683795,C8,0.5,41,0.7222001232688108,1.4174959659576416
1713,JG075A,56,S075_WT,6.0,False,C8,1000000.0,EVAGREEN,JG075A_056,STANDARD,,24.23313,37,L-MMMMx,3.1622776601683795,C8,0.5,42,0.7230089793678529,1.4150121212005615
1714,JG075A,56,S075_WT,6.0,False,C8,1000000.0,EVAGREEN,JG075A_056,STANDARD,,24.23313,37,L-MMMMx,3.1622776601683795,C8,0.5,43,0.7227677647614827,1.4102541208267212
1715,JG075A,56,S075_WT,6.0,False,C8,1000000.0,EVAGREEN,JG075A_056,STANDARD,,24.23313,37,L-MMMMx,3.1622776601683795,C8,0.5,44,0.7284091699917965,1.4182355403900146
1716,JG075A,56,S075_WT,6.0,False,C8,1000000.0,EVAGREEN,JG075A_056,STANDARD,,24.23313,37,L-MMMMx,3.1622776601683795,C8,0.5,45,0.7317094393916856,1.421147108078003
1717,JG075A,56,S075_WT,6.0,False,C8,1000000.0,EVAGREEN,JG075A_056,STANDARD,,24.23313,37,L-MMMMx,3.1622776601683795,C8,0.5,46,0.7362725900100464,1.4267934560775757
1718,JG075A,56,S075_WT,6.0,False,C8,1000000.0,EVAGREEN,JG075A_056,STANDARD,,24.23313,37,L-MMMMx,3.1622776601683795,C8,0.5,47,0.7376100044501123,1.4254541397094727
1719,JG075A,56,S075_WT,6.0,False,C8,1000000.0,EVAGREEN,JG075A_056,STANDARD,,24.23313,37,L-MMMMx,3.1622776601683795,C8,0.5,48,0.7393290025623273,1.4249413013458252
1720,JG075A,56,S075_WT,6.0,False,C8,1000000.0,EVAGREEN,JG075A_056,STANDARD,,24.23313,37,L-MMMMx,3.1622776601683795,C8,0.5,49,0.7392310194497442,1.420493483543396
1721,JG075A,56,S075_WT,6.0,False,C8,1000000.0,EVAGREEN,JG075A_056,STANDARD,,24.23313,37,L-MMMMx,3.1622776601683795,C8,0.5,50,0.7436660213680526,1.425862431526184
1722,JG075A,56,S075_WT,6.0,False,C8,1000000.0,EVAGREEN,JG075A_056,STANDARD,,24.23313,37,L-MMMMx,3.1622776601683795,C8,0.5,51,0.7451189237689044,1.4247732162475586
1723,JG075A,56,S075_WT,6.0,False,C8,1000000.0,EVAGREEN,JG075A_056,STANDARD,,24.23313,37,L-MMMMx,3.1622776601683795,C8,0.5,52,0.7486768116895175,1.428242564201355
1724,JG075A,56,S075_WT,6.0,False,C8,1000000.0,EVAGREEN,JG075A_056,STANDARD,,24.23313,37,L-MMMMx,3.1622776601683795,C8,0.5,53,0.752068568692279,1.4313522577285767
1725,JG075A,56,S075_WT,6.0,False,C8,1000000.0,EVAGREEN,JG075A_056,STANDARD,,24.23313,37,L-MMMMx,3.1622776601683795,C8,0.5,54,0.7510525168428085,1.4249162673950195
1726,JG075A,56,S075_WT,6.0,False,C8,1000000.0,EVAGREEN,JG075A_056,STANDARD,,24.23313,37,L-MMMMx,3.1622776601683795,C8,0.5,55,0.7522195067230109,1.4232078790664673
1727,JG075A,56,S075_WT,6.0,False,C8,1000000.0,EVAGREEN,JG075A_056,STANDARD,,24.23313,37,L-MMMMx,3.1622776601683795,C8,0.5,56,0.7564986164082658,1.4282392263412476
1728,JG075A,56,S075_WT,6.0,False,C8,1000000.0,EVAGREEN,JG075A_056,STANDARD,,24.23313,37,L-MMMMx,3.1622776601683795,C8,0.5,57,0.7595561298943958,1.4306249618530273
1729,JG075A,57,S075_WT,6.0,False,C9,1000000.0,EVAGREEN,JG075A_057,STANDARD,,23.819363,38,L-MMMMx,1.7782794100389228,C9,0.25,3,-0.006987338146038132,0.0007387915393337607
1730,JG075A,57,S075_WT,6.0,False,C9,1000000.0,EVAGREEN,JG075A_057,STANDARD,,23.819363,38,L-MMMMx,1.7782794100389228,C9,0.25,4,-0.005078594084905367,0.00032624031882733107
1731,JG075A,57,S075_WT,6.0,False,C9,1000000.0,EVAGREEN,JG075A_057,STANDARD,,23.819363,38,L-MMMMx,1.7782794100389228,C9,0.25,5,-0.004106689682789719,-0.0021151339169591665
1732,JG075A,57,S075_WT,6.0,False,C9,1000000.0,EVAGREEN,JG075A_057,STANDARD,,23.819363,38,L-MMMMx,1.7782794100389228,C9,0.25,6,-0.0020110070540547372,-0.002122850390151143
1733,JG075A,57,S075_WT,6.0,False,C9,1000000.0,EVAGREEN,JG075A_057,STANDARD,,23.819363,38,L-MMMMx,1.7782794100389228,C9,0.25,7,0.0009126879226992509,-0.00033742067171260715
1734,JG075A,57,S075_WT,6.0,False,C9,1000000.0,EVAGREEN,JG075A_057,STANDARD,,23.819363,38,L-MMMMx,1.7782794100389228,C9,0.25,8,0.003646471810458054,0.0010367368813604116
1735,JG075A,57,S075_WT,6.0,False,C9,1000000.0,EVAGREEN,JG075A_057,STANDARD,,23.819363,38,L-MMMMx,1.7782794100389228,C9,0.25,9,0.005587638373451156,0.0006943999323993921
1736,JG075A,57,S075_WT,6.0,False,C9,1000000.0,EVAGREEN,JG075A_057,STANDARD,,23.819363,38,L-MMMMx,1.7782794100389228,C9,0.25,10,0.008036830861179494,0.0014522455167025328
1737,JG075A,57,S075_WT,6.0,False,C9,1000000.0,EVAGREEN,JG075A_057,STANDARD,,23.819363,38,L-MMMMx,1.7782794100389228,C9,0.25,11,0.009993575638139447,0.0011436447966843843
1738,JG075A,57,S075_WT,6.0,False,C9,1000000.0,EVAGREEN,JG075A_057,STANDARD,,23.819363,38,L-MMMMx,1.7782794100389228,C9,0.25,12,0.012094212469196043,0.0011466570431366563
1739,JG075A,57,S075_WT,6.0,False,C9,1000000.0,EVAGREEN,JG075A_057,STANDARD,,23.819363,38,L-MMMMx,1.7782794100389228,C9,0.25,13,0.015081651515821458,0.003070131177082658
1740,JG075A,57,S075_WT,6.0,False,C9,1000000.0,EVAGREEN,JG075A_057,STANDARD,,23.819363,38,L-MMMMx,1.7782794100389228,C9,0.25,14,0.01595804990651489,0.00042192882392555475
1741,JG075A,57,S075_WT,6.0,False,C9,1000000.0,EVAGREEN,JG075A_057,STANDARD,,23.819363,38,L-MMMMx,1.7782794100389228,C9,0.25,15,0.016297577905622803,-0.003388921730220318
1742,JG075A,57,S075_WT,6.0,False,C9,1000000.0,EVAGREEN,JG075A_057,STANDARD,,23.819363,38,L-MMMMx,1.7782794100389228,C9,0.25,16,0.01902701310467708,-0.00202418165281415
1743,JG075A,57,S075_WT,6.0,False,C9,1000000.0,EVAGREEN,JG075A_057,STANDARD,,23.819363,38,L-MMMMx,1.7782794100389228,C9,0.25,17,0.02179855902346507,-0.0005682464106939733
1744,JG075A,57,S075_WT,6.0,False,C9,1000000.0,EVAGREEN,JG075A_057,STANDARD,,23.819363,38,L-MMMMx,1.7782794100389228,C9,0.25,18,0.02351926358314637,-0.0013880166225135326
1745,JG075A,57,S075_WT,6.0,False,C9,1000000.0,EVAGREEN,JG075A_057,STANDARD,,23.819363,38,L-MMMMx,1.7782794100389228,C9,0.25,19,0.02602207154933306,-0.0005140611901879311
1746,JG075A,57,S075_WT,6.0,False,C9,1000000.0,EVAGREEN,JG075A_057,STANDARD,,23.819363,38,L-MMMMx,1.7782794100389228,C9,0.25,20,0.029479884583049447,0.0024280562065541744
1747,JG075A,57,S075_WT,6.0,False,C9,1000000.0,EVAGREEN,JG075A_057,STANDARD,,23.819363,38,L-MMMMx,1.7782794100389228,C9,0.25,21,0.03440001300202876,0.008536968380212784
1748,JG075A,57,S075_WT,6.0,False,C9,1000000.0,EVAGREEN,JG075A_057,STANDARD,,23.819363,38,L-MMMMx,1.7782794100389228,C9,0.25,22,0.040640436339718075,0.017505114898085594
1749,JG075A,57,S075_WT,6.0,False,C9,1000000.0,EVAGREEN,JG075A_057,STANDARD,,23.819363,38,L-MMMMx,1.7782794100389228,C9,0.25,23,0.05047216094034503,0.034250594675540924
1750,JG075A,57,S075_WT,6.0,False,C9,1000000.0,EVAGREEN,JG075A_057,STANDARD,,23.819363,38,L-MMMMx,1.7782794100389228,C9,0.25,24,0.06911856745166416,0.07008517533540726
1751,JG075A,57,S075_WT,6.0,False,C9,1000000.0,EVAGREEN,JG075A_057,STANDARD,,23.819363,38,L-MMMMx,1.7782794100389228,C9,0.25,25,0.09972876705606284,0.13182859122753143
1752,JG075A,57,S075_WT,6.0,False,C9,1000000.0,EVAGREEN,JG075A_057,STANDARD,,23.819363,38,L-MMMMx,1.7782794100389228,C9,0.25,26,0.14628423197265203,0.22810311615467072
1753,JG075A,57,S075_WT,6.0,False,C9,1000000.0,EVAGREEN,JG075A_057,STANDARD,,23.819363,38,L-MMMMx,1.7782794100389228,C9,0.25,27,0.21100433474812966,0.3637150526046753
1754,JG075A,57,S075_WT,6.0,False,C9,1000000.0,EVAGREEN,JG075A_057,STANDARD,,23.819363,38,L-MMMMx,1.7782794100389228,C9,0.25,28,0.29545322714881406,0.5420516729354858
1755,JG075A,57,S075_WT,6.0,False,C9,1000000.0,EVAGREEN,JG075A_057,STANDARD,,23.819363,38,L-MMMMx,1.7782794100389228,C9,0.25,29,0.38946472087067685,0.7410971522331238
1756,JG075A,57,S075_WT,6.0,False,C9,1000000.0,EVAGREEN,JG075A_057,STANDARD,,23.819363,38,L-MMMMx,1.7782794100389228,C9,0.25,30,0.4827243318201961,0.9385142922401428
1757,JG075A,57,S075_WT,6.0,False,C9,1000000.0,EVAGREEN,JG075A_057,STANDARD,,23.819363,38,L-MMMMx,1.7782794100389228,C9,0.25,31,0.5645121570138645,1.1110881567001343
1758,JG075A,57,S075_WT,6.0,False,C9,1000000.0,EVAGREEN,JG075A_057,STANDARD,,23.819363,38,L-MMMMx,1.7782794100389228,C9,0.25,32,0.6302307517439171,1.248862385749817
1759,JG075A,57,S075_WT,6.0,False,C9,1000000.0,EVAGREEN,JG075A_057,STANDARD,,23.819363,38,L-MMMMx,1.7782794100389228,C9,0.25,33,0.6800903943755602,1.352292537689209
1760,JG075A,57,S075_WT,6.0,False,C9,1000000.0,EVAGREEN,JG075A_057,STANDARD,,23.819363,38,L-MMMMx,1.7782794100389228,C9,0.25,34,0.7163201456733651,1.4262056350708008
1761,JG075A,57,S075_WT,6.0,False,C9,1000000.0,EVAGREEN,JG075A_057,STANDARD,,23.819363,38,L-MMMMx,1.7782794100389228,C9,0.25,35,0.7385787161440651,1.469862699508667
1762,JG075A,57,S075_WT,6.0,False,C9,1000000.0,EVAGREEN,JG075A_057,STANDARD,,23.819363,38,L-MMMMx,1.7782794100389228,C9,0.25,36,0.7548733077666218,1.5006041526794434
1763,JG075A,57,S075_WT,6.0,False,C9,1000000.0,EVAGREEN,JG075A_057,STANDARD,,23.819363,38,L-MMMMx,1.7782794100389228,C9,0.25,37,0.7681884421129601,1.5248934030532837
1764,JG075A,57,S075_WT,6.0,False,C9,1000000.0,EVAGREEN,JG075A_057,STANDARD,,23.819363,38,L-MMMMx,1.7782794100389228,C9,0.25,38,0.7770455650235408,1.539528250694275
1765,JG075A,57,S075_WT,6.0,False,C9,1000000.0,EVAGREEN,JG075A_057,STANDARD,,23.819363,38,L-MMMMx,1.7782794100389228,C9,0.25,39,0.7835148725084886,1.5489920377731323
1766,JG075A,57,S075_WT,6.0,False,C9,1000000.0,EVAGREEN,JG075A_057,STANDARD,,23.819363,38,L-MMMMx,1.7782794100389228,C9,0.25,40,0.7911651517335242,1.5610133409500122
1767,JG075A,57,S075_WT,6.0,False,C9,1000000.0,EVAGREEN,JG075A_057,STANDARD,,23.819363,38,L-MMMMx,1.7782794100389228,C9,0.25,41,0.793375936996198,1.5612549781799316
1768,JG075A,57,S075_WT,6.0,False,C9,1000000.0,EVAGREEN,JG075A_057,STANDARD,,23.819363,38,L-MMMMx,1.7782794100389228,C9,0.25,42,0.7963511006304044,1.5631518363952637
1769,JG075A,57,S075_WT,6.0,False,C9,1000000.0,EVAGREEN,JG075A_057,STANDARD,,23.819363,38,L-MMMMx,1.7782794100389228,C9,0.25,43,0.8024648064820453,1.571845531463623
1770,JG075A,57,S075_WT,6.0,False,C9,1000000.0,EVAGREEN,JG075A_057,STANDARD,,23.819363,38,L-MMMMx,1.7782794100389228,C9,0.25,44,0.8040914362443083,1.57082200050354
1771,JG075A,57,S075_WT,6.0,False,C9,1000000.0,EVAGREEN,JG075A_057,STANDARD,,23.819363,38,L-MMMMx,1.7782794100389228,C9,0.25,45,0.8101810316446508,1.5794636011123657
1772,JG075A,57,S075_WT,6.0,False,C9,1000000.0,EVAGREEN,JG075A_057,STANDARD,,23.819363,38,L-MMMMx,1.7782794100389228,C9,0.25,46,0.8108387295261912,1.5763417482376099
1773,JG075A,57,S075_WT,6.0,False,C9,1000000.0,EVAGREEN,JG075A_057,STANDARD,,23.819363,38,L-MMMMx,1.7782794100389228,C9,0.25,47,0.8098464578478645,1.5696467161178589
1774,JG075A,57,S075_WT,6.0,False,C9,1000000.0,EVAGREEN,JG075A_057,STANDARD,,23.819363,38,L-MMMMx,1.7782794100389228,C9,0.25,48,0.8100906449756275,1.565629482269287
1775,JG075A,57,S075_WT,6.0,False,C9,1000000.0,EVAGREEN,JG075A_057,STANDARD,,23.819363,38,L-MMMMx,1.7782794100389228,C9,0.25,49,0.8136959831451431,1.5688910484313965
1776,JG075A,57,S075_WT,6.0,False,C9,1000000.0,EVAGREEN,JG075A_057,STANDARD,,23.819363,38,L-MMMMx,1.7782794100389228,C9,0.25,50,0.8148114493212006,1.566760540008545
1777,JG075A,57,S075_WT,6.0,False,C9,1000000.0,EVAGREEN,JG075A_057,STANDARD,,23.819363,38,L-MMMMx,1.7782794100389228,C9,0.25,51,0.8168978290589095,1.56673264503479
1778,JG075A,57,S075_WT,6.0,False,C9,1000000.0,EVAGREEN,JG075A_057,STANDARD,,23.819363,38,L-MMMMx,1.7782794100389228,C9,0.25,52,0.8202841914858098,1.569520115852356
1779,JG075A,57,S075_WT,6.0,False,C9,1000000.0,EVAGREEN,JG075A_057,STANDARD,,23.819363,38,L-MMMMx,1.7782794100389228,C9,0.25,53,0.8227296958451431,1.5702699422836304
1780,JG075A,57,S075_WT,6.0,False,C9,1000000.0,EVAGREEN,JG075A_057,STANDARD,,23.819363,38,L-MMMMx,1.7782794100389228,C9,0.25,54,0.8237750325350035,1.5679875612258911
1781,JG075A,57,S075_WT,6.0,False,C9,1000000.0,EVAGREEN,JG075A_057,STANDARD,,23.819363,38,L-MMMMx,1.7782794100389228,C9,0.25,55,0.8269477037017648,1.5703121423721313
1782,JG075A,57,S075_WT,6.0,False,C9,1000000.0,EVAGREEN,JG075A_057,STANDARD,,23.819363,38,L-MMMMx,1.7782794100389228,C9,0.25,56,0.8321133954158187,1.5769529342651367
1783,JG075A,57,S075_WT,6.0,False,C9,1000000.0,EVAGREEN,JG075A_057,STANDARD,,23.819363,38,L-MMMMx,1.7782794100389228,C9,0.25,57,0.8380707686608666,1.5853080749511719
1784,JG075A,58,S075_WT,6.0,False,C10,1000000.0,EVAGREEN,JG075A_058,STANDARD,,67.32423,39,L-MMMMx,1.0,C10,0.0,3,-0.006712266383385378,0.33124029636383057
1785,JG075A,58,S075_WT,6.0,False,C10,1000000.0,EVAGREEN,JG075A_058,STANDARD,,67.32423,39,L-MMMMx,1.0,C10,0.0,4,-0.005141233780509268,0.28639909625053406
1786,JG075A,58,S075_WT,6.0,False,C10,1000000.0,EVAGREEN,JG075A_058,STANDARD,,67.32423,39,L-MMMMx,1.0,C10,0.0,5,-0.0031898010093719333,0.24238167703151703
1787,JG075A,58,S075_WT,6.0,False,C10,1000000.0,EVAGREEN,JG075A_058,STANDARD,,67.32423,39,L-MMMMx,1.0,C10,0.0,6,-0.0008686196049648428,0.1991649866104126
1788,JG075A,58,S075_WT,6.0,False,C10,1000000.0,EVAGREEN,JG075A_058,STANDARD,,67.32423,39,L-MMMMx,1.0,C10,0.0,7,0.001110914502674533,0.15520843863487244
1789,JG075A,58,S075_WT,6.0,False,C10,1000000.0,EVAGREEN,JG075A_058,STANDARD,,67.32423,39,L-MMMMx,1.0,C10,0.0,8,0.0029025742489398316,0.11084501445293427
1790,JG075A,58,S075_WT,6.0,False,C10,1000000.0,EVAGREEN,JG075A_058,STANDARD,,67.32423,39,L-MMMMx,1.0,C10,0.0,9,0.004787097765389153,0.06668270379304886
1791,JG075A,58,S075_WT,6.0,False,C10,1000000.0,EVAGREEN,JG075A_058,STANDARD,,67.32423,39,L-MMMMx,1.0,C10,0.0,10,0.007111334261227905,0.02347264066338539
1792,JG075A,58,S075_WT,6.0,False,C10,1000000.0,EVAGREEN,JG075A_058,STANDARD,,67.32423,39,L-MMMMx,1.0,C10,0.0,11,0.009814236954515318,-0.01891738548874855
1793,JG075A,58,S075_WT,6.0,False,C10,1000000.0,EVAGREEN,JG075A_058,STANDARD,,67.32423,39,L-MMMMx,1.0,C10,0.0,12,0.01258768198419326,-0.061154644936323166
1794,JG075A,58,S075_WT,6.0,False,C10,1000000.0,EVAGREEN,JG075A_058,STANDARD,,67.32423,39,L-MMMMx,1.0,C10,0.0,13,0.01461279475319148,-0.10501249134540558
1795,JG075A,58,S075_WT,6.0,False,C10,1000000.0,EVAGREEN,JG075A_058,STANDARD,,67.32423,39,L-MMMMx,1.0,C10,0.0,14,0.01677090033117879,-0.1485823392868042
1796,JG075A,58,S075_WT,6.0,False,C10,1000000.0,EVAGREEN,JG075A_058,STANDARD,,67.32423,39,L-MMMMx,1.0,C10,0.0,15,0.01832753822397599,-0.19345471262931824
1797,JG075A,58,S075_WT,6.0,False,C10,1000000.0,EVAGREEN,JG075A_058,STANDARD,,67.32423,39,L-MMMMx,1.0,C10,0.0,16,0.020339687496899322,-0.23734064400196075
1798,JG075A,58,S075_WT,6.0,False,C10,1000000.0,EVAGREEN,JG075A_058,STANDARD,,67.32423,39,L-MMMMx,1.0,C10,0.0,17,0.0227020713506145,-0.2804681062698364
1799,JG075A,58,S075_WT,6.0,False,C10,1000000.0,EVAGREEN,JG075A_058,STANDARD,,67.32423,39,L-MMMMx,1.0,C10,0.0,18,0.025462635454256248,-0.3227332532405853
1800,JG075A,58,S075_WT,6.0,False,C10,1000000.0,EVAGREEN,JG075A_058,STANDARD,,67.32423,39,L-MMMMx,1.0,C10,0.0,19,0.02871292245738949,-0.3639378547668457
1801,JG075A,58,S075_WT,6.0,False,C10,1000000.0,EVAGREEN,JG075A_058,STANDARD,,67.32423,39,L-MMMMx,1.0,C10,0.0,20,0.03303455571257166,-0.402822345495224
1802,JG075A,58,S075_WT,6.0,False,C10,1000000.0,EVAGREEN,JG075A_058,STANDARD,,67.32423,39,L-MMMMx,1.0,C10,0.0,21,0.03849023340251739,-0.43925097584724426
1803,JG075A,58,S075_WT,6.0,False,C10,1000000.0,EVAGREEN,JG075A_058,STANDARD,,67.32423,39,L-MMMMx,1.0,C10,0.0,22,0.04748758776214594,-0.46800971031188965
1804,JG075A,58,S075_WT,6.0,False,C10,1000000.0,EVAGREEN,JG075A_058,STANDARD,,67.32423,39,L-MMMMx,1.0,C10,0.0,23,0.06143837378969353,-0.48604127764701843
1805,JG075A,58,S075_WT,6.0,False,C10,1000000.0,EVAGREEN,JG075A_058,STANDARD,,67.32423,39,L-MMMMx,1.0,C10,0.0,24,0.08433997219839273,-0.484688937664032
1806,JG075A,58,S075_WT,6.0,False,C10,1000000.0,EVAGREEN,JG075A_058,STANDARD,,67.32423,39,L-MMMMx,1.0,C10,0.0,25,0.1209313527423292,-0.4536899924278259
1807,JG075A,58,S075_WT,6.0,False,C10,1000000.0,EVAGREEN,JG075A_058,STANDARD,,67.32423,39,L-MMMMx,1.0,C10,0.0,26,0.17500212239403626,-0.3848375976085663
1808,JG075A,58,S075_WT,6.0,False,C10,1000000.0,EVAGREEN,JG075A_058,STANDARD,,67.32423,39,L-MMMMx,1.0,C10,0.0,27,0.25008790268702585,-0.27047502994537354
1809,JG075A,58,S075_WT,6.0,False,C10,1000000.0,EVAGREEN,JG075A_058,STANDARD,,67.32423,39,L-MMMMx,1.0,C10,0.0,28,0.3423694440048737,-0.11887327581644058
1810,JG075A,58,S075_WT,6.0,False,C10,1000000.0,EVAGREEN,JG075A_058,STANDARD,,67.32423,39,L-MMMMx,1.0,C10,0.0,29,0.4386339438025289,0.0413539819419384
1811,JG075A,58,S075_WT,6.0,False,C10,1000000.0,EVAGREEN,JG075A_058,STANDARD,,67.32423,39,L-MMMMx,1.0,C10,0.0,30,0.5314601170955995,0.19413518905639648
1812,JG075A,58,S075_WT,6.0,False,C10,1000000.0,EVAGREEN,JG075A_058,STANDARD,,67.32423,39,L-MMMMx,1.0,C10,0.0,31,0.6122518723891612,0.32085463404655457
1813,JG075A,58,S075_WT,6.0,False,C10,1000000.0,EVAGREEN,JG075A_058,STANDARD,,67.32423,39,L-MMMMx,1.0,C10,0.0,32,0.6772922918680774,0.41346293687820435
1814,JG075A,58,S075_WT,6.0,False,C10,1000000.0,EVAGREEN,JG075A_058,STANDARD,,67.32423,39,L-MMMMx,1.0,C10,0.0,33,0.7249028367390928,0.46832501888275146
1815,JG075A,58,S075_WT,6.0,False,C10,1000000.0,EVAGREEN,JG075A_058,STANDARD,,67.32423,39,L-MMMMx,1.0,C10,0.0,34,0.7590201161669617,0.49396607279777527
1816,JG075A,58,S075_WT,6.0,False,C10,1000000.0,EVAGREEN,JG075A_058,STANDARD,,67.32423,39,L-MMMMx,1.0,C10,0.0,35,0.7805507491765393,0.49234944581985474
1817,JG075A,58,S075_WT,6.0,False,C10,1000000.0,EVAGREEN,JG075A_058,STANDARD,,67.32423,39,L-MMMMx,1.0,C10,0.0,36,0.7969333054136509,0.47958412766456604
1818,JG075A,58,S075_WT,6.0,False,C10,1000000.0,EVAGREEN,JG075A_058,STANDARD,,67.32423,39,L-MMMMx,1.0,C10,0.0,37,0.8090260729071698,0.4575287997722626
1819,JG075A,58,S075_WT,6.0,False,C10,1000000.0,EVAGREEN,JG075A_058,STANDARD,,67.32423,39,L-MMMMx,1.0,C10,0.0,38,0.8188148060409837,0.430483877658844
1820,JG075A,58,S075_WT,6.0,False,C10,1000000.0,EVAGREEN,JG075A_058,STANDARD,,67.32423,39,L-MMMMx,1.0,C10,0.0,39,0.8246747466403731,0.39493075013160706
1821,JG075A,58,S075_WT,6.0,False,C10,1000000.0,EVAGREEN,JG075A_058,STANDARD,,67.32423,39,L-MMMMx,1.0,C10,0.0,40,0.829616618502875,0.3573894500732422
1822,JG075A,58,S075_WT,6.0,False,C10,1000000.0,EVAGREEN,JG075A_058,STANDARD,,67.32423,39,L-MMMMx,1.0,C10,0.0,41,0.8329110529533631,0.31628042459487915
1823,JG075A,58,S075_WT,6.0,False,C10,1000000.0,EVAGREEN,JG075A_058,STANDARD,,67.32423,39,L-MMMMx,1.0,C10,0.0,42,0.8382130402779538,0.2795189917087555
1824,JG075A,58,S075_WT,6.0,False,C10,1000000.0,EVAGREEN,JG075A_058,STANDARD,,67.32423,39,L-MMMMx,1.0,C10,0.0,43,0.8435269176881165,0.2427833080291748
1825,JG075A,58,S075_WT,6.0,False,C10,1000000.0,EVAGREEN,JG075A_058,STANDARD,,67.32423,39,L-MMMMx,1.0,C10,0.0,44,0.8470785302857888,0.2022312432527542
1826,JG075A,58,S075_WT,6.0,False,C10,1000000.0,EVAGREEN,JG075A_058,STANDARD,,67.32423,39,L-MMMMx,1.0,C10,0.0,45,0.8466865978354567,0.15313903987407684
1827,JG075A,58,S075_WT,6.0,False,C10,1000000.0,EVAGREEN,JG075A_058,STANDARD,,67.32423,39,L-MMMMx,1.0,C10,0.0,46,0.8487731977599354,0.10941434651613235
1828,JG075A,58,S075_WT,6.0,False,C10,1000000.0,EVAGREEN,JG075A_058,STANDARD,,67.32423,39,L-MMMMx,1.0,C10,0.0,47,0.8515814598225958,0.06725248694419861
1829,JG075A,58,S075_WT,6.0,False,C10,1000000.0,EVAGREEN,JG075A_058,STANDARD,,67.32423,39,L-MMMMx,1.0,C10,0.0,48,0.8547299104446736,0.02582733891904354
1830,JG075A,58,S075_WT,6.0,False,C10,1000000.0,EVAGREEN,JG075A_058,STANDARD,,67.32423,39,L-MMMMx,1.0,C10,0.0,49,0.8573030130371347,-0.016843782737851143
1831,JG075A,58,S075_WT,6.0,False,C10,1000000.0,EVAGREEN,JG075A_058,STANDARD,,67.32423,39,L-MMMMx,1.0,C10,0.0,50,0.858579876115492,-0.062322042882442474
1832,JG075A,58,S075_WT,6.0,False,C10,1000000.0,EVAGREEN,JG075A_058,STANDARD,,67.32423,39,L-MMMMx,1.0,C10,0.0,51,0.8607105133939406,-0.10595136880874634
1833,JG075A,58,S075_WT,6.0,False,C10,1000000.0,EVAGREEN,JG075A_058,STANDARD,,67.32423,39,L-MMMMx,1.0,C10,0.0,52,0.8626720472331447,-0.1499469131231308
1834,JG075A,58,S075_WT,6.0,False,C10,1000000.0,EVAGREEN,JG075A_058,STANDARD,,67.32423,39,L-MMMMx,1.0,C10,0.0,53,0.8663053491224312,-0.19032205641269684
1835,JG075A,58,S075_WT,6.0,False,C10,1000000.0,EVAGREEN,JG075A_058,STANDARD,,67.32423,39,L-MMMMx,1.0,C10,0.0,54,0.8687439175985143,-0.23328453302383423
1836,JG075A,58,S075_WT,6.0,False,C10,1000000.0,EVAGREEN,JG075A_058,STANDARD,,67.32423,39,L-MMMMx,1.0,C10,0.0,55,0.8699177332685819,-0.2789859473705292
1837,JG075A,58,S075_WT,6.0,False,C10,1000000.0,EVAGREEN,JG075A_058,STANDARD,,67.32423,39,L-MMMMx,1.0,C10,0.0,56,0.873196094084871,-0.32012975215911865
1838,JG075A,59,S075_WT,6.0,False,C11,1000000.0,EVAGREEN,JG075A_059,STANDARD,,22.179672,40,L-MMMMx,0.5623413251903491,C11,-0.25,3,-0.009155393413688017,-0.001324107521213591
1839,JG075A,59,S075_WT,6.0,False,C11,1000000.0,EVAGREEN,JG075A_059,STANDARD,,22.179672,40,L-MMMMx,0.5623413251903491,C11,-0.25,4,-0.006305516051526071,-0.0003447414201218635
1840,JG075A,59,S075_WT,6.0,False,C11,1000000.0,EVAGREEN,JG075A_059,STANDARD,,22.179672,40,L-MMMMx,0.5623413251903491,C11,-0.25,5,-0.00347061138971389,0.0006021997542120516
1841,JG075A,59,S075_WT,6.0,False,C11,1000000.0,EVAGREEN,JG075A_059,STANDARD,,22.179672,40,L-MMMMx,0.5623413251903491,C11,-0.25,6,-0.0013833233815794199,-6.990003021201119e-05
1842,JG075A,59,S075_WT,6.0,False,C11,1000000.0,EVAGREEN,JG075A_059,STANDARD,,22.179672,40,L-MMMMx,0.5623413251903491,C11,-0.25,7,0.0006738816091243636,-0.0008071477059274912
1843,JG075A,59,S075_WT,6.0,False,C11,1000000.0,EVAGREEN,JG075A_059,STANDARD,,22.179672,40,L-MMMMx,0.5623413251903491,C11,-0.25,8,0.0037234133248473353,0.0006045905174687505
1844,JG075A,59,S075_WT,6.0,False,C11,1000000.0,EVAGREEN,JG075A_059,STANDARD,,22.179672,40,L-MMMMx,0.5623413251903491,C11,-0.25,9,0.006652860680963641,0.0017562736757099628
1845,JG075A,59,S075_WT,6.0,False,C11,1000000.0,EVAGREEN,JG075A_059,STANDARD,,22.179672,40,L-MMMMx,0.5623413251903491,C11,-0.25,10,0.009264688621572058,0.0022201191168278456
1846,JG075A,59,S075_WT,6.0,False,C11,1000000.0,EVAGREEN,JG075A_059,STANDARD,,22.179672,40,L-MMMMx,0.5623413251903491,C11,-0.25,11,0.011045861972923275,0.000885096553247422
1847,JG075A,59,S075_WT,6.0,False,C11,1000000.0,EVAGREEN,JG075A_059,STANDARD,,22.179672,40,L-MMMMx,0.5623413251903491,C11,-0.25,12,0.012287330028027161,-0.0016187136061489582
1848,JG075A,59,S075_WT,6.0,False,C11,1000000.0,EVAGREEN,JG075A_059,STANDARD,,22.179672,40,L-MMMMx,0.5623413251903491,C11,-0.25,13,0.014391599940786273,-0.0022540371865034103
1849,JG075A,59,S075_WT,6.0,False,C11,1000000.0,EVAGREEN,JG075A_059,STANDARD,,22.179672,40,L-MMMMx,0.5623413251903491,C11,-0.25,14,0.017807990338424725,-4.782878386322409e-05
1850,JG075A,59,S075_WT,6.0,False,C11,1000000.0,EVAGREEN,JG075A_059,STANDARD,,22.179672,40,L-MMMMx,0.5623413251903491,C11,-0.25,15,0.02057196733699914,0.0007455112063325942
1851,JG075A,59,S075_WT,6.0,False,C11,1000000.0,EVAGREEN,JG075A_059,STANDARD,,22.179672,40,L-MMMMx,0.5623413251903491,C11,-0.25,16,0.022892378087711756,0.0005782627849839628
1852,JG075A,59,S075_WT,6.0,False,C11,1000000.0,EVAGREEN,JG075A_059,STANDARD,,22.179672,40,L-MMMMx,0.5623413251903491,C11,-0.25,17,0.0243527668387385,-0.0014514520298689604
1853,JG075A,59,S075_WT,6.0,False,C11,1000000.0,EVAGREEN,JG075A_059,STANDARD,,22.179672,40,L-MMMMx,0.5623413251903491,C11,-0.25,18,0.027663467586849195,0.0005258746678009629
1854,JG075A,59,S075_WT,6.0,False,C11,1000000.0,EVAGREEN,JG075A_059,STANDARD,,22.179672,40,L-MMMMx,0.5623413251903491,C11,-0.25,19,0.03272693759300053,0.006299003958702087
1855,JG075A,59,S075_WT,6.0,False,C11,1000000.0,EVAGREEN,JG075A_059,STANDARD,,22.179672,40,L-MMMMx,0.5623413251903491,C11,-0.25,20,0.03972469332558716,0.01626102812588215
1856,JG075A,59,S075_WT,6.0,False,C11,1000000.0,EVAGREEN,JG075A_059,STANDARD,,22.179672,40,L-MMMMx,0.5623413251903491,C11,-0.25,21,0.04852561356316373,0.03012799099087715
1857,JG075A,59,S075_WT,6.0,False,C11,1000000.0,EVAGREEN,JG075A_059,STANDARD,,22.179672,40,L-MMMMx,0.5623413251903491,C11,-0.25,22,0.06274056866783825,0.05571960657835007
1858,JG075A,59,S075_WT,6.0,False,C11,1000000.0,EVAGREEN,JG075A_059,STANDARD,,22.179672,40,L-MMMMx,0.5623413251903491,C11,-0.25,23,0.0858087383679286,0.10048376768827438
1859,JG075A,59,S075_WT,6.0,False,C11,1000000.0,EVAGREEN,JG075A_059,STANDARD,,22.179672,40,L-MMMMx,0.5623413251903491,C11,-0.25,24,0.12189311135094037,0.17343586683273315
1860,JG075A,59,S075_WT,6.0,False,C11,1000000.0,EVAGREEN,JG075A_059,STANDARD,,22.179672,40,L-MMMMx,0.5623413251903491,C11,-0.25,25,0.17443336276542362,0.2820248603820801
1861,JG075A,59,S075_WT,6.0,False,C11,1000000.0,EVAGREEN,JG075A_059,STANDARD,,22.179672,40,L-MMMMx,0.5623413251903491,C11,-0.25,26,0.24646374886994302,0.43282175064086914
1862,JG075A,59,S075_WT,6.0,False,C11,1000000.0,EVAGREEN,JG075A_059,STANDARD,,22.179672,40,L-MMMMx,0.5623413251903491,C11,-0.25,27,0.3363660069994897,0.6223220229148865
1863,JG075A,59,S075_WT,6.0,False,C11,1000000.0,EVAGREEN,JG075A_059,STANDARD,,22.179672,40,L-MMMMx,0.5623413251903491,C11,-0.25,28,0.4350424326740763,0.8308236598968506
1864,JG075A,59,S075_WT,6.0,False,C11,1000000.0,EVAGREEN,JG075A_059,STANDARD,,22.179672,40,L-MMMMx,0.5623413251903491,C11,-0.25,29,0.5311683799468037,1.0338020324707031
1865,JG075A,59,S075_WT,6.0,False,C11,1000000.0,EVAGREEN,JG075A_059,STANDARD,,22.179672,40,L-MMMMx,0.5623413251903491,C11,-0.25,30,0.6164254678862207,1.2132426500320435
1866,JG075A,59,S075_WT,6.0,False,C11,1000000.0,EVAGREEN,JG075A_059,STANDARD,,22.179672,40,L-MMMMx,0.5623413251903491,C11,-0.25,31,0.6851674471530765,1.356918215751648
1867,JG075A,59,S075_WT,6.0,False,C11,1000000.0,EVAGREEN,JG075A_059,STANDARD,,22.179672,40,L-MMMMx,0.5623413251903491,C11,-0.25,32,0.737888086578759,1.465897798538208
1868,JG075A,59,S075_WT,6.0,False,C11,1000000.0,EVAGREEN,JG075A_059,STANDARD,,22.179672,40,L-MMMMx,0.5623413251903491,C11,-0.25,33,0.7766121136054189,1.5445663928985596
1869,JG075A,59,S075_WT,6.0,False,C11,1000000.0,EVAGREEN,JG075A_059,STANDARD,,22.179672,40,L-MMMMx,0.5623413251903491,C11,-0.25,34,0.8042894804821149,1.59931218624115
1870,JG075A,59,S075_WT,6.0,False,C11,1000000.0,EVAGREEN,JG075A_059,STANDARD,,22.179672,40,L-MMMMx,0.5623413251903491,C11,-0.25,35,0.824382734258115,1.6376339197158813
1871,JG075A,59,S075_WT,6.0,False,C11,1000000.0,EVAGREEN,JG075A_059,STANDARD,,22.179672,40,L-MMMMx,0.5623413251903491,C11,-0.25,36,0.8384965961120824,1.6630065441131592
1872,JG075A,59,S075_WT,6.0,False,C11,1000000.0,EVAGREEN,JG075A_059,STANDARD,,22.179672,40,L-MMMMx,0.5623413251903491,C11,-0.25,37,0.8477798905157067,1.6779181957244873
1873,JG075A,59,S075_WT,6.0,False,C11,1000000.0,EVAGREEN,JG075A_059,STANDARD,,22.179672,40,L-MMMMx,0.5623413251903491,C11,-0.25,38,0.8554691427990057,1.6893776655197144
1874,JG075A,59,S075_WT,6.0,False,C11,1000000.0,EVAGREEN,JG075A_059,STANDARD,,22.179672,40,L-MMMMx,0.5623413251903491,C11,-0.25,39,0.8619265601983817,1.6981695890426636
1875,JG075A,59,S075_WT,6.0,False,C11,1000000.0,EVAGREEN,JG075A_059,STANDARD,,22.179672,40,L-MMMMx,0.5623413251903491,C11,-0.25,40,0.8674790099736762,1.7050015926361084
1876,JG075A,59,S075_WT,6.0,False,C11,1000000.0,EVAGREEN,JG075A_059,STANDARD,,22.179672,40,L-MMMMx,0.5623413251903491,C11,-0.25,41,0.8724672311512315,1.7106118202209473
1877,JG075A,59,S075_WT,6.0,False,C11,1000000.0,EVAGREEN,JG075A_059,STANDARD,,22.179672,40,L-MMMMx,0.5623413251903491,C11,-0.25,42,0.874498564196478,1.7098184823989868
1878,JG075A,59,S075_WT,6.0,False,C11,1000000.0,EVAGREEN,JG075A_059,STANDARD,,22.179672,40,L-MMMMx,0.5623413251903491,C11,-0.25,43,0.8761467722621864,1.7081955671310425
1879,JG075A,59,S075_WT,6.0,False,C11,1000000.0,EVAGREEN,JG075A_059,STANDARD,,22.179672,40,L-MMMMx,0.5623413251903491,C11,-0.25,44,0.8810395424750118,1.7135989665985107
1880,JG075A,59,S075_WT,6.0,False,C11,1000000.0,EVAGREEN,JG075A_059,STANDARD,,22.179672,40,L-MMMMx,0.5623413251903491,C11,-0.25,45,0.8848746455388653,1.7167119979858398
1881,JG075A,59,S075_WT,6.0,False,C11,1000000.0,EVAGREEN,JG075A_059,STANDARD,,22.179672,40,L-MMMMx,0.5623413251903491,C11,-0.25,46,0.8867702334404997,1.7156246900558472
1882,JG075A,59,S075_WT,6.0,False,C11,1000000.0,EVAGREEN,JG075A_059,STANDARD,,22.179672,40,L-MMMMx,0.5623413251903491,C11,-0.25,47,0.8901984313536713,1.717856526374817
1883,JG075A,59,S075_WT,6.0,False,C11,1000000.0,EVAGREEN,JG075A_059,STANDARD,,22.179672,40,L-MMMMx,0.5623413251903491,C11,-0.25,48,0.8937697506672451,1.720398187637329
1884,JG075A,59,S075_WT,6.0,False,C11,1000000.0,EVAGREEN,JG075A_059,STANDARD,,22.179672,40,L-MMMMx,0.5623413251903491,C11,-0.25,49,0.8939799189390664,1.7156610488891602
1885,JG075A,59,S075_WT,6.0,False,C11,1000000.0,EVAGREEN,JG075A_059,STANDARD,,22.179672,40,L-MMMMx,0.5623413251903491,C11,-0.25,50,0.8975098431399084,1.7181130647659302
1886,JG075A,59,S075_WT,6.0,False,C11,1000000.0,EVAGREEN,JG075A_059,STANDARD,,22.179672,40,L-MMMMx,0.5623413251903491,C11,-0.25,51,0.8996035991344072,1.7174550294876099
1887,JG075A,59,S075_WT,6.0,False,C11,1000000.0,EVAGREEN,JG075A_059,STANDARD,,22.179672,40,L-MMMMx,0.5623413251903491,C11,-0.25,52,0.9018596327782852,1.7171483039855957
1888,JG075A,59,S075_WT,6.0,False,C11,1000000.0,EVAGREEN,JG075A_059,STANDARD,,22.179672,40,L-MMMMx,0.5623413251903491,C11,-0.25,53,0.9027594260132751,1.713904619216919
1889,JG075A,59,S075_WT,6.0,False,C11,1000000.0,EVAGREEN,JG075A_059,STANDARD,,22.179672,40,L-MMMMx,0.5623413251903491,C11,-0.25,54,0.9054058508000961,1.7144434452056885
1890,JG075A,60,S075_WT,6.0,False,C12,1000000.0,EVAGREEN,JG075A_060,STANDARD,,65.58536,41,L-MMMMx,0.3162277660168379,C12,-0.5000000000000001,3,-0.009506335000436177,0.3093564212322235
1891,JG075A,60,S075_WT,6.0,False,C12,1000000.0,EVAGREEN,JG075A_060,STANDARD,,65.58536,41,L-MMMMx,0.3162277660168379,C12,-0.5000000000000001,4,-0.007117638827723986,0.26339223980903625
1892,JG075A,60,S075_WT,6.0,False,C12,1000000.0,EVAGREEN,JG075A_060,STANDARD,,65.58536,41,L-MMMMx,0.3162277660168379,C12,-0.5000000000000001,5,-0.004540504065039979,0.21783612668514252
1893,JG075A,60,S075_WT,6.0,False,C12,1000000.0,EVAGREEN,JG075A_060,STANDARD,,65.58536,41,L-MMMMx,0.3162277660168379,C12,-0.5000000000000001,6,-0.0017397008292082375,0.17276440560817719
1894,JG075A,60,S075_WT,6.0,False,C12,1000000.0,EVAGREEN,JG075A_060,STANDARD,,65.58536,41,L-MMMMx,0.3162277660168379,C12,-0.5000000000000001,7,0.0012646650753493577,0.12813350558280945
1895,JG075A,60,S075_WT,6.0,False,C12,1000000.0,EVAGREEN,JG075A_060,STANDARD,,65.58536,41,L-MMMMx,0.3162277660168379,C12,-0.5000000000000001,8,0.0039045393057673536,0.08271327614784241
1896,JG075A,60,S075_WT,6.0,False,C12,1000000.0,EVAGREEN,JG075A_060,STANDARD,,65.58536,41,L-MMMMx,0.3162277660168379,C12,-0.5000000000000001,9,0.007518024385767331,0.03940149024128914
1897,JG075A,60,S075_WT,6.0,False,C12,1000000.0,EVAGREEN,JG075A_060,STANDARD,,65.58536,41,L-MMMMx,0.3162277660168379,C12,-0.5000000000000001,10,0.010216949955524336,-0.005890861619263887
1898,JG075A,60,S075_WT,6.0,False,C12,1000000.0,EVAGREEN,JG075A_060,STANDARD,,65.58536,41,L-MMMMx,0.3162277660168379,C12,-0.5000000000000001,11,0.012240521417133611,-0.052645765244960785
1899,JG075A,60,S075_WT,6.0,False,C12,1000000.0,EVAGREEN,JG075A_060,STANDARD,,65.58536,41,L-MMMMx,0.3162277660168379,C12,-0.5000000000000001,12,0.014310208245353237,-0.0993008017539978
1900,JG075A,60,S075_WT,6.0,False,C12,1000000.0,EVAGREEN,JG075A_060,STANDARD,,65.58536,41,L-MMMMx,0.3162277660168379,C12,-0.5000000000000001,13,0.01725480720356981,-0.1440611183643341
1901,JG075A,60,S075_WT,6.0,False,C12,1000000.0,EVAGREEN,JG075A_060,STANDARD,,65.58536,41,L-MMMMx,0.3162277660168379,C12,-0.5000000000000001,14,0.019933131548672774,-0.18939809501171112
1902,JG075A,60,S075_WT,6.0,False,C12,1000000.0,EVAGREEN,JG075A_060,STANDARD,,65.58536,41,L-MMMMx,0.3162277660168379,C12,-0.5000000000000001,15,0.02200513033797582,-0.2360481172800064
1903,JG075A,60,S075_WT,6.0,False,C12,1000000.0,EVAGREEN,JG075A_060,STANDARD,,65.58536,41,L-MMMMx,0.3162277660168379,C12,-0.5000000000000001,16,0.02463433927172923,-0.2814914584159851
1904,JG075A,60,S075_WT,6.0,False,C12,1000000.0,EVAGREEN,JG075A_060,STANDARD,,65.58536,41,L-MMMMx,0.3162277660168379,C12,-0.5000000000000001,17,0.028059949990355132,-0.3252100944519043
1905,JG075A,60,S075_WT,6.0,False,C12,1000000.0,EVAGREEN,JG075A_060,STANDARD,,65.58536,41,L-MMMMx,0.3162277660168379,C12,-0.5000000000000001,18,0.032621352876230275,-0.36646905541419983
1906,JG075A,60,S075_WT,6.0,False,C12,1000000.0,EVAGREEN,JG075A_060,STANDARD,,65.58536,41,L-MMMMx,0.3162277660168379,C12,-0.5000000000000001,19,0.038406746492352505,-0.40507733821868896
1907,JG075A,60,S075_WT,6.0,False,C12,1000000.0,EVAGREEN,JG075A_060,STANDARD,,65.58536,41,L-MMMMx,0.3162277660168379,C12,-0.5000000000000001,20,0.04542524106632434,-0.44101524353027344
1908,JG075A,60,S075_WT,6.0,False,C12,1000000.0,EVAGREEN,JG075A_060,STANDARD,,65.58536,41,L-MMMMx,0.3162277660168379,C12,-0.5000000000000001,21,0.05805542941835339,-0.4648004174232483
1909,JG075A,60,S075_WT,6.0,False,C12,1000000.0,EVAGREEN,JG075A_060,STANDARD,,65.58536,41,L-MMMMx,0.3162277660168379,C12,-0.5000000000000001,22,0.07752112337693623,-0.47378259897232056
1910,JG075A,60,S075_WT,6.0,False,C12,1000000.0,EVAGREEN,JG075A_060,STANDARD,,65.58536,41,L-MMMMx,0.3162277660168379,C12,-0.5000000000000001,23,0.10670365948897706,-0.4617219567298889
1911,JG075A,60,S075_WT,6.0,False,C12,1000000.0,EVAGREEN,JG075A_060,STANDARD,,65.58536,41,L-MMMMx,0.3162277660168379,C12,-0.5000000000000001,24,0.14933454294311518,-0.420537531375885
1912,JG075A,60,S075_WT,6.0,False,C12,1000000.0,EVAGREEN,JG075A_060,STANDARD,,65.58536,41,L-MMMMx,0.3162277660168379,C12,-0.5000000000000001,25,0.20987971189882285,-0.34055790305137634
1913,JG075A,60,S075_WT,6.0,False,C12,1000000.0,EVAGREEN,JG075A_060,STANDARD,,65.58536,41,L-MMMMx,0.3162277660168379,C12,-0.5000000000000001,26,0.2876158803404908,-0.22334936261177063
1914,JG075A,60,S075_WT,6.0,False,C12,1000000.0,EVAGREEN,JG075A_060,STANDARD,,65.58536,41,L-MMMMx,0.3162277660168379,C12,-0.5000000000000001,27,0.37719484924520597,-0.08049401640892029
1915,JG075A,60,S075_WT,6.0,False,C12,1000000.0,EVAGREEN,JG075A_060,STANDARD,,65.58536,41,L-MMMMx,0.3162277660168379,C12,-0.5000000000000001,28,0.471978427875546,0.07363244146108627
1916,JG075A,60,S075_WT,6.0,False,C12,1000000.0,EVAGREEN,JG075A_060,STANDARD,,65.58536,41,L-MMMMx,0.3162277660168379,C12,-0.5000000000000001,29,0.5616770682896743,0.21674694120883942
1917,JG075A,60,S075_WT,6.0,False,C12,1000000.0,EVAGREEN,JG075A_060,STANDARD,,65.58536,41,L-MMMMx,0.3162277660168379,C12,-0.5000000000000001,30,0.6386392251886288,0.3322792649269104
1918,JG075A,60,S075_WT,6.0,False,C12,1000000.0,EVAGREEN,JG075A_060,STANDARD,,65.58536,41,L-MMMMx,0.3162277660168379,C12,-0.5000000000000001,31,0.7034876968509287,0.42157816886901855
1919,JG075A,60,S075_WT,6.0,False,C12,1000000.0,EVAGREEN,JG075A_060,STANDARD,,65.58536,41,L-MMMMx,0.3162277660168379,C12,-0.5000000000000001,32,0.75231493876544,0.4761814475059509
1920,JG075A,60,S075_WT,6.0,False,C12,1000000.0,EVAGREEN,JG075A_060,STANDARD,,65.58536,41,L-MMMMx,0.3162277660168379,C12,-0.5000000000000001,33,0.7872171840278224,0.5006287097930908
1921,JG075A,60,S075_WT,6.0,False,C12,1000000.0,EVAGREEN,JG075A_060,STANDARD,,65.58536,41,L-MMMMx,0.3162277660168379,C12,-0.5000000000000001,34,0.8154258615801652,0.5105803608894348
1922,JG075A,60,S075_WT,6.0,False,C12,1000000.0,EVAGREEN,JG075A_060,STANDARD,,65.58536,41,L-MMMMx,0.3162277660168379,C12,-0.5000000000000001,35,0.832745752896526,0.4969511926174164
1923,JG075A,60,S075_WT,6.0,False,C12,1000000.0,EVAGREEN,JG075A_060,STANDARD,,65.58536,41,L-MMMMx,0.3162277660168379,C12,-0.5000000000000001,36,0.8458659118581626,0.47422710061073303
1924,JG075A,60,S075_WT,6.0,False,C12,1000000.0,EVAGREEN,JG075A_060,STANDARD,,65.58536,41,L-MMMMx,0.3162277660168379,C12,-0.5000000000000001,37,0.8557184991552328,0.4444267451763153
1925,JG075A,60,S075_WT,6.0,False,C12,1000000.0,EVAGREEN,JG075A_060,STANDARD,,65.58536,41,L-MMMMx,0.3162277660168379,C12,-0.5000000000000001,38,0.8632646300381296,0.40963152050971985
1926,JG075A,60,S075_WT,6.0,False,C12,1000000.0,EVAGREEN,JG075A_060,STANDARD,,65.58536,41,L-MMMMx,0.3162277660168379,C12,-0.5000000000000001,39,0.8692649397032981,0.37148866057395935
1927,JG075A,60,S075_WT,6.0,False,C12,1000000.0,EVAGREEN,JG075A_060,STANDARD,,65.58536,41,L-MMMMx,0.3162277660168379,C12,-0.5000000000000001,40,0.8739473214575324,0.33049166202545166
1928,JG075A,60,S075_WT,6.0,False,C12,1000000.0,EVAGREEN,JG075A_060,STANDARD,,65.58536,41,L-MMMMx,0.3162277660168379,C12,-0.5000000000000001,41,0.8776530647940993,0.2873796820640564
1929,JG075A,60,S075_WT,6.0,False,C12,1000000.0,EVAGREEN,JG075A_060,STANDARD,,65.58536,41,L-MMMMx,0.3162277660168379,C12,-0.5000000000000001,42,0.8798467855821097,0.24099326133728027
1930,JG075A,60,S075_WT,6.0,False,C12,1000000.0,EVAGREEN,JG075A_060,STANDARD,,65.58536,41,L-MMMMx,0.3162277660168379,C12,-0.5000000000000001,43,0.8853897673263008,0.2018599957227707
1931,JG075A,60,S075_WT,6.0,False,C12,1000000.0,EVAGREEN,JG075A_060,STANDARD,,65.58536,41,L-MMMMx,0.3162277660168379,C12,-0.5000000000000001,44,0.8887915428270905,0.158089742064476
1932,JG075A,60,S075_WT,6.0,False,C12,1000000.0,EVAGREEN,JG075A_060,STANDARD,,65.58536,41,L-MMMMx,0.3162277660168379,C12,-0.5000000000000001,45,0.8900066435165049,0.1095840111374855
1933,JG075A,60,S075_WT,6.0,False,C12,1000000.0,EVAGREEN,JG075A_060,STANDARD,,65.58536,41,L-MMMMx,0.3162277660168379,C12,-0.5000000000000001,46,0.8921008398845434,0.06298205256462097
1934,JG075A,60,S075_WT,6.0,False,C12,1000000.0,EVAGREEN,JG075A_060,STANDARD,,65.58536,41,L-MMMMx,0.3162277660168379,C12,-0.5000000000000001,47,0.8939299313816831,0.015805985778570175
1935,JG075A,60,S075_WT,6.0,False,C12,1000000.0,EVAGREEN,JG075A_060,STANDARD,,65.58536,41,L-MMMMx,0.3162277660168379,C12,-0.5000000000000001,48,0.8964428128925904,-0.029889265075325966
1936,JG075A,60,S075_WT,6.0,False,C12,1000000.0,EVAGREEN,JG075A_060,STANDARD,,65.58536,41,L-MMMMx,0.3162277660168379,C12,-0.5000000000000001,49,0.8988790694075901,-0.0757504552602768
1937,JG075A,60,S075_WT,6.0,False,C12,1000000.0,EVAGREEN,JG075A_060,STANDARD,,65.58536,41,L-MMMMx,0.3162277660168379,C12,-0.5000000000000001,50,0.900855686040529,-0.1226070448756218
1938,JG075A,60,S075_WT,6.0,False,C12,1000000.0,EVAGREEN,JG075A_060,STANDARD,,65.58536,41,L-MMMMx,0.3162277660168379,C12,-0.5000000000000001,51,0.904107624444436,-0.1667017936706543
1939,JG075A,60,S075_WT,6.0,False,C12,1000000.0,EVAGREEN,JG075A_060,STANDARD,,65.58536,41,L-MMMMx,0.3162277660168379,C12,-0.5000000000000001,52,0.9066200655818037,-0.2123979926109314
1940,JG075A,60,S075_WT,6.0,False,C12,1000000.0,EVAGREEN,JG075A_060,STANDARD,,65.58536,41,L-MMMMx,0.3162277660168379,C12,-0.5000000000000001,53,0.9070320350281921,-0.2626429796218872
1941,JG075A,60,S075_WT,6.0,False,C12,1000000.0,EVAGREEN,JG075A_060,STANDARD,,65.58536,41,L-MMMMx,0.3162277660168379,C12,-0.5000000000000001,54,0.9112166845891817,-0.30471786856651306
1942,JG075A,61,S075_WT,6.0,False,C13,1000000.0,EVAGREEN,JG075A_061,STANDARD,,64.350494,42,L-MMMMx,0.1778279410038923,C13,-0.75,3,-0.009032179993656695,0.27662044763565063
1943,JG075A,61,S075_WT,6.0,False,C13,1000000.0,EVAGREEN,JG075A_061,STANDARD,,64.350494,42,L-MMMMx,0.1778279410038923,C13,-0.75,4,-0.006791875942149945,0.22957009077072144
1944,JG075A,61,S075_WT,6.0,False,C13,1000000.0,EVAGREEN,JG075A_061,STANDARD,,64.350494,42,L-MMMMx,0.1778279410038923,C13,-0.75,5,-0.003939796712289503,0.18384459614753723
1945,JG075A,61,S075_WT,6.0,False,C13,1000000.0,EVAGREEN,JG075A_061,STANDARD,,64.350494,42,L-MMMMx,0.1778279410038923,C13,-0.75,6,-0.000706285188684167,0.13894513249397278
1946,JG075A,61,S075_WT,6.0,False,C13,1000000.0,EVAGREEN,JG075A_061,STANDARD,,64.350494,42,L-MMMMx,0.1778279410038923,C13,-0.75,7,0.0014135629380417963,0.09163392335176468
1947,JG075A,61,S075_WT,6.0,False,C13,1000000.0,EVAGREEN,JG075A_061,STANDARD,,64.350494,42,L-MMMMx,0.1778279410038923,C13,-0.75,8,0.0033865877742974967,0.04400474950671196
1948,JG075A,61,S075_WT,6.0,False,C13,1000000.0,EVAGREEN,JG075A_061,STANDARD,,64.350494,42,L-MMMMx,0.1778279410038923,C13,-0.75,9,0.006559080039308293,-0.0010268517071381211
1949,JG075A,61,S075_WT,6.0,False,C13,1000000.0,EVAGREEN,JG075A_061,STANDARD,,64.350494,42,L-MMMMx,0.1778279410038923,C13,-0.75,10,0.009110907085132723,-0.04740256816148758
1950,JG075A,61,S075_WT,6.0,False,C13,1000000.0,EVAGREEN,JG075A_061,STANDARD,,64.350494,42,L-MMMMx,0.1778279410038923,C13,-0.75,11,0.01182956689413749,-0.09341699630022049
1951,JG075A,61,S075_WT,6.0,False,C13,1000000.0,EVAGREEN,JG075A_061,STANDARD,,64.350494,42,L-MMMMx,0.1778279410038923,C13,-0.75,12,0.014520469408468106,-0.13949152827262878
1952,JG075A,61,S075_WT,6.0,False,C13,1000000.0,EVAGREEN,JG075A_061,STANDARD,,64.350494,42,L-MMMMx,0.1778279410038923,C13,-0.75,13,0.016921151998463977,-0.18619456887245178
1953,JG075A,61,S075_WT,6.0,False,C13,1000000.0,EVAGREEN,JG075A_061,STANDARD,,64.350494,42,L-MMMMx,0.1778279410038923,C13,-0.75,14,0.01982079157061191,-0.23181705176830292
1954,JG075A,61,S075_WT,6.0,False,C13,1000000.0,EVAGREEN,JG075A_061,STANDARD,,64.350494,42,L-MMMMx,0.1778279410038923,C13,-0.75,15,0.022682008551421103,-0.2775227725505829
1955,JG075A,61,S075_WT,6.0,False,C13,1000000.0,EVAGREEN,JG075A_061,STANDARD,,64.350494,42,L-MMMMx,0.1778279410038923,C13,-0.75,16,0.02750284649887141,-0.3189846873283386
1956,JG075A,61,S075_WT,6.0,False,C13,1000000.0,EVAGREEN,JG075A_061,STANDARD,,64.350494,42,L-MMMMx,0.1778279410038923,C13,-0.75,17,0.032278174593328456,-0.36054518818855286
1957,JG075A,61,S075_WT,6.0,False,C13,1000000.0,EVAGREEN,JG075A_061,STANDARD,,64.350494,42,L-MMMMx,0.1778279410038923,C13,-0.75,18,0.03933104582674304,-0.3971734344959259
1958,JG075A,61,S075_WT,6.0,False,C13,1000000.0,EVAGREEN,JG075A_061,STANDARD,,64.350494,42,L-MMMMx,0.1778279410038923,C13,-0.75,19,0.05045375298234379,-0.4249880313873291
1959,JG075A,61,S075_WT,6.0,False,C13,1000000.0,EVAGREEN,JG075A_061,STANDARD,,64.350494,42,L-MMMMx,0.1778279410038923,C13,-0.75,20,0.06818078339782947,-0.4385002851486206
1960,JG075A,61,S075_WT,6.0,False,C13,1000000.0,EVAGREEN,JG075A_061,STANDARD,,64.350494,42,L-MMMMx,0.1778279410038923,C13,-0.75,21,0.09331857111777388,-0.43596377968788147
1961,JG075A,61,S075_WT,6.0,False,C13,1000000.0,EVAGREEN,JG075A_061,STANDARD,,64.350494,42,L-MMMMx,0.1778279410038923,C13,-0.75,22,0.1313806066208813,-0.40543848276138306
1962,JG075A,61,S075_WT,6.0,False,C13,1000000.0,EVAGREEN,JG075A_061,STANDARD,,64.350494,42,L-MMMMx,0.1778279410038923,C13,-0.75,23,0.18512712373063875,-0.3409467935562134
1963,JG075A,61,S075_WT,6.0,False,C13,1000000.0,EVAGREEN,JG075A_061,STANDARD,,64.350494,42,L-MMMMx,0.1778279410038923,C13,-0.75,24,0.2548345944599385,-0.2418900579214096
1964,JG075A,61,S075_WT,6.0,False,C13,1000000.0,EVAGREEN,JG075A_061,STANDARD,,64.350494,42,L-MMMMx,0.1778279410038923,C13,-0.75,25,0.335815737898917,-0.11841899901628494
1965,JG075A,61,S075_WT,6.0,False,C13,1000000.0,EVAGREEN,JG075A_061,STANDARD,,64.350494,42,L-MMMMx,0.1778279410038923,C13,-0.75,26,0.4230803236657442,0.018659500405192375
1966,JG075A,61,S075_WT,6.0,False,C13,1000000.0,EVAGREEN,JG075A_061,STANDARD,,64.350494,42,L-MMMMx,0.1778279410038923,C13,-0.75,27,0.5102307425924044,0.15549075603485107
1967,JG075A,61,S075_WT,6.0,False,C13,1000000.0,EVAGREEN,JG075A_061,STANDARD,,64.350494,42,L-MMMMx,0.1778279410038923,C13,-0.75,28,0.5888656033352131,0.2738806903362274
1968,JG075A,61,S075_WT,6.0,False,C13,1000000.0,EVAGREEN,JG075A_061,STANDARD,,64.350494,42,L-MMMMx,0.1778279410038923,C13,-0.75,29,0.6568923609269054,0.36929768323898315
1969,JG075A,61,S075_WT,6.0,False,C13,1000000.0,EVAGREEN,JG075A_061,STANDARD,,64.350494,42,L-MMMMx,0.1778279410038923,C13,-0.75,30,0.711085114049109,0.43475571274757385
1970,JG075A,61,S075_WT,6.0,False,C13,1000000.0,EVAGREEN,JG075A_061,STANDARD,,64.350494,42,L-MMMMx,0.1778279410038923,C13,-0.75,31,0.7531808610824742,0.4740164577960968
1971,JG075A,61,S075_WT,6.0,False,C13,1000000.0,EVAGREEN,JG075A_061,STANDARD,,64.350494,42,L-MMMMx,0.1778279410038923,C13,-0.75,32,0.782681264320139,0.486000657081604
1972,JG075A,61,S075_WT,6.0,False,C13,1000000.0,EVAGREEN,JG075A_061,STANDARD,,64.350494,42,L-MMMMx,0.1778279410038923,C13,-0.75,33,0.8041597130652622,0.48061248660087585
1973,JG075A,61,S075_WT,6.0,False,C13,1000000.0,EVAGREEN,JG075A_061,STANDARD,,64.350494,42,L-MMMMx,0.1778279410038923,C13,-0.75,34,0.8219388038901443,0.467212975025177
1974,JG075A,61,S075_WT,6.0,False,C13,1000000.0,EVAGREEN,JG075A_061,STANDARD,,64.350494,42,L-MMMMx,0.1778279410038923,C13,-0.75,35,0.835562089620887,0.44481363892555237
1975,JG075A,61,S075_WT,6.0,False,C13,1000000.0,EVAGREEN,JG075A_061,STANDARD,,64.350494,42,L-MMMMx,0.1778279410038923,C13,-0.75,36,0.8449796979541195,0.41330647468566895
1976,JG075A,61,S075_WT,6.0,False,C13,1000000.0,EVAGREEN,JG075A_061,STANDARD,,64.350494,42,L-MMMMx,0.1778279410038923,C13,-0.75,37,0.8484615113457494,0.3689447343349457
1977,JG075A,61,S075_WT,6.0,False,C13,1000000.0,EVAGREEN,JG075A_061,STANDARD,,64.350494,42,L-MMMMx,0.1778279410038923,C13,-0.75,38,0.8548648728931274,0.33090993762016296
1978,JG075A,61,S075_WT,6.0,False,C13,1000000.0,EVAGREEN,JG075A_061,STANDARD,,64.350494,42,L-MMMMx,0.1778279410038923,C13,-0.75,39,0.8618739682443612,0.29418689012527466
1979,JG075A,61,S075_WT,6.0,False,C13,1000000.0,EVAGREEN,JG075A_061,STANDARD,,64.350494,42,L-MMMMx,0.1778279410038923,C13,-0.75,40,0.8660043417665829,0.2512296736240387
1980,JG075A,61,S075_WT,6.0,False,C13,1000000.0,EVAGREEN,JG075A_061,STANDARD,,64.350494,42,L-MMMMx,0.1778279410038923,C13,-0.75,41,0.8678978378939036,0.2034282684326172
1981,JG075A,61,S075_WT,6.0,False,C13,1000000.0,EVAGREEN,JG075A_061,STANDARD,,64.350494,42,L-MMMMx,0.1778279410038923,C13,-0.75,42,0.8710134806872739,0.15827354788780212
1982,JG075A,61,S075_WT,6.0,False,C13,1000000.0,EVAGREEN,JG075A_061,STANDARD,,64.350494,42,L-MMMMx,0.1778279410038923,C13,-0.75,43,0.8745107071527933,0.11394519358873367
1983,JG075A,61,S075_WT,6.0,False,C13,1000000.0,EVAGREEN,JG075A_061,STANDARD,,64.350494,42,L-MMMMx,0.1778279410038923,C13,-0.75,44,0.8786834666282111,0.07107977569103241
1984,JG075A,61,S075_WT,6.0,False,C13,1000000.0,EVAGREEN,JG075A_061,STANDARD,,64.350494,42,L-MMMMx,0.1778279410038923,C13,-0.75,45,0.8830897341730541,0.028720038011670113
1985,JG075A,61,S075_WT,6.0,False,C13,1000000.0,EVAGREEN,JG075A_061,STANDARD,,64.350494,42,L-MMMMx,0.1778279410038923,C13,-0.75,46,0.8847981633203164,-0.019482145085930824
1986,JG075A,61,S075_WT,6.0,False,C13,1000000.0,EVAGREEN,JG075A_061,STANDARD,,64.350494,42,L-MMMMx,0.1778279410038923,C13,-0.75,47,0.8859838690759558,-0.06881634145975113
1987,JG075A,61,S075_WT,6.0,False,C13,1000000.0,EVAGREEN,JG075A_061,STANDARD,,64.350494,42,L-MMMMx,0.1778279410038923,C13,-0.75,48,0.8859752817919316,-0.12073689699172974
1988,JG075A,61,S075_WT,6.0,False,C13,1000000.0,EVAGREEN,JG075A_061,STANDARD,,64.350494,42,L-MMMMx,0.1778279410038923,C13,-0.75,49,0.8873013566133502,-0.1697671115398407
1989,JG075A,61,S075_WT,6.0,False,C13,1000000.0,EVAGREEN,JG075A_061,STANDARD,,64.350494,42,L-MMMMx,0.1778279410038923,C13,-0.75,50,0.8893023038843575,-0.21733582019805908
1990,JG075A,61,S075_WT,6.0,False,C13,1000000.0,EVAGREEN,JG075A_061,STANDARD,,64.350494,42,L-MMMMx,0.1778279410038923,C13,-0.75,51,0.892481910934369,-0.26235201954841614
1991,JG075A,61,S075_WT,6.0,False,C13,1000000.0,EVAGREEN,JG075A_061,STANDARD,,64.350494,42,L-MMMMx,0.1778279410038923,C13,-0.75,52,0.8971091359027561,-0.30423322319984436
1992,JG075A,61,S075_WT,6.0,False,C13,1000000.0,EVAGREEN,JG075A_061,STANDARD,,64.350494,42,L-MMMMx,0.1778279410038923,C13,-0.75,53,0.9003464318864681,-0.3491244912147522
1993,JG075A,62,S075_WT,6.0,False,C14,1000000.0,EVAGREEN,JG075A_062,STANDARD,,62.243893,43,L-MMMMx,0.1,C14,-1.0,3,-0.0076033209559469165,0.2443656027317047
1994,JG075A,62,S075_WT,6.0,False,C14,1000000.0,EVAGREEN,JG075A_062,STANDARD,,62.243893,43,L-MMMMx,0.1,C14,-1.0,4,-0.005973126920346872,0.19335472583770752
1995,JG075A,62,S075_WT,6.0,False,C14,1000000.0,EVAGREEN,JG075A_062,STANDARD,,62.243893,43,L-MMMMx,0.1,C14,-1.0,5,-0.004274303420919365,0.14249245822429657
1996,JG075A,62,S075_WT,6.0,False,C14,1000000.0,EVAGREEN,JG075A_062,STANDARD,,62.243893,43,L-MMMMx,0.1,C14,-1.0,6,-0.0019218830185398774,0.09304563701152802
1997,JG075A,62,S075_WT,6.0,False,C14,1000000.0,EVAGREEN,JG075A_062,STANDARD,,62.243893,43,L-MMMMx,0.1,C14,-1.0,7,0.001253953333038008,0.04538200423121452
1998,JG075A,62,S075_WT,6.0,False,C14,1000000.0,EVAGREEN,JG075A_062,STANDARD,,62.243893,43,L-MMMMx,0.1,C14,-1.0,8,0.003321286915154868,-0.004682205151766539
1999,JG075A,62,S075_WT,6.0,False,C14,1000000.0,EVAGREEN,JG075A_062,STANDARD,,62.243893,43,L-MMMMx,0.1,C14,-1.0,9,0.006260972956069175,-0.05285724624991417
2000,JG075A,62,S075_WT,6.0,False,C14,1000000.0,EVAGREEN,JG075A_062,STANDARD,,62.243893,43,L-MMMMx,0.1,C14,-1.0,10,0.00893642111149098,-0.10160452127456665
2001,JG075A,62,S075_WT,6.0,False,C14,1000000.0,EVAGREEN,JG075A_062,STANDARD,,62.243893,43,L-MMMMx,0.1,C14,-1.0,11,0.011270731152050345,-0.1510905623435974
2002,JG075A,62,S075_WT,6.0,False,C14,1000000.0,EVAGREEN,JG075A_062,STANDARD,,62.243893,43,L-MMMMx,0.1,C14,-1.0,12,0.014632790464228437,-0.1983509063720703
2003,JG075A,62,S075_WT,6.0,False,C14,1000000.0,EVAGREEN,JG075A_062,STANDARD,,62.243893,43,L-MMMMx,0.1,C14,-1.0,13,0.01739430412331516,-0.24691180884838104
2004,JG075A,62,S075_WT,6.0,False,C14,1000000.0,EVAGREEN,JG075A_062,STANDARD,,62.243893,43,L-MMMMx,0.1,C14,-1.0,14,0.020640187391051414,-0.2944237291812897
2005,JG075A,62,S075_WT,6.0,False,C14,1000000.0,EVAGREEN,JG075A_062,STANDARD,,62.243893,43,L-MMMMx,0.1,C14,-1.0,15,0.02523160448599167,-0.33902180194854736
2006,JG075A,62,S075_WT,6.0,False,C14,1000000.0,EVAGREEN,JG075A_062,STANDARD,,62.243893,43,L-MMMMx,0.1,C14,-1.0,16,0.0319944209351489,-0.3789174556732178
2007,JG075A,62,S075_WT,6.0,False,C14,1000000.0,EVAGREEN,JG075A_062,STANDARD,,62.243893,43,L-MMMMx,0.1,C14,-1.0,17,0.04186352223995781,-0.4120861291885376
2008,JG075A,62,S075_WT,6.0,False,C14,1000000.0,EVAGREEN,JG075A_062,STANDARD,,62.243893,43,L-MMMMx,0.1,C14,-1.0,18,0.057221976048826305,-0.4333670437335968
2009,JG075A,62,S075_WT,6.0,False,C14,1000000.0,EVAGREEN,JG075A_062,STANDARD,,62.243893,43,L-MMMMx,0.1,C14,-1.0,19,0.08116520925731786,-0.4360567331314087
2010,JG075A,62,S075_WT,6.0,False,C14,1000000.0,EVAGREEN,JG075A_062,STANDARD,,62.243893,43,L-MMMMx,0.1,C14,-1.0,20,0.11724685742905276,-0.41245943307876587
2011,JG075A,62,S075_WT,6.0,False,C14,1000000.0,EVAGREEN,JG075A_062,STANDARD,,62.243893,43,L-MMMMx,0.1,C14,-1.0,21,0.1682922333396816,-0.3564566373825073
2012,JG075A,62,S075_WT,6.0,False,C14,1000000.0,EVAGREEN,JG075A_062,STANDARD,,62.243893,43,L-MMMMx,0.1,C14,-1.0,22,0.23693207346867362,-0.26235121488571167
2013,JG075A,62,S075_WT,6.0,False,C14,1000000.0,EVAGREEN,JG075A_062,STANDARD,,62.243893,43,L-MMMMx,0.1,C14,-1.0,23,0.3203829693350152,-0.13617093861103058
2014,JG075A,62,S075_WT,6.0,False,C14,1000000.0,EVAGREEN,JG075A_062,STANDARD,,62.243893,43,L-MMMMx,0.1,C14,-1.0,24,0.4115816596420894,0.0067879934795200825
2015,JG075A,62,S075_WT,6.0,False,C14,1000000.0,EVAGREEN,JG075A_062,STANDARD,,62.243893,43,L-MMMMx,0.1,C14,-1.0,25,0.5022059101899726,0.148502916097641
2016,JG075A,62,S075_WT,6.0,False,C14,1000000.0,EVAGREEN,JG075A_062,STANDARD,,62.243893,43,L-MMMMx,0.1,C14,-1.0,26,0.5855038863446537,0.2743520438671112
2017,JG075A,62,S075_WT,6.0,False,C14,1000000.0,EVAGREEN,JG075A_062,STANDARD,,62.243893,43,L-MMMMx,0.1,C14,-1.0,27,0.6566583970020581,0.3739032447338104
2018,JG075A,62,S075_WT,6.0,False,C14,1000000.0,EVAGREEN,JG075A_062,STANDARD,,62.243893,43,L-MMMMx,0.1,C14,-1.0,28,0.7139110856648601,0.44334861636161804
2019,JG075A,62,S075_WT,6.0,False,C14,1000000.0,EVAGREEN,JG075A_062,STANDARD,,62.243893,43,L-MMMMx,0.1,C14,-1.0,29,0.7584141896996822,0.485183447599411
2020,JG075A,62,S075_WT,6.0,False,C14,1000000.0,EVAGREEN,JG075A_062,STANDARD,,62.243893,43,L-MMMMx,0.1,C14,-1.0,30,0.7918281925846518,0.5030036568641663
2021,JG075A,62,S075_WT,6.0,False,C14,1000000.0,EVAGREEN,JG075A_062,STANDARD,,62.243893,43,L-MMMMx,0.1,C14,-1.0,31,0.818963900007518,0.5072275996208191
2022,JG075A,62,S075_WT,6.0,False,C14,1000000.0,EVAGREEN,JG075A_062,STANDARD,,62.243893,43,L-MMMMx,0.1,C14,-1.0,32,0.8371536391581693,0.49207812547683716
2023,JG075A,62,S075_WT,6.0,False,C14,1000000.0,EVAGREEN,JG075A_062,STANDARD,,62.243893,43,L-MMMMx,0.1,C14,-1.0,33,0.8474015718005042,0.4597298502922058
2024,JG075A,62,S075_WT,6.0,False,C14,1000000.0,EVAGREEN,JG075A_062,STANDARD,,62.243893,43,L-MMMMx,0.1,C14,-1.0,34,0.8587437225956063,0.4297512173652649
2025,JG075A,62,S075_WT,6.0,False,C14,1000000.0,EVAGREEN,JG075A_062,STANDARD,,62.243893,43,L-MMMMx,0.1,C14,-1.0,35,0.8678543905716686,0.3949400782585144
2026,JG075A,62,S075_WT,6.0,False,C14,1000000.0,EVAGREEN,JG075A_062,STANDARD,,62.243893,43,L-MMMMx,0.1,C14,-1.0,36,0.8723154846222042,0.3500598073005676
2027,JG075A,62,S075_WT,6.0,False,C14,1000000.0,EVAGREEN,JG075A_062,STANDARD,,62.243893,43,L-MMMMx,0.1,C14,-1.0,37,0.8762581489231291,0.3040568232536316
2028,JG075A,62,S075_WT,6.0,False,C14,1000000.0,EVAGREEN,JG075A_062,STANDARD,,62.243893,43,L-MMMMx,0.1,C14,-1.0,38,0.8811235058831084,0.26005202531814575
2029,JG075A,62,S075_WT,6.0,False,C14,1000000.0,EVAGREEN,JG075A_062,STANDARD,,62.243893,43,L-MMMMx,0.1,C14,-1.0,39,0.8845261621309775,0.21287958323955536
2030,JG075A,62,S075_WT,6.0,False,C14,1000000.0,EVAGREEN,JG075A_062,STANDARD,,62.243893,43,L-MMMMx,0.1,C14,-1.0,40,0.8889184478159351,0.1678503006696701
2031,JG075A,62,S075_WT,6.0,False,C14,1000000.0,EVAGREEN,JG075A_062,STANDARD,,62.243893,43,L-MMMMx,0.1,C14,-1.0,41,0.8923825361725922,0.12081090360879898
2032,JG075A,62,S075_WT,6.0,False,C14,1000000.0,EVAGREEN,JG075A_062,STANDARD,,62.243893,43,L-MMMMx,0.1,C14,-1.0,42,0.893529709243508,0.06875398755073547
2033,JG075A,62,S075_WT,6.0,False,C14,1000000.0,EVAGREEN,JG075A_062,STANDARD,,62.243893,43,L-MMMMx,0.1,C14,-1.0,43,0.8958020367083548,0.019133713096380234
2034,JG075A,62,S075_WT,6.0,False,C14,1000000.0,EVAGREEN,JG075A_062,STANDARD,,62.243893,43,L-MMMMx,0.1,C14,-1.0,44,0.8985566832925568,-0.02944204956293106
2035,JG075A,62,S075_WT,6.0,False,C14,1000000.0,EVAGREEN,JG075A_062,STANDARD,,62.243893,43,L-MMMMx,0.1,C14,-1.0,45,0.9016863079458125,-0.07720575481653214
2036,JG075A,62,S075_WT,6.0,False,C14,1000000.0,EVAGREEN,JG075A_062,STANDARD,,62.243893,43,L-MMMMx,0.1,C14,-1.0,46,0.9023649235704887,-0.1302773803472519
2037,JG075A,62,S075_WT,6.0,False,C14,1000000.0,EVAGREEN,JG075A_062,STANDARD,,62.243893,43,L-MMMMx,0.1,C14,-1.0,47,0.904219336546161,-0.18080268800258636
2038,JG075A,62,S075_WT,6.0,False,C14,1000000.0,EVAGREEN,JG075A_062,STANDARD,,62.243893,43,L-MMMMx,0.1,C14,-1.0,48,0.9079654841549953,-0.2272312492132187
2039,JG075A,62,S075_WT,6.0,False,C14,1000000.0,EVAGREEN,JG075A_062,STANDARD,,62.243893,43,L-MMMMx,0.1,C14,-1.0,49,0.9096435275280184,-0.27813851833343506
2040,JG075A,62,S075_WT,6.0,False,C14,1000000.0,EVAGREEN,JG075A_062,STANDARD,,62.243893,43,L-MMMMx,0.1,C14,-1.0,50,0.9104386219539449,-0.33095788955688477
2406,JG075A,80,S075_WT,5.0,False,D8,100000.0,EVAGREEN,JG075A_080,STANDARD,,28.0549,52,L-MMMMx,3.1622776601683795,D8,0.5,3,-0.005183382344844051,0.0012076315470039845
2407,JG075A,80,S075_WT,5.0,False,D8,100000.0,EVAGREEN,JG075A_080,STANDARD,,28.0549,52,L-MMMMx,3.1622776601683795,D8,0.5,4,-0.003990740705954289,0.0002308752154931426
2408,JG075A,80,S075_WT,5.0,False,D8,100000.0,EVAGREEN,JG075A_080,STANDARD,,28.0549,52,L-MMMMx,3.1622776601683795,D8,0.5,5,-0.0032618674510600156,-0.0017502193804830313
2409,JG075A,80,S075_WT,5.0,False,D8,100000.0,EVAGREEN,JG075A_080,STANDARD,,28.0549,52,L-MMMMx,3.1622776601683795,D8,0.5,6,-0.0019951329641159006,-0.0025665201246738434
2410,JG075A,80,S075_WT,5.0,False,D8,100000.0,EVAGREEN,JG075A_080,STANDARD,,28.0549,52,L-MMMMx,3.1622776601683795,D8,0.5,7,-0.00034246611631809246,-0.0025470443069934845
2411,JG075A,80,S075_WT,5.0,False,D8,100000.0,EVAGREEN,JG075A_080,STANDARD,,28.0549,52,L-MMMMx,3.1622776601683795,D8,0.5,8,0.002490622004642831,2.8755286621162668e-05
2412,JG075A,80,S075_WT,5.0,False,D8,100000.0,EVAGREEN,JG075A_080,STANDARD,,28.0549,52,L-MMMMx,3.1622776601683795,D8,0.5,9,0.005717459116787104,0.0034572589211165905
2413,JG075A,80,S075_WT,5.0,False,D8,100000.0,EVAGREEN,JG075A_080,STANDARD,,28.0549,52,L-MMMMx,3.1622776601683795,D8,0.5,10,0.0065655084608624145,0.0017342525534331799
2414,JG075A,80,S075_WT,5.0,False,D8,100000.0,EVAGREEN,JG075A_080,STANDARD,,28.0549,52,L-MMMMx,3.1622776601683795,D8,0.5,11,0.008858313295305151,0.0031400129664689302
2415,JG075A,80,S075_WT,5.0,False,D8,100000.0,EVAGREEN,JG075A_080,STANDARD,,28.0549,52,L-MMMMx,3.1622776601683795,D8,0.5,12,0.009347513251218256,0.0006398811237886548
2416,JG075A,80,S075_WT,5.0,False,D8,100000.0,EVAGREEN,JG075A_080,STANDARD,,28.0549,52,L-MMMMx,3.1622776601683795,D8,0.5,13,0.010174699898850326,-0.0011283056810498238
2417,JG075A,80,S075_WT,5.0,False,D8,100000.0,EVAGREEN,JG075A_080,STANDARD,,28.0549,52,L-MMMMx,3.1622776601683795,D8,0.5,14,0.011060511273954824,-0.002769534708932042
2418,JG075A,80,S075_WT,5.0,False,D8,100000.0,EVAGREEN,JG075A_080,STANDARD,,28.0549,52,L-MMMMx,3.1622776601683795,D8,0.5,15,0.014359624693302193,0.000815490901004523
2419,JG075A,80,S075_WT,5.0,False,D8,100000.0,EVAGREEN,JG075A_080,STANDARD,,28.0549,52,L-MMMMx,3.1622776601683795,D8,0.5,16,0.015613037880670413,-2.9658409403054975e-05
2420,JG075A,80,S075_WT,5.0,False,D8,100000.0,EVAGREEN,JG075A_080,STANDARD,,28.0549,52,L-MMMMx,3.1622776601683795,D8,0.5,17,0.01689931394343867,-0.0008036397630348802
2421,JG075A,80,S075_WT,5.0,False,D8,100000.0,EVAGREEN,JG075A_080,STANDARD,,28.0549,52,L-MMMMx,3.1622776601683795,D8,0.5,18,0.01906897932684308,0.00033544955658726394
2422,JG075A,80,S075_WT,5.0,False,D8,100000.0,EVAGREEN,JG075A_080,STANDARD,,28.0549,52,L-MMMMx,3.1622776601683795,D8,0.5,19,0.021179414469157977,0.0013462697388604283
2423,JG075A,80,S075_WT,5.0,False,D8,100000.0,EVAGREEN,JG075A_080,STANDARD,,28.0549,52,L-MMMMx,3.1622776601683795,D8,0.5,20,0.02203005100777902,-0.0003711339959409088
2424,JG075A,80,S075_WT,5.0,False,D8,100000.0,EVAGREEN,JG075A_080,STANDARD,,28.0549,52,L-MMMMx,3.1622776601683795,D8,0.5,21,0.02410756822800142,0.0005683989729732275
2425,JG075A,80,S075_WT,5.0,False,D8,100000.0,EVAGREEN,JG075A_080,STANDARD,,28.0549,52,L-MMMMx,3.1622776601683795,D8,0.5,22,0.025359495154673155,-0.0002799689827952534
2426,JG075A,80,S075_WT,5.0,False,D8,100000.0,EVAGREEN,JG075A_080,STANDARD,,28.0549,52,L-MMMMx,3.1622776601683795,D8,0.5,23,0.026163452098086105,-0.002098462078720331
2427,JG075A,80,S075_WT,5.0,False,D8,100000.0,EVAGREEN,JG075A_080,STANDARD,,28.0549,52,L-MMMMx,3.1622776601683795,D8,0.5,24,0.02916410235090249,0.0008402106468565762
2428,JG075A,80,S075_WT,5.0,False,D8,100000.0,EVAGREEN,JG075A_080,STANDARD,,28.0549,52,L-MMMMx,3.1622776601683795,D8,0.5,25,0.033660151051151686,0.007017322815954685
2429,JG075A,80,S075_WT,5.0,False,D8,100000.0,EVAGREEN,JG075A_080,STANDARD,,28.0549,52,L-MMMMx,3.1622776601683795,D8,0.5,26,0.03871074013126682,0.014395349659025669
2430,JG075A,80,S075_WT,5.0,False,D8,100000.0,EVAGREEN,JG075A_080,STANDARD,,28.0549,52,L-MMMMx,3.1622776601683795,D8,0.5,27,0.04726774847454262,0.029366888105869293
2431,JG075A,80,S075_WT,5.0,False,D8,100000.0,EVAGREEN,JG075A_080,STANDARD,,28.0549,52,L-MMMMx,3.1622776601683795,D8,0.5,28,0.06361474454832351,0.06120844930410385
2432,JG075A,80,S075_WT,5.0,False,D8,100000.0,EVAGREEN,JG075A_080,STANDARD,,28.0549,52,L-MMMMx,3.1622776601683795,D8,0.5,29,0.08918855711926237,0.11303163319826126
2433,JG075A,80,S075_WT,5.0,False,D8,100000.0,EVAGREEN,JG075A_080,STANDARD,,28.0549,52,L-MMMMx,3.1622776601683795,D8,0.5,30,0.12880720299182077,0.1952703595161438
2434,JG075A,80,S075_WT,5.0,False,D8,100000.0,EVAGREEN,JG075A_080,STANDARD,,28.0549,52,L-MMMMx,3.1622776601683795,D8,0.5,31,0.18887217212583293,0.32178768515586853
2435,JG075A,80,S075_WT,5.0,False,D8,100000.0,EVAGREEN,JG075A_080,STANDARD,,28.0549,52,L-MMMMx,3.1622776601683795,D8,0.5,32,0.2655243610995318,0.48422637581825256
2436,JG075A,80,S075_WT,5.0,False,D8,100000.0,EVAGREEN,JG075A_080,STANDARD,,28.0549,52,L-MMMMx,3.1622776601683795,D8,0.5,33,0.35180113397012175,0.667508065700531
2437,JG075A,80,S075_WT,5.0,False,D8,100000.0,EVAGREEN,JG075A_080,STANDARD,,28.0549,52,L-MMMMx,3.1622776601683795,D8,0.5,34,0.4376968736354871,0.8499646186828613
2438,JG075A,80,S075_WT,5.0,False,D8,100000.0,EVAGREEN,JG075A_080,STANDARD,,28.0549,52,L-MMMMx,3.1622776601683795,D8,0.5,35,0.5122025718833082,1.0077548027038574
2439,JG075A,80,S075_WT,5.0,False,D8,100000.0,EVAGREEN,JG075A_080,STANDARD,,28.0549,52,L-MMMMx,3.1622776601683795,D8,0.5,36,0.5727293827670797,1.1352723836898804
2440,JG075A,80,S075_WT,5.0,False,D8,100000.0,EVAGREEN,JG075A_080,STANDARD,,28.0549,52,L-MMMMx,3.1622776601683795,D8,0.5,37,0.6174400678791774,1.2285383939743042
2441,JG075A,80,S075_WT,5.0,False,D8,100000.0,EVAGREEN,JG075A_080,STANDARD,,28.0549,52,L-MMMMx,3.1622776601683795,D8,0.5,38,0.6491499352588969,1.2936497926712036
2442,JG075A,80,S075_WT,5.0,False,D8,100000.0,EVAGREEN,JG075A_080,STANDARD,,28.0549,52,L-MMMMx,3.1622776601683795,D8,0.5,39,0.6707230643150555,1.3368091583251953
2443,JG075A,80,S075_WT,5.0,False,D8,100000.0,EVAGREEN,JG075A_080,STANDARD,,28.0549,52,L-MMMMx,3.1622776601683795,D8,0.5,40,0.6840321435252229,1.3620717525482178
2444,JG075A,80,S075_WT,5.0,False,D8,100000.0,EVAGREEN,JG075A_080,STANDARD,,28.0549,52,L-MMMMx,3.1622776601683795,D8,0.5,41,0.6939935030865988,1.3800846338272095
2445,JG075A,80,S075_WT,5.0,False,D8,100000.0,EVAGREEN,JG075A_080,STANDARD,,28.0549,52,L-MMMMx,3.1622776601683795,D8,0.5,42,0.7023766739750784,1.3946796655654907
2446,JG075A,80,S075_WT,5.0,False,D8,100000.0,EVAGREEN,JG075A_080,STANDARD,,28.0549,52,L-MMMMx,3.1622776601683795,D8,0.5,43,0.7113131742161898,1.4104729890823364
2447,JG075A,80,S075_WT,5.0,False,D8,100000.0,EVAGREEN,JG075A_080,STANDARD,,28.0549,52,L-MMMMx,3.1622776601683795,D8,0.5,44,0.7167342825832692,1.4186534881591797
2448,JG075A,80,S075_WT,5.0,False,D8,100000.0,EVAGREEN,JG075A_080,STANDARD,,28.0549,52,L-MMMMx,3.1622776601683795,D8,0.5,45,0.7207028188296515,1.4236881732940674
2449,JG075A,80,S075_WT,5.0,False,D8,100000.0,EVAGREEN,JG075A_080,STANDARD,,28.0549,52,L-MMMMx,3.1622776601683795,D8,0.5,46,0.7225435802255932,1.4241149425506592
2450,JG075A,80,S075_WT,5.0,False,D8,100000.0,EVAGREEN,JG075A_080,STANDARD,,28.0549,52,L-MMMMx,3.1622776601683795,D8,0.5,47,0.726186570332753,1.428444743156433
2451,JG075A,80,S075_WT,5.0,False,D8,100000.0,EVAGREEN,JG075A_080,STANDARD,,28.0549,52,L-MMMMx,3.1622776601683795,D8,0.5,48,0.7269169298483438,1.4264668226242065
2452,JG075A,80,S075_WT,5.0,False,D8,100000.0,EVAGREEN,JG075A_080,STANDARD,,28.0549,52,L-MMMMx,3.1622776601683795,D8,0.5,49,0.7300466645949844,1.429685115814209
2453,JG075A,80,S075_WT,5.0,False,D8,100000.0,EVAGREEN,JG075A_080,STANDARD,,28.0549,52,L-MMMMx,3.1622776601683795,D8,0.5,50,0.7330240300968892,1.4325733184814453
2454,JG075A,80,S075_WT,5.0,False,D8,100000.0,EVAGREEN,JG075A_080,STANDARD,,28.0549,52,L-MMMMx,3.1622776601683795,D8,0.5,51,0.7331118846180591,1.429203987121582
2455,JG075A,80,S075_WT,5.0,False,D8,100000.0,EVAGREEN,JG075A_080,STANDARD,,28.0549,52,L-MMMMx,3.1622776601683795,D8,0.5,52,0.7359488810541849,1.4317883253097534
2456,JG075A,80,S075_WT,5.0,False,D8,100000.0,EVAGREEN,JG075A_080,STANDARD,,28.0549,52,L-MMMMx,3.1622776601683795,D8,0.5,53,0.7397060380015117,1.4363652467727661
2457,JG075A,80,S075_WT,5.0,False,D8,100000.0,EVAGREEN,JG075A_080,STANDARD,,28.0549,52,L-MMMMx,3.1622776601683795,D8,0.5,54,0.7411841517875113,1.4360066652297974
2458,JG075A,80,S075_WT,5.0,False,D8,100000.0,EVAGREEN,JG075A_080,STANDARD,,28.0549,52,L-MMMMx,3.1622776601683795,D8,0.5,55,0.7430421978448862,1.4364709854125977
2459,JG075A,80,S075_WT,5.0,False,D8,100000.0,EVAGREEN,JG075A_080,STANDARD,,28.0549,52,L-MMMMx,3.1622776601683795,D8,0.5,56,0.7441256268459306,1.4352576732635498
2460,JG075A,80,S075_WT,5.0,False,D8,100000.0,EVAGREEN,JG075A_080,STANDARD,,28.0549,52,L-MMMMx,3.1622776601683795,D8,0.5,57,0.7499529798033823,1.4443179368972778
2461,JG075A,80,S075_WT,5.0,False,D8,100000.0,EVAGREEN,JG075A_080,STANDARD,,28.0549,52,L-MMMMx,3.1622776601683795,D8,0.5,58,0.7498933091887531,1.4406291246414185
2462,JG075A,80,S075_WT,5.0,False,D8,100000.0,EVAGREEN,JG075A_080,STANDARD,,28.0549,52,L-MMMMx,3.1622776601683795,D8,0.5,59,0.7482365138390206,1.4334815740585327
2463,JG075A,80,S075_WT,5.0,False,D8,100000.0,EVAGREEN,JG075A_080,STANDARD,,28.0549,52,L-MMMMx,3.1622776601683795,D8,0.5,60,0.7514564150679146,1.4368951320648193
2464,JG075A,80,S075_WT,5.0,False,D8,100000.0,EVAGREEN,JG075A_080,STANDARD,,28.0549,52,L-MMMMx,3.1622776601683795,D8,0.5,61,0.7563530385492125,1.4439396858215332
2465,JG075A,81,S075_WT,5.0,False,D9,100000.0,EVAGREEN,JG075A_081,STANDARD,,27.52941,53,L-MMMMx,1.7782794100389228,D9,0.25,3,-0.00696120472879162,-0.0009471823577769101
2466,JG075A,81,S075_WT,5.0,False,D9,100000.0,EVAGREEN,JG075A_081,STANDARD,,27.52941,53,L-MMMMx,1.7782794100389228,D9,0.25,4,-0.004752070866891689,-0.00022353969688992947
2467,JG075A,81,S075_WT,5.0,False,D9,100000.0,EVAGREEN,JG075A_081,STANDARD,,27.52941,53,L-MMMMx,1.7782794100389228,D9,0.25,5,-0.003580319447791398,-0.0017464556731283665
2468,JG075A,81,S075_WT,5.0,False,D9,100000.0,EVAGREEN,JG075A_081,STANDARD,,27.52941,53,L-MMMMx,1.7782794100389228,D9,0.25,6,-0.0004872182749844586,0.0008915093494579196
2469,JG075A,81,S075_WT,5.0,False,D9,100000.0,EVAGREEN,JG075A_081,STANDARD,,27.52941,53,L-MMMMx,1.7782794100389228,D9,0.25,7,0.0021797114047787934,0.0026065560523420572
2470,JG075A,81,S075_WT,5.0,False,D9,100000.0,EVAGREEN,JG075A_081,STANDARD,,27.52941,53,L-MMMMx,1.7782794100389228,D9,0.25,8,0.0029658607431801657,0.0002485789591446519
2471,JG075A,81,S075_WT,5.0,False,D9,100000.0,EVAGREEN,JG075A_081,STANDARD,,27.52941,53,L-MMMMx,1.7782794100389228,D9,0.25,9,0.004632894777710653,-0.00020175146346446127
2472,JG075A,81,S075_WT,5.0,False,D9,100000.0,EVAGREEN,JG075A_081,STANDARD,,27.52941,53,L-MMMMx,1.7782794100389228,D9,0.25,10,0.006002346392789555,-0.0012965273344889283
2473,JG075A,81,S075_WT,5.0,False,D9,100000.0,EVAGREEN,JG075A_081,STANDARD,,27.52941,53,L-MMMMx,1.7782794100389228,D9,0.25,11,0.00801366996532595,-0.0010012632701545954
2474,JG075A,81,S075_WT,5.0,False,D9,100000.0,EVAGREEN,JG075A_081,STANDARD,,27.52941,53,L-MMMMx,1.7782794100389228,D9,0.25,12,0.010536542450915174,0.00040181278018280864
2475,JG075A,81,S075_WT,5.0,False,D9,100000.0,EVAGREEN,JG075A_081,STANDARD,,27.52941,53,L-MMMMx,1.7782794100389228,D9,0.25,13,0.012123566117951604,-0.00022178834478836507
2476,JG075A,81,S075_WT,5.0,False,D9,100000.0,EVAGREEN,JG075A_081,STANDARD,,27.52941,53,L-MMMMx,1.7782794100389228,D9,0.25,14,0.01513376697191021,0.00223664753139019
2477,JG075A,81,S075_WT,5.0,False,D9,100000.0,EVAGREEN,JG075A_081,STANDARD,,27.52941,53,L-MMMMx,1.7782794100389228,D9,0.25,15,0.016688313090393838,0.0015427129110321403
2478,JG075A,81,S075_WT,5.0,False,D9,100000.0,EVAGREEN,JG075A_081,STANDARD,,27.52941,53,L-MMMMx,1.7782794100389228,D9,0.25,16,0.017646098015892887,-0.00044356961734592915
2479,JG075A,81,S075_WT,5.0,False,D9,100000.0,EVAGREEN,JG075A_081,STANDARD,,27.52941,53,L-MMMMx,1.7782794100389228,D9,0.25,17,0.0192927647742123,-0.0009380074916407466
2480,JG075A,81,S075_WT,5.0,False,D9,100000.0,EVAGREEN,JG075A_081,STANDARD,,27.52941,53,L-MMMMx,1.7782794100389228,D9,0.25,18,0.021999273025855994,0.0008627506904304028
2481,JG075A,81,S075_WT,5.0,False,D9,100000.0,EVAGREEN,JG075A_081,STANDARD,,27.52941,53,L-MMMMx,1.7782794100389228,D9,0.25,19,0.02379054744527406,0.0006814756779931486
2482,JG075A,81,S075_WT,5.0,False,D9,100000.0,EVAGREEN,JG075A_081,STANDARD,,27.52941,53,L-MMMMx,1.7782794100389228,D9,0.25,20,0.02501940980780406,-0.0007177607039920986
2483,JG075A,81,S075_WT,5.0,False,D9,100000.0,EVAGREEN,JG075A_081,STANDARD,,27.52941,53,L-MMMMx,1.7782794100389228,D9,0.25,21,0.026539909546999713,-0.0014854262117296457
2484,JG075A,81,S075_WT,5.0,False,D9,100000.0,EVAGREEN,JG075A_081,STANDARD,,27.52941,53,L-MMMMx,1.7782794100389228,D9,0.25,22,0.02885616427243142,-0.000529802346136421
2485,JG075A,81,S075_WT,5.0,False,D9,100000.0,EVAGREEN,JG075A_081,STANDARD,,27.52941,53,L-MMMMx,1.7782794100389228,D9,0.25,23,0.030369562988299428,-0.001312845852226019
2486,JG075A,81,S075_WT,5.0,False,D9,100000.0,EVAGREEN,JG075A_081,STANDARD,,27.52941,53,L-MMMMx,1.7782794100389228,D9,0.25,24,0.03358676692926278,0.0015938765136525035
2487,JG075A,81,S075_WT,5.0,False,D9,100000.0,EVAGREEN,JG075A_081,STANDARD,,27.52941,53,L-MMMMx,1.7782794100389228,D9,0.25,25,0.03870021933216995,0.008607120253145695
2488,JG075A,81,S075_WT,5.0,False,D9,100000.0,EVAGREEN,JG075A_081,STANDARD,,27.52941,53,L-MMMMx,1.7782794100389228,D9,0.25,26,0.04607779724274696,0.020523561164736748
2489,JG075A,81,S075_WT,5.0,False,D9,100000.0,EVAGREEN,JG075A_081,STANDARD,,27.52941,53,L-MMMMx,1.7782794100389228,D9,0.25,27,0.058754665189984095,0.043916162103414536
2490,JG075A,81,S075_WT,5.0,False,D9,100000.0,EVAGREEN,JG075A_081,STANDARD,,27.52941,53,L-MMMMx,1.7782794100389228,D9,0.25,28,0.07947192827173767,0.08472106605768204
2491,JG075A,81,S075_WT,5.0,False,D9,100000.0,EVAGREEN,JG075A_081,STANDARD,,27.52941,53,L-MMMMx,1.7782794100389228,D9,0.25,29,0.11481091399211646,0.15719081461429596
2492,JG075A,81,S075_WT,5.0,False,D9,100000.0,EVAGREEN,JG075A_081,STANDARD,,27.52941,53,L-MMMMx,1.7782794100389228,D9,0.25,30,0.1688935737293954,0.27025192975997925
2493,JG075A,81,S075_WT,5.0,False,D9,100000.0,EVAGREEN,JG075A_081,STANDARD,,27.52941,53,L-MMMMx,1.7782794100389228,D9,0.25,31,0.24348773201200355,0.42773282527923584
2494,JG075A,81,S075_WT,5.0,False,D9,100000.0,EVAGREEN,JG075A_081,STANDARD,,27.52941,53,L-MMMMx,1.7782794100389228,D9,0.25,32,0.33096870632690034,0.6131213903427124
2495,JG075A,81,S075_WT,5.0,False,D9,100000.0,EVAGREEN,JG075A_081,STANDARD,,27.52941,53,L-MMMMx,1.7782794100389228,D9,0.25,33,0.4266904457368766,0.8163562417030334
2496,JG075A,81,S075_WT,5.0,False,D9,100000.0,EVAGREEN,JG075A_081,STANDARD,,27.52941,53,L-MMMMx,1.7782794100389228,D9,0.25,34,0.5156693506470594,1.0049887895584106
2497,JG075A,81,S075_WT,5.0,False,D9,100000.0,EVAGREEN,JG075A_081,STANDARD,,27.52941,53,L-MMMMx,1.7782794100389228,D9,0.25,35,0.5918950378475598,1.166002869606018
2498,JG075A,81,S075_WT,5.0,False,D9,100000.0,EVAGREEN,JG075A_081,STANDARD,,27.52941,53,L-MMMMx,1.7782794100389228,D9,0.25,36,0.6507606496462018,1.2894220352172852
2499,JG075A,81,S075_WT,5.0,False,D9,100000.0,EVAGREEN,JG075A_081,STANDARD,,27.52941,53,L-MMMMx,1.7782794100389228,D9,0.25,37,0.6924324270542218,1.3756060600280762
2500,JG075A,81,S075_WT,5.0,False,D9,100000.0,EVAGREEN,JG075A_081,STANDARD,,27.52941,53,L-MMMMx,1.7782794100389228,D9,0.25,38,0.7190155757781507,1.4291141033172607
2501,JG075A,81,S075_WT,5.0,False,D9,100000.0,EVAGREEN,JG075A_081,STANDARD,,27.52941,53,L-MMMMx,1.7782794100389228,D9,0.25,39,0.7379530691992109,1.4660648107528687
2502,JG075A,81,S075_WT,5.0,False,D9,100000.0,EVAGREEN,JG075A_081,STANDARD,,27.52941,53,L-MMMMx,1.7782794100389228,D9,0.25,40,0.7505980651115123,1.489388346672058
2503,JG075A,81,S075_WT,5.0,False,D9,100000.0,EVAGREEN,JG075A_081,STANDARD,,27.52941,53,L-MMMMx,1.7782794100389228,D9,0.25,41,0.7602272729305701,1.5061808824539185
2504,JG075A,81,S075_WT,5.0,False,D9,100000.0,EVAGREEN,JG075A_081,STANDARD,,27.52941,53,L-MMMMx,1.7782794100389228,D9,0.25,42,0.769913509123019,1.523097038269043
2505,JG075A,81,S075_WT,5.0,False,D9,100000.0,EVAGREEN,JG075A_081,STANDARD,,27.52941,53,L-MMMMx,1.7782794100389228,D9,0.25,43,0.7725403372873235,1.5247251987457275
2506,JG075A,81,S075_WT,5.0,False,D9,100000.0,EVAGREEN,JG075A_081,STANDARD,,27.52941,53,L-MMMMx,1.7782794100389228,D9,0.25,44,0.7785562802131513,1.5336928367614746
2507,JG075A,81,S075_WT,5.0,False,D9,100000.0,EVAGREEN,JG075A_081,STANDARD,,27.52941,53,L-MMMMx,1.7782794100389228,D9,0.25,45,0.7854773008564453,1.5446206331253052
2508,JG075A,81,S075_WT,5.0,False,D9,100000.0,EVAGREEN,JG075A_081,STANDARD,,27.52941,53,L-MMMMx,1.7782794100389228,D9,0.25,46,0.7867822377479583,1.5433861017227173
2509,JG075A,81,S075_WT,5.0,False,D9,100000.0,EVAGREEN,JG075A_081,STANDARD,,27.52941,53,L-MMMMx,1.7782794100389228,D9,0.25,47,0.788320352428742,1.542656660079956
2510,JG075A,81,S075_WT,5.0,False,D9,100000.0,EVAGREEN,JG075A_081,STANDARD,,27.52941,53,L-MMMMx,1.7782794100389228,D9,0.25,48,0.7933967584076219,1.5495896339416504
2511,JG075A,81,S075_WT,5.0,False,D9,100000.0,EVAGREEN,JG075A_081,STANDARD,,27.52941,53,L-MMMMx,1.7782794100389228,D9,0.25,49,0.798560908814287,1.5567126274108887
2512,JG075A,81,S075_WT,5.0,False,D9,100000.0,EVAGREEN,JG075A_081,STANDARD,,27.52941,53,L-MMMMx,1.7782794100389228,D9,0.25,50,0.799852524406224,1.555449366569519
2513,JG075A,81,S075_WT,5.0,False,D9,100000.0,EVAGREEN,JG075A_081,STANDARD,,27.52941,53,L-MMMMx,1.7782794100389228,D9,0.25,51,0.8008552549561186,1.5535603761672974
2514,JG075A,81,S075_WT,5.0,False,D9,100000.0,EVAGREEN,JG075A_081,STANDARD,,27.52941,53,L-MMMMx,1.7782794100389228,D9,0.25,52,0.8039227869402769,1.5561429262161255
2515,JG075A,81,S075_WT,5.0,False,D9,100000.0,EVAGREEN,JG075A_081,STANDARD,,27.52941,53,L-MMMMx,1.7782794100389228,D9,0.25,53,0.7995038586561674,1.5425128936767578
2516,JG075A,81,S075_WT,5.0,False,D9,100000.0,EVAGREEN,JG075A_081,STANDARD,,27.52941,53,L-MMMMx,1.7782794100389228,D9,0.25,54,0.8036374248865519,1.5474040508270264
2517,JG075A,81,S075_WT,5.0,False,D9,100000.0,EVAGREEN,JG075A_081,STANDARD,,27.52941,53,L-MMMMx,1.7782794100389228,D9,0.25,55,0.8092746465682386,1.555551528930664
2518,JG075A,81,S075_WT,5.0,False,D9,100000.0,EVAGREEN,JG075A_081,STANDARD,,27.52941,53,L-MMMMx,1.7782794100389228,D9,0.25,56,0.8115674514026813,1.556456446647644
2519,JG075A,81,S075_WT,5.0,False,D9,100000.0,EVAGREEN,JG075A_081,STANDARD,,27.52941,53,L-MMMMx,1.7782794100389228,D9,0.25,57,0.8134928746116301,1.5565656423568726
2520,JG075A,81,S075_WT,5.0,False,D9,100000.0,EVAGREEN,JG075A_081,STANDARD,,27.52941,53,L-MMMMx,1.7782794100389228,D9,0.25,58,0.8140501673261191,1.553712010383606
2521,JG075A,81,S075_WT,5.0,False,D9,100000.0,EVAGREEN,JG075A_081,STANDARD,,27.52941,53,L-MMMMx,1.7782794100389228,D9,0.25,59,0.8129893074689843,1.5473542213439941
2522,JG075A,81,S075_WT,5.0,False,D9,100000.0,EVAGREEN,JG075A_081,STANDARD,,27.52941,53,L-MMMMx,1.7782794100389228,D9,0.25,60,0.8163074119972312,1.5504794120788574
2523,JG075A,82,S075_WT,5.0,False,D10,100000.0,EVAGREEN,JG075A_082,STANDARD,,27.042345,54,L-MMMMx,1.0,D10,0.0,3,-0.007763296965497407,-0.00010891936108237132
2524,JG075A,82,S075_WT,5.0,False,D10,100000.0,EVAGREEN,JG075A_082,STANDARD,,27.042345,54,L-MMMMx,1.0,D10,0.0,4,-0.004524955094628498,0.002090889262035489
2525,JG075A,82,S075_WT,5.0,False,D10,100000.0,EVAGREEN,JG075A_082,STANDARD,,27.042345,54,L-MMMMx,1.0,D10,0.0,5,-0.0032725877944170625,-1.013480232359143e-05
2526,JG075A,82,S075_WT,5.0,False,D10,100000.0,EVAGREEN,JG075A_082,STANDARD,,27.042345,54,L-MMMMx,1.0,D10,0.0,6,-0.0013212651166646526,-0.0005974989617243409
2527,JG075A,82,S075_WT,5.0,False,D10,100000.0,EVAGREEN,JG075A_082,STANDARD,,27.042345,54,L-MMMMx,1.0,D10,0.0,7,0.0010318984160630762,-0.00031463528284803033
2528,JG075A,82,S075_WT,5.0,False,D10,100000.0,EVAGREEN,JG075A_082,STANDARD,,27.042345,54,L-MMMMx,1.0,D10,0.0,8,0.0036608458780272913,0.0005654669366776943
2529,JG075A,82,S075_WT,5.0,False,D10,100000.0,EVAGREEN,JG075A_082,STANDARD,,27.042345,54,L-MMMMx,1.0,D10,0.0,9,0.0049684525341247175,-0.001415930688381195
2530,JG075A,82,S075_WT,5.0,False,D10,100000.0,EVAGREEN,JG075A_082,STANDARD,,27.042345,54,L-MMMMx,1.0,D10,0.0,10,0.007220908142992536,-0.0013511603465303779
2531,JG075A,82,S075_WT,5.0,False,D10,100000.0,EVAGREEN,JG075A_082,STANDARD,,27.042345,54,L-MMMMx,1.0,D10,0.0,11,0.010045271363198173,-4.78651600133162e-05
2532,JG075A,82,S075_WT,5.0,False,D10,100000.0,EVAGREEN,JG075A_082,STANDARD,,27.042345,54,L-MMMMx,1.0,D10,0.0,12,0.012533629572613489,0.0005277765449136496
2533,JG075A,82,S075_WT,5.0,False,D10,100000.0,EVAGREEN,JG075A_082,STANDARD,,27.042345,54,L-MMMMx,1.0,D10,0.0,13,0.01440794192761104,-0.0002263614151161164
2534,JG075A,82,S075_WT,5.0,False,D10,100000.0,EVAGREEN,JG075A_082,STANDARD,,27.042345,54,L-MMMMx,1.0,D10,0.0,14,0.01709405537969743,0.0007775396225042641
2535,JG075A,82,S075_WT,5.0,False,D10,100000.0,EVAGREEN,JG075A_082,STANDARD,,27.042345,54,L-MMMMx,1.0,D10,0.0,15,0.019415622110951755,0.0009919771691784263
2536,JG075A,82,S075_WT,5.0,False,D10,100000.0,EVAGREEN,JG075A_082,STANDARD,,27.042345,54,L-MMMMx,1.0,D10,0.0,16,0.02066496184307776,-0.0011156033724546432
2537,JG075A,82,S075_WT,5.0,False,D10,100000.0,EVAGREEN,JG075A_082,STANDARD,,27.042345,54,L-MMMMx,1.0,D10,0.0,17,0.023488609456281388,0.000186142060556449
2538,JG075A,82,S075_WT,5.0,False,D10,100000.0,EVAGREEN,JG075A_082,STANDARD,,27.042345,54,L-MMMMx,1.0,D10,0.0,18,0.025481272200073037,-0.00031169591238722205
2539,JG075A,82,S075_WT,5.0,False,D10,100000.0,EVAGREEN,JG075A_082,STANDARD,,27.042345,54,L-MMMMx,1.0,D10,0.0,19,0.027684213309070952,-0.0003541543846949935
2540,JG075A,82,S075_WT,5.0,False,D10,100000.0,EVAGREEN,JG075A_082,STANDARD,,27.042345,54,L-MMMMx,1.0,D10,0.0,20,0.03015074550492494,0.00017422081145923585
2541,JG075A,82,S075_WT,5.0,False,D10,100000.0,EVAGREEN,JG075A_082,STANDARD,,27.042345,54,L-MMMMx,1.0,D10,0.0,21,0.031794357171812684,-0.0010795232374221087
2542,JG075A,82,S075_WT,5.0,False,D10,100000.0,EVAGREEN,JG075A_082,STANDARD,,27.042345,54,L-MMMMx,1.0,D10,0.0,22,0.034577407849325316,0.00013430535909719765
2543,JG075A,82,S075_WT,5.0,False,D10,100000.0,EVAGREEN,JG075A_082,STANDARD,,27.042345,54,L-MMMMx,1.0,D10,0.0,23,0.037423734699823435,0.001485165092162788
2544,JG075A,82,S075_WT,5.0,False,D10,100000.0,EVAGREEN,JG075A_082,STANDARD,,27.042345,54,L-MMMMx,1.0,D10,0.0,24,0.04117376310047633,0.004793083760887384
2545,JG075A,82,S075_WT,5.0,False,D10,100000.0,EVAGREEN,JG075A_082,STANDARD,,27.042345,54,L-MMMMx,1.0,D10,0.0,25,0.04726583560197955,0.013172940351068974
2546,JG075A,82,S075_WT,5.0,False,D10,100000.0,EVAGREEN,JG075A_082,STANDARD,,27.042345,54,L-MMMMx,1.0,D10,0.0,26,0.05757371409240603,0.030682560056447983
2547,JG075A,82,S075_WT,5.0,False,D10,100000.0,EVAGREEN,JG075A_082,STANDARD,,27.042345,54,L-MMMMx,1.0,D10,0.0,27,0.07363556829923183,0.06065300852060318
2548,JG075A,82,S075_WT,5.0,False,D10,100000.0,EVAGREEN,JG075A_082,STANDARD,,27.042345,54,L-MMMMx,1.0,D10,0.0,28,0.10106693150731344,0.11524529755115509
2549,JG075A,82,S075_WT,5.0,False,D10,100000.0,EVAGREEN,JG075A_082,STANDARD,,27.042345,54,L-MMMMx,1.0,D10,0.0,29,0.1455502187328491,0.2067652940750122
2550,JG075A,82,S075_WT,5.0,False,D10,100000.0,EVAGREEN,JG075A_082,STANDARD,,27.042345,54,L-MMMMx,1.0,D10,0.0,30,0.2108436328103223,0.3433517515659332
2551,JG075A,82,S075_WT,5.0,False,D10,100000.0,EVAGREEN,JG075A_082,STANDARD,,27.042345,54,L-MMMMx,1.0,D10,0.0,31,0.2968826039694748,0.5248648524284363
2552,JG075A,82,S075_WT,5.0,False,D10,100000.0,EVAGREEN,JG075A_082,STANDARD,,27.042345,54,L-MMMMx,1.0,D10,0.0,32,0.39798295569994946,0.7389949560165405
2553,JG075A,82,S075_WT,5.0,False,D10,100000.0,EVAGREEN,JG075A_082,STANDARD,,27.042345,54,L-MMMMx,1.0,D10,0.0,33,0.5022995755776156,0.9600902199745178
2554,JG075A,82,S075_WT,5.0,False,D10,100000.0,EVAGREEN,JG075A_082,STANDARD,,27.042345,54,L-MMMMx,1.0,D10,0.0,34,0.5954757907880543,1.1570597887039185
2555,JG075A,82,S075_WT,5.0,False,D10,100000.0,EVAGREEN,JG075A_082,STANDARD,,27.042345,54,L-MMMMx,1.0,D10,0.0,35,0.6712009934606868,1.3162373304367065
2556,JG075A,82,S075_WT,5.0,False,D10,100000.0,EVAGREEN,JG075A_082,STANDARD,,27.042345,54,L-MMMMx,1.0,D10,0.0,36,0.7272667102939228,1.4328402280807495
2557,JG075A,82,S075_WT,5.0,False,D10,100000.0,EVAGREEN,JG075A_082,STANDARD,,27.042345,54,L-MMMMx,1.0,D10,0.0,37,0.7685951064343625,1.5175280570983887
2558,JG075A,82,S075_WT,5.0,False,D10,100000.0,EVAGREEN,JG075A_082,STANDARD,,27.042345,54,L-MMMMx,1.0,D10,0.0,38,0.7969750892936481,1.5741746425628662
2559,JG075A,82,S075_WT,5.0,False,D10,100000.0,EVAGREEN,JG075A_082,STANDARD,,27.042345,54,L-MMMMx,1.0,D10,0.0,39,0.8182769482493522,1.615492820739746
2560,JG075A,82,S075_WT,5.0,False,D10,100000.0,EVAGREEN,JG075A_082,STANDARD,,27.042345,54,L-MMMMx,1.0,D10,0.0,40,0.8332021983502148,1.643001914024353
2561,JG075A,82,S075_WT,5.0,False,D10,100000.0,EVAGREEN,JG075A_082,STANDARD,,27.042345,54,L-MMMMx,1.0,D10,0.0,41,0.8437908700188919,1.6611195802688599
2562,JG075A,82,S075_WT,5.0,False,D10,100000.0,EVAGREEN,JG075A_082,STANDARD,,27.042345,54,L-MMMMx,1.0,D10,0.0,42,0.847625092335666,1.6646097898483276
2563,JG075A,82,S075_WT,5.0,False,D10,100000.0,EVAGREEN,JG075A_082,STANDARD,,27.042345,54,L-MMMMx,1.0,D10,0.0,43,0.853825001307703,1.6732232570648193
2564,JG075A,82,S075_WT,5.0,False,D10,100000.0,EVAGREEN,JG075A_082,STANDARD,,27.042345,54,L-MMMMx,1.0,D10,0.0,44,0.8594479108493495,1.6805870532989502
2565,JG075A,82,S075_WT,5.0,False,D10,100000.0,EVAGREEN,JG075A_082,STANDARD,,27.042345,54,L-MMMMx,1.0,D10,0.0,45,0.8619572693719392,1.6812081336975098
2566,JG075A,82,S075_WT,5.0,False,D10,100000.0,EVAGREEN,JG075A_082,STANDARD,,27.042345,54,L-MMMMx,1.0,D10,0.0,46,0.8697320642153246,1.6932321786880493
2567,JG075A,82,S075_WT,5.0,False,D10,100000.0,EVAGREEN,JG075A_082,STANDARD,,27.042345,54,L-MMMMx,1.0,D10,0.0,47,0.8740864777758681,1.697848916053772
2568,JG075A,82,S075_WT,5.0,False,D10,100000.0,EVAGREEN,JG075A_082,STANDARD,,27.042345,54,L-MMMMx,1.0,D10,0.0,48,0.8749202149799032,1.6948412656784058
2569,JG075A,82,S075_WT,5.0,False,D10,100000.0,EVAGREEN,JG075A_082,STANDARD,,27.042345,54,L-MMMMx,1.0,D10,0.0,49,0.8752889177260161,1.690826654434204
2570,JG075A,82,S075_WT,5.0,False,D10,100000.0,EVAGREEN,JG075A_082,STANDARD,,27.042345,54,L-MMMMx,1.0,D10,0.0,50,0.8789446786658273,1.6939303874969482
2571,JG075A,82,S075_WT,5.0,False,D10,100000.0,EVAGREEN,JG075A_082,STANDARD,,27.042345,54,L-MMMMx,1.0,D10,0.0,51,0.8815491578729919,1.6947574615478516
2572,JG075A,82,S075_WT,5.0,False,D10,100000.0,EVAGREEN,JG075A_082,STANDARD,,27.042345,54,L-MMMMx,1.0,D10,0.0,52,0.8818570890706264,1.6906112432479858
2573,JG075A,82,S075_WT,5.0,False,D10,100000.0,EVAGREEN,JG075A_082,STANDARD,,27.042345,54,L-MMMMx,1.0,D10,0.0,53,0.8839889373763092,1.6904147863388062
2574,JG075A,82,S075_WT,5.0,False,D10,100000.0,EVAGREEN,JG075A_082,STANDARD,,27.042345,54,L-MMMMx,1.0,D10,0.0,54,0.8855344283138827,1.6889485120773315
2575,JG075A,82,S075_WT,5.0,False,D10,100000.0,EVAGREEN,JG075A_082,STANDARD,,27.042345,54,L-MMMMx,1.0,D10,0.0,55,0.8865454158676467,1.6863248348236084
2576,JG075A,82,S075_WT,5.0,False,D10,100000.0,EVAGREEN,JG075A_082,STANDARD,,27.042345,54,L-MMMMx,1.0,D10,0.0,56,0.8894243578834288,1.687746286392212
2577,JG075A,82,S075_WT,5.0,False,D10,100000.0,EVAGREEN,JG075A_082,STANDARD,,27.042345,54,L-MMMMx,1.0,D10,0.0,57,0.8932005609863476,1.6911108493804932
2578,JG075A,82,S075_WT,5.0,False,D10,100000.0,EVAGREEN,JG075A_082,STANDARD,,27.042345,54,L-MMMMx,1.0,D10,0.0,58,0.8961782567684071,1.6927462816238403
2579,JG075A,82,S075_WT,5.0,False,D10,100000.0,EVAGREEN,JG075A_082,STANDARD,,27.042345,54,L-MMMMx,1.0,D10,0.0,59,0.8990892359592023,1.6942371129989624
2580,JG075A,82,S075_WT,5.0,False,D10,100000.0,EVAGREEN,JG075A_082,STANDARD,,27.042345,54,L-MMMMx,1.0,D10,0.0,60,0.8992984133905593,1.689876914024353
2581,JG075A,83,S075_WT,5.0,False,D11,100000.0,EVAGREEN,JG075A_083,STANDARD,,26.052122,55,L-MMMMx,0.5623413251903491,D11,-0.25,3,-0.006989414438469447,0.0012848700862377882
2582,JG075A,83,S075_WT,5.0,False,D11,100000.0,EVAGREEN,JG075A_083,STANDARD,,26.052122,55,L-MMMMx,0.5623413251903491,D11,-0.25,4,-0.006166714096273059,-0.0016195049975067377
2583,JG075A,83,S075_WT,5.0,False,D11,100000.0,EVAGREEN,JG075A_083,STANDARD,,26.052122,55,L-MMMMx,0.5623413251903491,D11,-0.25,5,-0.004501358985862675,-0.0026990242768079042
2584,JG075A,83,S075_WT,5.0,False,D11,100000.0,EVAGREEN,JG075A_083,STANDARD,,26.052122,55,L-MMMMx,0.5623413251903491,D11,-0.25,6,-0.001173841473204722,-0.00017895946803037077
2585,JG075A,83,S075_WT,5.0,False,D11,100000.0,EVAGREEN,JG075A_083,STANDARD,,26.052122,55,L-MMMMx,0.5623413251903491,D11,-0.25,7,0.0017398074821748833,0.0014448303263634443
2586,JG075A,83,S075_WT,5.0,False,D11,100000.0,EVAGREEN,JG075A_083,STANDARD,,26.052122,55,L-MMMMx,0.5623413251903491,D11,-0.25,8,0.0034642139319242785,0.0004931928124278784
2587,JG075A,83,S075_WT,5.0,False,D11,100000.0,EVAGREEN,JG075A_083,STANDARD,,26.052122,55,L-MMMMx,0.5623413251903491,D11,-0.25,9,0.006111257994035498,0.001539622200652957
2588,JG075A,83,S075_WT,5.0,False,D11,100000.0,EVAGREEN,JG075A_083,STANDARD,,26.052122,55,L-MMMMx,0.5623413251903491,D11,-0.25,10,0.007516049585675243,-0.00010417428711662069
2589,JG075A,83,S075_WT,5.0,False,D11,100000.0,EVAGREEN,JG075A_083,STANDARD,,26.052122,55,L-MMMMx,0.5623413251903491,D11,-0.25,11,0.009991719532477981,0.0005711267585866153
2590,JG075A,83,S075_WT,5.0,False,D11,100000.0,EVAGREEN,JG075A_083,STANDARD,,26.052122,55,L-MMMMx,0.5623413251903491,D11,-0.25,12,0.01228199221906745,0.0008449309389106929
2591,JG075A,83,S075_WT,5.0,False,D11,100000.0,EVAGREEN,JG075A_083,STANDARD,,26.052122,55,L-MMMMx,0.5623413251903491,D11,-0.25,13,0.014084441117055374,6.230240251170471e-05
2592,JG075A,83,S075_WT,5.0,False,D11,100000.0,EVAGREEN,JG075A_083,STANDARD,,26.052122,55,L-MMMMx,0.5623413251903491,D11,-0.25,14,0.016314905572284474,0.00020658568246290088
2593,JG075A,83,S075_WT,5.0,False,D11,100000.0,EVAGREEN,JG075A_083,STANDARD,,26.052122,55,L-MMMMx,0.5623413251903491,D11,-0.25,15,0.018703601744996665,0.0006935360725037754
2594,JG075A,83,S075_WT,5.0,False,D11,100000.0,EVAGREEN,JG075A_083,STANDARD,,26.052122,55,L-MMMMx,0.5623413251903491,D11,-0.25,16,0.02079215582705777,0.0005304978112690151
2595,JG075A,83,S075_WT,5.0,False,D11,100000.0,EVAGREEN,JG075A_083,STANDARD,,26.052122,55,L-MMMMx,0.5623413251903491,D11,-0.25,17,0.022188800508213084,-0.001130941673181951
2596,JG075A,83,S075_WT,5.0,False,D11,100000.0,EVAGREEN,JG075A_083,STANDARD,,26.052122,55,L-MMMMx,0.5623413251903491,D11,-0.25,18,0.024347043702931552,-0.0011430609738454223
2597,JG075A,83,S075_WT,5.0,False,D11,100000.0,EVAGREEN,JG075A_083,STANDARD,,26.052122,55,L-MMMMx,0.5623413251903491,D11,-0.25,19,0.02613518046087926,-0.0019566838163882494
2598,JG075A,83,S075_WT,5.0,False,D11,100000.0,EVAGREEN,JG075A_083,STANDARD,,26.052122,55,L-MMMMx,0.5623413251903491,D11,-0.25,20,0.02858142795056086,-0.001345100230537355
2599,JG075A,83,S075_WT,5.0,False,D11,100000.0,EVAGREEN,JG075A_083,STANDARD,,26.052122,55,L-MMMMx,0.5623413251903491,D11,-0.25,21,0.03134215719427999,-5.247382432571612e-05
2600,JG075A,83,S075_WT,5.0,False,D11,100000.0,EVAGREEN,JG075A_083,STANDARD,,26.052122,55,L-MMMMx,0.5623413251903491,D11,-0.25,22,0.034711620286594275,0.0025584285613149405
2601,JG075A,83,S075_WT,5.0,False,D11,100000.0,EVAGREEN,JG075A_083,STANDARD,,26.052122,55,L-MMMMx,0.5623413251903491,D11,-0.25,23,0.03896650942716581,0.007086812052875757
2602,JG075A,83,S075_WT,5.0,False,D11,100000.0,EVAGREEN,JG075A_083,STANDARD,,26.052122,55,L-MMMMx,0.5623413251903491,D11,-0.25,24,0.04546746876027954,0.016479292884469032
2603,JG075A,83,S075_WT,5.0,False,D11,100000.0,EVAGREEN,JG075A_083,STANDARD,,26.052122,55,L-MMMMx,0.5623413251903491,D11,-0.25,25,0.055103089519009295,0.03266020491719246
2604,JG075A,83,S075_WT,5.0,False,D11,100000.0,EVAGREEN,JG075A_083,STANDARD,,26.052122,55,L-MMMMx,0.5623413251903491,D11,-0.25,26,0.07011335923638017,0.060480475425720215
2605,JG075A,83,S075_WT,5.0,False,D11,100000.0,EVAGREEN,JG075A_083,STANDARD,,26.052122,55,L-MMMMx,0.5623413251903491,D11,-0.25,27,0.09523262374431098,0.11019281297922134
2606,JG075A,83,S075_WT,5.0,False,D11,100000.0,EVAGREEN,JG075A_083,STANDARD,,26.052122,55,L-MMMMx,0.5623413251903491,D11,-0.25,28,0.13676127975192878,0.1954413801431656
2607,JG075A,83,S075_WT,5.0,False,D11,100000.0,EVAGREEN,JG075A_083,STANDARD,,26.052122,55,L-MMMMx,0.5623413251903491,D11,-0.25,29,0.197216034515267,0.3216763734817505
2608,JG075A,83,S075_WT,5.0,False,D11,100000.0,EVAGREEN,JG075A_083,STANDARD,,26.052122,55,L-MMMMx,0.5623413251903491,D11,-0.25,30,0.27995680052549776,0.49617400765419006
2609,JG075A,83,S075_WT,5.0,False,D11,100000.0,EVAGREEN,JG075A_083,STANDARD,,26.052122,55,L-MMMMx,0.5623413251903491,D11,-0.25,31,0.378173531271331,0.7041864395141602
2610,JG075A,83,S075_WT,5.0,False,D11,100000.0,EVAGREEN,JG075A_083,STANDARD,,26.052122,55,L-MMMMx,0.5623413251903491,D11,-0.25,32,0.47933025081488717,0.9185657501220703
2611,JG075A,83,S075_WT,5.0,False,D11,100000.0,EVAGREEN,JG075A_083,STANDARD,,26.052122,55,L-MMMMx,0.5623413251903491,D11,-0.25,33,0.5733186249259158,1.117421269416809
2612,JG075A,83,S075_WT,5.0,False,D11,100000.0,EVAGREEN,JG075A_083,STANDARD,,26.052122,55,L-MMMMx,0.5623413251903491,D11,-0.25,34,0.6513273845886574,1.2816712856292725
2613,JG075A,83,S075_WT,5.0,False,D11,100000.0,EVAGREEN,JG075A_083,STANDARD,,26.052122,55,L-MMMMx,0.5623413251903491,D11,-0.25,35,0.7121223829581055,1.408643126487732
2614,JG075A,83,S075_WT,5.0,False,D11,100000.0,EVAGREEN,JG075A_083,STANDARD,,26.052122,55,L-MMMMx,0.5623413251903491,D11,-0.25,36,0.7560500839166184,1.4990869760513306
2615,JG075A,83,S075_WT,5.0,False,D11,100000.0,EVAGREEN,JG075A_083,STANDARD,,26.052122,55,L-MMMMx,0.5623413251903491,D11,-0.25,37,0.7872174110954288,1.5618970394134521
2616,JG075A,83,S075_WT,5.0,False,D11,100000.0,EVAGREEN,JG075A_083,STANDARD,,26.052122,55,L-MMMMx,0.5623413251903491,D11,-0.25,38,0.808755860735336,1.603854775428772
2617,JG075A,83,S075_WT,5.0,False,D11,100000.0,EVAGREEN,JG075A_083,STANDARD,,26.052122,55,L-MMMMx,0.5623413251903491,D11,-0.25,39,0.8227348581927706,1.629441738128662
2618,JG075A,83,S075_WT,5.0,False,D11,100000.0,EVAGREEN,JG075A_083,STANDARD,,26.052122,55,L-MMMMx,0.5623413251903491,D11,-0.25,40,0.8342881681001583,1.6497756242752075
2619,JG075A,83,S075_WT,5.0,False,D11,100000.0,EVAGREEN,JG075A_083,STANDARD,,26.052122,55,L-MMMMx,0.5623413251903491,D11,-0.25,41,0.8415320926414366,1.6607770919799805
2620,JG075A,83,S075_WT,5.0,False,D11,100000.0,EVAGREEN,JG075A_083,STANDARD,,26.052122,55,L-MMMMx,0.5623413251903491,D11,-0.25,42,0.848288743861038,1.6707231998443604
2621,JG075A,83,S075_WT,5.0,False,D11,100000.0,EVAGREEN,JG075A_083,STANDARD,,26.052122,55,L-MMMMx,0.5623413251903491,D11,-0.25,43,0.8522970238193781,1.6747175455093384
2622,JG075A,83,S075_WT,5.0,False,D11,100000.0,EVAGREEN,JG075A_083,STANDARD,,26.052122,55,L-MMMMx,0.5623413251903491,D11,-0.25,44,0.8550850286992124,1.6760692596435547
2623,JG075A,83,S075_WT,5.0,False,D11,100000.0,EVAGREEN,JG075A_083,STANDARD,,26.052122,55,L-MMMMx,0.5623413251903491,D11,-0.25,45,0.8594494607577841,1.6808348894119263
2624,JG075A,83,S075_WT,5.0,False,D11,100000.0,EVAGREEN,JG075A_083,STANDARD,,26.052122,55,L-MMMMx,0.5623413251903491,D11,-0.25,46,0.8640660066678334,1.6861464977264404
2625,JG075A,83,S075_WT,5.0,False,D11,100000.0,EVAGREEN,JG075A_083,STANDARD,,26.052122,55,L-MMMMx,0.5623413251903491,D11,-0.25,47,0.8673753037252863,1.6886271238327026
2626,JG075A,83,S075_WT,5.0,False,D11,100000.0,EVAGREEN,JG075A_083,STANDARD,,26.052122,55,L-MMMMx,0.5623413251903491,D11,-0.25,48,0.8699347547380167,1.6894837617874146
2627,JG075A,83,S075_WT,5.0,False,D11,100000.0,EVAGREEN,JG075A_083,STANDARD,,26.052122,55,L-MMMMx,0.5623413251903491,D11,-0.25,49,0.8725625737427855,1.690488576889038
2628,JG075A,83,S075_WT,5.0,False,D11,100000.0,EVAGREEN,JG075A_083,STANDARD,,26.052122,55,L-MMMMx,0.5623413251903491,D11,-0.25,50,0.8738985569688473,1.6886957883834839
2629,JG075A,83,S075_WT,5.0,False,D11,100000.0,EVAGREEN,JG075A_083,STANDARD,,26.052122,55,L-MMMMx,0.5623413251903491,D11,-0.25,51,0.8774276004226099,1.6916522979736328
2630,JG075A,83,S075_WT,5.0,False,D11,100000.0,EVAGREEN,JG075A_083,STANDARD,,26.052122,55,L-MMMMx,0.5623413251903491,D11,-0.25,52,0.8791013501536209,1.6905909776687622
2631,JG075A,83,S075_WT,5.0,False,D11,100000.0,EVAGREEN,JG075A_083,STANDARD,,26.052122,55,L-MMMMx,0.5623413251903491,D11,-0.25,53,0.8804803798931882,1.6888914108276367
2632,JG075A,83,S075_WT,5.0,False,D11,100000.0,EVAGREEN,JG075A_083,STANDARD,,26.052122,55,L-MMMMx,0.5623413251903491,D11,-0.25,54,0.8835757655037324,1.690908670425415
2633,JG075A,83,S075_WT,5.0,False,D11,100000.0,EVAGREEN,JG075A_083,STANDARD,,26.052122,55,L-MMMMx,0.5623413251903491,D11,-0.25,55,0.8840776812456043,1.6873096227645874
2634,JG075A,83,S075_WT,5.0,False,D11,100000.0,EVAGREEN,JG075A_083,STANDARD,,26.052122,55,L-MMMMx,0.5623413251903491,D11,-0.25,56,0.8864484321965738,1.6877577304840088
2635,JG075A,83,S075_WT,5.0,False,D11,100000.0,EVAGREEN,JG075A_083,STANDARD,,26.052122,55,L-MMMMx,0.5623413251903491,D11,-0.25,57,0.8876760835318696,1.6857303380966187
2636,JG075A,83,S075_WT,5.0,False,D11,100000.0,EVAGREEN,JG075A_083,STANDARD,,26.052122,55,L-MMMMx,0.5623413251903491,D11,-0.25,58,0.8904652994389379,1.687084674835205
2637,JG075A,83,S075_WT,5.0,False,D11,100000.0,EVAGREEN,JG075A_083,STANDARD,,26.052122,55,L-MMMMx,0.5623413251903491,D11,-0.25,59,0.8923815848969381,1.6865485906600952
2638,JG075A,84,S075_WT,5.0,False,D12,100000.0,EVAGREEN,JG075A_084,STANDARD,,68.983315,56,L-MMMMx,0.3162277660168379,D12,-0.5000000000000001,3,-0.007549758803971888,0.38254493474960327
2639,JG075A,84,S075_WT,5.0,False,D12,100000.0,EVAGREEN,JG075A_084,STANDARD,,68.983315,56,L-MMMMx,0.3162277660168379,D12,-0.5000000000000001,4,-0.006006524780789277,0.3372252881526947
2640,JG075A,84,S075_WT,5.0,False,D12,100000.0,EVAGREEN,JG075A_084,STANDARD,,68.983315,56,L-MMMMx,0.3162277660168379,D12,-0.5000000000000001,5,-0.003971943980687529,0.2929697036743164
2641,JG075A,84,S075_WT,5.0,False,D12,100000.0,EVAGREEN,JG075A_084,STANDARD,,68.983315,56,L-MMMMx,0.3162277660168379,D12,-0.5000000000000001,6,-0.0014771453082541154,0.24971076846122742
2642,JG075A,84,S075_WT,5.0,False,D12,100000.0,EVAGREEN,JG075A_084,STANDARD,,68.983315,56,L-MMMMx,0.3162277660168379,D12,-0.5000000000000001,7,0.0010421216189788224,0.20650483667850494
2643,JG075A,84,S075_WT,5.0,False,D12,100000.0,EVAGREEN,JG075A_084,STANDARD,,68.983315,56,L-MMMMx,0.3162277660168379,D12,-0.5000000000000001,8,0.003544158931471038,0.16326157748699188
2644,JG075A,84,S075_WT,5.0,False,D12,100000.0,EVAGREEN,JG075A_084,STANDARD,,68.983315,56,L-MMMMx,0.3162277660168379,D12,-0.5000000000000001,9,0.005942102948516907,0.1197928935289383
2645,JG075A,84,S075_WT,5.0,False,D12,100000.0,EVAGREEN,JG075A_084,STANDARD,,68.983315,56,L-MMMMx,0.3162277660168379,D12,-0.5000000000000001,10,0.008476989374736043,0.07662077248096466
2646,JG075A,84,S075_WT,5.0,False,D12,100000.0,EVAGREEN,JG075A_084,STANDARD,,68.983315,56,L-MMMMx,0.3162277660168379,D12,-0.5000000000000001,11,0.011133928079817374,0.033712971955537796
2647,JG075A,84,S075_WT,5.0,False,D12,100000.0,EVAGREEN,JG075A_084,STANDARD,,68.983315,56,L-MMMMx,0.3162277660168379,D12,-0.5000000000000001,12,0.013319557004035872,-0.010215498507022858
2648,JG075A,84,S075_WT,5.0,False,D12,100000.0,EVAGREEN,JG075A_084,STANDARD,,68.983315,56,L-MMMMx,0.3162277660168379,D12,-0.5000000000000001,13,0.015361293874157729,-0.054455582052469254
2649,JG075A,84,S075_WT,5.0,False,D12,100000.0,EVAGREEN,JG075A_084,STANDARD,,68.983315,56,L-MMMMx,0.3162277660168379,D12,-0.5000000000000001,14,0.017248734865307556,-0.09902980923652649
2650,JG075A,84,S075_WT,5.0,False,D12,100000.0,EVAGREEN,JG075A_084,STANDARD,,68.983315,56,L-MMMMx,0.3162277660168379,D12,-0.5000000000000001,15,0.019939252052790932,-0.14186489582061768
2651,JG075A,84,S075_WT,5.0,False,D12,100000.0,EVAGREEN,JG075A_084,STANDARD,,68.983315,56,L-MMMMx,0.3162277660168379,D12,-0.5000000000000001,16,0.02246505577475378,-0.1850566864013672
2652,JG075A,84,S075_WT,5.0,False,D12,100000.0,EVAGREEN,JG075A_084,STANDARD,,68.983315,56,L-MMMMx,0.3162277660168379,D12,-0.5000000000000001,17,0.02438796059752249,-0.22955411672592163
2653,JG075A,84,S075_WT,5.0,False,D12,100000.0,EVAGREEN,JG075A_084,STANDARD,,68.983315,56,L-MMMMx,0.3162277660168379,D12,-0.5000000000000001,18,0.02658797047014678,-0.27345144748687744
2654,JG075A,84,S075_WT,5.0,False,D12,100000.0,EVAGREEN,JG075A_084,STANDARD,,68.983315,56,L-MMMMx,0.3162277660168379,D12,-0.5000000000000001,19,0.028598372010584433,-0.3177593946456909
2655,JG075A,84,S075_WT,5.0,False,D12,100000.0,EVAGREEN,JG075A_084,STANDARD,,68.983315,56,L-MMMMx,0.3162277660168379,D12,-0.5000000000000001,20,0.03151990640465927,-0.36009418964385986
2656,JG075A,84,S075_WT,5.0,False,D12,100000.0,EVAGREEN,JG075A_084,STANDARD,,68.983315,56,L-MMMMx,0.3162277660168379,D12,-0.5000000000000001,21,0.035245920685725456,-0.40068677067756653
2657,JG075A,84,S075_WT,5.0,False,D12,100000.0,EVAGREEN,JG075A_084,STANDARD,,68.983315,56,L-MMMMx,0.3162277660168379,D12,-0.5000000000000001,22,0.03862031045701512,-0.4420408606529236
2658,JG075A,84,S075_WT,5.0,False,D12,100000.0,EVAGREEN,JG075A_084,STANDARD,,68.983315,56,L-MMMMx,0.3162277660168379,D12,-0.5000000000000001,23,0.04421667373122156,-0.47858303785324097
2659,JG075A,84,S075_WT,5.0,False,D12,100000.0,EVAGREEN,JG075A_084,STANDARD,,68.983315,56,L-MMMMx,0.3162277660168379,D12,-0.5000000000000001,24,0.05346480706003556,-0.5072169303894043
2660,JG075A,84,S075_WT,5.0,False,D12,100000.0,EVAGREEN,JG075A_084,STANDARD,,68.983315,56,L-MMMMx,0.3162277660168379,D12,-0.5000000000000001,25,0.06777934163137452,-0.5248790383338928
2661,JG075A,84,S075_WT,5.0,False,D12,100000.0,EVAGREEN,JG075A_084,STANDARD,,68.983315,56,L-MMMMx,0.3162277660168379,D12,-0.5000000000000001,26,0.09007449062921576,-0.5252582430839539
2662,JG075A,84,S075_WT,5.0,False,D12,100000.0,EVAGREEN,JG075A_084,STANDARD,,68.983315,56,L-MMMMx,0.3162277660168379,D12,-0.5000000000000001,27,0.12558346053591835,-0.4970215857028961
2663,JG075A,84,S075_WT,5.0,False,D12,100000.0,EVAGREEN,JG075A_084,STANDARD,,68.983315,56,L-MMMMx,0.3162277660168379,D12,-0.5000000000000001,28,0.17827176002977915,-0.4315813183784485
2664,JG075A,84,S075_WT,5.0,False,D12,100000.0,EVAGREEN,JG075A_084,STANDARD,,68.983315,56,L-MMMMx,0.3162277660168379,D12,-0.5000000000000001,29,0.25138469438826355,-0.3219093978404999
2665,JG075A,84,S075_WT,5.0,False,D12,100000.0,EVAGREEN,JG075A_084,STANDARD,,68.983315,56,L-MMMMx,0.3162277660168379,D12,-0.5000000000000001,30,0.34224900356197513,-0.17379502952098846
2666,JG075A,84,S075_WT,5.0,False,D12,100000.0,EVAGREEN,JG075A_084,STANDARD,,68.983315,56,L-MMMMx,0.3162277660168379,D12,-0.5000000000000001,31,0.44126440676874495,-0.00802864320576191
2667,JG075A,84,S075_WT,5.0,False,D12,100000.0,EVAGREEN,JG075A_084,STANDARD,,68.983315,56,L-MMMMx,0.3162277660168379,D12,-0.5000000000000001,32,0.5384333787702494,0.1537391096353531
2668,JG075A,84,S075_WT,5.0,False,D12,100000.0,EVAGREEN,JG075A_084,STANDARD,,68.983315,56,L-MMMMx,0.3162277660168379,D12,-0.5000000000000001,33,0.6241825290935875,0.2907760739326477
2669,JG075A,84,S075_WT,5.0,False,D12,100000.0,EVAGREEN,JG075A_084,STANDARD,,68.983315,56,L-MMMMx,0.3162277660168379,D12,-0.5000000000000001,34,0.6949165931139643,0.3952963054180145
2670,JG075A,84,S075_WT,5.0,False,D12,100000.0,EVAGREEN,JG075A_084,STANDARD,,68.983315,56,L-MMMMx,0.3162277660168379,D12,-0.5000000000000001,35,0.7467429990205955,0.4588700532913208
2671,JG075A,84,S075_WT,5.0,False,D12,100000.0,EVAGREEN,JG075A_084,STANDARD,,68.983315,56,L-MMMMx,0.3162277660168379,D12,-0.5000000000000001,36,0.7861622657730551,0.49557486176490784
2672,JG075A,84,S075_WT,5.0,False,D12,100000.0,EVAGREEN,JG075A_084,STANDARD,,68.983315,56,L-MMMMx,0.3162277660168379,D12,-0.5000000000000001,37,0.8139812127427644,0.5071579813957214
2673,JG075A,84,S075_WT,5.0,False,D12,100000.0,EVAGREEN,JG075A_084,STANDARD,,68.983315,56,L-MMMMx,0.3162277660168379,D12,-0.5000000000000001,38,0.8325426271609215,0.49869295954704285
2674,JG075A,84,S075_WT,5.0,False,D12,100000.0,EVAGREEN,JG075A_084,STANDARD,,68.983315,56,L-MMMMx,0.3162277660168379,D12,-0.5000000000000001,39,0.8461331050629567,0.4794628620147705
2675,JG075A,84,S075_WT,5.0,False,D12,100000.0,EVAGREEN,JG075A_084,STANDARD,,68.983315,56,L-MMMMx,0.3162277660168379,D12,-0.5000000000000001,40,0.8546624799666164,0.44927242398262024
2676,JG075A,84,S075_WT,5.0,False,D12,100000.0,EVAGREEN,JG075A_084,STANDARD,,68.983315,56,L-MMMMx,0.3162277660168379,D12,-0.5000000000000001,41,0.8617899257066444,0.4160459637641907
2677,JG075A,84,S075_WT,5.0,False,D12,100000.0,EVAGREEN,JG075A_084,STANDARD,,68.983315,56,L-MMMMx,0.3162277660168379,D12,-0.5000000000000001,42,0.8660676041778953,0.37664803862571716
2678,JG075A,84,S075_WT,5.0,False,D12,100000.0,EVAGREEN,JG075A_084,STANDARD,,68.983315,56,L-MMMMx,0.3162277660168379,D12,-0.5000000000000001,43,0.8726517390633197,0.3422450125217438
2679,JG075A,84,S075_WT,5.0,False,D12,100000.0,EVAGREEN,JG075A_084,STANDARD,,68.983315,56,L-MMMMx,0.3162277660168379,D12,-0.5000000000000001,44,0.8763322710147389,0.3015539050102234
2680,JG075A,84,S075_WT,5.0,False,D12,100000.0,EVAGREEN,JG075A_084,STANDARD,,68.983315,56,L-MMMMx,0.3162277660168379,D12,-0.5000000000000001,45,0.881079277585924,0.26317235827445984
2681,JG075A,84,S075_WT,5.0,False,D12,100000.0,EVAGREEN,JG075A_084,STANDARD,,68.983315,56,L-MMMMx,0.3162277660168379,D12,-0.5000000000000001,46,0.8830113063979683,0.21869468688964844
2682,JG075A,84,S075_WT,5.0,False,D12,100000.0,EVAGREEN,JG075A_084,STANDARD,,68.983315,56,L-MMMMx,0.3162277660168379,D12,-0.5000000000000001,47,0.8860859944521466,0.17669156193733215
2683,JG075A,84,S075_WT,5.0,False,D12,100000.0,EVAGREEN,JG075A_084,STANDARD,,68.983315,56,L-MMMMx,0.3162277660168379,D12,-0.5000000000000001,48,0.8895823401705867,0.13560158014297485
2684,JG075A,84,S075_WT,5.0,False,D12,100000.0,EVAGREEN,JG075A_084,STANDARD,,68.983315,56,L-MMMMx,0.3162277660168379,D12,-0.5000000000000001,49,0.890743495101388,0.08945450186729431
2685,JG075A,84,S075_WT,5.0,False,D12,100000.0,EVAGREEN,JG075A_084,STANDARD,,68.983315,56,L-MMMMx,0.3162277660168379,D12,-0.5000000000000001,50,0.8914708820955858,0.04236805811524391
2686,JG075A,84,S075_WT,5.0,False,D12,100000.0,EVAGREEN,JG075A_084,STANDARD,,68.983315,56,L-MMMMx,0.3162277660168379,D12,-0.5000000000000001,51,0.8937517968444566,-0.0013540619984269142
2687,JG075A,84,S075_WT,5.0,False,D12,100000.0,EVAGREEN,JG075A_084,STANDARD,,68.983315,56,L-MMMMx,0.3162277660168379,D12,-0.5000000000000001,52,0.8961758329937296,-0.04476623982191086
2688,JG075A,84,S075_WT,5.0,False,D12,100000.0,EVAGREEN,JG075A_084,STANDARD,,68.983315,56,L-MMMMx,0.3162277660168379,D12,-0.5000000000000001,53,0.8993268157636608,-0.08660413324832916
2689,JG075A,84,S075_WT,5.0,False,D12,100000.0,EVAGREEN,JG075A_084,STANDARD,,68.983315,56,L-MMMMx,0.3162277660168379,D12,-0.5000000000000001,54,0.901548610364827,-0.13045428693294525
2690,JG075A,84,S075_WT,5.0,False,D12,100000.0,EVAGREEN,JG075A_084,STANDARD,,68.983315,56,L-MMMMx,0.3162277660168379,D12,-0.5000000000000001,55,0.9020492049860799,-0.17803187668323517
2691,JG075A,84,S075_WT,5.0,False,D12,100000.0,EVAGREEN,JG075A_084,STANDARD,,68.983315,56,L-MMMMx,0.3162277660168379,D12,-0.5000000000000001,56,0.9041012355876922,-0.22224967181682587
2692,JG075A,84,S075_WT,5.0,False,D12,100000.0,EVAGREEN,JG075A_084,STANDARD,,68.983315,56,L-MMMMx,0.3162277660168379,D12,-0.5000000000000001,57,0.9074609554154406,-0.263635516166687
2693,JG075A,84,S075_WT,5.0,False,D12,100000.0,EVAGREEN,JG075A_084,STANDARD,,68.983315,56,L-MMMMx,0.3162277660168379,D12,-0.5000000000000001,58,0.9097406591370774,-0.3073602616786957
2694,JG075A,85,S075_WT,5.0,False,D13,100000.0,EVAGREEN,JG075A_085,STANDARD,,67.1948,57,L-MMMMx,0.1778279410038923,D13,-0.75,3,-0.008557488281625704,0.3633714020252228
2695,JG075A,85,S075_WT,5.0,False,D13,100000.0,EVAGREEN,JG075A_085,STANDARD,,67.1948,57,L-MMMMx,0.1778279410038923,D13,-0.75,4,-0.006525838717897577,0.3182733952999115
2696,JG075A,85,S075_WT,5.0,False,D13,100000.0,EVAGREEN,JG075A_085,STANDARD,,67.1948,57,L-MMMMx,0.1778279410038923,D13,-0.75,5,-0.0036641951252217985,0.2749728262424469
2697,JG075A,85,S075_WT,5.0,False,D13,100000.0,EVAGREEN,JG075A_085,STANDARD,,67.1948,57,L-MMMMx,0.1778279410038923,D13,-0.75,6,-0.00156266378541269,0.23002617061138153
2698,JG075A,85,S075_WT,5.0,False,D13,100000.0,EVAGREEN,JG075A_085,STANDARD,,67.1948,57,L-MMMMx,0.1778279410038923,D13,-0.75,7,0.0008154909456929562,0.18567855656147003
2699,JG075A,85,S075_WT,5.0,False,D13,100000.0,EVAGREEN,JG075A_085,STANDARD,,67.1948,57,L-MMMMx,0.1778279410038923,D13,-0.75,8,0.003791686705382932,0.1426260620355606
2700,JG075A,85,S075_WT,5.0,False,D13,100000.0,EVAGREEN,JG075A_085,STANDARD,,67.1948,57,L-MMMMx,0.1778279410038923,D13,-0.75,9,0.006665564425458473,0.09935197979211807
2701,JG075A,85,S075_WT,5.0,False,D13,100000.0,EVAGREEN,JG075A_085,STANDARD,,67.1948,57,L-MMMMx,0.1778279410038923,D13,-0.75,10,0.009037443833623409,0.05499077960848808
2702,JG075A,85,S075_WT,5.0,False,D13,100000.0,EVAGREEN,JG075A_085,STANDARD,,67.1948,57,L-MMMMx,0.1778279410038923,D13,-0.75,11,0.0117536540648136,0.01137525960803032
2703,JG075A,85,S075_WT,5.0,False,D13,100000.0,EVAGREEN,JG075A_085,STANDARD,,67.1948,57,L-MMMMx,0.1778279410038923,D13,-0.75,12,0.01442321222414193,-0.03234129026532173
2704,JG075A,85,S075_WT,5.0,False,D13,100000.0,EVAGREEN,JG075A_085,STANDARD,,67.1948,57,L-MMMMx,0.1778279410038923,D13,-0.75,13,0.015921707048025747,-0.0785938948392868
2705,JG075A,85,S075_WT,5.0,False,D13,100000.0,EVAGREEN,JG075A_085,STANDARD,,67.1948,57,L-MMMMx,0.1778279410038923,D13,-0.75,14,0.017982187316931044,-0.12362946569919586
2706,JG075A,85,S075_WT,5.0,False,D13,100000.0,EVAGREEN,JG075A_085,STANDARD,,67.1948,57,L-MMMMx,0.1778279410038923,D13,-0.75,15,0.020482765892073006,-0.16771195828914642
2707,JG075A,85,S075_WT,5.0,False,D13,100000.0,EVAGREEN,JG075A_085,STANDARD,,67.1948,57,L-MMMMx,0.1778279410038923,D13,-0.75,16,0.023040111368816788,-0.21167151629924774
2708,JG075A,85,S075_WT,5.0,False,D13,100000.0,EVAGREEN,JG075A_085,STANDARD,,67.1948,57,L-MMMMx,0.1778279410038923,D13,-0.75,17,0.025446147249654626,-0.25595876574516296
2709,JG075A,85,S075_WT,5.0,False,D13,100000.0,EVAGREEN,JG075A_085,STANDARD,,67.1948,57,L-MMMMx,0.1778279410038923,D13,-0.75,18,0.02773263547613731,-0.3005048930644989
2710,JG075A,85,S075_WT,5.0,False,D13,100000.0,EVAGREEN,JG075A_085,STANDARD,,67.1948,57,L-MMMMx,0.1778279410038923,D13,-0.75,19,0.02979896445611673,-0.3455277681350708
2711,JG075A,85,S075_WT,5.0,False,D13,100000.0,EVAGREEN,JG075A_085,STANDARD,,67.1948,57,L-MMMMx,0.1778279410038923,D13,-0.75,20,0.03328398431758264,-0.3874783515930176
2712,JG075A,85,S075_WT,5.0,False,D13,100000.0,EVAGREEN,JG075A_085,STANDARD,,67.1948,57,L-MMMMx,0.1778279410038923,D13,-0.75,21,0.03830526103396156,-0.42610201239585876
2713,JG075A,85,S075_WT,5.0,False,D13,100000.0,EVAGREEN,JG075A_085,STANDARD,,67.1948,57,L-MMMMx,0.1778279410038923,D13,-0.75,22,0.04606058310988849,-0.45880481600761414
2714,JG075A,85,S075_WT,5.0,False,D13,100000.0,EVAGREEN,JG075A_085,STANDARD,,67.1948,57,L-MMMMx,0.1778279410038923,D13,-0.75,23,0.057854336969951785,-0.4827619791030884
2715,JG075A,85,S075_WT,5.0,False,D13,100000.0,EVAGREEN,JG075A_085,STANDARD,,67.1948,57,L-MMMMx,0.1778279410038923,D13,-0.75,24,0.07512834686814526,-0.49485108256340027
2716,JG075A,85,S075_WT,5.0,False,D13,100000.0,EVAGREEN,JG075A_085,STANDARD,,67.1948,57,L-MMMMx,0.1778279410038923,D13,-0.75,25,0.10168965581683972,-0.4868275821208954
2717,JG075A,85,S075_WT,5.0,False,D13,100000.0,EVAGREEN,JG075A_085,STANDARD,,67.1948,57,L-MMMMx,0.1778279410038923,D13,-0.75,26,0.14259050429692416,-0.4477503299713135
2718,JG075A,85,S075_WT,5.0,False,D13,100000.0,EVAGREEN,JG075A_085,STANDARD,,67.1948,57,L-MMMMx,0.1778279410038923,D13,-0.75,27,0.20062727804716024,-0.37156346440315247
2719,JG075A,85,S075_WT,5.0,False,D13,100000.0,EVAGREEN,JG075A_085,STANDARD,,67.1948,57,L-MMMMx,0.1778279410038923,D13,-0.75,28,0.27388176497531164,-0.2624210715293884
2720,JG075A,85,S075_WT,5.0,False,D13,100000.0,EVAGREEN,JG075A_085,STANDARD,,67.1948,57,L-MMMMx,0.1778279410038923,D13,-0.75,29,0.361823067255925,-0.12147287279367447
2721,JG075A,85,S075_WT,5.0,False,D13,100000.0,EVAGREEN,JG075A_085,STANDARD,,67.1948,57,L-MMMMx,0.1778279410038923,D13,-0.75,30,0.45547339962854216,0.03183882683515549
2722,JG075A,85,S075_WT,5.0,False,D13,100000.0,EVAGREEN,JG075A_085,STANDARD,,67.1948,57,L-MMMMx,0.1778279410038923,D13,-0.75,31,0.5450788459923317,0.1763909012079239
2723,JG075A,85,S075_WT,5.0,False,D13,100000.0,EVAGREEN,JG075A_085,STANDARD,,67.1948,57,L-MMMMx,0.1778279410038923,D13,-0.75,32,0.6224415226256425,0.2944300174713135
2724,JG075A,85,S075_WT,5.0,False,D13,100000.0,EVAGREEN,JG075A_085,STANDARD,,67.1948,57,L-MMMMx,0.1778279410038923,D13,-0.75,33,0.6858284495563739,0.38220319151878357
2725,JG075A,85,S075_WT,5.0,False,D13,100000.0,EVAGREEN,JG075A_085,STANDARD,,67.1948,57,L-MMMMx,0.1778279410038923,D13,-0.75,34,0.7366056104579798,0.442668616771698
2726,JG075A,85,S075_WT,5.0,False,D13,100000.0,EVAGREEN,JG075A_085,STANDARD,,67.1948,57,L-MMMMx,0.1778279410038923,D13,-0.75,35,0.7743205215184196,0.47484639286994934
2727,JG075A,85,S075_WT,5.0,False,D13,100000.0,EVAGREEN,JG075A_085,STANDARD,,67.1948,57,L-MMMMx,0.1778279410038923,D13,-0.75,36,0.8000458225870148,0.4810594320297241
2728,JG075A,85,S075_WT,5.0,False,D13,100000.0,EVAGREEN,JG075A_085,STANDARD,,67.1948,57,L-MMMMx,0.1778279410038923,D13,-0.75,37,0.8189179205374296,0.47243115305900574
2729,JG075A,85,S075_WT,5.0,False,D13,100000.0,EVAGREEN,JG075A_085,STANDARD,,67.1948,57,L-MMMMx,0.1778279410038923,D13,-0.75,38,0.8312737011275337,0.44969111680984497
2730,JG075A,85,S075_WT,5.0,False,D13,100000.0,EVAGREEN,JG075A_085,STANDARD,,67.1948,57,L-MMMMx,0.1778279410038923,D13,-0.75,39,0.8410423972652913,0.4213484823703766
2731,JG075A,85,S075_WT,5.0,False,D13,100000.0,EVAGREEN,JG075A_085,STANDARD,,67.1948,57,L-MMMMx,0.1778279410038923,D13,-0.75,40,0.8486386206383288,0.38830113410949707
2732,JG075A,85,S075_WT,5.0,False,D13,100000.0,EVAGREEN,JG075A_085,STANDARD,,67.1948,57,L-MMMMx,0.1778279410038923,D13,-0.75,41,0.8549957429640385,0.35257038474082947
2733,JG075A,85,S075_WT,5.0,False,D13,100000.0,EVAGREEN,JG075A_085,STANDARD,,67.1948,57,L-MMMMx,0.1778279410038923,D13,-0.75,42,0.8609076476411123,0.31587547063827515
2734,JG075A,85,S075_WT,5.0,False,D13,100000.0,EVAGREEN,JG075A_085,STANDARD,,67.1948,57,L-MMMMx,0.1778279410038923,D13,-0.75,43,0.8656183233952723,0.2765791714191437
2735,JG075A,85,S075_WT,5.0,False,D13,100000.0,EVAGREEN,JG075A_085,STANDARD,,67.1948,57,L-MMMMx,0.1778279410038923,D13,-0.75,44,0.8676801523081429,0.2315465211868286
2736,JG075A,85,S075_WT,5.0,False,D13,100000.0,EVAGREEN,JG075A_085,STANDARD,,67.1948,57,L-MMMMx,0.1778279410038923,D13,-0.75,45,0.8695244366924022,0.18604275584220886
2737,JG075A,85,S075_WT,5.0,False,D13,100000.0,EVAGREEN,JG075A_085,STANDARD,,67.1948,57,L-MMMMx,0.1778279410038923,D13,-0.75,46,0.8706961605881562,0.13908249139785767
2738,JG075A,85,S075_WT,5.0,False,D13,100000.0,EVAGREEN,JG075A_085,STANDARD,,67.1948,57,L-MMMMx,0.1778279410038923,D13,-0.75,47,0.8749791235418837,0.09885993599891663
2739,JG075A,85,S075_WT,5.0,False,D13,100000.0,EVAGREEN,JG075A_085,STANDARD,,67.1948,57,L-MMMMx,0.1778279410038923,D13,-0.75,48,0.8800219510383616,0.06028294563293457
2740,JG075A,85,S075_WT,5.0,False,D13,100000.0,EVAGREEN,JG075A_085,STANDARD,,67.1948,57,L-MMMMx,0.1778279410038923,D13,-0.75,49,0.8824817675377351,0.016112180426716805
2741,JG075A,85,S075_WT,5.0,False,D13,100000.0,EVAGREEN,JG075A_085,STANDARD,,67.1948,57,L-MMMMx,0.1778279410038923,D13,-0.75,50,0.8827455512880148,-0.03281432390213013
2742,JG075A,85,S075_WT,5.0,False,D13,100000.0,EVAGREEN,JG075A_085,STANDARD,,67.1948,57,L-MMMMx,0.1778279410038923,D13,-0.75,51,0.8822627917951198,-0.0833575427532196
2743,JG075A,85,S075_WT,5.0,False,D13,100000.0,EVAGREEN,JG075A_085,STANDARD,,67.1948,57,L-MMMMx,0.1778279410038923,D13,-0.75,52,0.8838951464133991,-0.12932026386260986
2744,JG075A,85,S075_WT,5.0,False,D13,100000.0,EVAGREEN,JG075A_085,STANDARD,,67.1948,57,L-MMMMx,0.1778279410038923,D13,-0.75,53,0.8884672145959388,-0.1689167320728302
2745,JG075A,85,S075_WT,5.0,False,D13,100000.0,EVAGREEN,JG075A_085,STANDARD,,67.1948,57,L-MMMMx,0.1778279410038923,D13,-0.75,54,0.8925636793556037,-0.2095431685447693
2746,JG075A,85,S075_WT,5.0,False,D13,100000.0,EVAGREEN,JG075A_085,STANDARD,,67.1948,57,L-MMMMx,0.1778279410038923,D13,-0.75,55,0.8940109669938243,-0.2559066712856293
2747,JG075A,85,S075_WT,5.0,False,D13,100000.0,EVAGREEN,JG075A_085,STANDARD,,67.1948,57,L-MMMMx,0.1778279410038923,D13,-0.75,56,0.895954115237746,-0.3011963367462158
2748,JG075A,86,S075_WT,5.0,False,D14,100000.0,EVAGREEN,JG075A_086,STANDARD,,65.80961,58,L-MMMMx,0.1,D14,-1.0,3,-0.00876041963359738,0.3271498382091522
2749,JG075A,86,S075_WT,5.0,False,D14,100000.0,EVAGREEN,JG075A_086,STANDARD,,65.80961,58,L-MMMMx,0.1,D14,-1.0,4,-0.006525386302893902,0.28114885091781616
2750,JG075A,86,S075_WT,5.0,False,D14,100000.0,EVAGREEN,JG075A_086,STANDARD,,65.80961,58,L-MMMMx,0.1,D14,-1.0,5,-0.0039072555159985435,0.23597747087478638
2751,JG075A,86,S075_WT,5.0,False,D14,100000.0,EVAGREEN,JG075A_086,STANDARD,,65.80961,58,L-MMMMx,0.1,D14,-1.0,6,-0.001158801684698518,0.19108833372592926
2752,JG075A,86,S075_WT,5.0,False,D14,100000.0,EVAGREEN,JG075A_086,STANDARD,,65.80961,58,L-MMMMx,0.1,D14,-1.0,7,0.0015228117002790715,0.1460544466972351
2753,JG075A,86,S075_WT,5.0,False,D14,100000.0,EVAGREEN,JG075A_086,STANDARD,,65.80961,58,L-MMMMx,0.1,D14,-1.0,8,0.0037264408929327656,0.09998544305562973
2754,JG075A,86,S075_WT,5.0,False,D14,100000.0,EVAGREEN,JG075A_086,STANDARD,,65.80961,58,L-MMMMx,0.1,D14,-1.0,9,0.00632765858356906,0.05477745085954666
2755,JG075A,86,S075_WT,5.0,False,D14,100000.0,EVAGREEN,JG075A_086,STANDARD,,65.80961,58,L-MMMMx,0.1,D14,-1.0,10,0.008774951960407446,0.009236120618879795
2756,JG075A,86,S075_WT,5.0,False,D14,100000.0,EVAGREEN,JG075A_086,STANDARD,,65.80961,58,L-MMMMx,0.1,D14,-1.0,11,0.010970860854443293,-0.03684961050748825
2757,JG075A,86,S075_WT,5.0,False,D14,100000.0,EVAGREEN,JG075A_086,STANDARD,,65.80961,58,L-MMMMx,0.1,D14,-1.0,12,0.014122091334490498,-0.0808664932847023
2758,JG075A,86,S075_WT,5.0,False,D14,100000.0,EVAGREEN,JG075A_086,STANDARD,,65.80961,58,L-MMMMx,0.1,D14,-1.0,13,0.015762193774733767,-0.1281558722257614
2759,JG075A,86,S075_WT,5.0,False,D14,100000.0,EVAGREEN,JG075A_086,STANDARD,,65.80961,58,L-MMMMx,0.1,D14,-1.0,14,0.018119527094415524,-0.17389202117919922
2760,JG075A,86,S075_WT,5.0,False,D14,100000.0,EVAGREEN,JG075A_086,STANDARD,,65.80961,58,L-MMMMx,0.1,D14,-1.0,15,0.020313068980675485,-0.21998287737369537
2761,JG075A,86,S075_WT,5.0,False,D14,100000.0,EVAGREEN,JG075A_086,STANDARD,,65.80961,58,L-MMMMx,0.1,D14,-1.0,16,0.022622525439588093,-0.26582270860671997
2762,JG075A,86,S075_WT,5.0,False,D14,100000.0,EVAGREEN,JG075A_086,STANDARD,,65.80961,58,L-MMMMx,0.1,D14,-1.0,17,0.025865890321144194,-0.3096400797367096
2763,JG075A,86,S075_WT,5.0,False,D14,100000.0,EVAGREEN,JG075A_086,STANDARD,,65.80961,58,L-MMMMx,0.1,D14,-1.0,18,0.029284124782980134,-0.3530787229537964
2764,JG075A,86,S075_WT,5.0,False,D14,100000.0,EVAGREEN,JG075A_086,STANDARD,,65.80961,58,L-MMMMx,0.1,D14,-1.0,19,0.03403309927342082,-0.3936355412006378
2765,JG075A,86,S075_WT,5.0,False,D14,100000.0,EVAGREEN,JG075A_086,STANDARD,,65.80961,58,L-MMMMx,0.1,D14,-1.0,20,0.04050844813286642,-0.43045368790626526
2766,JG075A,86,S075_WT,5.0,False,D14,100000.0,EVAGREEN,JG075A_086,STANDARD,,65.80961,58,L-MMMMx,0.1,D14,-1.0,21,0.05031607604386797,-0.4600554406642914
2767,JG075A,86,S075_WT,5.0,False,D14,100000.0,EVAGREEN,JG075A_086,STANDARD,,65.80961,58,L-MMMMx,0.1,D14,-1.0,22,0.06505649311311519,-0.47897475957870483
2768,JG075A,86,S075_WT,5.0,False,D14,100000.0,EVAGREEN,JG075A_086,STANDARD,,65.80961,58,L-MMMMx,0.1,D14,-1.0,23,0.08858918808922238,-0.4788534641265869
2769,JG075A,86,S075_WT,5.0,False,D14,100000.0,EVAGREEN,JG075A_086,STANDARD,,65.80961,58,L-MMMMx,0.1,D14,-1.0,24,0.12506001637666625,-0.4507133364677429
2770,JG075A,86,S075_WT,5.0,False,D14,100000.0,EVAGREEN,JG075A_086,STANDARD,,65.80961,58,L-MMMMx,0.1,D14,-1.0,25,0.1786083378702129,-0.3855901062488556
2771,JG075A,86,S075_WT,5.0,False,D14,100000.0,EVAGREEN,JG075A_086,STANDARD,,65.80961,58,L-MMMMx,0.1,D14,-1.0,26,0.2498171520897314,-0.2822212874889374
2772,JG075A,86,S075_WT,5.0,False,D14,100000.0,EVAGREEN,JG075A_086,STANDARD,,65.80961,58,L-MMMMx,0.1,D14,-1.0,27,0.33460361833194124,-0.14944864809513092
2773,JG075A,86,S075_WT,5.0,False,D14,100000.0,EVAGREEN,JG075A_086,STANDARD,,65.80961,58,L-MMMMx,0.1,D14,-1.0,28,0.4260024584128087,-0.0023562260903418064
2774,JG075A,86,S075_WT,5.0,False,D14,100000.0,EVAGREEN,JG075A_086,STANDARD,,65.80961,58,L-MMMMx,0.1,D14,-1.0,29,0.5176612014521372,0.145299032330513
2775,JG075A,86,S075_WT,5.0,False,D14,100000.0,EVAGREEN,JG075A_086,STANDARD,,65.80961,58,L-MMMMx,0.1,D14,-1.0,30,0.600396490316468,0.27362963557243347
2776,JG075A,86,S075_WT,5.0,False,D14,100000.0,EVAGREEN,JG075A_086,STANDARD,,65.80961,58,L-MMMMx,0.1,D14,-1.0,31,0.6696208437493717,0.37270092964172363
2777,JG075A,86,S075_WT,5.0,False,D14,100000.0,EVAGREEN,JG075A_086,STANDARD,,65.80961,58,L-MMMMx,0.1,D14,-1.0,32,0.7231972390560741,0.4378849267959595
2778,JG075A,86,S075_WT,5.0,False,D14,100000.0,EVAGREEN,JG075A_086,STANDARD,,65.80961,58,L-MMMMx,0.1,D14,-1.0,33,0.7648398417170891,0.47722509503364563
2779,JG075A,86,S075_WT,5.0,False,D14,100000.0,EVAGREEN,JG075A_086,STANDARD,,65.80961,58,L-MMMMx,0.1,D14,-1.0,34,0.7966991608668439,0.4953785240650177
2780,JG075A,86,S075_WT,5.0,False,D14,100000.0,EVAGREEN,JG075A_086,STANDARD,,65.80961,58,L-MMMMx,0.1,D14,-1.0,35,0.8184410630820921,0.4916216731071472
2781,JG075A,86,S075_WT,5.0,False,D14,100000.0,EVAGREEN,JG075A_086,STANDARD,,65.80961,58,L-MMMMx,0.1,D14,-1.0,36,0.8341265080058602,0.4747489094734192
2782,JG075A,86,S075_WT,5.0,False,D14,100000.0,EVAGREEN,JG075A_086,STANDARD,,65.80961,58,L-MMMMx,0.1,D14,-1.0,37,0.8472349970686949,0.4522955119609833
2783,JG075A,86,S075_WT,5.0,False,D14,100000.0,EVAGREEN,JG075A_086,STANDARD,,65.80961,58,L-MMMMx,0.1,D14,-1.0,38,0.8571205022878575,0.42286238074302673
2784,JG075A,86,S075_WT,5.0,False,D14,100000.0,EVAGREEN,JG075A_086,STANDARD,,65.80961,58,L-MMMMx,0.1,D14,-1.0,39,0.8620368324850569,0.38266801834106445
2785,JG075A,86,S075_WT,5.0,False,D14,100000.0,EVAGREEN,JG075A_086,STANDARD,,65.80961,58,L-MMMMx,0.1,D14,-1.0,40,0.8675394099569806,0.3437432050704956
2786,JG075A,86,S075_WT,5.0,False,D14,100000.0,EVAGREEN,JG075A_086,STANDARD,,65.80961,58,L-MMMMx,0.1,D14,-1.0,41,0.8712568231923495,0.3009524643421173
2787,JG075A,86,S075_WT,5.0,False,D14,100000.0,EVAGREEN,JG075A_086,STANDARD,,65.80961,58,L-MMMMx,0.1,D14,-1.0,42,0.8756853296009474,0.2597016394138336
2788,JG075A,86,S075_WT,5.0,False,D14,100000.0,EVAGREEN,JG075A_086,STANDARD,,65.80961,58,L-MMMMx,0.1,D14,-1.0,43,0.8785604183482572,0.21508675813674927
2789,JG075A,86,S075_WT,5.0,False,D14,100000.0,EVAGREEN,JG075A_086,STANDARD,,65.80961,58,L-MMMMx,0.1,D14,-1.0,44,0.8811406770107384,0.16983337700366974
2790,JG075A,86,S075_WT,5.0,False,D14,100000.0,EVAGREEN,JG075A_086,STANDARD,,65.80961,58,L-MMMMx,0.1,D14,-1.0,45,0.8842676594227559,0.12576398253440857
2791,JG075A,86,S075_WT,5.0,False,D14,100000.0,EVAGREEN,JG075A_086,STANDARD,,65.80961,58,L-MMMMx,0.1,D14,-1.0,46,0.887038269547772,0.08092282712459564
2792,JG075A,86,S075_WT,5.0,False,D14,100000.0,EVAGREEN,JG075A_086,STANDARD,,65.80961,58,L-MMMMx,0.1,D14,-1.0,47,0.8877558582307115,0.031635645776987076
2793,JG075A,86,S075_WT,5.0,False,D14,100000.0,EVAGREEN,JG075A_086,STANDARD,,65.80961,58,L-MMMMx,0.1,D14,-1.0,48,0.8893903046233043,-0.015665989369153976
2794,JG075A,86,S075_WT,5.0,False,D14,100000.0,EVAGREEN,JG075A_086,STANDARD,,65.80961,58,L-MMMMx,0.1,D14,-1.0,49,0.8916489805084203,-0.06161579117178917
2795,JG075A,86,S075_WT,5.0,False,D14,100000.0,EVAGREEN,JG075A_086,STANDARD,,65.80961,58,L-MMMMx,0.1,D14,-1.0,50,0.8935598713905591,-0.1083187535405159
2796,JG075A,86,S075_WT,5.0,False,D14,100000.0,EVAGREEN,JG075A_086,STANDARD,,65.80961,58,L-MMMMx,0.1,D14,-1.0,51,0.8950938025227156,-0.15583807229995728
2797,JG075A,86,S075_WT,5.0,False,D14,100000.0,EVAGREEN,JG075A_086,STANDARD,,65.80961,58,L-MMMMx,0.1,D14,-1.0,52,0.8971387871476927,-0.2022506445646286
2798,JG075A,86,S075_WT,5.0,False,D14,100000.0,EVAGREEN,JG075A_086,STANDARD,,65.80961,58,L-MMMMx,0.1,D14,-1.0,53,0.8975586833177958,-0.2521825134754181
2799,JG075A,86,S075_WT,5.0,False,D14,100000.0,EVAGREEN,JG075A_086,STANDARD,,65.80961,58,L-MMMMx,0.1,D14,-1.0,54,0.9008798704608205,-0.2958313226699829
3248,JG075A,104,S075_WT,4.0,False,E8,10000.0,EVAGREEN,JG075A_104,STANDARD,,31.091125,67,L-MMMMx,3.1622776601683795,E8,0.5,3,-0.007078963365641751,-0.004326224327087402
3249,JG075A,104,S075_WT,4.0,False,E8,10000.0,EVAGREEN,JG075A_104,STANDARD,,31.091125,67,L-MMMMx,3.1622776601683795,E8,0.5,4,-0.006633250296773921,-0.007008067332208157
3250,JG075A,104,S075_WT,4.0,False,E8,10000.0,EVAGREEN,JG075A_104,STANDARD,,31.091125,67,L-MMMMx,3.1622776601683795,E8,0.5,5,-0.0034248538266045425,-0.0037070345133543015
3251,JG075A,104,S075_WT,4.0,False,E8,10000.0,EVAGREEN,JG075A_104,STANDARD,,31.091125,67,L-MMMMx,3.1622776601683795,E8,0.5,6,0.0004610573343917161,0.0010612261248752475
3252,JG075A,104,S075_WT,4.0,False,E8,10000.0,EVAGREEN,JG075A_104,STANDARD,,31.091125,67,L-MMMMx,3.1622776601683795,E8,0.5,7,0.0019263452410476084,0.0005873775226064026
3253,JG075A,104,S075_WT,4.0,False,E8,10000.0,EVAGREEN,JG075A_104,STANDARD,,31.091125,67,L-MMMMx,3.1622776601683795,E8,0.5,8,0.0023264796485565936,-0.0021931708324700594
3254,JG075A,104,S075_WT,4.0,False,E8,10000.0,EVAGREEN,JG075A_104,STANDARD,,31.091125,67,L-MMMMx,3.1622776601683795,E8,0.5,9,0.00426726088470246,-0.0016372895333915949
3255,JG075A,104,S075_WT,4.0,False,E8,10000.0,EVAGREEN,JG075A_104,STANDARD,,31.091125,67,L-MMMMx,3.1622776601683795,E8,0.5,10,0.008155924380321837,0.003136931685730815
3256,JG075A,104,S075_WT,4.0,False,E8,10000.0,EVAGREEN,JG075A_104,STANDARD,,31.091125,67,L-MMMMx,3.1622776601683795,E8,0.5,11,0.010826789898596149,0.0052738855592906475
3257,JG075A,104,S075_WT,4.0,False,E8,10000.0,EVAGREEN,JG075A_104,STANDARD,,31.091125,67,L-MMMMx,3.1622776601683795,E8,0.5,12,0.01187625509039128,0.0038995302747935057
3258,JG075A,104,S075_WT,4.0,False,E8,10000.0,EVAGREEN,JG075A_104,STANDARD,,31.091125,67,L-MMMMx,3.1622776601683795,E8,0.5,13,0.013612482817346968,0.004012429621070623
3259,JG075A,104,S075_WT,4.0,False,E8,10000.0,EVAGREEN,JG075A_104,STANDARD,,31.091125,67,L-MMMMx,3.1622776601683795,E8,0.5,14,0.01581346976876247,0.005131813231855631
3260,JG075A,104,S075_WT,4.0,False,E8,10000.0,EVAGREEN,JG075A_104,STANDARD,,31.091125,67,L-MMMMx,3.1622776601683795,E8,0.5,15,0.01689475194880085,0.003826360683888197
3261,JG075A,104,S075_WT,4.0,False,E8,10000.0,EVAGREEN,JG075A_104,STANDARD,,31.091125,67,L-MMMMx,3.1622776601683795,E8,0.5,16,0.017634029028570513,0.0017802608199417591
3262,JG075A,104,S075_WT,4.0,False,E8,10000.0,EVAGREEN,JG075A_104,STANDARD,,31.091125,67,L-MMMMx,3.1622776601683795,E8,0.5,17,0.019795162174643256,0.002813336905092001
3263,JG075A,104,S075_WT,4.0,False,E8,10000.0,EVAGREEN,JG075A_104,STANDARD,,31.091125,67,L-MMMMx,3.1622776601683795,E8,0.5,18,0.02099314334270187,0.0017606079345569015
3264,JG075A,104,S075_WT,4.0,False,E8,10000.0,EVAGREEN,JG075A_104,STANDARD,,31.091125,67,L-MMMMx,3.1622776601683795,E8,0.5,19,0.021625629839094527,-0.000516757951118052
3265,JG075A,104,S075_WT,4.0,False,E8,10000.0,EVAGREEN,JG075A_104,STANDARD,,31.091125,67,L-MMMMx,3.1622776601683795,E8,0.5,20,0.023174808905063075,-0.0008089315961115062
3266,JG075A,104,S075_WT,4.0,False,E8,10000.0,EVAGREEN,JG075A_104,STANDARD,,31.091125,67,L-MMMMx,3.1622776601683795,E8,0.5,21,0.02468562042638535,-0.001184194115921855
3267,JG075A,104,S075_WT,4.0,False,E8,10000.0,EVAGREEN,JG075A_104,STANDARD,,31.091125,67,L-MMMMx,3.1622776601683795,E8,0.5,22,0.026294580200368033,-0.0013469064142554998
3268,JG075A,104,S075_WT,4.0,False,E8,10000.0,EVAGREEN,JG075A_104,STANDARD,,31.091125,67,L-MMMMx,3.1622776601683795,E8,0.5,23,0.027538745543402576,-0.002299618674442172
3269,JG075A,104,S075_WT,4.0,False,E8,10000.0,EVAGREEN,JG075A_104,STANDARD,,31.091125,67,L-MMMMx,3.1622776601683795,E8,0.5,24,0.02981988047904329,-0.001006666454486549
3270,JG075A,104,S075_WT,4.0,False,E8,10000.0,EVAGREEN,JG075A_104,STANDARD,,31.091125,67,L-MMMMx,3.1622776601683795,E8,0.5,25,0.030678003367839216,-0.002795393578708172
3271,JG075A,104,S075_WT,4.0,False,E8,10000.0,EVAGREEN,JG075A_104,STANDARD,,31.091125,67,L-MMMMx,3.1622776601683795,E8,0.5,26,0.03206204235642065,-0.003445195034146309
3272,JG075A,104,S075_WT,4.0,False,E8,10000.0,EVAGREEN,JG075A_104,STANDARD,,31.091125,67,L-MMMMx,3.1622776601683795,E8,0.5,27,0.03487140535293028,-0.001008310355246067
3273,JG075A,104,S075_WT,4.0,False,E8,10000.0,EVAGREEN,JG075A_104,STANDARD,,31.091125,67,L-MMMMx,3.1622776601683795,E8,0.5,28,0.039498024807700226,0.005364030599594116
3274,JG075A,104,S075_WT,4.0,False,E8,10000.0,EVAGREEN,JG075A_104,STANDARD,,31.091125,67,L-MMMMx,3.1622776601683795,E8,0.5,29,0.0437196657460245,0.010859348811209202
3275,JG075A,104,S075_WT,4.0,False,E8,10000.0,EVAGREEN,JG075A_104,STANDARD,,31.091125,67,L-MMMMx,3.1622776601683795,E8,0.5,30,0.05419807888969941,0.029904352501034737
3276,JG075A,104,S075_WT,4.0,False,E8,10000.0,EVAGREEN,JG075A_104,STANDARD,,31.091125,67,L-MMMMx,3.1622776601683795,E8,0.5,31,0.06996752506616509,0.06040763482451439
3277,JG075A,104,S075_WT,4.0,False,E8,10000.0,EVAGREEN,JG075A_104,STANDARD,,31.091125,67,L-MMMMx,3.1622776601683795,E8,0.5,32,0.09377610030322057,0.10832047462463379
3278,JG075A,104,S075_WT,4.0,False,E8,10000.0,EVAGREEN,JG075A_104,STANDARD,,31.091125,67,L-MMMMx,3.1622776601683795,E8,0.5,33,0.13382735813184077,0.19140852987766266
3279,JG075A,104,S075_WT,4.0,False,E8,10000.0,EVAGREEN,JG075A_104,STANDARD,,31.091125,67,L-MMMMx,3.1622776601683795,E8,0.5,34,0.19129599496917268,0.3122157156467438
3280,JG075A,104,S075_WT,4.0,False,E8,10000.0,EVAGREEN,JG075A_104,STANDARD,,31.091125,67,L-MMMMx,3.1622776601683795,E8,0.5,35,0.26751072787787306,0.4736194908618927
3281,JG075A,104,S075_WT,4.0,False,E8,10000.0,EVAGREEN,JG075A_104,STANDARD,,31.091125,67,L-MMMMx,3.1622776601683795,E8,0.5,36,0.3507554188342506,0.6502473950386047
3282,JG075A,104,S075_WT,4.0,False,E8,10000.0,EVAGREEN,JG075A_104,STANDARD,,31.091125,67,L-MMMMx,3.1622776601683795,E8,0.5,37,0.4333002461426615,0.8253596425056458
3283,JG075A,104,S075_WT,4.0,False,E8,10000.0,EVAGREEN,JG075A_104,STANDARD,,31.091125,67,L-MMMMx,3.1622776601683795,E8,0.5,38,0.5072225595437664,0.9817989468574524
3284,JG075A,104,S075_WT,4.0,False,E8,10000.0,EVAGREEN,JG075A_104,STANDARD,,31.091125,67,L-MMMMx,3.1622776601683795,E8,0.5,39,0.5647074902020672,1.1026414632797241
3285,JG075A,104,S075_WT,4.0,False,E8,10000.0,EVAGREEN,JG075A_104,STANDARD,,31.091125,67,L-MMMMx,3.1622776601683795,E8,0.5,40,0.6045499559261776,1.1852773427963257
3286,JG075A,104,S075_WT,4.0,False,E8,10000.0,EVAGREEN,JG075A_104,STANDARD,,31.091125,67,L-MMMMx,3.1622776601683795,E8,0.5,41,0.6335177273675765,1.2443629503250122
3287,JG075A,104,S075_WT,4.0,False,E8,10000.0,EVAGREEN,JG075A_104,STANDARD,,31.091125,67,L-MMMMx,3.1622776601683795,E8,0.5,42,0.6566120167232402,1.2907289266586304
3288,JG075A,104,S075_WT,4.0,False,E8,10000.0,EVAGREEN,JG075A_104,STANDARD,,31.091125,67,L-MMMMx,3.1622776601683795,E8,0.5,43,0.6724783450784397,1.3214420080184937
3289,JG075A,104,S075_WT,4.0,False,E8,10000.0,EVAGREEN,JG075A_104,STANDARD,,31.091125,67,L-MMMMx,3.1622776601683795,E8,0.5,44,0.6822080681579339,1.3388656377792358
3290,JG075A,104,S075_WT,4.0,False,E8,10000.0,EVAGREEN,JG075A_104,STANDARD,,31.091125,67,L-MMMMx,3.1622776601683795,E8,0.5,45,0.6865737112437397,1.3446727991104126
3291,JG075A,104,S075_WT,4.0,False,E8,10000.0,EVAGREEN,JG075A_104,STANDARD,,31.091125,67,L-MMMMx,3.1622776601683795,E8,0.5,46,0.6953528880377936,1.360037922859192
3292,JG075A,104,S075_WT,4.0,False,E8,10000.0,EVAGREEN,JG075A_104,STANDARD,,31.091125,67,L-MMMMx,3.1622776601683795,E8,0.5,47,0.7000631234184139,1.3665913343429565
3293,JG075A,104,S075_WT,4.0,False,E8,10000.0,EVAGREEN,JG075A_104,STANDARD,,31.091125,67,L-MMMMx,3.1622776601683795,E8,0.5,48,0.705061913560922,1.3737696409225464
3294,JG075A,104,S075_WT,4.0,False,E8,10000.0,EVAGREEN,JG075A_104,STANDARD,,31.091125,67,L-MMMMx,3.1622776601683795,E8,0.5,49,0.7057723461738413,1.3716610670089722
3295,JG075A,104,S075_WT,4.0,False,E8,10000.0,EVAGREEN,JG075A_104,STANDARD,,31.091125,67,L-MMMMx,3.1622776601683795,E8,0.5,50,0.7076368877409268,1.3720518350601196
3296,JG075A,104,S075_WT,4.0,False,E8,10000.0,EVAGREEN,JG075A_104,STANDARD,,31.091125,67,L-MMMMx,3.1622776601683795,E8,0.5,51,0.7094556304598836,1.3723434209823608
3297,JG075A,104,S075_WT,4.0,False,E8,10000.0,EVAGREEN,JG075A_104,STANDARD,,31.091125,67,L-MMMMx,3.1622776601683795,E8,0.5,52,0.7130938865514916,1.3765753507614136
3298,JG075A,104,S075_WT,4.0,False,E8,10000.0,EVAGREEN,JG075A_104,STANDARD,,31.091125,67,L-MMMMx,3.1622776601683795,E8,0.5,53,0.7166463798962434,1.3806216716766357
3299,JG075A,104,S075_WT,4.0,False,E8,10000.0,EVAGREEN,JG075A_104,STANDARD,,31.091125,67,L-MMMMx,3.1622776601683795,E8,0.5,54,0.7181838340167174,1.3803040981292725
3300,JG075A,104,S075_WT,4.0,False,E8,10000.0,EVAGREEN,JG075A_104,STANDARD,,31.091125,67,L-MMMMx,3.1622776601683795,E8,0.5,55,0.7213017887711711,1.3834092617034912
3301,JG075A,104,S075_WT,4.0,False,E8,10000.0,EVAGREEN,JG075A_104,STANDARD,,31.091125,67,L-MMMMx,3.1622776601683795,E8,0.5,56,0.724078564125743,1.3857755661010742
3302,JG075A,104,S075_WT,4.0,False,E8,10000.0,EVAGREEN,JG075A_104,STANDARD,,31.091125,67,L-MMMMx,3.1622776601683795,E8,0.5,57,0.7220809196562835,1.3778023719787598
3303,JG075A,104,S075_WT,4.0,False,E8,10000.0,EVAGREEN,JG075A_104,STANDARD,,31.091125,67,L-MMMMx,3.1622776601683795,E8,0.5,58,0.7222994550253591,1.3746285438537598
3304,JG075A,104,S075_WT,4.0,False,E8,10000.0,EVAGREEN,JG075A_104,STANDARD,,31.091125,67,L-MMMMx,3.1622776601683795,E8,0.5,59,0.7242537227011583,1.375213623046875
3305,JG075A,104,S075_WT,4.0,False,E8,10000.0,EVAGREEN,JG075A_104,STANDARD,,31.091125,67,L-MMMMx,3.1622776601683795,E8,0.5,60,0.7286696784638748,1.3811297416687012
3306,JG075A,104,S075_WT,4.0,False,E8,10000.0,EVAGREEN,JG075A_104,STANDARD,,31.091125,67,L-MMMMx,3.1622776601683795,E8,0.5,61,0.731077310698794,1.3826966285705566
3307,JG075A,104,S075_WT,4.0,False,E8,10000.0,EVAGREEN,JG075A_104,STANDARD,,31.091125,67,L-MMMMx,3.1622776601683795,E8,0.5,62,0.7331748098683802,1.383591890335083
3308,JG075A,104,S075_WT,4.0,False,E8,10000.0,EVAGREEN,JG075A_104,STANDARD,,31.091125,67,L-MMMMx,3.1622776601683795,E8,0.5,63,0.7346180240513587,1.3830702304840088
3309,JG075A,104,S075_WT,4.0,False,E8,10000.0,EVAGREEN,JG075A_104,STANDARD,,31.091125,67,L-MMMMx,3.1622776601683795,E8,0.5,64,0.7349782496068324,1.3802032470703125
3310,JG075A,105,S075_WT,4.0,False,E9,10000.0,EVAGREEN,JG075A_105,STANDARD,,30.583662,68,L-MMMMx,1.7782794100389228,E9,0.25,3,-0.008524269322933802,-0.004816324915736914
3311,JG075A,105,S075_WT,4.0,False,E9,10000.0,EVAGREEN,JG075A_105,STANDARD,,30.583662,68,L-MMMMx,1.7782794100389228,E9,0.25,4,-0.005329304245725242,-0.002150231972336769
3312,JG075A,105,S075_WT,4.0,False,E9,10000.0,EVAGREEN,JG075A_105,STANDARD,,30.583662,68,L-MMMMx,1.7782794100389228,E9,0.25,5,-0.0036927660788189094,-0.0028590732254087925
3313,JG075A,105,S075_WT,4.0,False,E9,10000.0,EVAGREEN,JG075A_105,STANDARD,,30.583662,68,L-MMMMx,1.7782794100389228,E9,0.25,6,-0.0010915896732019614,-0.0014788908883929253
3314,JG075A,105,S075_WT,4.0,False,E9,10000.0,EVAGREEN,JG075A_105,STANDARD,,30.583662,68,L-MMMMx,1.7782794100389228,E9,0.25,7,0.0014594391955817653,-0.00020730825781356543
3315,JG075A,105,S075_WT,4.0,False,E9,10000.0,EVAGREEN,JG075A_105,STANDARD,,30.583662,68,L-MMMMx,1.7782794100389228,E9,0.25,8,0.0030508941213614155,-0.001013781875371933
3316,JG075A,105,S075_WT,4.0,False,E9,10000.0,EVAGREEN,JG075A_105,STANDARD,,30.583662,68,L-MMMMx,1.7782794100389228,E9,0.25,9,0.005663245005548225,0.0003905998601112515
3317,JG075A,105,S075_WT,4.0,False,E9,10000.0,EVAGREEN,JG075A_105,STANDARD,,30.583662,68,L-MMMMx,1.7782794100389228,E9,0.25,10,0.00846435099818851,0.0022037504240870476
3318,JG075A,105,S075_WT,4.0,False,E9,10000.0,EVAGREEN,JG075A_105,STANDARD,,30.583662,68,L-MMMMx,1.7782794100389228,E9,0.25,11,0.011202978994884002,0.0038815983571112156
3319,JG075A,105,S075_WT,4.0,False,E9,10000.0,EVAGREEN,JG075A_105,STANDARD,,30.583662,68,L-MMMMx,1.7782794100389228,E9,0.25,12,0.012967831001920125,0.0034506337251514196
3320,JG075A,105,S075_WT,4.0,False,E9,10000.0,EVAGREEN,JG075A_105,STANDARD,,30.583662,68,L-MMMMx,1.7782794100389228,E9,0.25,13,0.015062412696805859,0.003733732970431447
3321,JG075A,105,S075_WT,4.0,False,E9,10000.0,EVAGREEN,JG075A_105,STANDARD,,30.583662,68,L-MMMMx,1.7782794100389228,E9,0.25,14,0.016331183911371082,0.002228454453870654
3322,JG075A,105,S075_WT,4.0,False,E9,10000.0,EVAGREEN,JG075A_105,STANDARD,,30.583662,68,L-MMMMx,1.7782794100389228,E9,0.25,15,0.0180819990118293,0.0017670918023213744
3323,JG075A,105,S075_WT,4.0,False,E9,10000.0,EVAGREEN,JG075A_105,STANDARD,,30.583662,68,L-MMMMx,1.7782794100389228,E9,0.25,16,0.019441211942110202,0.0004576740902848542
3324,JG075A,105,S075_WT,4.0,False,E9,10000.0,EVAGREEN,JG075A_105,STANDARD,,30.583662,68,L-MMMMx,1.7782794100389228,E9,0.25,17,0.02218837217613736,0.0021539994049817324
3325,JG075A,105,S075_WT,4.0,False,E9,10000.0,EVAGREEN,JG075A_105,STANDARD,,30.583662,68,L-MMMMx,1.7782794100389228,E9,0.25,18,0.023809882596001464,0.0014126140158623457
3326,JG075A,105,S075_WT,4.0,False,E9,10000.0,EVAGREEN,JG075A_105,STANDARD,,30.583662,68,L-MMMMx,1.7782794100389228,E9,0.25,19,0.026095035940191934,0.0021084158215671778
3327,JG075A,105,S075_WT,4.0,False,E9,10000.0,EVAGREEN,JG075A_105,STANDARD,,30.583662,68,L-MMMMx,1.7782794100389228,E9,0.25,20,0.02724666779319723,0.00034945993684232235
3328,JG075A,105,S075_WT,4.0,False,E9,10000.0,EVAGREEN,JG075A_105,STANDARD,,30.583662,68,L-MMMMx,1.7782794100389228,E9,0.25,21,0.028497548832712178,-0.0011945615988224745
3329,JG075A,105,S075_WT,4.0,False,E9,10000.0,EVAGREEN,JG075A_105,STANDARD,,30.583662,68,L-MMMMx,1.7782794100389228,E9,0.25,22,0.029989204105057548,-0.002217161701992154
3330,JG075A,105,S075_WT,4.0,False,E9,10000.0,EVAGREEN,JG075A_105,STANDARD,,30.583662,68,L-MMMMx,1.7782794100389228,E9,0.25,23,0.03233628497826819,-0.001387249561958015
3331,JG075A,105,S075_WT,4.0,False,E9,10000.0,EVAGREEN,JG075A_105,STANDARD,,30.583662,68,L-MMMMx,1.7782794100389228,E9,0.25,24,0.034235120634757726,-0.0015280585503205657
3332,JG075A,105,S075_WT,4.0,False,E9,10000.0,EVAGREEN,JG075A_105,STANDARD,,30.583662,68,L-MMMMx,1.7782794100389228,E9,0.25,25,0.03551941501659733,-0.0029997199308127165
3333,JG075A,105,S075_WT,4.0,False,E9,10000.0,EVAGREEN,JG075A_105,STANDARD,,30.583662,68,L-MMMMx,1.7782794100389228,E9,0.25,26,0.03766271303431227,-0.0026111204642802477
3334,JG075A,105,S075_WT,4.0,False,E9,10000.0,EVAGREEN,JG075A_105,STANDARD,,30.583662,68,L-MMMMx,1.7782794100389228,E9,0.25,27,0.04098257905671795,0.0003254582406952977
3335,JG075A,105,S075_WT,4.0,False,E9,10000.0,EVAGREEN,JG075A_105,STANDARD,,30.583662,68,L-MMMMx,1.7782794100389228,E9,0.25,28,0.04587402814892437,0.006665462162345648
3336,JG075A,105,S075_WT,4.0,False,E9,10000.0,EVAGREEN,JG075A_105,STANDARD,,30.583662,68,L-MMMMx,1.7782794100389228,E9,0.25,29,0.05364485963045256,0.01924106664955616
3337,JG075A,105,S075_WT,4.0,False,E9,10000.0,EVAGREEN,JG075A_105,STANDARD,,30.583662,68,L-MMMMx,1.7782794100389228,E9,0.25,30,0.06614976171043725,0.042068786919116974
3338,JG075A,105,S075_WT,4.0,False,E9,10000.0,EVAGREEN,JG075A_105,STANDARD,,30.583662,68,L-MMMMx,1.7782794100389228,E9,0.25,31,0.0867292429209575,0.08238284289836884
3339,JG075A,105,S075_WT,4.0,False,E9,10000.0,EVAGREEN,JG075A_105,STANDARD,,30.583662,68,L-MMMMx,1.7782794100389228,E9,0.25,32,0.12130016214140882,0.15299679338932037
3340,JG075A,105,S075_WT,4.0,False,E9,10000.0,EVAGREEN,JG075A_105,STANDARD,,30.583662,68,L-MMMMx,1.7782794100389228,E9,0.25,33,0.1754375933376878,0.26598405838012695
3341,JG075A,105,S075_WT,4.0,False,E9,10000.0,EVAGREEN,JG075A_105,STANDARD,,30.583662,68,L-MMMMx,1.7782794100389228,E9,0.25,34,0.25020669000894136,0.4236513078212738
3342,JG075A,105,S075_WT,4.0,False,E9,10000.0,EVAGREEN,JG075A_105,STANDARD,,30.583662,68,L-MMMMx,1.7782794100389228,E9,0.25,35,0.3417931016943743,0.6177381873130798
3343,JG075A,105,S075_WT,4.0,False,E9,10000.0,EVAGREEN,JG075A_105,STANDARD,,30.583662,68,L-MMMMx,1.7782794100389228,E9,0.25,36,0.43776695495582824,0.8213265538215637
3344,JG075A,105,S075_WT,4.0,False,E9,10000.0,EVAGREEN,JG075A_105,STANDARD,,30.583662,68,L-MMMMx,1.7782794100389228,E9,0.25,37,0.526707987741597,1.0096845626831055
3345,JG075A,105,S075_WT,4.0,False,E9,10000.0,EVAGREEN,JG075A_105,STANDARD,,30.583662,68,L-MMMMx,1.7782794100389228,E9,0.25,38,0.602533485487896,1.1696395874023438
3346,JG075A,105,S075_WT,4.0,False,E9,10000.0,EVAGREEN,JG075A_105,STANDARD,,30.583662,68,L-MMMMx,1.7782794100389228,E9,0.25,39,0.6588883075499442,1.287428855895996
3347,JG075A,105,S075_WT,4.0,False,E9,10000.0,EVAGREEN,JG075A_105,STANDARD,,30.583662,68,L-MMMMx,1.7782794100389228,E9,0.25,40,0.7005815531680245,1.373466968536377
3348,JG075A,105,S075_WT,4.0,False,E9,10000.0,EVAGREEN,JG075A_105,STANDARD,,30.583662,68,L-MMMMx,1.7782794100389228,E9,0.25,41,0.7278505836800346,1.4282678365707397
3349,JG075A,105,S075_WT,4.0,False,E9,10000.0,EVAGREEN,JG075A_105,STANDARD,,30.583662,68,L-MMMMx,1.7782794100389228,E9,0.25,42,0.7455122048632019,1.4622629880905151
3350,JG075A,105,S075_WT,4.0,False,E9,10000.0,EVAGREEN,JG075A_105,STANDARD,,30.583662,68,L-MMMMx,1.7782794100389228,E9,0.25,43,0.7612329897635308,1.492055058479309
3351,JG075A,105,S075_WT,4.0,False,E9,10000.0,EVAGREEN,JG075A_105,STANDARD,,30.583662,68,L-MMMMx,1.7782794100389228,E9,0.25,44,0.7711563671071077,1.5092922449111938
3352,JG075A,105,S075_WT,4.0,False,E9,10000.0,EVAGREEN,JG075A_105,STANDARD,,30.583662,68,L-MMMMx,1.7782794100389228,E9,0.25,45,0.7780357724509002,1.5199373960494995
3353,JG075A,105,S075_WT,4.0,False,E9,10000.0,EVAGREEN,JG075A_105,STANDARD,,30.583662,68,L-MMMMx,1.7782794100389228,E9,0.25,46,0.7835406618839073,1.5276058912277222
3354,JG075A,105,S075_WT,4.0,False,E9,10000.0,EVAGREEN,JG075A_105,STANDARD,,30.583662,68,L-MMMMx,1.7782794100389228,E9,0.25,47,0.7884437808749157,1.5339710712432861
3355,JG075A,105,S075_WT,4.0,False,E9,10000.0,EVAGREEN,JG075A_105,STANDARD,,30.583662,68,L-MMMMx,1.7782794100389228,E9,0.25,48,0.7916893338624972,1.5367467403411865
3356,JG075A,105,S075_WT,4.0,False,E9,10000.0,EVAGREEN,JG075A_105,STANDARD,,30.583662,68,L-MMMMx,1.7782794100389228,E9,0.25,49,0.7956711914084553,1.5411169528961182
3357,JG075A,105,S075_WT,4.0,False,E9,10000.0,EVAGREEN,JG075A_105,STANDARD,,30.583662,68,L-MMMMx,1.7782794100389228,E9,0.25,50,0.8003685458630394,1.5470366477966309
3358,JG075A,105,S075_WT,4.0,False,E9,10000.0,EVAGREEN,JG075A_105,STANDARD,,30.583662,68,L-MMMMx,1.7782794100389228,E9,0.25,51,0.8030906048053038,1.5486786365509033
3359,JG075A,105,S075_WT,4.0,False,E9,10000.0,EVAGREEN,JG075A_105,STANDARD,,30.583662,68,L-MMMMx,1.7782794100389228,E9,0.25,52,0.8067019981109902,1.5522464513778687
3360,JG075A,105,S075_WT,4.0,False,E9,10000.0,EVAGREEN,JG075A_105,STANDARD,,30.583662,68,L-MMMMx,1.7782794100389228,E9,0.25,53,0.8083944637174383,1.5516587495803833
3361,JG075A,105,S075_WT,4.0,False,E9,10000.0,EVAGREEN,JG075A_105,STANDARD,,30.583662,68,L-MMMMx,1.7782794100389228,E9,0.25,54,0.809056014867451,1.548838496208191
3362,JG075A,105,S075_WT,4.0,False,E9,10000.0,EVAGREEN,JG075A_105,STANDARD,,30.583662,68,L-MMMMx,1.7782794100389228,E9,0.25,55,0.8100143777832209,1.5466610193252563
3363,JG075A,105,S075_WT,4.0,False,E9,10000.0,EVAGREEN,JG075A_105,STANDARD,,30.583662,68,L-MMMMx,1.7782794100389228,E9,0.25,56,0.8146940072028321,1.5525423288345337
3364,JG075A,105,S075_WT,4.0,False,E9,10000.0,EVAGREEN,JG075A_105,STANDARD,,30.583662,68,L-MMMMx,1.7782794100389228,E9,0.25,57,0.8149258638714837,1.5487914085388184
3365,JG075A,105,S075_WT,4.0,False,E9,10000.0,EVAGREEN,JG075A_105,STANDARD,,30.583662,68,L-MMMMx,1.7782794100389228,E9,0.25,58,0.8151385642911583,1.544999122619629
3366,JG075A,105,S075_WT,4.0,False,E9,10000.0,EVAGREEN,JG075A_105,STANDARD,,30.583662,68,L-MMMMx,1.7782794100389228,E9,0.25,59,0.8170044269788629,1.5447869300842285
3367,JG075A,105,S075_WT,4.0,False,E9,10000.0,EVAGREEN,JG075A_105,STANDARD,,30.583662,68,L-MMMMx,1.7782794100389228,E9,0.25,60,0.8177962186032417,1.5422487258911133
3368,JG075A,105,S075_WT,4.0,False,E9,10000.0,EVAGREEN,JG075A_105,STANDARD,,30.583662,68,L-MMMMx,1.7782794100389228,E9,0.25,61,0.8204809558880165,1.5438098907470703
3369,JG075A,105,S075_WT,4.0,False,E9,10000.0,EVAGREEN,JG075A_105,STANDARD,,30.583662,68,L-MMMMx,1.7782794100389228,E9,0.25,62,0.821754516164826,1.542314887046814
3370,JG075A,106,S075_WT,4.0,False,E10,10000.0,EVAGREEN,JG075A_106,STANDARD,,30.20336,69,L-MMMMx,1.0,E10,0.0,3,-0.007207810470604771,-0.0009770083706825972
3371,JG075A,106,S075_WT,4.0,False,E10,10000.0,EVAGREEN,JG075A_106,STANDARD,,30.20336,69,L-MMMMx,1.0,E10,0.0,4,-0.005478023206667178,-0.0016283822478726506
3372,JG075A,106,S075_WT,4.0,False,E10,10000.0,EVAGREEN,JG075A_106,STANDARD,,30.20336,69,L-MMMMx,1.0,E10,0.0,5,-0.00403255210929774,-0.0028954721055924892
3373,JG075A,106,S075_WT,4.0,False,E10,10000.0,EVAGREEN,JG075A_106,STANDARD,,30.20336,69,L-MMMMx,1.0,E10,0.0,6,-0.0013247777837274077,-0.0014289142563939095
3374,JG075A,106,S075_WT,4.0,False,E10,10000.0,EVAGREEN,JG075A_106,STANDARD,,30.20336,69,L-MMMMx,1.0,E10,0.0,7,0.0013966205982273616,6.71480011078529e-05
3375,JG075A,106,S075_WT,4.0,False,E10,10000.0,EVAGREEN,JG075A_106,STANDARD,,30.20336,69,L-MMMMx,1.0,E10,0.0,8,0.0026721900793116875,-0.0015678813215345144
3376,JG075A,106,S075_WT,4.0,False,E10,10000.0,EVAGREEN,JG075A_106,STANDARD,,30.20336,69,L-MMMMx,1.0,E10,0.0,9,0.005290430959591971,-0.0002952173526864499
3377,JG075A,106,S075_WT,4.0,False,E10,10000.0,EVAGREEN,JG075A_106,STANDARD,,30.20336,69,L-MMMMx,1.0,E10,0.0,10,0.008683921933166076,0.0026563305873423815
3378,JG075A,106,S075_WT,4.0,False,E10,10000.0,EVAGREEN,JG075A_106,STANDARD,,30.20336,69,L-MMMMx,1.0,E10,0.0,11,0.010899221024621793,0.0030563827604055405
3379,JG075A,106,S075_WT,4.0,False,E10,10000.0,EVAGREEN,JG075A_106,STANDARD,,30.20336,69,L-MMMMx,1.0,E10,0.0,12,0.012783359214223878,0.002739271614700556
3380,JG075A,106,S075_WT,4.0,False,E10,10000.0,EVAGREEN,JG075A_106,STANDARD,,30.20336,69,L-MMMMx,1.0,E10,0.0,13,0.014900124726171948,0.0029259389266371727
3381,JG075A,106,S075_WT,4.0,False,E10,10000.0,EVAGREEN,JG075A_106,STANDARD,,30.20336,69,L-MMMMx,1.0,E10,0.0,14,0.016255291724556864,0.0014632863458245993
3382,JG075A,106,S075_WT,4.0,False,E10,10000.0,EVAGREEN,JG075A_106,STANDARD,,30.20336,69,L-MMMMx,1.0,E10,0.0,15,0.017409923622301357,-0.00043364588054828346
3383,JG075A,106,S075_WT,4.0,False,E10,10000.0,EVAGREEN,JG075A_106,STANDARD,,30.20336,69,L-MMMMx,1.0,E10,0.0,16,0.019803023530410538,0.0003514521522447467
3384,JG075A,106,S075_WT,4.0,False,E10,10000.0,EVAGREEN,JG075A_106,STANDARD,,30.20336,69,L-MMMMx,1.0,E10,0.0,17,0.022092800796767845,0.00091279431944713
3385,JG075A,106,S075_WT,4.0,False,E10,10000.0,EVAGREEN,JG075A_106,STANDARD,,30.20336,69,L-MMMMx,1.0,E10,0.0,18,0.024210254392371695,0.0011009518057107925
3386,JG075A,106,S075_WT,4.0,False,E10,10000.0,EVAGREEN,JG075A_106,STANDARD,,30.20336,69,L-MMMMx,1.0,E10,0.0,19,0.025514668340306305,-0.00047161185648292303
3387,JG075A,106,S075_WT,4.0,False,E10,10000.0,EVAGREEN,JG075A_106,STANDARD,,30.20336,69,L-MMMMx,1.0,E10,0.0,20,0.027422173850858666,-0.0007381186005659401
3388,JG075A,106,S075_WT,4.0,False,E10,10000.0,EVAGREEN,JG075A_106,STANDARD,,30.20336,69,L-MMMMx,1.0,E10,0.0,21,0.028999344159944332,-0.0017200002912431955
3389,JG075A,106,S075_WT,4.0,False,E10,10000.0,EVAGREEN,JG075A_106,STANDARD,,30.20336,69,L-MMMMx,1.0,E10,0.0,22,0.031719696654742315,-0.0002262030029669404
3390,JG075A,106,S075_WT,4.0,False,E10,10000.0,EVAGREEN,JG075A_106,STANDARD,,30.20336,69,L-MMMMx,1.0,E10,0.0,23,0.034417012108744795,0.0012177051976323128
3391,JG075A,106,S075_WT,4.0,False,E10,10000.0,EVAGREEN,JG075A_106,STANDARD,,30.20336,69,L-MMMMx,1.0,E10,0.0,24,0.03544847703210473,-0.0009459577850066125
3392,JG075A,106,S075_WT,4.0,False,E10,10000.0,EVAGREEN,JG075A_106,STANDARD,,30.20336,69,L-MMMMx,1.0,E10,0.0,25,0.03655664952141098,-0.0029435025062412024
3393,JG075A,106,S075_WT,4.0,False,E10,10000.0,EVAGREEN,JG075A_106,STANDARD,,30.20336,69,L-MMMMx,1.0,E10,0.0,26,0.039845138929113115,-0.00021934628603048623
3394,JG075A,106,S075_WT,4.0,False,E10,10000.0,EVAGREEN,JG075A_106,STANDARD,,30.20336,69,L-MMMMx,1.0,E10,0.0,27,0.04416842358506915,0.004745766054838896
3395,JG075A,106,S075_WT,4.0,False,E10,10000.0,EVAGREEN,JG075A_106,STANDARD,,30.20336,69,L-MMMMx,1.0,E10,0.0,28,0.04863323328734595,0.010017365217208862
3396,JG075A,106,S075_WT,4.0,False,E10,10000.0,EVAGREEN,JG075A_106,STANDARD,,30.20336,69,L-MMMMx,1.0,E10,0.0,29,0.05784015040517875,0.025558486580848694
3397,JG075A,106,S075_WT,4.0,False,E10,10000.0,EVAGREEN,JG075A_106,STANDARD,,30.20336,69,L-MMMMx,1.0,E10,0.0,30,0.07314847043888714,0.054312825202941895
3398,JG075A,106,S075_WT,4.0,False,E10,10000.0,EVAGREEN,JG075A_106,STANDARD,,30.20336,69,L-MMMMx,1.0,E10,0.0,31,0.09931706252188192,0.10658620297908783
3399,JG075A,106,S075_WT,4.0,False,E10,10000.0,EVAGREEN,JG075A_106,STANDARD,,30.20336,69,L-MMMMx,1.0,E10,0.0,32,0.14177628286557614,0.19413861632347107
3400,JG075A,106,S075_WT,4.0,False,E10,10000.0,EVAGREEN,JG075A_106,STANDARD,,30.20336,69,L-MMMMx,1.0,E10,0.0,33,0.20530445960916602,0.3273180425167084
3401,JG075A,106,S075_WT,4.0,False,E10,10000.0,EVAGREEN,JG075A_106,STANDARD,,30.20336,69,L-MMMMx,1.0,E10,0.0,34,0.29148154291970657,0.5095459818840027
3402,JG075A,106,S075_WT,4.0,False,E10,10000.0,EVAGREEN,JG075A_106,STANDARD,,30.20336,69,L-MMMMx,1.0,E10,0.0,35,0.39227611027355275,0.7234296202659607
3403,JG075A,106,S075_WT,4.0,False,E10,10000.0,EVAGREEN,JG075A_106,STANDARD,,30.20336,69,L-MMMMx,1.0,E10,0.0,36,0.49730608023883877,0.9464854598045349
3404,JG075A,106,S075_WT,4.0,False,E10,10000.0,EVAGREEN,JG075A_106,STANDARD,,30.20336,69,L-MMMMx,1.0,E10,0.0,37,0.5924054617438355,1.1480355262756348
3405,JG075A,106,S075_WT,4.0,False,E10,10000.0,EVAGREEN,JG075A_106,STANDARD,,30.20336,69,L-MMMMx,1.0,E10,0.0,38,0.669335966794624,1.3102390766143799
3406,JG075A,106,S075_WT,4.0,False,E10,10000.0,EVAGREEN,JG075A_106,STANDARD,,30.20336,69,L-MMMMx,1.0,E10,0.0,39,0.7263980287614289,1.4294154644012451
3407,JG075A,106,S075_WT,4.0,False,E10,10000.0,EVAGREEN,JG075A_106,STANDARD,,30.20336,69,L-MMMMx,1.0,E10,0.0,40,0.7659170401206304,1.5106005668640137
3408,JG075A,106,S075_WT,4.0,False,E10,10000.0,EVAGREEN,JG075A_106,STANDARD,,30.20336,69,L-MMMMx,1.0,E10,0.0,41,0.7934354321494951,1.5657970905303955
3409,JG075A,106,S075_WT,4.0,False,E10,10000.0,EVAGREEN,JG075A_106,STANDARD,,30.20336,69,L-MMMMx,1.0,E10,0.0,42,0.8113225245849882,1.6001360416412354
3410,JG075A,106,S075_WT,4.0,False,E10,10000.0,EVAGREEN,JG075A_106,STANDARD,,30.20336,69,L-MMMMx,1.0,E10,0.0,43,0.8227428416833867,1.620470404624939
3411,JG075A,106,S075_WT,4.0,False,E10,10000.0,EVAGREEN,JG075A_106,STANDARD,,30.20336,69,L-MMMMx,1.0,E10,0.0,44,0.8319538047331155,1.636020302772522
3412,JG075A,106,S075_WT,4.0,False,E10,10000.0,EVAGREEN,JG075A_106,STANDARD,,30.20336,69,L-MMMMx,1.0,E10,0.0,45,0.8392430877489829,1.6474086046218872
3413,JG075A,106,S075_WT,4.0,False,E10,10000.0,EVAGREEN,JG075A_106,STANDARD,,30.20336,69,L-MMMMx,1.0,E10,0.0,46,0.8470975902030539,1.6600209474563599
3414,JG075A,106,S075_WT,4.0,False,E10,10000.0,EVAGREEN,JG075A_106,STANDARD,,30.20336,69,L-MMMMx,1.0,E10,0.0,47,0.8517228334905123,1.6656399965286255
3415,JG075A,106,S075_WT,4.0,False,E10,10000.0,EVAGREEN,JG075A_106,STANDARD,,30.20336,69,L-MMMMx,1.0,E10,0.0,48,0.8535413560226992,1.6651808023452759
3416,JG075A,106,S075_WT,4.0,False,E10,10000.0,EVAGREEN,JG075A_106,STANDARD,,30.20336,69,L-MMMMx,1.0,E10,0.0,49,0.858101534119667,1.6706589460372925
3417,JG075A,106,S075_WT,4.0,False,E10,10000.0,EVAGREEN,JG075A_106,STANDARD,,30.20336,69,L-MMMMx,1.0,E10,0.0,50,0.8617467260945254,1.674155592918396
3418,JG075A,106,S075_WT,4.0,False,E10,10000.0,EVAGREEN,JG075A_106,STANDARD,,30.20336,69,L-MMMMx,1.0,E10,0.0,51,0.8641924506406286,1.6750545501708984
3419,JG075A,106,S075_WT,4.0,False,E10,10000.0,EVAGREEN,JG075A_106,STANDARD,,30.20336,69,L-MMMMx,1.0,E10,0.0,52,0.8671808254810258,1.677128791809082
3420,JG075A,106,S075_WT,4.0,False,E10,10000.0,EVAGREEN,JG075A_106,STANDARD,,30.20336,69,L-MMMMx,1.0,E10,0.0,53,0.8686515630102355,1.6759164333343506
3421,JG075A,106,S075_WT,4.0,False,E10,10000.0,EVAGREEN,JG075A_106,STANDARD,,30.20336,69,L-MMMMx,1.0,E10,0.0,54,0.8709378723349677,1.6764702796936035
3422,JG075A,106,S075_WT,4.0,False,E10,10000.0,EVAGREEN,JG075A_106,STANDARD,,30.20336,69,L-MMMMx,1.0,E10,0.0,55,0.8730976843604213,1.6767501831054688
3423,JG075A,106,S075_WT,4.0,False,E10,10000.0,EVAGREEN,JG075A_106,STANDARD,,30.20336,69,L-MMMMx,1.0,E10,0.0,56,0.8756936863769469,1.6779747009277344
3424,JG075A,106,S075_WT,4.0,False,E10,10000.0,EVAGREEN,JG075A_106,STANDARD,,30.20336,69,L-MMMMx,1.0,E10,0.0,57,0.878904670041662,1.6805310249328613
3425,JG075A,106,S075_WT,4.0,False,E10,10000.0,EVAGREEN,JG075A_106,STANDARD,,30.20336,69,L-MMMMx,1.0,E10,0.0,58,0.880434857998731,1.6794474124908447
3426,JG075A,106,S075_WT,4.0,False,E10,10000.0,EVAGREEN,JG075A_106,STANDARD,,30.20336,69,L-MMMMx,1.0,E10,0.0,59,0.8830335022564947,1.6806776523590088
3427,JG075A,106,S075_WT,4.0,False,E10,10000.0,EVAGREEN,JG075A_106,STANDARD,,30.20336,69,L-MMMMx,1.0,E10,0.0,60,0.8853554818379424,1.681308627128601
3428,JG075A,106,S075_WT,4.0,False,E10,10000.0,EVAGREEN,JG075A_106,STANDARD,,30.20336,69,L-MMMMx,1.0,E10,0.0,61,0.8859481145289924,1.6781946420669556
3429,JG075A,106,S075_WT,4.0,False,E10,10000.0,EVAGREEN,JG075A_106,STANDARD,,30.20336,69,L-MMMMx,1.0,E10,0.0,62,0.8870767919112409,1.6762415170669556
3430,JG075A,106,S075_WT,4.0,False,E10,10000.0,EVAGREEN,JG075A_106,STANDARD,,30.20336,69,L-MMMMx,1.0,E10,0.0,63,0.8905710458553673,1.6794112920761108
3431,JG075A,107,S075_WT,4.0,False,E11,10000.0,EVAGREEN,JG075A_107,STANDARD,,27.819666,70,L-MMMMx,0.5623413251903491,E11,-0.25,3,-0.007992268843422063,-0.0014676330611109734
3432,JG075A,107,S075_WT,4.0,False,E11,10000.0,EVAGREEN,JG075A_107,STANDARD,,27.819666,70,L-MMMMx,0.5623413251903491,E11,-0.25,4,-0.006693166901310074,-0.003394543193280697
3433,JG075A,107,S075_WT,4.0,False,E11,10000.0,EVAGREEN,JG075A_107,STANDARD,,27.819666,70,L-MMMMx,0.5623413251903491,E11,-0.25,5,-0.0036472820289627345,-0.001538614509627223
3434,JG075A,107,S075_WT,4.0,False,E11,10000.0,EVAGREEN,JG075A_107,STANDARD,,27.819666,70,L-MMMMx,0.5623413251903491,E11,-0.25,6,-0.0007755924149125728,-5.992380465613678e-05
3435,JG075A,107,S075_WT,4.0,False,E11,10000.0,EVAGREEN,JG075A_107,STANDARD,,27.819666,70,L-MMMMx,0.5623413251903491,E11,-0.25,7,0.0013966326396913377,-9.599570330465212e-05
3436,JG075A,107,S075_WT,4.0,False,E11,10000.0,EVAGREEN,JG075A_107,STANDARD,,27.819666,70,L-MMMMx,0.5623413251903491,E11,-0.25,8,0.0037552182716266104,0.00027151545509696007
3437,JG075A,107,S075_WT,4.0,False,E11,10000.0,EVAGREEN,JG075A_107,STANDARD,,27.819666,70,L-MMMMx,0.5623413251903491,E11,-0.25,9,0.005942388503234055,0.00026780887856148183
3438,JG075A,107,S075_WT,4.0,False,E11,10000.0,EVAGREEN,JG075A_107,STANDARD,,27.819666,70,L-MMMMx,0.5623413251903491,E11,-0.25,10,0.008014070774055443,1.4001201634528115e-05
3439,JG075A,107,S075_WT,4.0,False,E11,10000.0,EVAGREEN,JG075A_107,STANDARD,,27.819666,70,L-MMMMx,0.5623413251903491,E11,-0.25,11,0.011000684120293923,0.001741571119055152
3440,JG075A,107,S075_WT,4.0,False,E11,10000.0,EVAGREEN,JG075A_107,STANDARD,,27.819666,70,L-MMMMx,0.5623413251903491,E11,-0.25,12,0.01331041581266884,0.002003283938392997
3441,JG075A,107,S075_WT,4.0,False,E11,10000.0,EVAGREEN,JG075A_107,STANDARD,,27.819666,70,L-MMMMx,0.5623413251903491,E11,-0.25,13,0.01592956496337475,0.0029350724071264267
3442,JG075A,107,S075_WT,4.0,False,E11,10000.0,EVAGREEN,JG075A_107,STANDARD,,27.819666,70,L-MMMMx,0.5623413251903491,E11,-0.25,14,0.0180133024598454,0.002707371488213539
3443,JG075A,107,S075_WT,4.0,False,E11,10000.0,EVAGREEN,JG075A_107,STANDARD,,27.819666,70,L-MMMMx,0.5623413251903491,E11,-0.25,15,0.020178976958046286,0.002657113829627633
3444,JG075A,107,S075_WT,4.0,False,E11,10000.0,EVAGREEN,JG075A_107,STANDARD,,27.819666,70,L-MMMMx,0.5623413251903491,E11,-0.25,16,0.022055986600974496,0.0019817224238067865
3445,JG075A,107,S075_WT,4.0,False,E11,10000.0,EVAGREEN,JG075A_107,STANDARD,,27.819666,70,L-MMMMx,0.5623413251903491,E11,-0.25,17,0.023470824213988623,0.0003054498811252415
3446,JG075A,107,S075_WT,4.0,False,E11,10000.0,EVAGREEN,JG075A_107,STANDARD,,27.819666,70,L-MMMMx,0.5623413251903491,E11,-0.25,18,0.025408082461816896,-0.00023946685541886836
3447,JG075A,107,S075_WT,4.0,False,E11,10000.0,EVAGREEN,JG075A_107,STANDARD,,27.819666,70,L-MMMMx,0.5623413251903491,E11,-0.25,19,0.027296073919891348,-0.0008910759352147579
3448,JG075A,107,S075_WT,4.0,False,E11,10000.0,EVAGREEN,JG075A_107,STANDARD,,27.819666,70,L-MMMMx,0.5623413251903491,E11,-0.25,20,0.02933541625889109,-0.0012149190297350287
3449,JG075A,107,S075_WT,4.0,False,E11,10000.0,EVAGREEN,JG075A_107,STANDARD,,27.819666,70,L-MMMMx,0.5623413251903491,E11,-0.25,21,0.031183141061429314,-0.001953729661181569
3450,JG075A,107,S075_WT,4.0,False,E11,10000.0,EVAGREEN,JG075A_107,STANDARD,,27.819666,70,L-MMMMx,0.5623413251903491,E11,-0.25,22,0.032595198816474096,-0.0036360223311930895
3451,JG075A,107,S075_WT,4.0,False,E11,10000.0,EVAGREEN,JG075A_107,STANDARD,,27.819666,70,L-MMMMx,0.5623413251903491,E11,-0.25,23,0.03555698610441204,-0.0019622156396508217
3452,JG075A,107,S075_WT,4.0,False,E11,10000.0,EVAGREEN,JG075A_107,STANDARD,,27.819666,70,L-MMMMx,0.5623413251903491,E11,-0.25,24,0.039376566000991146,0.0015692291781306267
3453,JG075A,107,S075_WT,4.0,False,E11,10000.0,EVAGREEN,JG075A_107,STANDARD,,27.819666,70,L-MMMMx,0.5623413251903491,E11,-0.25,25,0.04413926087952807,0.00714308675378561
3454,JG075A,107,S075_WT,4.0,False,E11,10000.0,EVAGREEN,JG075A_107,STANDARD,,27.819666,70,L-MMMMx,0.5623413251903491,E11,-0.25,26,0.05054410868760249,0.016273196786642075
3455,JG075A,107,S075_WT,4.0,False,E11,10000.0,EVAGREEN,JG075A_107,STANDARD,,27.819666,70,L-MMMMx,0.5623413251903491,E11,-0.25,27,0.06136061861638129,0.03495721518993378
3456,JG075A,107,S075_WT,4.0,False,E11,10000.0,EVAGREEN,JG075A_107,STANDARD,,27.819666,70,L-MMMMx,0.5623413251903491,E11,-0.25,28,0.08001784180276927,0.07062110304832458
3457,JG075A,107,S075_WT,4.0,False,E11,10000.0,EVAGREEN,JG075A_107,STANDARD,,27.819666,70,L-MMMMx,0.5623413251903491,E11,-0.25,29,0.11002613334843815,0.1308669000864029
3458,JG075A,107,S075_WT,4.0,False,E11,10000.0,EVAGREEN,JG075A_107,STANDARD,,27.819666,70,L-MMMMx,0.5623413251903491,E11,-0.25,30,0.15753079590650226,0.2290029078722
3459,JG075A,107,S075_WT,4.0,False,E11,10000.0,EVAGREEN,JG075A_107,STANDARD,,27.819666,70,L-MMMMx,0.5623413251903491,E11,-0.25,31,0.22807500388457627,0.37703341245651245
3460,JG075A,107,S075_WT,4.0,False,E11,10000.0,EVAGREEN,JG075A_107,STANDARD,,27.819666,70,L-MMMMx,0.5623413251903491,E11,-0.25,32,0.31799983115803254,0.5670346617698669
3461,JG075A,107,S075_WT,4.0,False,E11,10000.0,EVAGREEN,JG075A_107,STANDARD,,27.819666,70,L-MMMMx,0.5623413251903491,E11,-0.25,33,0.41971186173514907,0.7825623154640198
3462,JG075A,107,S075_WT,4.0,False,E11,10000.0,EVAGREEN,JG075A_107,STANDARD,,27.819666,70,L-MMMMx,0.5623413251903491,E11,-0.25,34,0.5211420532468583,0.9974795579910278
3463,JG075A,107,S075_WT,4.0,False,E11,10000.0,EVAGREEN,JG075A_107,STANDARD,,27.819666,70,L-MMMMx,0.5623413251903491,E11,-0.25,35,0.6108523085130962,1.1870161294937134
3464,JG075A,107,S075_WT,4.0,False,E11,10000.0,EVAGREEN,JG075A_107,STANDARD,,27.819666,70,L-MMMMx,0.5623413251903491,E11,-0.25,36,0.6818367248907918,1.3359999656677246
3465,JG075A,107,S075_WT,4.0,False,E11,10000.0,EVAGREEN,JG075A_107,STANDARD,,27.819666,70,L-MMMMx,0.5623413251903491,E11,-0.25,37,0.73629717007844,1.4491994380950928
3466,JG075A,107,S075_WT,4.0,False,E11,10000.0,EVAGREEN,JG075A_107,STANDARD,,27.819666,70,L-MMMMx,0.5623413251903491,E11,-0.25,38,0.7723444966374247,1.5225234031677246
3467,JG075A,107,S075_WT,4.0,False,E11,10000.0,EVAGREEN,JG075A_107,STANDARD,,27.819666,70,L-MMMMx,0.5623413251903491,E11,-0.25,39,0.8001162135450011,1.577925682067871
3468,JG075A,107,S075_WT,4.0,False,E11,10000.0,EVAGREEN,JG075A_107,STANDARD,,27.819666,70,L-MMMMx,0.5623413251903491,E11,-0.25,40,0.8185261394655019,1.6130540370941162
3469,JG075A,107,S075_WT,4.0,False,E11,10000.0,EVAGREEN,JG075A_107,STANDARD,,27.819666,70,L-MMMMx,0.5623413251903491,E11,-0.25,41,0.8297512609924288,1.6326229572296143
3470,JG075A,107,S075_WT,4.0,False,E11,10000.0,EVAGREEN,JG075A_107,STANDARD,,27.819666,70,L-MMMMx,0.5623413251903491,E11,-0.25,42,0.8368998446623623,1.64336359500885
3471,JG075A,107,S075_WT,4.0,False,E11,10000.0,EVAGREEN,JG075A_107,STANDARD,,27.819666,70,L-MMMMx,0.5623413251903491,E11,-0.25,43,0.8453033828270531,1.6568220853805542
3472,JG075A,107,S075_WT,4.0,False,E11,10000.0,EVAGREEN,JG075A_107,STANDARD,,27.819666,70,L-MMMMx,0.5623413251903491,E11,-0.25,44,0.8517247996895587,1.6659880876541138
3473,JG075A,107,S075_WT,4.0,False,E11,10000.0,EVAGREEN,JG075A_107,STANDARD,,27.819666,70,L-MMMMx,0.5623413251903491,E11,-0.25,45,0.8554819566368854,1.6693843603134155
3474,JG075A,107,S075_WT,4.0,False,E11,10000.0,EVAGREEN,JG075A_107,STANDARD,,27.819666,70,L-MMMMx,0.5623413251903491,E11,-0.25,46,0.8602630921573973,1.674998164176941
3475,JG075A,107,S075_WT,4.0,False,E11,10000.0,EVAGREEN,JG075A_107,STANDARD,,27.819666,70,L-MMMMx,0.5623413251903491,E11,-0.25,47,0.863072455153907,1.6763418912887573
3476,JG075A,107,S075_WT,4.0,False,E11,10000.0,EVAGREEN,JG075A_107,STANDARD,,27.819666,70,L-MMMMx,0.5623413251903491,E11,-0.25,48,0.8660282423523664,1.6780027151107788
3477,JG075A,107,S075_WT,4.0,False,E11,10000.0,EVAGREEN,JG075A_107,STANDARD,,27.819666,70,L-MMMMx,0.5623413251903491,E11,-0.25,49,0.8688235133956057,1.6793159246444702
3478,JG075A,107,S075_WT,4.0,False,E11,10000.0,EVAGREEN,JG075A_107,STANDARD,,27.819666,70,L-MMMMx,0.5623413251903491,E11,-0.25,50,0.8714776447193715,1.6803234815597534
3479,JG075A,107,S075_WT,4.0,False,E11,10000.0,EVAGREEN,JG075A_107,STANDARD,,27.819666,70,L-MMMMx,0.5623413251903491,E11,-0.25,51,0.8744425696687798,1.6820040941238403
3480,JG075A,107,S075_WT,4.0,False,E11,10000.0,EVAGREEN,JG075A_107,STANDARD,,27.819666,70,L-MMMMx,0.5623413251903491,E11,-0.25,52,0.8770895449225254,1.682996153831482
3481,JG075A,107,S075_WT,4.0,False,E11,10000.0,EVAGREEN,JG075A_107,STANDARD,,27.819666,70,L-MMMMx,0.5623413251903491,E11,-0.25,53,0.8792613571269359,1.6829590797424316
3482,JG075A,107,S075_WT,4.0,False,E11,10000.0,EVAGREEN,JG075A_107,STANDARD,,27.819666,70,L-MMMMx,0.5623413251903491,E11,-0.25,54,0.8801218470235077,1.6800823211669922
3483,JG075A,107,S075_WT,4.0,False,E11,10000.0,EVAGREEN,JG075A_107,STANDARD,,27.819666,70,L-MMMMx,0.5623413251903491,E11,-0.25,55,0.8819955263415419,1.6793997287750244
3484,JG075A,107,S075_WT,4.0,False,E11,10000.0,EVAGREEN,JG075A_107,STANDARD,,27.819666,70,L-MMMMx,0.5623413251903491,E11,-0.25,56,0.8837400661190594,1.6784374713897705
3485,JG075A,107,S075_WT,4.0,False,E11,10000.0,EVAGREEN,JG075A_107,STANDARD,,27.819666,70,L-MMMMx,0.5623413251903491,E11,-0.25,57,0.8864717031858121,1.6796128749847412
3486,JG075A,107,S075_WT,4.0,False,E11,10000.0,EVAGREEN,JG075A_107,STANDARD,,27.819666,70,L-MMMMx,0.5623413251903491,E11,-0.25,58,0.8873544319461388,1.6767842769622803
3487,JG075A,107,S075_WT,4.0,False,E11,10000.0,EVAGREEN,JG075A_107,STANDARD,,27.819666,70,L-MMMMx,0.5623413251903491,E11,-0.25,59,0.8875328933231018,1.6724305152893066
3488,JG075A,107,S075_WT,4.0,False,E11,10000.0,EVAGREEN,JG075A_107,STANDARD,,27.819666,70,L-MMMMx,0.5623413251903491,E11,-0.25,60,0.8910105231661046,1.6752214431762695
3489,JG075A,108,S075_WT,4.0,False,E12,10000.0,EVAGREEN,JG075A_108,STANDARD,,70.732704,71,L-MMMMx,0.3162277660168379,E12,-0.5000000000000001,3,-0.010138444771027296,0.4000012278556824
3490,JG075A,108,S075_WT,4.0,False,E12,10000.0,EVAGREEN,JG075A_108,STANDARD,,70.732704,71,L-MMMMx,0.3162277660168379,E12,-0.5000000000000001,4,-0.006814340153302011,0.36083850264549255
3491,JG075A,108,S075_WT,4.0,False,E12,10000.0,EVAGREEN,JG075A_108,STANDARD,,70.732704,71,L-MMMMx,0.3162277660168379,E12,-0.5000000000000001,5,-0.0038497317223753643,0.3208972215652466
3492,JG075A,108,S075_WT,4.0,False,E12,10000.0,EVAGREEN,JG075A_108,STANDARD,,70.732704,71,L-MMMMx,0.3162277660168379,E12,-0.5000000000000001,6,-0.0007268090039269348,0.28129878640174866
3493,JG075A,108,S075_WT,4.0,False,E12,10000.0,EVAGREEN,JG075A_108,STANDARD,,70.732704,71,L-MMMMx,0.3162277660168379,E12,-0.5000000000000001,7,0.0017206082279694914,0.24023748934268951
3494,JG075A,108,S075_WT,4.0,False,E12,10000.0,EVAGREEN,JG075A_108,STANDARD,,70.732704,71,L-MMMMx,0.3162277660168379,E12,-0.5000000000000001,8,0.00475672231240476,0.2004510760307312
3495,JG075A,108,S075_WT,4.0,False,E12,10000.0,EVAGREEN,JG075A_108,STANDARD,,70.732704,71,L-MMMMx,0.3162277660168379,E12,-0.5000000000000001,9,0.006183298632586489,0.15717902779579163
3496,JG075A,108,S075_WT,4.0,False,E12,10000.0,EVAGREEN,JG075A_108,STANDARD,,70.732704,71,L-MMMMx,0.3162277660168379,E12,-0.5000000000000001,10,0.008868696477670867,0.1166331022977829
3497,JG075A,108,S075_WT,4.0,False,E12,10000.0,EVAGREEN,JG075A_108,STANDARD,,70.732704,71,L-MMMMx,0.3162277660168379,E12,-0.5000000000000001,11,0.01222212722080548,0.07753386348485947
3498,JG075A,108,S075_WT,4.0,False,E12,10000.0,EVAGREEN,JG075A_108,STANDARD,,70.732704,71,L-MMMMx,0.3162277660168379,E12,-0.5000000000000001,12,0.01483260651744857,0.03682569041848183
3499,JG075A,108,S075_WT,4.0,False,E12,10000.0,EVAGREEN,JG075A_108,STANDARD,,70.732704,71,L-MMMMx,0.3162277660168379,E12,-0.5000000000000001,13,0.01672335031014614,-0.00544114550575614
3500,JG075A,108,S075_WT,4.0,False,E12,10000.0,EVAGREEN,JG075A_108,STANDARD,,70.732704,71,L-MMMMx,0.3162277660168379,E12,-0.5000000000000001,14,0.018565515396745665,-0.047813184559345245
3501,JG075A,108,S075_WT,4.0,False,E12,10000.0,EVAGREEN,JG075A_108,STANDARD,,70.732704,71,L-MMMMx,0.3162277660168379,E12,-0.5000000000000001,15,0.02111841585307311,-0.0886460542678833
3502,JG075A,108,S075_WT,4.0,False,E12,10000.0,EVAGREEN,JG075A_108,STANDARD,,70.732704,71,L-MMMMx,0.3162277660168379,E12,-0.5000000000000001,16,0.023028136992997085,-0.13087178766727448
3503,JG075A,108,S075_WT,4.0,False,E12,10000.0,EVAGREEN,JG075A_108,STANDARD,,70.732704,71,L-MMMMx,0.3162277660168379,E12,-0.5000000000000001,17,0.02473955242332536,-0.17352698743343353
3504,JG075A,108,S075_WT,4.0,False,E12,10000.0,EVAGREEN,JG075A_108,STANDARD,,70.732704,71,L-MMMMx,0.3162277660168379,E12,-0.5000000000000001,18,0.02681621641981459,-0.21539118885993958
3505,JG075A,108,S075_WT,4.0,False,E12,10000.0,EVAGREEN,JG075A_108,STANDARD,,70.732704,71,L-MMMMx,0.3162277660168379,E12,-0.5000000000000001,19,0.029115145198793768,-0.25677406787872314
3506,JG075A,108,S075_WT,4.0,False,E12,10000.0,EVAGREEN,JG075A_108,STANDARD,,70.732704,71,L-MMMMx,0.3162277660168379,E12,-0.5000000000000001,20,0.03141754191939807,-0.2981494069099426
3507,JG075A,108,S075_WT,4.0,False,E12,10000.0,EVAGREEN,JG075A_108,STANDARD,,70.732704,71,L-MMMMx,0.3162277660168379,E12,-0.5000000000000001,21,0.03326466120831921,-0.3405107259750366
3508,JG075A,108,S075_WT,4.0,False,E12,10000.0,EVAGREEN,JG075A_108,STANDARD,,70.732704,71,L-MMMMx,0.3162277660168379,E12,-0.5000000000000001,22,0.03574814778545161,-0.3814939260482788
3509,JG075A,108,S075_WT,4.0,False,E12,10000.0,EVAGREEN,JG075A_108,STANDARD,,70.732704,71,L-MMMMx,0.3162277660168379,E12,-0.5000000000000001,23,0.03838443021918644,-0.422146201133728
3510,JG075A,108,S075_WT,4.0,False,E12,10000.0,EVAGREEN,JG075A_108,STANDARD,,70.732704,71,L-MMMMx,0.3162277660168379,E12,-0.5000000000000001,24,0.04183916063812493,-0.46102607250213623
3511,JG075A,108,S075_WT,4.0,False,E12,10000.0,EVAGREEN,JG075A_108,STANDARD,,70.732704,71,L-MMMMx,0.3162277660168379,E12,-0.5000000000000001,25,0.04702277005057539,-0.49616187810897827
3512,JG075A,108,S075_WT,4.0,False,E12,10000.0,EVAGREEN,JG075A_108,STANDARD,,70.732704,71,L-MMMMx,0.3162277660168379,E12,-0.5000000000000001,26,0.05471403153814922,-0.5258671045303345
3513,JG075A,108,S075_WT,4.0,False,E12,10000.0,EVAGREEN,JG075A_108,STANDARD,,70.732704,71,L-MMMMx,0.3162277660168379,E12,-0.5000000000000001,27,0.06738443149902203,-0.5447894930839539
3514,JG075A,108,S075_WT,4.0,False,E12,10000.0,EVAGREEN,JG075A_108,STANDARD,,70.732704,71,L-MMMMx,0.3162277660168379,E12,-0.5000000000000001,28,0.08743400572455326,-0.5477314591407776
3515,JG075A,108,S075_WT,4.0,False,E12,10000.0,EVAGREEN,JG075A_108,STANDARD,,70.732704,71,L-MMMMx,0.3162277660168379,E12,-0.5000000000000001,29,0.12132025418415758,-0.5207087397575378
3516,JG075A,108,S075_WT,4.0,False,E12,10000.0,EVAGREEN,JG075A_108,STANDARD,,70.732704,71,L-MMMMx,0.3162277660168379,E12,-0.5000000000000001,30,0.17204492806450064,-0.4572206735610962
3517,JG075A,108,S075_WT,4.0,False,E12,10000.0,EVAGREEN,JG075A_108,STANDARD,,70.732704,71,L-MMMMx,0.3162277660168379,E12,-0.5000000000000001,31,0.24272413805583862,-0.35051900148391724
3518,JG075A,108,S075_WT,4.0,False,E12,10000.0,EVAGREEN,JG075A_108,STANDARD,,70.732704,71,L-MMMMx,0.3162277660168379,E12,-0.5000000000000001,32,0.33301499831082343,-0.2013462632894516
3519,JG075A,108,S075_WT,4.0,False,E12,10000.0,EVAGREEN,JG075A_108,STANDARD,,70.732704,71,L-MMMMx,0.3162277660168379,E12,-0.5000000000000001,33,0.43409151482346187,-0.028816087171435356
3520,JG075A,108,S075_WT,4.0,False,E12,10000.0,EVAGREEN,JG075A_108,STANDARD,,70.732704,71,L-MMMMx,0.3162277660168379,E12,-0.5000000000000001,34,0.5342061454320128,0.14163103699684143
3521,JG075A,108,S075_WT,4.0,False,E12,10000.0,EVAGREEN,JG075A_108,STANDARD,,70.732704,71,L-MMMMx,0.3162277660168379,E12,-0.5000000000000001,35,0.6209542280834656,0.28313151001930237
3522,JG075A,108,S075_WT,4.0,False,E12,10000.0,EVAGREEN,JG075A_108,STANDARD,,70.732704,71,L-MMMMx,0.3162277660168379,E12,-0.5000000000000001,36,0.6903771899827735,0.38711267709732056
3523,JG075A,108,S075_WT,4.0,False,E12,10000.0,EVAGREEN,JG075A_108,STANDARD,,70.732704,71,L-MMMMx,0.3162277660168379,E12,-0.5000000000000001,37,0.7410084221026617,0.45039838552474976
3524,JG075A,108,S075_WT,4.0,False,E12,10000.0,EVAGREEN,JG075A_108,STANDARD,,70.732704,71,L-MMMMx,0.3162277660168379,E12,-0.5000000000000001,38,0.7771547226146936,0.4823154807090759
3525,JG075A,108,S075_WT,4.0,False,E12,10000.0,EVAGREEN,JG075A_108,STANDARD,,70.732704,71,L-MMMMx,0.3162277660168379,E12,-0.5000000000000001,39,0.80277609552792,0.4914397597312927
3526,JG075A,108,S075_WT,4.0,False,E12,10000.0,EVAGREEN,JG075A_108,STANDARD,,70.732704,71,L-MMMMx,0.3162277660168379,E12,-0.5000000000000001,40,0.8213423540550139,0.4852854907512665
3527,JG075A,108,S075_WT,4.0,False,E12,10000.0,EVAGREEN,JG075A_108,STANDARD,,70.732704,71,L-MMMMx,0.3162277660168379,E12,-0.5000000000000001,41,0.833019408927057,0.46421191096305847
3528,JG075A,108,S075_WT,4.0,False,E12,10000.0,EVAGREEN,JG075A_108,STANDARD,,70.732704,71,L-MMMMx,0.3162277660168379,E12,-0.5000000000000001,42,0.8431384222156451,0.43976423144340515
3529,JG075A,108,S075_WT,4.0,False,E12,10000.0,EVAGREEN,JG075A_108,STANDARD,,70.732704,71,L-MMMMx,0.3162277660168379,E12,-0.5000000000000001,43,0.849372129856854,0.406902551651001
3530,JG075A,108,S075_WT,4.0,False,E12,10000.0,EVAGREEN,JG075A_108,STANDARD,,70.732704,71,L-MMMMx,0.3162277660168379,E12,-0.5000000000000001,44,0.8541692289181799,0.3709297180175781
3531,JG075A,108,S075_WT,4.0,False,E12,10000.0,EVAGREEN,JG075A_108,STANDARD,,70.732704,71,L-MMMMx,0.3162277660168379,E12,-0.5000000000000001,45,0.8618472516762166,0.34119582176208496
3532,JG075A,108,S075_WT,4.0,False,E12,10000.0,EVAGREEN,JG075A_108,STANDARD,,70.732704,71,L-MMMMx,0.3162277660168379,E12,-0.5000000000000001,46,0.8660182496574754,0.3038671314716339
3533,JG075A,108,S075_WT,4.0,False,E12,10000.0,EVAGREEN,JG075A_108,STANDARD,,70.732704,71,L-MMMMx,0.3162277660168379,E12,-0.5000000000000001,47,0.867724697123809,0.2612011730670929
3534,JG075A,108,S075_WT,4.0,False,E12,10000.0,EVAGREEN,JG075A_108,STANDARD,,70.732704,71,L-MMMMx,0.3162277660168379,E12,-0.5000000000000001,48,0.8699097205344104,0.21957162022590637
3535,JG075A,108,S075_WT,4.0,False,E12,10000.0,EVAGREEN,JG075A_108,STANDARD,,70.732704,71,L-MMMMx,0.3162277660168379,E12,-0.5000000000000001,49,0.8717617114556144,0.17722086608409882
3536,JG075A,108,S075_WT,4.0,False,E12,10000.0,EVAGREEN,JG075A_108,STANDARD,,70.732704,71,L-MMMMx,0.3162277660168379,E12,-0.5000000000000001,50,0.8760977394208755,0.14024955034255981
3537,JG075A,108,S075_WT,4.0,False,E12,10000.0,EVAGREEN,JG075A_108,STANDARD,,70.732704,71,L-MMMMx,0.3162277660168379,E12,-0.5000000000000001,51,0.8790745544558557,0.10033470392227173
3538,JG075A,108,S075_WT,4.0,False,E12,10000.0,EVAGREEN,JG075A_108,STANDARD,,70.732704,71,L-MMMMx,0.3162277660168379,E12,-0.5000000000000001,52,0.8813613041541275,0.058925461024045944
3539,JG075A,108,S075_WT,4.0,False,E12,10000.0,EVAGREEN,JG075A_108,STANDARD,,70.732704,71,L-MMMMx,0.3162277660168379,E12,-0.5000000000000001,53,0.8837483489260659,0.017733415588736534
3540,JG075A,108,S075_WT,4.0,False,E12,10000.0,EVAGREEN,JG075A_108,STANDARD,,70.732704,71,L-MMMMx,0.3162277660168379,E12,-0.5000000000000001,54,0.8862938180789109,-0.023115545511245728
3541,JG075A,108,S075_WT,4.0,False,E12,10000.0,EVAGREEN,JG075A_108,STANDARD,,70.732704,71,L-MMMMx,0.3162277660168379,E12,-0.5000000000000001,55,0.8895671145994934,-0.06238831952214241
3542,JG075A,108,S075_WT,4.0,False,E12,10000.0,EVAGREEN,JG075A_108,STANDARD,,70.732704,71,L-MMMMx,0.3162277660168379,E12,-0.5000000000000001,56,0.8886259262517717,-0.11078799515962601
3543,JG075A,108,S075_WT,4.0,False,E12,10000.0,EVAGREEN,JG075A_108,STANDARD,,70.732704,71,L-MMMMx,0.3162277660168379,E12,-0.5000000000000001,57,0.889194668678293,-0.15591776371002197
3544,JG075A,108,S075_WT,4.0,False,E12,10000.0,EVAGREEN,JG075A_108,STANDARD,,70.732704,71,L-MMMMx,0.3162277660168379,E12,-0.5000000000000001,58,0.8931891869635176,-0.19362865388393402
3545,JG075A,108,S075_WT,4.0,False,E12,10000.0,EVAGREEN,JG075A_108,STANDARD,,70.732704,71,L-MMMMx,0.3162277660168379,E12,-0.5000000000000001,59,0.8979246337292855,-0.22973500192165375
3546,JG075A,108,S075_WT,4.0,False,E12,10000.0,EVAGREEN,JG075A_108,STANDARD,,70.732704,71,L-MMMMx,0.3162277660168379,E12,-0.5000000000000001,60,0.8975408481894379,-0.27692756056785583
3547,JG075A,109,S075_WT,4.0,False,E13,10000.0,EVAGREEN,JG075A_109,STANDARD,,69.37985,72,L-MMMMx,0.1778279410038923,E13,-0.75,3,-0.00882640685618665,0.38586270809173584
3548,JG075A,109,S075_WT,4.0,False,E13,10000.0,EVAGREEN,JG075A_109,STANDARD,,69.37985,72,L-MMMMx,0.1778279410038923,E13,-0.75,4,-0.005410332977029855,0.346506804227829
3549,JG075A,109,S075_WT,4.0,False,E13,10000.0,EVAGREEN,JG075A_109,STANDARD,,69.37985,72,L-MMMMx,0.1778279410038923,E13,-0.75,5,-0.0037978777380758095,0.3032449781894684
3550,JG075A,109,S075_WT,4.0,False,E13,10000.0,EVAGREEN,JG075A_109,STANDARD,,69.37985,72,L-MMMMx,0.1778279410038923,E13,-0.75,6,-0.0007144923064884789,0.263168603181839
3551,JG075A,109,S075_WT,4.0,False,E13,10000.0,EVAGREEN,JG075A_109,STANDARD,,69.37985,72,L-MMMMx,0.1778279410038923,E13,-0.75,7,0.0011176267587366636,0.22038249671459198
3552,JG075A,109,S075_WT,4.0,False,E13,10000.0,EVAGREEN,JG075A_109,STANDARD,,69.37985,72,L-MMMMx,0.1778279410038923,E13,-0.75,8,0.0030311461204405392,0.1777726709842682
3553,JG075A,109,S075_WT,4.0,False,E13,10000.0,EVAGREEN,JG075A_109,STANDARD,,69.37985,72,L-MMMMx,0.1778279410038923,E13,-0.75,9,0.005818531724984578,0.13705527782440186
3554,JG075A,109,S075_WT,4.0,False,E13,10000.0,EVAGREEN,JG075A_109,STANDARD,,69.37985,72,L-MMMMx,0.1778279410038923,E13,-0.75,10,0.008781805273619011,0.09671879559755325
3555,JG075A,109,S075_WT,4.0,False,E13,10000.0,EVAGREEN,JG075A_109,STANDARD,,69.37985,72,L-MMMMx,0.1778279410038923,E13,-0.75,11,0.011209859831441798,0.055223241448402405
3556,JG075A,109,S075_WT,4.0,False,E13,10000.0,EVAGREEN,JG075A_109,STANDARD,,69.37985,72,L-MMMMx,0.1778279410038923,E13,-0.75,12,0.012783176872055097,0.011876665987074375
3557,JG075A,109,S075_WT,4.0,False,E13,10000.0,EVAGREEN,JG075A_109,STANDARD,,69.37985,72,L-MMMMx,0.1778279410038923,E13,-0.75,13,0.01580207510342276,-0.028339356184005737
3558,JG075A,109,S075_WT,4.0,False,E13,10000.0,EVAGREEN,JG075A_109,STANDARD,,69.37985,72,L-MMMMx,0.1778279410038923,E13,-0.75,14,0.017464609070844447,-0.07149272412061691
3559,JG075A,109,S075_WT,4.0,False,E13,10000.0,EVAGREEN,JG075A_109,STANDARD,,69.37985,72,L-MMMMx,0.1778279410038923,E13,-0.75,15,0.019740487047355003,-0.1133178323507309
3560,JG075A,109,S075_WT,4.0,False,E13,10000.0,EVAGREEN,JG075A_109,STANDARD,,69.37985,72,L-MMMMx,0.1778279410038923,E13,-0.75,16,0.021344767852478387,-0.15659736096858978
3561,JG075A,109,S075_WT,4.0,False,E13,10000.0,EVAGREEN,JG075A_109,STANDARD,,69.37985,72,L-MMMMx,0.1778279410038923,E13,-0.75,17,0.022959067155629922,-0.19985517859458923
3562,JG075A,109,S075_WT,4.0,False,E13,10000.0,EVAGREEN,JG075A_109,STANDARD,,69.37985,72,L-MMMMx,0.1778279410038923,E13,-0.75,18,0.025668644260378397,-0.2407410740852356
3563,JG075A,109,S075_WT,4.0,False,E13,10000.0,EVAGREEN,JG075A_109,STANDARD,,69.37985,72,L-MMMMx,0.1778279410038923,E13,-0.75,19,0.028192122259584704,-0.28202998638153076
3564,JG075A,109,S075_WT,4.0,False,E13,10000.0,EVAGREEN,JG075A_109,STANDARD,,69.37985,72,L-MMMMx,0.1778279410038923,E13,-0.75,20,0.03027917631927621,-0.3242639899253845
3565,JG075A,109,S075_WT,4.0,False,E13,10000.0,EVAGREEN,JG075A_109,STANDARD,,69.37985,72,L-MMMMx,0.1778279410038923,E13,-0.75,21,0.0329733265884621,-0.3651832938194275
3566,JG075A,109,S075_WT,4.0,False,E13,10000.0,EVAGREEN,JG075A_109,STANDARD,,69.37985,72,L-MMMMx,0.1778279410038923,E13,-0.75,22,0.036085845482035146,-0.40519657731056213
3567,JG075A,109,S075_WT,4.0,False,E13,10000.0,EVAGREEN,JG075A_109,STANDARD,,69.37985,72,L-MMMMx,0.1778279410038923,E13,-0.75,23,0.040123162570649164,-0.44320711493492126
3568,JG075A,109,S075_WT,4.0,False,E13,10000.0,EVAGREEN,JG075A_109,STANDARD,,69.37985,72,L-MMMMx,0.1778279410038923,E13,-0.75,24,0.046826074456734215,-0.4754450023174286
3569,JG075A,109,S075_WT,4.0,False,E13,10000.0,EVAGREEN,JG075A_109,STANDARD,,69.37985,72,L-MMMMx,0.1778279410038923,E13,-0.75,25,0.05521404816913118,-0.5040337443351746
3570,JG075A,109,S075_WT,4.0,False,E13,10000.0,EVAGREEN,JG075A_109,STANDARD,,69.37985,72,L-MMMMx,0.1778279410038923,E13,-0.75,26,0.06887382985697645,-0.5212058424949646
3571,JG075A,109,S075_WT,4.0,False,E13,10000.0,EVAGREEN,JG075A_109,STANDARD,,69.37985,72,L-MMMMx,0.1778279410038923,E13,-0.75,27,0.09137156444475233,-0.5192384123802185
3572,JG075A,109,S075_WT,4.0,False,E13,10000.0,EVAGREEN,JG075A_109,STANDARD,,69.37985,72,L-MMMMx,0.1778279410038923,E13,-0.75,28,0.12679642300537244,-0.4892760217189789
3573,JG075A,109,S075_WT,4.0,False,E13,10000.0,EVAGREEN,JG075A_109,STANDARD,,69.37985,72,L-MMMMx,0.1778279410038923,E13,-0.75,29,0.17806473802047387,-0.42500293254852295
3574,JG075A,109,S075_WT,4.0,False,E13,10000.0,EVAGREEN,JG075A_109,STANDARD,,69.37985,72,L-MMMMx,0.1778279410038923,E13,-0.75,30,0.2468002493009655,-0.3229028582572937
3575,JG075A,109,S075_WT,4.0,False,E13,10000.0,EVAGREEN,JG075A_109,STANDARD,,69.37985,72,L-MMMMx,0.1778279410038923,E13,-0.75,31,0.33246093958951656,-0.18414956331253052
3576,JG075A,109,S075_WT,4.0,False,E13,10000.0,EVAGREEN,JG075A_109,STANDARD,,69.37985,72,L-MMMMx,0.1778279410038923,E13,-0.75,32,0.42823106504216724,-0.02350323088467121
3577,JG075A,109,S075_WT,4.0,False,E13,10000.0,EVAGREEN,JG075A_109,STANDARD,,69.37985,72,L-MMMMx,0.1778279410038923,E13,-0.75,33,0.522296614616028,0.1334516555070877
3578,JG075A,109,S075_WT,4.0,False,E13,10000.0,EVAGREEN,JG075A_109,STANDARD,,69.37985,72,L-MMMMx,0.1778279410038923,E13,-0.75,34,0.6060449828084363,0.26806363463401794
3579,JG075A,109,S075_WT,4.0,False,E13,10000.0,EVAGREEN,JG075A_109,STANDARD,,69.37985,72,L-MMMMx,0.1778279410038923,E13,-0.75,35,0.6744529387454306,0.36945435404777527
3580,JG075A,109,S075_WT,4.0,False,E13,10000.0,EVAGREEN,JG075A_109,STANDARD,,69.37985,72,L-MMMMx,0.1778279410038923,E13,-0.75,36,0.7271425868832567,0.43680545687675476
3581,JG075A,109,S075_WT,4.0,False,E13,10000.0,EVAGREEN,JG075A_109,STANDARD,,69.37985,72,L-MMMMx,0.1778279410038923,E13,-0.75,37,0.7652463477792506,0.4725693464279175
3582,JG075A,109,S075_WT,4.0,False,E13,10000.0,EVAGREEN,JG075A_109,STANDARD,,69.37985,72,L-MMMMx,0.1778279410038923,E13,-0.75,38,0.7928512181619736,0.48559677600860596
3583,JG075A,109,S075_WT,4.0,False,E13,10000.0,EVAGREEN,JG075A_109,STANDARD,,69.37985,72,L-MMMMx,0.1778279410038923,E13,-0.75,39,0.8132217971745992,0.4829576015472412
3584,JG075A,109,S075_WT,4.0,False,E13,10000.0,EVAGREEN,JG075A_109,STANDARD,,69.37985,72,L-MMMMx,0.1778279410038923,E13,-0.75,40,0.8259871251566233,0.4638484716415405
3585,JG075A,109,S075_WT,4.0,False,E13,10000.0,EVAGREEN,JG075A_109,STANDARD,,69.37985,72,L-MMMMx,0.1778279410038923,E13,-0.75,41,0.8345447940602087,0.4356272518634796
3586,JG075A,109,S075_WT,4.0,False,E13,10000.0,EVAGREEN,JG075A_109,STANDARD,,69.37985,72,L-MMMMx,0.1778279410038923,E13,-0.75,42,0.8424348566776103,0.40596023201942444
3587,JG075A,109,S075_WT,4.0,False,E13,10000.0,EVAGREEN,JG075A_109,STANDARD,,69.37985,72,L-MMMMx,0.1778279410038923,E13,-0.75,43,0.8494007954219538,0.37429192662239075
3588,JG075A,109,S075_WT,4.0,False,E13,10000.0,EVAGREEN,JG075A_109,STANDARD,,69.37985,72,L-MMMMx,0.1778279410038923,E13,-0.75,44,0.854193050374343,0.3379162847995758
3589,JG075A,109,S075_WT,4.0,False,E13,10000.0,EVAGREEN,JG075A_109,STANDARD,,69.37985,72,L-MMMMx,0.1778279410038923,E13,-0.75,45,0.857168654382089,0.297606498003006
3590,JG075A,109,S075_WT,4.0,False,E13,10000.0,EVAGREEN,JG075A_109,STANDARD,,69.37985,72,L-MMMMx,0.1778279410038923,E13,-0.75,46,0.8615276918647993,0.2602927088737488
3591,JG075A,109,S075_WT,4.0,False,E13,10000.0,EVAGREEN,JG075A_109,STANDARD,,69.37985,72,L-MMMMx,0.1778279410038923,E13,-0.75,47,0.8648146399651125,0.22065716981887817
3592,JG075A,109,S075_WT,4.0,False,E13,10000.0,EVAGREEN,JG075A_109,STANDARD,,69.37985,72,L-MMMMx,0.1778279410038923,E13,-0.75,48,0.8679334754666456,0.18065756559371948
3593,JG075A,109,S075_WT,4.0,False,E13,10000.0,EVAGREEN,JG075A_109,STANDARD,,69.37985,72,L-MMMMx,0.1778279410038923,E13,-0.75,49,0.8689179305146427,0.13603575527668
3594,JG075A,109,S075_WT,4.0,False,E13,10000.0,EVAGREEN,JG075A_109,STANDARD,,69.37985,72,L-MMMMx,0.1778279410038923,E13,-0.75,50,0.8703034557639205,0.0922824889421463
3595,JG075A,109,S075_WT,4.0,False,E13,10000.0,EVAGREEN,JG075A_109,STANDARD,,69.37985,72,L-MMMMx,0.1778279410038923,E13,-0.75,51,0.8716589255191141,0.04846414551138878
3596,JG075A,109,S075_WT,4.0,False,E13,10000.0,EVAGREEN,JG075A_109,STANDARD,,69.37985,72,L-MMMMx,0.1778279410038923,E13,-0.75,52,0.8721719606928634,0.002821417758241296
3597,JG075A,109,S075_WT,4.0,False,E13,10000.0,EVAGREEN,JG075A_109,STANDARD,,69.37985,72,L-MMMMx,0.1778279410038923,E13,-0.75,53,0.874773687565405,-0.03829803317785263
3598,JG075A,109,S075_WT,4.0,False,E13,10000.0,EVAGREEN,JG075A_109,STANDARD,,69.37985,72,L-MMMMx,0.1778279410038923,E13,-0.75,54,0.880280008212416,-0.07312728464603424
3599,JG075A,109,S075_WT,4.0,False,E13,10000.0,EVAGREEN,JG075A_109,STANDARD,,69.37985,72,L-MMMMx,0.1778279410038923,E13,-0.75,55,0.8833974124999451,-0.11312998086214066
3600,JG075A,109,S075_WT,4.0,False,E13,10000.0,EVAGREEN,JG075A_109,STANDARD,,69.37985,72,L-MMMMx,0.1778279410038923,E13,-0.75,56,0.8840709638289147,-0.15842509269714355
3601,JG075A,109,S075_WT,4.0,False,E13,10000.0,EVAGREEN,JG075A_109,STANDARD,,69.37985,72,L-MMMMx,0.1778279410038923,E13,-0.75,57,0.8848331403327487,-0.2035282850265503
3602,JG075A,109,S075_WT,4.0,False,E13,10000.0,EVAGREEN,JG075A_109,STANDARD,,69.37985,72,L-MMMMx,0.1778279410038923,E13,-0.75,58,0.8865978271997075,-0.246460422873497
3603,JG075A,109,S075_WT,4.0,False,E13,10000.0,EVAGREEN,JG075A_109,STANDARD,,69.37985,72,L-MMMMx,0.1778279410038923,E13,-0.75,59,0.8883486423001656,-0.2894226014614105
3604,JG075A,110,S075_WT,4.0,False,E14,10000.0,EVAGREEN,JG075A_110,STANDARD,,68.268295,73,L-MMMMx,0.1,E14,-1.0,3,-0.009590069620717142,0.36390113830566406
3605,JG075A,110,S075_WT,4.0,False,E14,10000.0,EVAGREEN,JG075A_110,STANDARD,,68.268295,73,L-MMMMx,0.1,E14,-1.0,4,-0.007048976679922873,0.320989727973938
3606,JG075A,110,S075_WT,4.0,False,E14,10000.0,EVAGREEN,JG075A_110,STANDARD,,68.268295,73,L-MMMMx,0.1,E14,-1.0,5,-0.004531526293541194,0.27802708745002747
3607,JG075A,110,S075_WT,4.0,False,E14,10000.0,EVAGREEN,JG075A_110,STANDARD,,68.268295,73,L-MMMMx,0.1,E14,-1.0,6,-0.001455255646954625,0.23627465963363647
3608,JG075A,110,S075_WT,4.0,False,E14,10000.0,EVAGREEN,JG075A_110,STANDARD,,68.268295,73,L-MMMMx,0.1,E14,-1.0,7,0.0018728398559741824,0.19506756961345673
3609,JG075A,110,S075_WT,4.0,False,E14,10000.0,EVAGREEN,JG075A_110,STANDARD,,68.268295,73,L-MMMMx,0.1,E14,-1.0,8,0.005051772584003076,0.15353745222091675
3610,JG075A,110,S075_WT,4.0,False,E14,10000.0,EVAGREEN,JG075A_110,STANDARD,,68.268295,73,L-MMMMx,0.1,E14,-1.0,9,0.007146890984140318,0.10966022312641144
3611,JG075A,110,S075_WT,4.0,False,E14,10000.0,EVAGREEN,JG075A_110,STANDARD,,68.268295,73,L-MMMMx,0.1,E14,-1.0,10,0.008554324817018257,0.0642937496304512
3612,JG075A,110,S075_WT,4.0,False,E14,10000.0,EVAGREEN,JG075A_110,STANDARD,,68.268295,73,L-MMMMx,0.1,E14,-1.0,11,0.010943186129807835,0.02105265110731125
3613,JG075A,110,S075_WT,4.0,False,E14,10000.0,EVAGREEN,JG075A_110,STANDARD,,68.268295,73,L-MMMMx,0.1,E14,-1.0,12,0.01388028497617641,-0.0210011787712574
3614,JG075A,110,S075_WT,4.0,False,E14,10000.0,EVAGREEN,JG075A_110,STANDARD,,68.268295,73,L-MMMMx,0.1,E14,-1.0,13,0.016006559804247356,-0.06481093168258667
3615,JG075A,110,S075_WT,4.0,False,E14,10000.0,EVAGREEN,JG075A_110,STANDARD,,68.268295,73,L-MMMMx,0.1,E14,-1.0,14,0.018789748098491137,-0.1071980744600296
3616,JG075A,110,S075_WT,4.0,False,E14,10000.0,EVAGREEN,JG075A_110,STANDARD,,68.268295,73,L-MMMMx,0.1,E14,-1.0,15,0.019813437676540764,-0.15339559316635132
3617,JG075A,110,S075_WT,4.0,False,E14,10000.0,EVAGREEN,JG075A_110,STANDARD,,68.268295,73,L-MMMMx,0.1,E14,-1.0,16,0.021807517872663322,-0.1974916309118271
3618,JG075A,110,S075_WT,4.0,False,E14,10000.0,EVAGREEN,JG075A_110,STANDARD,,68.268295,73,L-MMMMx,0.1,E14,-1.0,17,0.02498159273008241,-0.23903225362300873
3619,JG075A,110,S075_WT,4.0,False,E14,10000.0,EVAGREEN,JG075A_110,STANDARD,,68.268295,73,L-MMMMx,0.1,E14,-1.0,18,0.027535346410143026,-0.2819162607192993
3620,JG075A,110,S075_WT,4.0,False,E14,10000.0,EVAGREEN,JG075A_110,STANDARD,,68.268295,73,L-MMMMx,0.1,E14,-1.0,19,0.029945373176184384,-0.3251115083694458
3621,JG075A,110,S075_WT,4.0,False,E14,10000.0,EVAGREEN,JG075A_110,STANDARD,,68.268295,73,L-MMMMx,0.1,E14,-1.0,20,0.033503646423644604,-0.36582013964653015
3622,JG075A,110,S075_WT,4.0,False,E14,10000.0,EVAGREEN,JG075A_110,STANDARD,,68.268295,73,L-MMMMx,0.1,E14,-1.0,21,0.037582179723239816,-0.4054020643234253
3623,JG075A,110,S075_WT,4.0,False,E14,10000.0,EVAGREEN,JG075A_110,STANDARD,,68.268295,73,L-MMMMx,0.1,E14,-1.0,22,0.04267050331103791,-0.4427972137928009
3624,JG075A,110,S075_WT,4.0,False,E14,10000.0,EVAGREEN,JG075A_110,STANDARD,,68.268295,73,L-MMMMx,0.1,E14,-1.0,23,0.04907614929615304,-0.4773395359516144
3625,JG075A,110,S075_WT,4.0,False,E14,10000.0,EVAGREEN,JG075A_110,STANDARD,,68.268295,73,L-MMMMx,0.1,E14,-1.0,24,0.06027857782411242,-0.5014939308166504
3626,JG075A,110,S075_WT,4.0,False,E14,10000.0,EVAGREEN,JG075A_110,STANDARD,,68.268295,73,L-MMMMx,0.1,E14,-1.0,25,0.07850570744061876,-0.5104356408119202
3627,JG075A,110,S075_WT,4.0,False,E14,10000.0,EVAGREEN,JG075A_110,STANDARD,,68.268295,73,L-MMMMx,0.1,E14,-1.0,26,0.10656409376086613,-0.49808672070503235
3628,JG075A,110,S075_WT,4.0,False,E14,10000.0,EVAGREEN,JG075A_110,STANDARD,,68.268295,73,L-MMMMx,0.1,E14,-1.0,27,0.1494216594945643,-0.45368868112564087
3629,JG075A,110,S075_WT,4.0,False,E14,10000.0,EVAGREEN,JG075A_110,STANDARD,,68.268295,73,L-MMMMx,0.1,E14,-1.0,28,0.20997447994052426,-0.3709697127342224
3630,JG075A,110,S075_WT,4.0,False,E14,10000.0,EVAGREEN,JG075A_110,STANDARD,,68.268295,73,L-MMMMx,0.1,E14,-1.0,29,0.28895748348981115,-0.24833829700946808
3631,JG075A,110,S075_WT,4.0,False,E14,10000.0,EVAGREEN,JG075A_110,STANDARD,,68.268295,73,L-MMMMx,0.1,E14,-1.0,30,0.3786971612131702,-0.10241219401359558
3632,JG075A,110,S075_WT,4.0,False,E14,10000.0,EVAGREEN,JG075A_110,STANDARD,,68.268295,73,L-MMMMx,0.1,E14,-1.0,31,0.47235773227058536,0.05200501158833504
3633,JG075A,110,S075_WT,4.0,False,E14,10000.0,EVAGREEN,JG075A_110,STANDARD,,68.268295,73,L-MMMMx,0.1,E14,-1.0,32,0.562050812968775,0.1978302001953125
3634,JG075A,110,S075_WT,4.0,False,E14,10000.0,EVAGREEN,JG075A_110,STANDARD,,68.268295,73,L-MMMMx,0.1,E14,-1.0,33,0.6400394255420754,0.31830817461013794
3635,JG075A,110,S075_WT,4.0,False,E14,10000.0,EVAGREEN,JG075A_110,STANDARD,,68.268295,73,L-MMMMx,0.1,E14,-1.0,34,0.7013214219997381,0.40260621905326843
3636,JG075A,110,S075_WT,4.0,False,E14,10000.0,EVAGREEN,JG075A_110,STANDARD,,68.268295,73,L-MMMMx,0.1,E14,-1.0,35,0.7490047936448814,0.4574550688266754
3637,JG075A,110,S075_WT,4.0,False,E14,10000.0,EVAGREEN,JG075A_110,STANDARD,,68.268295,73,L-MMMMx,0.1,E14,-1.0,36,0.7846308478664514,0.4861925542354584
3638,JG075A,110,S075_WT,4.0,False,E14,10000.0,EVAGREEN,JG075A_110,STANDARD,,68.268295,73,L-MMMMx,0.1,E14,-1.0,37,0.8102925700052527,0.4933512210845947
3639,JG075A,110,S075_WT,4.0,False,E14,10000.0,EVAGREEN,JG075A_110,STANDARD,,68.268295,73,L-MMMMx,0.1,E14,-1.0,38,0.8313561868759796,0.49055224657058716
3640,JG075A,110,S075_WT,4.0,False,E14,10000.0,EVAGREEN,JG075A_110,STANDARD,,68.268295,73,L-MMMMx,0.1,E14,-1.0,39,0.845330780598017,0.4724012315273285
3641,JG075A,110,S075_WT,4.0,False,E14,10000.0,EVAGREEN,JG075A_110,STANDARD,,68.268295,73,L-MMMMx,0.1,E14,-1.0,40,0.8534608467945547,0.44159331917762756
3642,JG075A,110,S075_WT,4.0,False,E14,10000.0,EVAGREEN,JG075A_110,STANDARD,,68.268295,73,L-MMMMx,0.1,E14,-1.0,41,0.8605722189003837,0.4085793197154999
3643,JG075A,110,S075_WT,4.0,False,E14,10000.0,EVAGREEN,JG075A_110,STANDARD,,68.268295,73,L-MMMMx,0.1,E14,-1.0,42,0.8662805609087317,0.3725268840789795
3644,JG075A,110,S075_WT,4.0,False,E14,10000.0,EVAGREEN,JG075A_110,STANDARD,,68.268295,73,L-MMMMx,0.1,E14,-1.0,43,0.8696802446352079,0.33147484064102173
3645,JG075A,110,S075_WT,4.0,False,E14,10000.0,EVAGREEN,JG075A_110,STANDARD,,68.268295,73,L-MMMMx,0.1,E14,-1.0,44,0.8711057337832134,0.28614744544029236
3646,JG075A,110,S075_WT,4.0,False,E14,10000.0,EVAGREEN,JG075A_110,STANDARD,,68.268295,73,L-MMMMx,0.1,E14,-1.0,45,0.8753637055385629,0.24695411324501038
3647,JG075A,110,S075_WT,4.0,False,E14,10000.0,EVAGREEN,JG075A_110,STANDARD,,68.268295,73,L-MMMMx,0.1,E14,-1.0,46,0.8799072595344071,0.20837922394275665
3648,JG075A,110,S075_WT,4.0,False,E14,10000.0,EVAGREEN,JG075A_110,STANDARD,,68.268295,73,L-MMMMx,0.1,E14,-1.0,47,0.8810359369166556,0.16240906715393066
3649,JG075A,110,S075_WT,4.0,False,E14,10000.0,EVAGREEN,JG075A_110,STANDARD,,68.268295,73,L-MMMMx,0.1,E14,-1.0,48,0.8841328638345887,0.120701365172863
3650,JG075A,110,S075_WT,4.0,False,E14,10000.0,EVAGREEN,JG075A_110,STANDARD,,68.268295,73,L-MMMMx,0.1,E14,-1.0,49,0.8864421826767701,0.07728800922632217
3651,JG075A,110,S075_WT,4.0,False,E14,10000.0,EVAGREEN,JG075A_110,STANDARD,,68.268295,73,L-MMMMx,0.1,E14,-1.0,50,0.8889211554251206,0.03424206003546715
3652,JG075A,110,S075_WT,4.0,False,E14,10000.0,EVAGREEN,JG075A_110,STANDARD,,68.268295,73,L-MMMMx,0.1,E14,-1.0,51,0.8917782989506876,-0.007984921336174011
3653,JG075A,110,S075_WT,4.0,False,E14,10000.0,EVAGREEN,JG075A_110,STANDARD,,68.268295,73,L-MMMMx,0.1,E14,-1.0,52,0.8949418323665002,-0.04954838380217552
3654,JG075A,110,S075_WT,4.0,False,E14,10000.0,EVAGREEN,JG075A_110,STANDARD,,68.268295,73,L-MMMMx,0.1,E14,-1.0,53,0.8946487637758305,-0.09859747439622879
3655,JG075A,110,S075_WT,4.0,False,E14,10000.0,EVAGREEN,JG075A_110,STANDARD,,68.268295,73,L-MMMMx,0.1,E14,-1.0,54,0.8956927793450717,-0.14475096762180328
3656,JG075A,110,S075_WT,4.0,False,E14,10000.0,EVAGREEN,JG075A_110,STANDARD,,68.268295,73,L-MMMMx,0.1,E14,-1.0,55,0.8987865135548421,-0.18646559119224548
3657,JG075A,110,S075_WT,4.0,False,E14,10000.0,EVAGREEN,JG075A_110,STANDARD,,68.268295,73,L-MMMMx,0.1,E14,-1.0,56,0.9011737785135502,-0.2297101467847824
3658,JG075A,110,S075_WT,4.0,False,E14,10000.0,EVAGREEN,JG075A_110,STANDARD,,68.268295,73,L-MMMMx,0.1,E14,-1.0,57,0.9031343215122901,-0.273878812789917
3659,JG075A,110,S075_WT,4.0,False,E14,10000.0,EVAGREEN,JG075A_110,STANDARD,,68.268295,73,L-MMMMx,0.1,E14,-1.0,58,0.9090511803916855,-0.30947965383529663
