,Experiment,Well,Target,lg10_Copies,Outlier,WellPosition,Copies,Reporter,Sample,Task,Comments,CT,Reaction,Cycle,Fluorescence,Corr_Fluorescence
13320,JG034,226,GC55 - FAM,8.0,False,J10,100000000.0,FAM,,STANDARD,,10.251704,222,1,-0.01010545477788178,0.003955274820327759
13321,JG034,226,GC55 - HEX,8.0,False,J10,100000000.0,HEX,,STANDARD,,inf,223,1,-0.0012302896032083705,-0.0021522382739931345
13322,JG034,226,GC55 - FAM,8.0,False,J10,100000000.0,FAM,,STANDARD,,10.251704,222,2,-0.009899187215088319,0.0018423438305035233
13323,JG034,226,GC55 - HEX,8.0,False,J10,100000000.0,HEX,,STANDARD,,inf,223,2,-0.0009516271164278046,-0.0033067369367927313
13324,JG034,226,GC55 - FAM,8.0,False,J10,100000000.0,FAM,,STANDARD,,10.251704,222,3,-0.008899789905656708,0.0011872828472405672
13325,JG034,226,GC55 - HEX,8.0,False,J10,100000000.0,HEX,,STANDARD,,inf,223,3,-0.0005229145708592945,-0.00429383572191
13326,JG034,226,GC55 - FAM,8.0,False,J10,100000000.0,FAM,,STANDARD,,10.251704,222,4,-0.00853262002458292,-0.0006298899534158409
13327,JG034,226,GC55 - HEX,8.0,False,J10,100000000.0,HEX,,STANDARD,,inf,223,4,-0.0006855066454209505,-0.0059406086802482605
13328,JG034,226,GC55 - FAM,8.0,False,J10,100000000.0,FAM,,STANDARD,,10.251704,222,5,-0.007457051907888011,-0.0011449396843090653
13329,JG034,226,GC55 - HEX,8.0,False,J10,100000000.0,HEX,,STANDARD,,inf,223,5,-0.00040736507303354197,-0.007095688488334417
13330,JG034,226,GC55 - FAM,8.0,False,J10,100000000.0,FAM,,STANDARD,,10.251704,222,6,-0.005788265933349433,-0.0005695819854736328
13331,JG034,226,GC55 - HEX,8.0,False,J10,100000000.0,HEX,,STANDARD,,inf,223,6,0.0005425022877199425,-0.007501373998820782
13332,JG034,226,GC55 - FAM,8.0,False,J10,100000000.0,FAM,,STANDARD,,10.251704,222,7,-0.0034931055873755625,0.0011571288341656327
13333,JG034,226,GC55 - HEX,8.0,False,J10,100000000.0,HEX,,STANDARD,,inf,223,7,-4.735980024455695e-05,-0.009624820202589035
13334,JG034,226,GC55 - FAM,8.0,False,J10,100000000.0,FAM,,STANDARD,,10.251704,222,8,0.0006500966814346779,0.006280767731368542
13335,JG034,226,GC55 - HEX,8.0,False,J10,100000000.0,HEX,,STANDARD,,inf,223,8,-0.00018620352118996187,-0.011245098896324635
13336,JG034,226,GC55 - FAM,8.0,False,J10,100000000.0,FAM,,STANDARD,,10.251704,222,9,0.008909570671829884,0.01897061988711357
13337,JG034,226,GC55 - HEX,8.0,False,J10,100000000.0,HEX,,STANDARD,,inf,223,9,0.0004762927326717105,-0.011971383355557919
13338,JG034,226,GC55 - FAM,8.0,False,J10,100000000.0,FAM,,STANDARD,,10.251704,222,10,0.024611166005588072,0.04534000903367996
13339,JG034,226,GC55 - HEX,8.0,False,J10,100000000.0,HEX,,STANDARD,,inf,223,10,0.0008305545903566527,-0.01304154098033905
13340,JG034,226,GC55 - FAM,8.0,False,J10,100000000.0,FAM,,STANDARD,,10.251704,222,11,0.05237129082227015,0.09387445449829102
13341,JG034,226,GC55 - HEX,8.0,False,J10,100000000.0,HEX,,STANDARD,,inf,223,11,0.003624031485949228,-0.011390448547899723
13342,JG034,226,GC55 - FAM,8.0,False,J10,100000000.0,FAM,,STANDARD,,10.251704,222,12,0.09746093904296982,0.17426270246505737
13343,JG034,226,GC55 - HEX,8.0,False,J10,100000000.0,HEX,,STANDARD,,inf,223,12,0.0059506488742590005,-0.010260196402668953
13344,JG034,226,GC55 - FAM,8.0,False,J10,100000000.0,FAM,,STANDARD,,10.251704,222,13,0.1639127696065865,0.2939172685146332
13345,JG034,226,GC55 - HEX,8.0,False,J10,100000000.0,HEX,,STANDARD,,inf,223,13,0.009462172868870721,-0.007808032911270857
13346,JG034,226,GC55 - FAM,8.0,False,J10,100000000.0,FAM,,STANDARD,,10.251704,222,14,0.24985587962003236,0.4493991732597351
13347,JG034,226,GC55 - HEX,8.0,False,J10,100000000.0,HEX,,STANDARD,,inf,223,14,0.013557601827873913,-0.004704450257122517
13348,JG034,226,GC55 - FAM,8.0,False,J10,100000000.0,FAM,,STANDARD,,10.251704,222,15,0.34522208700967155,0.6222019195556641
13349,JG034,226,GC55 - HEX,8.0,False,J10,100000000.0,HEX,,STANDARD,,inf,223,15,0.01800368631414788,-0.0012096671853214502
13350,JG034,226,GC55 - FAM,8.0,False,J10,100000000.0,FAM,,STANDARD,,10.251704,222,16,0.4397616352296372,0.793485164642334
13351,JG034,226,GC55 - HEX,8.0,False,J10,100000000.0,HEX,,STANDARD,,inf,223,16,0.022811646022314475,0.0026888330467045307
13352,JG034,226,GC55 - FAM,8.0,False,J10,100000000.0,FAM,,STANDARD,,10.251704,222,17,0.5211418252885288,0.940579891204834
13353,JG034,226,GC55 - HEX,8.0,False,J10,100000000.0,HEX,,STANDARD,,inf,223,17,0.026973565028731442,0.005866593681275845
13354,JG034,226,GC55 - FAM,8.0,False,J10,100000000.0,FAM,,STANDARD,,10.251704,222,18,0.5850387235449174,1.0555381774902344
13355,JG034,226,GC55 - HEX,8.0,False,J10,100000000.0,HEX,,STANDARD,,inf,223,18,0.030098690754634207,0.007887681946158409
13356,JG034,226,GC55 - FAM,8.0,False,J10,100000000.0,FAM,,STANDARD,,10.251704,222,19,0.6326365606847354,1.1405367851257324
13357,JG034,226,GC55 - HEX,8.0,False,J10,100000000.0,HEX,,STANDARD,,inf,223,19,0.03331340039938072,0.01000871229916811
13358,JG034,226,GC55 - FAM,8.0,False,J10,100000000.0,FAM,,STANDARD,,10.251704,222,20,0.6661537912027087,1.1996535062789917
13359,JG034,226,GC55 - HEX,8.0,False,J10,100000000.0,HEX,,STANDARD,,inf,223,20,0.03541116273096336,0.01088364701718092
13360,JG034,226,GC55 - FAM,8.0,False,J10,100000000.0,FAM,,STANDARD,,10.251704,222,21,0.6901928958813445,1.2413482666015625
13361,JG034,226,GC55 - HEX,8.0,False,J10,100000000.0,HEX,,STANDARD,,inf,223,21,0.03664132210557344,0.010790662840008736
13362,JG034,226,GC55 - FAM,8.0,False,J10,100000000.0,FAM,,STANDARD,,10.251704,222,22,0.7077649077045681,1.2711557149887085
13363,JG034,226,GC55 - HEX,8.0,False,J10,100000000.0,HEX,,STANDARD,,inf,223,22,0.03939260493532027,0.012394682504236698
13364,JG034,226,GC55 - FAM,8.0,False,J10,100000000.0,FAM,,STANDARD,,10.251704,222,23,0.7216477750404648,1.2941820621490479
13365,JG034,226,GC55 - HEX,8.0,False,J10,100000000.0,HEX,,STANDARD,,inf,223,23,0.03994648385981898,0.01154722273349762
13366,JG034,226,GC55 - FAM,8.0,False,J10,100000000.0,FAM,,STANDARD,,10.251704,222,24,0.7334536340550211,1.3133906126022339
13367,JG034,226,GC55 - HEX,8.0,False,J10,100000000.0,HEX,,STANDARD,,inf,223,24,0.04145815071520302,0.011768294498324394
13368,JG034,226,GC55 - FAM,8.0,False,J10,100000000.0,FAM,,STANDARD,,10.251704,222,25,0.742734280023676,1.3279575109481812
13369,JG034,226,GC55 - HEX,8.0,False,J10,100000000.0,HEX,,STANDARD,,inf,223,25,0.043486805070626786,0.01256613153964281
13370,JG034,226,GC55 - FAM,8.0,False,J10,100000000.0,FAM,,STANDARD,,10.251704,222,26,0.7510724703336249,1.340791940689087
13371,JG034,226,GC55 - HEX,8.0,False,J10,100000000.0,HEX,,STANDARD,,inf,223,26,0.042826445901454985,0.01036403700709343
13372,JG034,226,GC55 - FAM,8.0,False,J10,100000000.0,FAM,,STANDARD,,10.251704,222,27,0.7623447121475321,1.3590196371078491
13373,JG034,226,GC55 - HEX,8.0,False,J10,100000000.0,HEX,,STANDARD,,inf,223,27,0.042686440140709464,0.00874246098101139
13374,JG034,226,GC55 - FAM,8.0,False,J10,100000000.0,FAM,,STANDARD,,10.251704,222,28,0.7721597535626319,1.3745688199996948
13375,JG034,226,GC55 - HEX,8.0,False,J10,100000000.0,HEX,,STANDARD,,inf,223,28,0.04462253201550295,0.009437032975256443
13376,JG034,226,GC55 - FAM,8.0,False,J10,100000000.0,FAM,,STANDARD,,10.251704,222,29,0.7805954840123203,1.3875826597213745
13377,JG034,226,GC55 - HEX,8.0,False,J10,100000000.0,HEX,,STANDARD,,inf,223,29,0.04447376420752894,0.007805682718753815
13378,JG034,226,GC55 - FAM,8.0,False,J10,100000000.0,FAM,,STANDARD,,10.251704,222,30,0.7882944751086574,1.3992422819137573
13379,JG034,226,GC55 - HEX,8.0,False,J10,100000000.0,HEX,,STANDARD,,inf,223,30,0.045190008141341,0.007139360997825861
13380,JG034,226,GC55 - FAM,8.0,False,J10,100000000.0,FAM,,STANDARD,,10.251704,222,31,0.7965956987433062,1.4120088815689087
13381,JG034,226,GC55 - HEX,8.0,False,J10,100000000.0,HEX,,STANDARD,,inf,223,31,0.04652622034368619,0.007164692040532827
13382,JG034,226,GC55 - FAM,8.0,False,J10,100000000.0,FAM,,STANDARD,,10.251704,222,32,0.8056258144195318,1.4261152744293213
13383,JG034,226,GC55 - HEX,8.0,False,J10,100000000.0,HEX,,STANDARD,,inf,223,32,0.04644164521708433,0.005604956299066544
13384,JG034,226,GC55 - FAM,8.0,False,J10,100000000.0,FAM,,STANDARD,,10.251704,222,33,0.8137316335056201,1.4385226964950562
13385,JG034,226,GC55 - HEX,8.0,False,J10,100000000.0,HEX,,STANDARD,,inf,223,33,0.04766648859352835,0.005506041459739208
13386,JG034,226,GC55 - FAM,8.0,False,J10,100000000.0,FAM,,STANDARD,,10.251704,222,34,0.8228378875622009,1.4527690410614014
13387,JG034,226,GC55 - HEX,8.0,False,J10,100000000.0,HEX,,STANDARD,,inf,223,34,0.04811554351398862,0.004541636910289526
13388,JG034,226,GC55 - FAM,8.0,False,J10,100000000.0,FAM,,STANDARD,,10.251704,222,35,0.8315928284957973,1.46636962890625
13389,JG034,226,GC55 - HEX,8.0,False,J10,100000000.0,HEX,,STANDARD,,inf,223,35,0.04938411698589923,0.0044915080070495605
13390,JG034,226,GC55 - FAM,8.0,False,J10,100000000.0,FAM,,STANDARD,,10.251704,222,36,0.8409912489948824,1.4811530113220215
13391,JG034,226,GC55 - HEX,8.0,False,J10,100000000.0,HEX,,STANDARD,,inf,223,36,0.05029983106195263,0.004047720693051815
13392,JG034,226,GC55 - FAM,8.0,False,J10,100000000.0,FAM,,STANDARD,,10.251704,222,37,0.8503680083193178,1.495896577835083
13393,JG034,226,GC55 - HEX,8.0,False,J10,100000000.0,HEX,,STANDARD,,inf,223,37,0.04996503003172487,0.002208826830610633
13394,JG034,226,GC55 - FAM,8.0,False,J10,100000000.0,FAM,,STANDARD,,10.251704,222,38,0.859754755131466,1.5106585025787354
13395,JG034,226,GC55 - HEX,8.0,False,J10,100000000.0,HEX,,STANDARD,,inf,223,38,0.05014566711513667,0.00094496866222471
13396,JG034,226,GC55 - FAM,8.0,False,J10,100000000.0,FAM,,STANDARD,,10.251704,222,39,0.8683991203082434,1.5240558385849
13397,JG034,226,GC55 - HEX,8.0,False,J10,100000000.0,HEX,,STANDARD,,inf,223,39,0.05200501093600498,0.00155391835141927
13398,JG034,226,GC55 - FAM,8.0,False,J10,100000000.0,FAM,,STANDARD,,10.251704,222,40,0.8766258269079449,1.5366854667663574
13399,JG034,226,GC55 - HEX,8.0,False,J10,100000000.0,HEX,,STANDARD,,inf,223,40,0.05313280395396998,0.001346731442026794
13400,JG034,226,GC55 - FAM,8.0,False,J10,100000000.0,FAM,,STANDARD,,10.251704,222,41,0.8845475908633279,1.5487545728683472
13401,JG034,226,GC55 - HEX,8.0,False,J10,100000000.0,HEX,,STANDARD,,inf,223,41,0.05300898660975027,-0.0002567837364040315
13402,JG034,226,GC55 - FAM,8.0,False,J10,100000000.0,FAM,,STANDARD,,10.251704,222,42,0.8934952773390158,1.5627094507217407
13403,JG034,226,GC55 - HEX,8.0,False,J10,100000000.0,HEX,,STANDARD,,inf,223,42,0.053486090766765165,-0.001189895672723651
13404,JG034,226,GC55 - FAM,8.0,False,J10,100000000.0,FAM,,STANDARD,,10.251704,222,43,0.9029806019519645,1.5776525735855103
13405,JG034,226,GC55 - HEX,8.0,False,J10,100000000.0,HEX,,STANDARD,,inf,223,43,0.05470251937224279,-0.001298198476433754
13406,JG034,226,GC55 - FAM,8.0,False,J10,100000000.0,FAM,,STANDARD,,10.251704,222,44,0.91078472108455,1.5895054340362549
13407,JG034,226,GC55 - HEX,8.0,False,J10,100000000.0,HEX,,STANDARD,,inf,223,44,0.055634822568201354,-0.0017234787810593843
13408,JG034,226,GC55 - FAM,8.0,False,J10,100000000.0,FAM,,STANDARD,,10.251704,222,45,0.9201581080105371,1.6042428016662598
13409,JG034,226,GC55 - HEX,8.0,False,J10,100000000.0,HEX,,STANDARD,,inf,223,45,0.0557477407805027,-0.003062885720282793
13410,JG034,226,GC55 - FAM,8.0,False,J10,100000000.0,FAM,,STANDARD,,10.251704,222,46,0.9311862400598302,1.6220216751098633
13411,JG034,226,GC55 - HEX,8.0,False,J10,100000000.0,HEX,,STANDARD,,inf,223,46,0.05522514343315206,-0.005111290141940117
13412,JG034,226,GC55 - FAM,8.0,False,J10,100000000.0,FAM,,STANDARD,,10.251704,222,47,0.9411608867168841,1.6378642320632935
13413,JG034,226,GC55 - HEX,8.0,False,J10,100000000.0,HEX,,STANDARD,,inf,223,47,0.05586242208767319,-0.005865707062184811
13414,JG034,226,GC55 - FAM,8.0,False,J10,100000000.0,FAM,,STANDARD,,10.251704,222,48,0.9511152989832474,1.6536695957183838
13415,JG034,226,GC55 - HEX,8.0,False,J10,100000000.0,HEX,,STANDARD,,inf,223,48,0.05722996929428369,-0.005805418360978365
13416,JG034,226,GC55 - FAM,8.0,False,J10,100000000.0,FAM,,STANDARD,,10.251704,222,49,0.9638314461636169,1.6745513677597046
13417,JG034,226,GC55 - HEX,8.0,False,J10,100000000.0,HEX,,STANDARD,,inf,223,49,0.05998159940029263,-0.004201011266559362
13418,JG034,226,GC55 - FAM,8.0,False,J10,100000000.0,FAM,,STANDARD,,10.251704,222,50,0.9782694621671797,1.6985981464385986
13419,JG034,226,GC55 - HEX,8.0,False,J10,100000000.0,HEX,,STANDARD,,inf,223,50,0.060531898707935794,-0.005052465014159679
13440,JG034,227,GC55 - FAM,8.0,False,J11,100000000.0,FAM,,STANDARD,,10.242953,224,1,-0.010430348077444487,0.0039147911593317986
13441,JG034,227,GC55 - HEX,8.0,False,J11,100000000.0,HEX,,STANDARD,,36.380207,225,1,-0.0012336605203871677,0.0017790306592360139
13442,JG034,227,GC55 - FAM,8.0,False,J11,100000000.0,FAM,,STANDARD,,10.242953,224,2,-0.00969587860766428,0.002795285079628229
13443,JG034,227,GC55 - HEX,8.0,False,J11,100000000.0,HEX,,STANDARD,,36.380207,225,2,-0.0012176457419924066,0.0011955797672271729
13444,JG034,227,GC55 - FAM,8.0,False,J11,100000000.0,FAM,,STANDARD,,10.242953,224,3,-0.008884784353906562,0.0018166244262829423
13445,JG034,227,GC55 - HEX,8.0,False,J11,100000000.0,HEX,,STANDARD,,36.380207,225,3,-0.0012279438188417483,0.0005827735876664519
13446,JG034,227,GC55 - FAM,8.0,False,J11,100000000.0,FAM,,STANDARD,,10.242953,224,4,-0.009011541137896444,-0.0008859217050485313
13447,JG034,227,GC55 - HEX,8.0,False,J11,100000000.0,HEX,,STANDARD,,36.380207,225,4,-0.00018717021809264815,0.0011425695847719908
13448,JG034,227,GC55 - FAM,8.0,False,J11,100000000.0,FAM,,STANDARD,,10.242953,224,5,-0.00812122794750857,-0.001718968152999878
13449,JG034,227,GC55 - HEX,8.0,False,J11,100000000.0,HEX,,STANDARD,,36.380207,225,5,-0.00037057215482197523,0.0003366443270351738
13450,JG034,227,GC55 - FAM,8.0,False,J11,100000000.0,FAM,,STANDARD,,10.242953,224,6,-0.0064794860143738186,-0.0011707961093634367
13451,JG034,227,GC55 - HEX,8.0,False,J11,100000000.0,HEX,,STANDARD,,36.380207,225,6,-0.0011271001350382076,-0.0011086747981607914
13452,JG034,227,GC55 - FAM,8.0,False,J11,100000000.0,FAM,,STANDARD,,10.242953,224,7,-0.003433221194734653,0.0019590617157518864
13453,JG034,227,GC55 - HEX,8.0,False,J11,100000000.0,HEX,,STANDARD,,36.380207,225,7,-0.0009992490434663542,-0.001567358267493546
13454,JG034,227,GC55 - FAM,8.0,False,J11,100000000.0,FAM,,STANDARD,,10.242953,224,8,0.001545217160956986,0.008640492334961891
13455,JG034,227,GC55 - HEX,8.0,False,J11,100000000.0,HEX,,STANDARD,,36.380207,225,8,0.0006787764982452539,-0.0002966279280371964
13456,JG034,227,GC55 - FAM,8.0,False,J11,100000000.0,FAM,,STANDARD,,10.242953,224,9,0.009864924133255801,0.021463584154844284
13457,JG034,227,GC55 - HEX,8.0,False,J11,100000000.0,HEX,,STANDARD,,36.380207,225,9,0.001251181275649326,-0.0002593560784589499
13458,JG034,227,GC55 - FAM,8.0,False,J11,100000000.0,FAM,,STANDARD,,10.242953,224,10,0.02452011935420726,0.04593208432197571
13459,JG034,227,GC55 - HEX,8.0,False,J11,100000000.0,HEX,,STANDARD,,36.380207,225,10,0.0019820775963663535,-4.5267017412697896e-05
13460,JG034,227,GC55 - FAM,8.0,False,J11,100000000.0,FAM,,STANDARD,,10.242953,224,11,0.05100612609554259,0.09214706718921661
13461,JG034,227,GC55 - HEX,8.0,False,J11,100000000.0,HEX,,STANDARD,,36.380207,225,11,0.0023841032968700327,-0.0001980743691092357
13462,JG034,227,GC55 - FAM,8.0,False,J11,100000000.0,FAM,,STANDARD,,10.242953,224,12,0.09461702623696404,0.16983970999717712
13463,JG034,227,GC55 - HEX,8.0,False,J11,100000000.0,HEX,,STANDARD,,36.380207,225,12,0.004367531597544285,0.0014133710647001863
13464,JG034,227,GC55 - FAM,8.0,False,J11,100000000.0,FAM,,STANDARD,,10.242953,224,13,0.15873476795136307,0.2852264642715454
13465,JG034,227,GC55 - HEX,8.0,False,J11,100000000.0,HEX,,STANDARD,,36.380207,225,13,0.0072663667683477646,0.0040460675954818726
13466,JG034,227,GC55 - FAM,8.0,False,J11,100000000.0,FAM,,STANDARD,,10.242953,224,14,0.24257940303026782,0.4368736445903778
13467,JG034,227,GC55 - HEX,8.0,False,J11,100000000.0,HEX,,STANDARD,,36.380207,225,14,0.011261539741837131,0.007901865988969803
13468,JG034,227,GC55 - FAM,8.0,False,J11,100000000.0,FAM,,STANDARD,,10.242953,224,15,0.33661335089823285,0.6072500944137573
13469,JG034,227,GC55 - HEX,8.0,False,J11,100000000.0,HEX,,STANDARD,,36.380207,225,15,0.016130580001796253,0.01273257378488779
13470,JG034,227,GC55 - FAM,8.0,False,J11,100000000.0,FAM,,STANDARD,,10.242953,224,16,0.42935521618373157,0.7752514481544495
13471,JG034,227,GC55 - HEX,8.0,False,J11,100000000.0,HEX,,STANDARD,,36.380207,225,16,0.022801463147686694,0.01957346312701702
13472,JG034,227,GC55 - FAM,8.0,False,J11,100000000.0,FAM,,STANDARD,,10.242953,224,17,0.5106660775129813,0.9222412705421448
13473,JG034,227,GC55 - HEX,8.0,False,J11,100000000.0,HEX,,STANDARD,,36.380207,225,17,0.028199164732803983,0.024993957951664925
13474,JG034,227,GC55 - FAM,8.0,False,J11,100000000.0,FAM,,STANDARD,,10.242953,224,18,0.575371508297383,1.038708209991455
13475,JG034,227,GC55 - HEX,8.0,False,J11,100000000.0,HEX,,STANDARD,,36.380207,225,18,0.03195121760926129,0.02857852540910244
13476,JG034,227,GC55 - FAM,8.0,False,J11,100000000.0,FAM,,STANDARD,,10.242953,224,19,0.6204646261972556,1.1191253662109375
13477,JG034,227,GC55 - HEX,8.0,False,J11,100000000.0,HEX,,STANDARD,,36.380207,225,19,0.03361333522681263,0.029831508174538612
13478,JG034,227,GC55 - FAM,8.0,False,J11,100000000.0,FAM,,STANDARD,,10.242953,224,20,0.6537314561304325,1.1778043508529663
13479,JG034,227,GC55 - HEX,8.0,False,J11,100000000.0,HEX,,STANDARD,,36.380207,225,20,0.035694081021552124,0.03155152499675751
13480,JG034,227,GC55 - FAM,8.0,False,J11,100000000.0,FAM,,STANDARD,,10.242953,224,21,0.67681370760314,1.21776282787323
13481,JG034,227,GC55 - HEX,8.0,False,J11,100000000.0,HEX,,STANDARD,,36.380207,225,21,0.03814267251853659,0.03368191793560982
13482,JG034,227,GC55 - FAM,8.0,False,J11,100000000.0,FAM,,STANDARD,,10.242953,224,22,0.6954145603684028,1.2494839429855347
13483,JG034,227,GC55 - HEX,8.0,False,J11,100000000.0,HEX,,STANDARD,,36.380207,225,22,0.03921965634799979,0.03428211063146591
13484,JG034,227,GC55 - FAM,8.0,False,J11,100000000.0,FAM,,STANDARD,,10.242953,224,23,0.7096442010601418,1.2731702327728271
13485,JG034,227,GC55 - HEX,8.0,False,J11,100000000.0,HEX,,STANDARD,,36.380207,225,23,0.0413558862040002,0.0360640250146389
13486,JG034,227,GC55 - FAM,8.0,False,J11,100000000.0,FAM,,STANDARD,,10.242953,224,24,0.7212316324213454,1.2919998168945312
13487,JG034,227,GC55 - HEX,8.0,False,J11,100000000.0,HEX,,STANDARD,,36.380207,225,24,0.042846850051451064,0.03712606430053711
13488,JG034,227,GC55 - FAM,8.0,False,J11,100000000.0,FAM,,STANDARD,,10.242953,224,25,0.7313973384212665,1.3082160949707031
13489,JG034,227,GC55 - HEX,8.0,False,J11,100000000.0,HEX,,STANDARD,,36.380207,225,25,0.04336661576158762,0.03710461035370827
13490,JG034,227,GC55 - FAM,8.0,False,J11,100000000.0,FAM,,STANDARD,,10.242953,224,26,0.7413229555931855,1.323991060256958
13491,JG034,227,GC55 - HEX,8.0,False,J11,100000000.0,HEX,,STANDARD,,36.380207,225,26,0.044914693197375434,0.03823036700487137
13492,JG034,227,GC55 - FAM,8.0,False,J11,100000000.0,FAM,,STANDARD,,10.242953,224,27,0.7493807828551997,1.3363327980041504
13493,JG034,227,GC55 - HEX,8.0,False,J11,100000000.0,HEX,,STANDARD,,36.380207,225,27,0.04471650530594803,0.03740794584155083
13494,JG034,227,GC55 - FAM,8.0,False,J11,100000000.0,FAM,,STANDARD,,10.242953,224,28,0.7572171343344944,1.3482673168182373
13495,JG034,227,GC55 - HEX,8.0,False,J11,100000000.0,HEX,,STANDARD,,36.380207,225,28,0.04357735902556805,0.035535767674446106
13496,JG034,227,GC55 - FAM,8.0,False,J11,100000000.0,FAM,,STANDARD,,10.242953,224,29,0.7675523033564496,1.3647950887680054
13497,JG034,227,GC55 - HEX,8.0,False,J11,100000000.0,HEX,,STANDARD,,36.380207,225,29,0.046481763973344525,0.03817467764019966
13498,JG034,227,GC55 - FAM,8.0,False,J11,100000000.0,FAM,,STANDARD,,10.242953,224,30,0.7779123762438703,1.381368637084961
13499,JG034,227,GC55 - HEX,8.0,False,J11,100000000.0,HEX,,STANDARD,,36.380207,225,30,0.04726177317159077,0.038443561643362045
13500,JG034,227,GC55 - FAM,8.0,False,J11,100000000.0,FAM,,STANDARD,,10.242953,224,31,0.7867111583572964,1.395072340965271
13501,JG034,227,GC55 - HEX,8.0,False,J11,100000000.0,HEX,,STANDARD,,36.380207,225,31,0.047711362363223514,0.03834381699562073
13502,JG034,227,GC55 - FAM,8.0,False,J11,100000000.0,FAM,,STANDARD,,10.242953,224,32,0.7950081016400683,1.407853603363037
13503,JG034,227,GC55 - HEX,8.0,False,J11,100000000.0,HEX,,STANDARD,,36.380207,225,32,0.04870612185924371,0.038852278143167496
13504,JG034,227,GC55 - FAM,8.0,False,J11,100000000.0,FAM,,STANDARD,,10.242953,224,33,0.803442470159614,1.4208874702453613
13505,JG034,227,GC55 - HEX,8.0,False,J11,100000000.0,HEX,,STANDARD,,36.380207,225,33,0.04881367064626174,0.03837094455957413
13506,JG034,227,GC55 - FAM,8.0,False,J11,100000000.0,FAM,,STANDARD,,10.242953,224,34,0.8110375654422127,1.4323786497116089
13507,JG034,227,GC55 - HEX,8.0,False,J11,100000000.0,HEX,,STANDARD,,36.380207,225,34,0.048398702226605,0.03730667755007744
13508,JG034,227,GC55 - FAM,8.0,False,J11,100000000.0,FAM,,STANDARD,,10.242953,224,35,0.817949231208472,1.4426136016845703
13509,JG034,227,GC55 - HEX,8.0,False,J11,100000000.0,HEX,,STANDARD,,36.380207,225,35,0.0503172700069415,0.038845762610435486
13510,JG034,227,GC55 - FAM,8.0,False,J11,100000000.0,FAM,,STANDARD,,10.242953,224,36,0.8270439412857485,1.4568612575531006
13511,JG034,227,GC55 - HEX,8.0,False,J11,100000000.0,HEX,,STANDARD,,36.380207,225,36,0.05059720138775668,0.038556743413209915
13512,JG034,227,GC55 - FAM,8.0,False,J11,100000000.0,FAM,,STANDARD,,10.242953,224,37,0.8377968985924124,1.4741569757461548
13513,JG034,227,GC55 - HEX,8.0,False,J11,100000000.0,HEX,,STANDARD,,36.380207,225,37,0.05312152582343864,0.04077162593603134
13514,JG034,227,GC55 - FAM,8.0,False,J11,100000000.0,FAM,,STANDARD,,10.242953,224,38,0.8472884491717274,1.4891339540481567
13515,JG034,227,GC55 - HEX,8.0,False,J11,100000000.0,HEX,,STANDARD,,36.380207,225,38,0.054396189986715394,0.04159235581755638
13516,JG034,227,GC55 - FAM,8.0,False,J11,100000000.0,FAM,,STANDARD,,10.242953,224,39,0.8548580569045138,1.5005782842636108
13517,JG034,227,GC55 - HEX,8.0,False,J11,100000000.0,HEX,,STANDARD,,36.380207,225,39,0.05309903300707769,0.03954389691352844
13518,JG034,227,GC55 - FAM,8.0,False,J11,100000000.0,FAM,,STANDARD,,10.242953,224,40,0.8634181769738966,1.513843297958374
13519,JG034,227,GC55 - HEX,8.0,False,J11,100000000.0,HEX,,STANDARD,,36.380207,225,40,0.05262537489912522,0.03841415420174599
13520,JG034,227,GC55 - FAM,8.0,False,J11,100000000.0,FAM,,STANDARD,,10.242953,224,41,0.870943489550139,1.525206208229065
13521,JG034,227,GC55 - HEX,8.0,False,J11,100000000.0,HEX,,STANDARD,,36.380207,225,41,0.052704901163147244,0.037901561707258224
13522,JG034,227,GC55 - FAM,8.0,False,J11,100000000.0,FAM,,STANDARD,,10.242953,224,42,0.8791249930398681,1.5377752780914307
13523,JG034,227,GC55 - HEX,8.0,False,J11,100000000.0,HEX,,STANDARD,,36.380207,225,42,0.05402332213544922,0.03877110779285431
13524,JG034,227,GC55 - FAM,8.0,False,J11,100000000.0,FAM,,STANDARD,,10.242953,224,43,0.8890899116244746,1.5536224842071533
13525,JG034,227,GC55 - HEX,8.0,False,J11,100000000.0,HEX,,STANDARD,,36.380207,225,43,0.054932277681170885,0.0391838438808918
13526,JG034,227,GC55 - FAM,8.0,False,J11,100000000.0,FAM,,STANDARD,,10.242953,224,44,0.8975196755230619,1.5666478872299194
13527,JG034,227,GC55 - HEX,8.0,False,J11,100000000.0,HEX,,STANDARD,,36.380207,225,44,0.057037653376961206,0.040931336581707
13528,JG034,227,GC55 - FAM,8.0,False,J11,100000000.0,FAM,,STANDARD,,10.242953,224,45,0.906274357041393,1.580270528793335
13529,JG034,227,GC55 - HEX,8.0,False,J11,100000000.0,HEX,,STANDARD,,36.380207,225,45,0.05727911723335861,0.04059940204024315
13530,JG034,227,GC55 - FAM,8.0,False,J11,100000000.0,FAM,,STANDARD,,10.242953,224,46,0.914421552862291,1.5927765369415283
13531,JG034,227,GC55 - HEX,8.0,False,J11,100000000.0,HEX,,STANDARD,,36.380207,225,46,0.05700490255408885,0.03969216346740723
13532,JG034,227,GC55 - FAM,8.0,False,J11,100000000.0,FAM,,STANDARD,,10.242953,224,47,0.9244365385930935,1.6087157726287842
13533,JG034,227,GC55 - HEX,8.0,False,J11,100000000.0,HEX,,STANDARD,,36.380207,225,47,0.05716625244817451,0.039270851761102676
13534,JG034,227,GC55 - FAM,8.0,False,J11,100000000.0,FAM,,STANDARD,,10.242953,224,48,0.9368337347048202,1.6290336847305298
13535,JG034,227,GC55 - HEX,8.0,False,J11,100000000.0,HEX,,STANDARD,,36.380207,225,48,0.057605530206178604,0.03915960341691971
13536,JG034,227,GC55 - FAM,8.0,False,J11,100000000.0,FAM,,STANDARD,,10.242953,224,49,0.9510525448092345,1.6527000665664673
13537,JG034,227,GC55 - HEX,8.0,False,J11,100000000.0,HEX,,STANDARD,,36.380207,225,49,0.05862013787625603,0.039690207690000534
13538,JG034,227,GC55 - FAM,8.0,False,J11,100000000.0,FAM,,STANDARD,,10.242953,224,50,0.9667571558454514,1.6790975332260132
13539,JG034,227,GC55 - HEX,8.0,False,J11,100000000.0,HEX,,STANDARD,,36.380207,225,50,0.059614069251958904,0.040197744965553284
15240,JG034,250,GC55 - FAM,7.0,False,K10,10000000.0,FAM,,STANDARD,,13.565527,254,1,-0.002637116279273001,0.002149305772036314
15241,JG034,250,GC55 - HEX,7.0,False,K10,10000000.0,HEX,,STANDARD,,20.86702,255,1,-0.0011739740824353005,0.002423670142889023
15242,JG034,250,GC55 - FAM,7.0,False,K10,10000000.0,FAM,,STANDARD,,13.565527,254,2,-0.0023815273891711207,0.0013469915138557553
15243,JG034,250,GC55 - HEX,7.0,False,K10,10000000.0,HEX,,STANDARD,,20.86702,255,2,-0.001312938014394511,0.0016078081680461764
15244,JG034,250,GC55 - FAM,7.0,False,K10,10000000.0,FAM,,STANDARD,,13.565527,254,3,-0.0015988391069598688,0.0015135506400838494
15245,JG034,250,GC55 - HEX,7.0,False,K10,10000000.0,HEX,,STANDARD,,20.86702,255,3,-0.000946708482446261,0.0013555526966229081
15246,JG034,250,GC55 - FAM,7.0,False,K10,10000000.0,FAM,,STANDARD,,13.565527,254,4,-0.0015783615144580499,0.0002790728467516601
15247,JG034,250,GC55 - HEX,7.0,False,K10,10000000.0,HEX,,STANDARD,,20.86702,255,4,0.0002457580609461258,0.002025068271905184
15248,JG034,250,GC55 - FAM,7.0,False,K10,10000000.0,FAM,,STANDARD,,13.565527,254,5,-0.001037513113289658,1.1005571423083893e-06
15249,JG034,250,GC55 - HEX,7.0,False,K10,10000000.0,HEX,,STANDARD,,20.86702,255,5,6.538811312056083e-05,0.001163012464530766
15250,JG034,250,GC55 - FAM,7.0,False,K10,10000000.0,FAM,,STANDARD,,13.565527,254,6,-0.001094017000755089,-0.0013748786877840757
15251,JG034,250,GC55 - HEX,7.0,False,K10,10000000.0,HEX,,STANDARD,,20.86702,255,6,0.00024252572035268782,0.0006998013122938573
15252,JG034,250,GC55 - FAM,7.0,False,K10,10000000.0,FAM,,STANDARD,,13.565527,254,7,-0.0006368138091804298,-0.001806601183488965
15253,JG034,250,GC55 - HEX,7.0,False,K10,10000000.0,HEX,,STANDARD,,20.86702,255,7,-0.0008046324209074181,-0.0011292651761323214
15254,JG034,250,GC55 - FAM,7.0,False,K10,10000000.0,FAM,,STANDARD,,13.565527,254,8,0.0005711858004320228,-0.0008582674781791866
15255,JG034,250,GC55 - HEX,7.0,False,K10,10000000.0,HEX,,STANDARD,,20.86702,255,8,-0.0010020723326933706,-0.0020103645510971546
15256,JG034,250,GC55 - FAM,7.0,False,K10,10000000.0,FAM,,STANDARD,,13.565527,254,9,0.001926614347985125,0.00036105868639424443
15257,JG034,250,GC55 - HEX,7.0,False,K10,10000000.0,HEX,,STANDARD,,20.86702,255,9,0.0007359385049072048,-0.0007322260062210262
15258,JG034,250,GC55 - FAM,7.0,False,K10,10000000.0,FAM,,STANDARD,,13.565527,254,10,0.0034477443962259474,0.0018849646439775825
15259,JG034,250,GC55 - HEX,7.0,False,K10,10000000.0,HEX,,STANDARD,,20.86702,255,10,0.0014638028367204704,-0.0005810324801132083
15260,JG034,250,GC55 - FAM,7.0,False,K10,10000000.0,FAM,,STANDARD,,13.565527,254,11,0.007194706060798694,0.007500222884118557
15261,JG034,250,GC55 - HEX,7.0,False,K10,10000000.0,HEX,,STANDARD,,20.86702,255,11,0.0007596601449648323,-0.0020274221897125244
15262,JG034,250,GC55 - FAM,7.0,False,K10,10000000.0,FAM,,STANDARD,,13.565527,254,12,0.013137245036391888,0.01715122163295746
15263,JG034,250,GC55 - HEX,7.0,False,K10,10000000.0,HEX,,STANDARD,,20.86702,255,12,0.0004958771103375306,-0.002982535632327199
15264,JG034,250,GC55 - FAM,7.0,False,K10,10000000.0,FAM,,STANDARD,,13.565527,254,13,0.024505810980982513,0.036775924265384674
15265,JG034,250,GC55 - HEX,7.0,False,K10,10000000.0,HEX,,STANDARD,,20.86702,255,13,0.0015459203159289695,-0.0024719112552702427
15266,JG034,250,GC55 - FAM,7.0,False,K10,10000000.0,FAM,,STANDARD,,13.565527,254,14,0.045787834006932766,0.07462278008460999
15267,JG034,250,GC55 - HEX,7.0,False,K10,10000000.0,HEX,,STANDARD,,20.86702,255,14,0.00422220482984045,-0.00014701089821755886
15268,JG034,250,GC55 - FAM,7.0,False,K10,10000000.0,FAM,,STANDARD,,13.565527,254,15,0.08010480936080853,0.13642948865890503
15269,JG034,250,GC55 - HEX,7.0,False,K10,10000000.0,HEX,,STANDARD,,20.86702,255,15,0.00756452514413121,0.0029209358617663383
15270,JG034,250,GC55 - FAM,7.0,False,K10,10000000.0,FAM,,STANDARD,,13.565527,254,16,0.13459717464592422,0.2353210300207138
15271,JG034,250,GC55 - HEX,7.0,False,K10,10000000.0,HEX,,STANDARD,,20.86702,255,16,0.009050052782402205,0.003917397931218147
15272,JG034,250,GC55 - FAM,7.0,False,K10,10000000.0,FAM,,STANDARD,,13.565527,254,17,0.2104522411044874,0.37347984313964844
15273,JG034,250,GC55 - HEX,7.0,False,K10,10000000.0,HEX,,STANDARD,,20.86702,255,17,0.013643222122456913,0.008380823768675327
15274,JG034,250,GC55 - FAM,7.0,False,K10,10000000.0,FAM,,STANDARD,,13.565527,254,18,0.3023789263458005,0.5411803126335144
15275,JG034,250,GC55 - HEX,7.0,False,K10,10000000.0,HEX,,STANDARD,,20.86702,255,18,0.019864502719935305,0.014660610817372799
15276,JG034,250,GC55 - FAM,7.0,False,K10,10000000.0,FAM,,STANDARD,,13.565527,254,19,0.39784367910933205,0.7153841257095337
15277,JG034,250,GC55 - HEX,7.0,False,K10,10000000.0,HEX,,STANDARD,,20.86702,255,19,0.027708645360567868,0.02275090478360653
15278,JG034,250,GC55 - FAM,7.0,False,K10,10000000.0,FAM,,STANDARD,,13.565527,254,20,0.4853999629498254,0.8750512003898621
15279,JG034,250,GC55 - HEX,7.0,False,K10,10000000.0,HEX,,STANDARD,,20.86702,255,20,0.03632832267837725,0.03170640394091606
15280,JG034,250,GC55 - FAM,7.0,False,K10,10000000.0,FAM,,STANDARD,,13.565527,254,21,0.5581507690635087,1.0075039863586426
15281,JG034,250,GC55 - HEX,7.0,False,K10,10000000.0,HEX,,STANDARD,,20.86702,255,21,0.045658006314060126,0.0414540059864521
15282,JG034,250,GC55 - FAM,7.0,False,K10,10000000.0,FAM,,STANDARD,,13.565527,254,22,0.613139282256897,1.1073075532913208
15283,JG034,250,GC55 - HEX,7.0,False,K10,10000000.0,HEX,,STANDARD,,20.86702,255,22,0.053063726030564556,0.04905518516898155
15284,JG034,250,GC55 - FAM,7.0,False,K10,10000000.0,FAM,,STANDARD,,13.565527,254,23,0.6502803494691669,1.1743053197860718
15285,JG034,250,GC55 - HEX,7.0,False,K10,10000000.0,HEX,,STANDARD,,20.86702,255,23,0.05874540610062848,0.05473297834396362
15286,JG034,250,GC55 - FAM,7.0,False,K10,10000000.0,FAM,,STANDARD,,13.565527,254,24,0.6775092242494953,1.223083257675171
15287,JG034,250,GC55 - HEX,7.0,False,K10,10000000.0,HEX,,STANDARD,,20.86702,255,24,0.06428173769822218,0.06024862080812454
15288,JG034,250,GC55 - FAM,7.0,False,K10,10000000.0,FAM,,STANDARD,,13.565527,254,25,0.696435837734114,1.2566004991531372
15289,JG034,250,GC55 - HEX,7.0,False,K10,10000000.0,HEX,,STANDARD,,20.86702,255,25,0.06890711023319747,0.06474797427654266
15290,JG034,250,GC55 - FAM,7.0,False,K10,10000000.0,FAM,,STANDARD,,13.565527,254,26,0.7125072619554149,1.28486967086792
15291,JG034,250,GC55 - HEX,7.0,False,K10,10000000.0,HEX,,STANDARD,,20.86702,255,26,0.07144583327697747,0.06691940873861313
15292,JG034,250,GC55 - FAM,7.0,False,K10,10000000.0,FAM,,STANDARD,,13.565527,254,27,0.7259696820001341,1.3083431720733643
15293,JG034,250,GC55 - HEX,7.0,False,K10,10000000.0,HEX,,STANDARD,,20.86702,255,27,0.073024577878065,0.06801986694335938
15294,JG034,250,GC55 - FAM,7.0,False,K10,10000000.0,FAM,,STANDARD,,13.565527,254,28,0.7371588460753403,1.327638030052185
15295,JG034,250,GC55 - HEX,7.0,False,K10,10000000.0,HEX,,STANDARD,,20.86702,255,28,0.07570864939431522,0.0703534483909607
15296,JG034,250,GC55 - FAM,7.0,False,K10,10000000.0,FAM,,STANDARD,,13.565527,254,29,0.7471386810376995,1.344710111618042
15297,JG034,250,GC55 - HEX,7.0,False,K10,10000000.0,HEX,,STANDARD,,20.86702,255,29,0.07918985349988931,0.07357633858919144
15298,JG034,250,GC55 - FAM,7.0,False,K10,10000000.0,FAM,,STANDARD,,13.565527,254,30,0.7578303514879445,1.3630906343460083
15299,JG034,250,GC55 - HEX,7.0,False,K10,10000000.0,HEX,,STANDARD,,20.86702,255,30,0.08117942591904696,0.07513512670993805
15300,JG034,250,GC55 - FAM,7.0,False,K10,10000000.0,FAM,,STANDARD,,13.565527,254,31,0.7678324961631164,1.3802036046981812
15301,JG034,250,GC55 - HEX,7.0,False,K10,10000000.0,HEX,,STANDARD,,20.86702,255,31,0.08355963070595539,0.07712971419095993
15302,JG034,250,GC55 - FAM,7.0,False,K10,10000000.0,FAM,,STANDARD,,13.565527,254,32,0.7767419837409942,1.395308256149292
15303,JG034,250,GC55 - HEX,7.0,False,K10,10000000.0,HEX,,STANDARD,,20.86702,255,32,0.08578267962748203,0.078948974609375
15304,JG034,250,GC55 - FAM,7.0,False,K10,10000000.0,FAM,,STANDARD,,13.565527,254,33,0.78626978760363,1.41154944896698
15305,JG034,250,GC55 - HEX,7.0,False,K10,10000000.0,HEX,,STANDARD,,20.86702,255,33,0.08688493448340301,0.07951784878969193
15306,JG034,250,GC55 - FAM,7.0,False,K10,10000000.0,FAM,,STANDARD,,13.565527,254,34,0.7976587014330898,1.4312115907669067
15307,JG034,250,GC55 - HEX,7.0,False,K10,10000000.0,HEX,,STANDARD,,20.86702,255,34,0.08942750427962479,0.08169356733560562
15308,JG034,250,GC55 - FAM,7.0,False,K10,10000000.0,FAM,,STANDARD,,13.565527,254,35,0.8079827155986387,1.4489161968231201
15309,JG034,250,GC55 - HEX,7.0,False,K10,10000000.0,HEX,,STANDARD,,20.86702,255,35,0.0920859307795965,0.08399854600429535
15310,JG034,250,GC55 - FAM,7.0,False,K10,10000000.0,FAM,,STANDARD,,13.565527,254,36,0.8187321707992214,1.4674029350280762
15311,JG034,250,GC55 - HEX,7.0,False,K10,10000000.0,HEX,,STANDARD,,20.86702,255,36,0.09382260593926589,0.08527519553899765
15312,JG034,250,GC55 - FAM,7.0,False,K10,10000000.0,FAM,,STANDARD,,13.565527,254,37,0.8270341078258496,1.4813908338546753
15313,JG034,250,GC55 - HEX,7.0,False,K10,10000000.0,HEX,,STANDARD,,20.86702,255,37,0.0958267105343147,0.08685019612312317
15314,JG034,250,GC55 - FAM,7.0,False,K10,10000000.0,FAM,,STANDARD,,13.565527,254,38,0.8352568583427559,1.4952330589294434
15315,JG034,250,GC55 - HEX,7.0,False,K10,10000000.0,HEX,,STANDARD,,20.86702,255,38,0.09888613426278307,0.08960253745317459
15316,JG034,250,GC55 - FAM,7.0,False,K10,10000000.0,FAM,,STANDARD,,13.565527,254,39,0.8450370084046777,1.5119380950927734
15317,JG034,250,GC55 - HEX,7.0,False,K10,10000000.0,HEX,,STANDARD,,20.86702,255,39,0.1002476709187033,0.09046067297458649
15318,JG034,250,GC55 - FAM,7.0,False,K10,10000000.0,FAM,,STANDARD,,13.565527,254,40,0.8543364619800643,1.5277595520019531
15319,JG034,250,GC55 - HEX,7.0,False,K10,10000000.0,HEX,,STANDARD,,20.86702,255,40,0.1033829611536623,0.09329765290021896
15320,JG034,250,GC55 - FAM,7.0,False,K10,10000000.0,FAM,,STANDARD,,13.565527,254,41,0.8629285549808908,1.542280673980713
15321,JG034,250,GC55 - HEX,7.0,False,K10,10000000.0,HEX,,STANDARD,,20.86702,255,41,0.10566977533962311,0.09518804401159286
15322,JG034,250,GC55 - FAM,7.0,False,K10,10000000.0,FAM,,STANDARD,,13.565527,254,42,0.8723205549521607,1.5582722425460815
15323,JG034,250,GC55 - HEX,7.0,False,K10,10000000.0,HEX,,STANDARD,,20.86702,255,42,0.10704974435099353,0.09606674313545227
15324,JG034,250,GC55 - FAM,7.0,False,K10,10000000.0,FAM,,STANDARD,,13.565527,254,43,0.8808332668818162,1.5726475715637207
15325,JG034,250,GC55 - HEX,7.0,False,K10,10000000.0,HEX,,STANDARD,,20.86702,255,43,0.10891777007841447,0.09748993068933487
15326,JG034,250,GC55 - FAM,7.0,False,K10,10000000.0,FAM,,STANDARD,,13.565527,254,44,0.8899493138646608,1.5881319046020508
15327,JG034,250,GC55 - HEX,7.0,False,K10,10000000.0,HEX,,STANDARD,,20.86702,255,44,0.11025446312481488,0.09832035005092621
15328,JG034,250,GC55 - FAM,7.0,False,K10,10000000.0,FAM,,STANDARD,,13.565527,254,45,0.9000228625915968,1.605376124382019
15329,JG034,250,GC55 - HEX,7.0,False,K10,10000000.0,HEX,,STANDARD,,20.86702,255,45,0.1121593802766948,0.09978469461202621
15330,JG034,250,GC55 - FAM,7.0,False,K10,10000000.0,FAM,,STANDARD,,13.565527,254,46,0.9093747180505669,1.6212939023971558
15331,JG034,250,GC55 - HEX,7.0,False,K10,10000000.0,HEX,,STANDARD,,20.86702,255,46,0.11473662427200983,0.10199910402297974
15332,JG034,250,GC55 - FAM,7.0,False,K10,10000000.0,FAM,,STANDARD,,13.565527,254,47,0.9186158680450853,1.6370081901550293
15333,JG034,250,GC55 - HEX,7.0,False,K10,10000000.0,HEX,,STANDARD,,20.86702,255,47,0.11704689296244204,0.10391566902399063
15334,JG034,250,GC55 - FAM,7.0,False,K10,10000000.0,FAM,,STANDARD,,13.565527,254,48,0.9280007340965604,1.6529865264892578
15335,JG034,250,GC55 - HEX,7.0,False,K10,10000000.0,HEX,,STANDARD,,20.86702,255,48,0.11972407238056741,0.10624156147241592
15336,JG034,250,GC55 - FAM,7.0,False,K10,10000000.0,FAM,,STANDARD,,13.565527,254,49,0.9373092023524149,1.668824553489685
15337,JG034,250,GC55 - HEX,7.0,False,K10,10000000.0,HEX,,STANDARD,,20.86702,255,49,0.12176138192898517,0.10785360634326935
15338,JG034,250,GC55 - FAM,7.0,False,K10,10000000.0,FAM,,STANDARD,,13.565527,254,50,0.9435975580900599,1.6791112422943115
15339,JG034,250,GC55 - HEX,7.0,False,K10,10000000.0,HEX,,STANDARD,,20.86702,255,50,0.12246402866145789,0.10797666758298874
15360,JG034,251,GC55 - FAM,7.0,False,K11,10000000.0,FAM,,STANDARD,,13.547973,256,1,-0.0016869713899699738,0.003119236556813121
15361,JG034,251,GC55 - HEX,7.0,False,K11,10000000.0,HEX,,STANDARD,,20.669191,257,1,-0.002526840518984806,-0.0007151257013902068
15362,JG034,251,GC55 - FAM,7.0,False,K11,10000000.0,FAM,,STANDARD,,13.547973,256,2,-0.0015059319617234885,0.0023210826329886913
15363,JG034,251,GC55 - HEX,7.0,False,K11,10000000.0,HEX,,STANDARD,,20.669191,257,2,-0.0019167562671423514,-0.0004419753095135093
15364,JG034,251,GC55 - FAM,7.0,False,K11,10000000.0,FAM,,STANDARD,,13.547973,256,3,-0.0014557188944407224,0.0012824535369873047
15365,JG034,251,GC55 - HEX,7.0,False,K11,10000000.0,HEX,,STANDARD,,20.669191,257,3,-0.0006642643575230623,0.0005478613311424851
15366,JG034,251,GC55 - FAM,7.0,False,K11,10000000.0,FAM,,STANDARD,,13.547973,256,4,-0.0009297382306628041,0.0011183439055457711
15367,JG034,251,GC55 - HEX,7.0,False,K11,10000000.0,HEX,,STANDARD,,20.669191,257,4,-0.00039280117479151733,0.0004432374844327569
15368,JG034,251,GC55 - FAM,7.0,False,K11,10000000.0,FAM,,STANDARD,,13.547973,256,5,-0.0011588829771617814,-0.0004337791760917753
15369,JG034,251,GC55 - HEX,7.0,False,K11,10000000.0,HEX,,STANDARD,,20.669191,257,5,-0.000692580729663924,-0.00029867919511161745
15370,JG034,251,GC55 - FAM,7.0,False,K11,10000000.0,FAM,,STANDARD,,13.547973,256,6,-0.0008403210314169357,-0.0009791499469429255
15371,JG034,251,GC55 - HEX,7.0,False,K11,10000000.0,HEX,,STANDARD,,20.669191,257,6,0.0005700489754529661,0.0007024674559943378
15372,JG034,251,GC55 - FAM,7.0,False,K11,10000000.0,FAM,,STANDARD,,13.547973,256,7,-0.0008055755993255674,-0.0020462104585021734
15373,JG034,251,GC55 - HEX,7.0,False,K11,10000000.0,HEX,,STANDARD,,20.669191,257,7,0.00042271034286530263,0.00013061768549960107
15374,JG034,251,GC55 - FAM,7.0,False,K11,10000000.0,FAM,,STANDARD,,13.547973,256,8,-6.348580612821464e-05,-0.0018130849348381162
15375,JG034,251,GC55 - HEX,7.0,False,K11,10000000.0,HEX,,STANDARD,,20.669191,257,8,-6.473196133687222e-05,-0.0008206603233702481
15376,JG034,251,GC55 - FAM,7.0,False,K11,10000000.0,FAM,,STANDARD,,13.547973,256,9,0.0016268640623354777,0.000163059143233113
15377,JG034,251,GC55 - HEX,7.0,False,K11,10000000.0,HEX,,STANDARD,,20.669191,257,9,1.6143337395636367e-05,-0.0011379087809473276
15378,JG034,251,GC55 - FAM,7.0,False,K11,10000000.0,FAM,,STANDARD,,13.547973,256,10,0.0036268584768005476,0.0027083680033683777
15379,JG034,251,GC55 - HEX,7.0,False,K11,10000000.0,HEX,,STANDARD,,20.669191,257,10,0.0008054755676014709,-0.0006647848640568554
15380,JG034,251,GC55 - FAM,7.0,False,K11,10000000.0,FAM,,STANDARD,,13.547973,256,11,0.006916341321079291,0.00762391509488225
15381,JG034,251,GC55 - HEX,7.0,False,K11,10000000.0,HEX,,STANDARD,,20.669191,257,11,0.0021974256100145044,0.0004806348297279328
15382,JG034,251,GC55 - FAM,7.0,False,K11,10000000.0,FAM,,STANDARD,,13.547973,256,12,0.013166076611107929,0.017980771139264107
15383,JG034,251,GC55 - HEX,7.0,False,K11,10000000.0,HEX,,STANDARD,,20.669191,257,12,0.0019875238231307104,-0.00016101196524687111
15384,JG034,251,GC55 - FAM,7.0,False,K11,10000000.0,FAM,,STANDARD,,13.547973,256,13,0.024777520097802472,0.038193102926015854
15385,JG034,251,GC55 - HEX,7.0,False,K11,10000000.0,HEX,,STANDARD,,20.669191,257,13,0.0017865310080478385,-0.0007927196566015482
15386,JG034,251,GC55 - FAM,7.0,False,K11,10000000.0,FAM,,STANDARD,,13.547973,256,14,0.045222215501295134,0.07464203983545303
15387,JG034,251,GC55 - HEX,7.0,False,K11,10000000.0,HEX,,STANDARD,,20.669191,257,14,0.00305203242071675,0.00021163071505725384
15388,JG034,251,GC55 - FAM,7.0,False,K11,10000000.0,FAM,,STANDARD,,13.547973,256,15,0.08084526564850741,0.13899065554141998
15389,JG034,251,GC55 - HEX,7.0,False,K11,10000000.0,HEX,,STANDARD,,20.669191,257,15,0.004446012693585166,0.0013593153562396765
15390,JG034,251,GC55 - FAM,7.0,False,K11,10000000.0,FAM,,STANDARD,,13.547973,256,16,0.13662429822242703,0.24038845300674438
15391,JG034,251,GC55 - HEX,7.0,False,K11,10000000.0,HEX,,STANDARD,,20.669191,257,16,0.008819022240244672,0.005830480717122555
15392,JG034,251,GC55 - FAM,7.0,False,K11,10000000.0,FAM,,STANDARD,,13.547973,256,17,0.21250232293196614,0.3787306547164917
15393,JG034,251,GC55 - HEX,7.0,False,K11,10000000.0,HEX,,STANDARD,,20.669191,257,17,0.013265761208704914,0.010383900254964828
15394,JG034,251,GC55 - FAM,7.0,False,K11,10000000.0,FAM,,STANDARD,,13.547973,256,18,0.3054992582770362,0.5485395193099976
15395,JG034,251,GC55 - HEX,7.0,False,K11,10000000.0,HEX,,STANDARD,,20.669191,257,18,0.019393410783208095,0.016812585294246674
15396,JG034,251,GC55 - FAM,7.0,False,K11,10000000.0,FAM,,STANDARD,,13.547973,256,19,0.3998280315939744,0.720796525478363
15397,JG034,251,GC55 - HEX,7.0,False,K11,10000000.0,HEX,,STANDARD,,20.669191,257,19,0.027103892133268206,0.02500711940228939
15398,JG034,251,GC55 - FAM,7.0,False,K11,10000000.0,FAM,,STANDARD,,13.547973,256,20,0.4833553369496443,0.8731990456581116
15399,JG034,251,GC55 - HEX,7.0,False,K11,10000000.0,HEX,,STANDARD,,20.669191,257,20,0.035730408122085194,0.03422360494732857
15400,JG034,251,GC55 - FAM,7.0,False,K11,10000000.0,FAM,,STANDARD,,13.547973,256,21,0.5530716329978957,1.0002152919769287
15401,JG034,251,GC55 - HEX,7.0,False,K11,10000000.0,HEX,,STANDARD,,20.669191,257,21,0.04365725594021598,0.04265952110290527
15402,JG034,251,GC55 - FAM,7.0,False,K11,10000000.0,FAM,,STANDARD,,13.547973,256,22,0.6058318339164779,1.0960640907287598
15403,JG034,251,GC55 - HEX,7.0,False,K11,10000000.0,HEX,,STANDARD,,20.669191,257,22,0.051885673121646936,0.05143187567591667
15404,JG034,251,GC55 - FAM,7.0,False,K11,10000000.0,FAM,,STANDARD,,13.547973,256,23,0.6416762787791394,1.16081964969635
15405,JG034,251,GC55 - HEX,7.0,False,K11,10000000.0,HEX,,STANDARD,,20.669191,257,23,0.05848707430155777,0.0583890900015831
15406,JG034,251,GC55 - FAM,7.0,False,K11,10000000.0,FAM,,STANDARD,,13.547973,256,24,0.6680966210314546,1.2082525491714478
15407,JG034,251,GC55 - HEX,7.0,False,K11,10000000.0,HEX,,STANDARD,,20.669191,257,24,0.06297722280278113,0.0629909411072731
15408,JG034,251,GC55 - FAM,7.0,False,K11,10000000.0,FAM,,STANDARD,,13.547973,256,25,0.6881376176418335,1.2439594268798828
15409,JG034,251,GC55 - HEX,7.0,False,K11,10000000.0,HEX,,STANDARD,,20.669191,257,25,0.06750244620647708,0.06763191521167755
15410,JG034,251,GC55 - FAM,7.0,False,K11,10000000.0,FAM,,STANDARD,,13.547973,256,26,0.7025632465664798,1.2693445682525635
15411,JG034,251,GC55 - HEX,7.0,False,K11,10000000.0,HEX,,STANDARD,,20.669191,257,26,0.06991395928409219,0.0699147880077362
15412,JG034,251,GC55 - FAM,7.0,False,K11,10000000.0,FAM,,STANDARD,,13.547973,256,27,0.7142420569548728,1.2896807193756104
15413,JG034,251,GC55 - HEX,7.0,False,K11,10000000.0,HEX,,STANDARD,,20.669191,257,27,0.0726184132455721,0.07252447307109833
15414,JG034,251,GC55 - FAM,7.0,False,K11,10000000.0,FAM,,STANDARD,,13.547973,256,28,0.7261296966318037,1.3104007244110107
15415,JG034,251,GC55 - HEX,7.0,False,K11,10000000.0,HEX,,STANDARD,,20.669191,257,28,0.07385135083027902,0.07349248975515366
15416,JG034,251,GC55 - FAM,7.0,False,K11,10000000.0,FAM,,STANDARD,,13.547973,256,29,0.7338365998937314,1.3234360218048096
15417,JG034,251,GC55 - HEX,7.0,False,K11,10000000.0,HEX,,STANDARD,,20.669191,257,29,0.07651207469629234,0.07605338841676712
15418,JG034,251,GC55 - FAM,7.0,False,K11,10000000.0,FAM,,STANDARD,,13.547973,256,30,0.7443918827682636,1.3417069911956787
15419,JG034,251,GC55 - HEX,7.0,False,K11,10000000.0,HEX,,STANDARD,,20.669191,257,30,0.07875646775115912,0.07814981788396835
15420,JG034,251,GC55 - FAM,7.0,False,K11,10000000.0,FAM,,STANDARD,,13.547973,256,31,0.7548862030554586,1.3598659038543701
15421,JG034,251,GC55 - HEX,7.0,False,K11,10000000.0,HEX,,STANDARD,,20.669191,257,31,0.08166415846664628,0.08098623156547546
15422,JG034,251,GC55 - FAM,7.0,False,K11,10000000.0,FAM,,STANDARD,,13.547973,256,32,0.7654834463491474,1.3782141208648682
15423,JG034,251,GC55 - HEX,7.0,False,K11,10000000.0,HEX,,STANDARD,,20.669191,257,32,0.08442139841996614,0.08365480601787567
15424,JG034,251,GC55 - FAM,7.0,False,K11,10000000.0,FAM,,STANDARD,,13.547973,256,33,0.7749758400280745,1.3945313692092896
15425,JG034,251,GC55 - HEX,7.0,False,K11,10000000.0,HEX,,STANDARD,,20.669191,257,33,0.08599279679243223,0.0850004181265831
15426,JG034,251,GC55 - FAM,7.0,False,K11,10000000.0,FAM,,STANDARD,,13.547973,256,34,0.7836026946744465,1.4092576503753662
15427,JG034,251,GC55 - HEX,7.0,False,K11,10000000.0,HEX,,STANDARD,,20.669191,257,34,0.0871595114653116,0.08589456230401993
15428,JG034,251,GC55 - FAM,7.0,False,K11,10000000.0,FAM,,STANDARD,,13.547973,256,35,0.7930333475202408,1.4254614114761353
15429,JG034,251,GC55 - HEX,7.0,False,K11,10000000.0,HEX,,STANDARD,,20.669191,257,35,0.09044738954712776,0.08915513008832932
15430,JG034,251,GC55 - FAM,7.0,False,K11,10000000.0,FAM,,STANDARD,,13.547973,256,36,0.8029208955019821,1.4425050020217896
15431,JG034,251,GC55 - HEX,7.0,False,K11,10000000.0,HEX,,STANDARD,,20.669191,257,36,0.09302263002554603,0.09162065386772156
15432,JG034,251,GC55 - FAM,7.0,False,K11,10000000.0,FAM,,STANDARD,,13.547973,256,37,0.8137073173778651,1.4612008333206177
15433,JG034,251,GC55 - HEX,7.0,False,K11,10000000.0,HEX,,STANDARD,,20.669191,257,37,0.09442410345160832,0.09277670085430145
15434,JG034,251,GC55 - FAM,7.0,False,K11,10000000.0,FAM,,STANDARD,,13.547973,256,38,0.8204200116356664,1.472408652305603
15435,JG034,251,GC55 - HEX,7.0,False,K11,10000000.0,HEX,,STANDARD,,20.669191,257,38,0.09461924599735265,0.0925869345664978
15436,JG034,251,GC55 - FAM,7.0,False,K11,10000000.0,FAM,,STANDARD,,13.547973,256,39,0.8295128409522698,1.487991452217102
15437,JG034,251,GC55 - HEX,7.0,False,K11,10000000.0,HEX,,STANDARD,,20.669191,257,39,0.09719387206392258,0.09505177289247513
15438,JG034,251,GC55 - FAM,7.0,False,K11,10000000.0,FAM,,STANDARD,,13.547973,256,40,0.8381496830863545,1.5027360916137695
15439,JG034,251,GC55 - HEX,7.0,False,K11,10000000.0,HEX,,STANDARD,,20.669191,257,40,0.09962480589865694,0.09735631197690964
15440,JG034,251,GC55 - FAM,7.0,False,K11,10000000.0,FAM,,STANDARD,,13.547973,256,41,0.8468114290859047,1.5175265073776245
15441,JG034,251,GC55 - HEX,7.0,False,K11,10000000.0,HEX,,STANDARD,,20.669191,257,41,0.10198599063182547,0.09958303719758987
15442,JG034,251,GC55 - FAM,7.0,False,K11,10000000.0,FAM,,STANDARD,,13.547973,256,42,0.8559304593442998,1.5331575870513916
15443,JG034,251,GC55 - HEX,7.0,False,K11,10000000.0,HEX,,STANDARD,,20.669191,257,42,0.10457576328613488,0.10206477344036102
15444,JG034,251,GC55 - FAM,7.0,False,K11,10000000.0,FAM,,STANDARD,,13.547973,256,43,0.8674828047908762,1.5532612800598145
15445,JG034,251,GC55 - HEX,7.0,False,K11,10000000.0,HEX,,STANDARD,,20.669191,257,43,0.10603857104279664,0.10328924655914307
15446,JG034,251,GC55 - FAM,7.0,False,K11,10000000.0,FAM,,STANDARD,,13.547973,256,44,0.877304785564322,1.570184350013733
15447,JG034,251,GC55 - HEX,7.0,False,K11,10000000.0,HEX,,STANDARD,,20.669191,257,44,0.10642423468864345,0.10331202298402786
15448,JG034,251,GC55 - FAM,7.0,False,K11,10000000.0,FAM,,STANDARD,,13.547973,256,45,0.8852275871807661,1.5836164951324463
15449,JG034,251,GC55 - HEX,7.0,False,K11,10000000.0,HEX,,STANDARD,,20.669191,257,45,0.1081103945089559,0.10478567332029343
15450,JG034,251,GC55 - FAM,7.0,False,K11,10000000.0,FAM,,STANDARD,,13.547973,256,46,0.8927457658372138,1.5963048934936523
15451,JG034,251,GC55 - HEX,7.0,False,K11,10000000.0,HEX,,STANDARD,,20.669191,257,46,0.11137743601504577,0.10802299529314041
15452,JG034,251,GC55 - FAM,7.0,False,K11,10000000.0,FAM,,STANDARD,,13.547973,256,47,0.9026392155162399,1.6133593320846558
15453,JG034,251,GC55 - HEX,7.0,False,K11,10000000.0,HEX,,STANDARD,,20.669191,257,47,0.11289826562103765,0.10931219160556793
15454,JG034,251,GC55 - FAM,7.0,False,K11,10000000.0,FAM,,STANDARD,,13.547973,256,48,0.912768992501922,1.6308481693267822
15455,JG034,251,GC55 - HEX,7.0,False,K11,10000000.0,HEX,,STANDARD,,20.669191,257,48,0.11383732734732795,0.10995236039161682
15456,JG034,251,GC55 - FAM,7.0,False,K11,10000000.0,FAM,,STANDARD,,13.547973,256,49,0.9212223631896483,1.6452555656433105
15457,JG034,251,GC55 - HEX,7.0,False,K11,10000000.0,HEX,,STANDARD,,20.669191,257,49,0.11640922863091828,0.1124141663312912
15458,JG034,251,GC55 - FAM,7.0,False,K11,10000000.0,FAM,,STANDARD,,13.547973,256,50,0.9271205583683354,1.6549662351608276
15459,JG034,251,GC55 - HEX,7.0,False,K11,10000000.0,HEX,,STANDARD,,20.669191,257,50,0.11722059954698846,0.11291187256574631
17160,JG034,274,GC55 - FAM,6.0,False,L10,1000000.0,FAM,,STANDARD,,17.191023,286,1,-0.001941273337154331,0.0024415780790150166
17161,JG034,274,GC55 - HEX,6.0,False,L10,1000000.0,HEX,,STANDARD,,20.65949,287,1,-0.0007387768205109467,0.0013026369269937277
17162,JG034,274,GC55 - FAM,6.0,False,L10,1000000.0,FAM,,STANDARD,,17.191023,286,2,-0.0014052889722096494,0.0022826045751571655
17163,JG034,274,GC55 - HEX,6.0,False,L10,1000000.0,HEX,,STANDARD,,20.65949,287,2,-0.0009185189997088606,0.0007220884435810149
17164,JG034,274,GC55 - FAM,6.0,False,L10,1000000.0,FAM,,STANDARD,,17.191023,286,3,-0.0014634790588992997,0.0010314652463421226
17165,JG034,274,GC55 - HEX,6.0,False,L10,1000000.0,HEX,,STANDARD,,20.65949,287,3,-0.0010282850120926354,0.00021960710000712425
17166,JG034,274,GC55 - FAM,6.0,False,L10,1000000.0,FAM,,STANDARD,,17.191023,286,4,-0.0007389160095613819,0.0012191224377602339
17167,JG034,274,GC55 - HEX,6.0,False,L10,1000000.0,HEX,,STANDARD,,20.65949,287,4,-1.6281913980995538e-05,0.0009685998084023595
17168,JG034,274,GC55 - FAM,6.0,False,L10,1000000.0,FAM,,STANDARD,,17.191023,286,5,-0.00017635779338116462,0.0011089948238804936
17169,JG034,274,GC55 - HEX,6.0,False,L10,1000000.0,HEX,,STANDARD,,20.65949,287,5,-0.00010627989298341385,0.0004881722270511091
17170,JG034,274,GC55 - FAM,6.0,False,L10,1000000.0,FAM,,STANDARD,,17.191023,286,6,0.00020579331926164952,0.0006672568270005286
17171,JG034,274,GC55 - HEX,6.0,False,L10,1000000.0,HEX,,STANDARD,,20.65949,287,6,0.0001275705992063071,0.0003690381709020585
17172,JG034,274,GC55 - FAM,6.0,False,L10,1000000.0,FAM,,STANDARD,,17.191023,286,7,0.0003343660101083833,-0.00024058956478256732
17173,JG034,274,GC55 - HEX,6.0,False,L10,1000000.0,HEX,,STANDARD,,20.65949,287,7,-3.396628978972244e-05,-0.00019120002980343997
17174,JG034,274,GC55 - FAM,6.0,False,L10,1000000.0,FAM,,STANDARD,,17.191023,286,8,5.283559348004966e-05,-0.001902255928143859
17175,JG034,274,GC55 - HEX,6.0,False,L10,1000000.0,HEX,,STANDARD,,20.65949,287,8,-0.00024716720116351305,-0.0008090759511105716
17176,JG034,274,GC55 - FAM,6.0,False,L10,1000000.0,FAM,,STANDARD,,17.191023,286,9,0.0005155999998038173,-0.002195816719904542
17177,JG034,274,GC55 - HEX,6.0,False,L10,1000000.0,HEX,,STANDARD,,20.65949,287,9,0.0003600586999062319,-0.0005116629181429744
17178,JG034,274,GC55 - FAM,6.0,False,L10,1000000.0,FAM,,STANDARD,,17.191023,286,10,0.0012701579391879464,-0.0019530252320691943
17179,JG034,274,GC55 - HEX,6.0,False,L10,1000000.0,HEX,,STANDARD,,20.65949,287,10,0.0009443510108977411,-0.00023983517894521356
17180,JG034,274,GC55 - FAM,6.0,False,L10,1000000.0,FAM,,STANDARD,,17.191023,286,11,0.001605208967731169,-0.002481339033693075
17181,JG034,274,GC55 - HEX,6.0,False,L10,1000000.0,HEX,,STANDARD,,20.65949,287,11,0.000935588963669248,-0.0006296338979154825
17182,JG034,274,GC55 - FAM,6.0,False,L10,1000000.0,FAM,,STANDARD,,17.191023,286,12,0.003291975662843395,-0.0005250332178547978
17183,JG034,274,GC55 - HEX,6.0,False,L10,1000000.0,HEX,,STANDARD,,20.65949,287,12,0.0009820705556740589,-0.0009578014141879976
17184,JG034,274,GC55 - FAM,6.0,False,L10,1000000.0,FAM,,STANDARD,,17.191023,286,13,0.005030592984100369,0.0015265804249793291
17185,JG034,274,GC55 - HEX,6.0,False,L10,1000000.0,HEX,,STANDARD,,20.65949,287,13,0.0019491414481810482,-0.0002589362266007811
17186,JG034,274,GC55 - FAM,6.0,False,L10,1000000.0,FAM,,STANDARD,,17.191023,286,14,0.006859762446388745,0.0037446399219334126
17187,JG034,274,GC55 - HEX,6.0,False,L10,1000000.0,HEX,,STANDARD,,20.65949,287,14,0.0021684731212589215,-0.0003942678449675441
17188,JG034,274,GC55 - FAM,6.0,False,L10,1000000.0,FAM,,STANDARD,,17.191023,286,15,0.010265220127694813,0.008860111236572266
17189,JG034,274,GC55 - HEX,6.0,False,L10,1000000.0,HEX,,STANDARD,,20.65949,287,15,0.0029457976068635134,9.291146852774546e-05
17190,JG034,274,GC55 - FAM,6.0,False,L10,1000000.0,FAM,,STANDARD,,17.191023,286,16,0.01842170625778,0.022708557546138763
17191,JG034,274,GC55 - HEX,6.0,False,L10,1000000.0,HEX,,STANDARD,,20.65949,287,16,0.0031866470514125794,-1.8414359146845527e-05
17192,JG034,274,GC55 - FAM,6.0,False,L10,1000000.0,FAM,,STANDARD,,17.191023,286,17,0.033147478644337494,0.04863215982913971
17193,JG034,274,GC55 - HEX,6.0,False,L10,1000000.0,HEX,,STANDARD,,20.65949,287,17,0.005222220218519815,0.001872499007731676
17194,JG034,274,GC55 - FAM,6.0,False,L10,1000000.0,FAM,,STANDARD,,17.191023,286,18,0.058405559440997235,0.0939154401421547
17195,JG034,274,GC55 - HEX,6.0,False,L10,1000000.0,HEX,,STANDARD,,20.65949,287,18,0.009598969663386605,0.006375288125127554
17196,JG034,274,GC55 - FAM,6.0,False,L10,1000000.0,FAM,,STANDARD,,17.191023,286,19,0.09971625685222624,0.16870540380477905
17197,JG034,274,GC55 - HEX,6.0,False,L10,1000000.0,HEX,,STANDARD,,20.65949,287,19,0.01720711137036026,0.014483099803328514
17198,JG034,274,GC55 - FAM,6.0,False,L10,1000000.0,FAM,,STANDARD,,17.191023,286,20,0.16074076337051915,0.27973178029060364
17199,JG034,274,GC55 - HEX,6.0,False,L10,1000000.0,HEX,,STANDARD,,20.65949,287,20,0.028740236175540158,0.026969721540808678
17200,JG034,274,GC55 - FAM,6.0,False,L10,1000000.0,FAM,,STANDARD,,17.191023,286,21,0.24092371955330685,0.42597371339797974
17201,JG034,274,GC55 - HEX,6.0,False,L10,1000000.0,HEX,,STANDARD,,20.65949,287,21,0.04681352132748662,0.04675271362066269
17202,JG034,274,GC55 - FAM,6.0,False,L10,1000000.0,FAM,,STANDARD,,17.191023,286,22,0.32957444397104313,0.5877804756164551
17203,JG034,274,GC55 - HEX,6.0,False,L10,1000000.0,HEX,,STANDARD,,20.65949,287,22,0.0725430860190462,0.07507724314928055
17204,JG034,274,GC55 - FAM,6.0,False,L10,1000000.0,FAM,,STANDARD,,17.191023,286,23,0.4129879957328945,0.7399606704711914
17205,JG034,274,GC55 - HEX,6.0,False,L10,1000000.0,HEX,,STANDARD,,20.65949,287,23,0.10139819049666722,0.10688870400190353
17206,JG034,274,GC55 - FAM,6.0,False,L10,1000000.0,FAM,,STANDARD,,17.191023,286,24,0.4820331844899066,0.8657300472259521
17207,JG034,274,GC55 - HEX,6.0,False,L10,1000000.0,HEX,,STANDARD,,20.65949,287,24,0.12874467346458726,0.1370171159505844
17208,JG034,274,GC55 - FAM,6.0,False,L10,1000000.0,FAM,,STANDARD,,17.191023,286,25,0.5334424804146237,0.9590824842453003
17209,JG034,274,GC55 - HEX,6.0,False,L10,1000000.0,HEX,,STANDARD,,20.65949,287,25,0.15228743953367221,0.16290199756622314
17210,JG034,274,GC55 - FAM,6.0,False,L10,1000000.0,FAM,,STANDARD,,17.191023,286,26,0.5684246937893622,1.0222399234771729
17211,JG034,274,GC55 - HEX,6.0,False,L10,1000000.0,HEX,,STANDARD,,20.65949,287,26,0.16912870871868427,0.1813105195760727
17212,JG034,274,GC55 - FAM,6.0,False,L10,1000000.0,FAM,,STANDARD,,17.191023,286,27,0.5927691950890307,1.065843939781189
17213,JG034,274,GC55 - HEX,6.0,False,L10,1000000.0,HEX,,STANDARD,,20.65949,287,27,0.18173884406688598,0.19499868154525757
17214,JG034,274,GC55 - FAM,6.0,False,L10,1000000.0,FAM,,STANDARD,,17.191023,286,28,0.6119703996319319,1.0999939441680908
17215,JG034,274,GC55 - HEX,6.0,False,L10,1000000.0,HEX,,STANDARD,,20.65949,287,28,0.19035052067388766,0.2042260617017746
17216,JG034,274,GC55 - FAM,6.0,False,L10,1000000.0,FAM,,STANDARD,,17.191023,286,29,0.6274307711959022,1.127267837524414
17217,JG034,274,GC55 - HEX,6.0,False,L10,1000000.0,HEX,,STANDARD,,20.65949,287,29,0.19743375431068974,0.21174827218055725
17218,JG034,274,GC55 - FAM,6.0,False,L10,1000000.0,FAM,,STANDARD,,17.191023,286,30,0.6418834441619525,1.1526893377304077
17219,JG034,274,GC55 - HEX,6.0,False,L10,1000000.0,HEX,,STANDARD,,20.65949,287,30,0.2034934045217169,0.21812854707241058
17220,JG034,274,GC55 - FAM,6.0,False,L10,1000000.0,FAM,,STANDARD,,17.191023,286,31,0.6530872003458298,1.172139048576355
17221,JG034,274,GC55 - HEX,6.0,False,L10,1000000.0,HEX,,STANDARD,,20.65949,287,31,0.20958420274209905,0.22454357147216797
17222,JG034,274,GC55 - FAM,6.0,False,L10,1000000.0,FAM,,STANDARD,,17.191023,286,32,0.6635510393393562,1.1902287006378174
17223,JG034,274,GC55 - HEX,6.0,False,L10,1000000.0,HEX,,STANDARD,,20.65949,287,32,0.2143433567786606,0.22947297990322113
17224,JG034,274,GC55 - FAM,6.0,False,L10,1000000.0,FAM,,STANDARD,,17.191023,286,33,0.6756268847912366,1.211281418800354
17225,JG034,274,GC55 - HEX,6.0,False,L10,1000000.0,HEX,,STANDARD,,20.65949,287,33,0.21967177674948793,0.23503747582435608
17226,JG034,274,GC55 - FAM,6.0,False,L10,1000000.0,FAM,,STANDARD,,17.191023,286,34,0.6864468360901549,1.2300256490707397
17227,JG034,274,GC55 - HEX,6.0,False,L10,1000000.0,HEX,,STANDARD,,20.65949,287,34,0.22436855462666372,0.23989729583263397
17228,JG034,274,GC55 - FAM,6.0,False,L10,1000000.0,FAM,,STANDARD,,17.191023,286,35,0.6991725167815228,1.2522728443145752
17229,JG034,274,GC55 - HEX,6.0,False,L10,1000000.0,HEX,,STANDARD,,20.65949,287,35,0.22933783751535736,0.24506112933158875
17230,JG034,274,GC55 - FAM,6.0,False,L10,1000000.0,FAM,,STANDARD,,17.191023,286,36,0.7112672995477675,1.2733603715896606
17231,JG034,274,GC55 - HEX,6.0,False,L10,1000000.0,HEX,,STANDARD,,20.65949,287,36,0.23478510610850045,0.25075823068618774
17232,JG034,274,GC55 - FAM,6.0,False,L10,1000000.0,FAM,,STANDARD,,17.191023,286,37,0.7219200577082229,1.2917972803115845
17233,JG034,274,GC55 - HEX,6.0,False,L10,1000000.0,HEX,,STANDARD,,20.65949,287,37,0.23957193539179591,0.25571849942207336
17234,JG034,274,GC55 - FAM,6.0,False,L10,1000000.0,FAM,,STANDARD,,17.191023,286,38,0.7327396847380596,1.3105409145355225
17235,JG034,274,GC55 - HEX,6.0,False,L10,1000000.0,HEX,,STANDARD,,20.65949,287,38,0.24549497246402274,0.2619463801383972
17236,JG034,274,GC55 - FAM,6.0,False,L10,1000000.0,FAM,,STANDARD,,17.191023,286,39,0.742697404549055,1.3277002573013306
17237,JG034,274,GC55 - HEX,6.0,False,L10,1000000.0,HEX,,STANDARD,,20.65949,287,39,0.25042950101294725,0.2670714259147644
17238,JG034,274,GC55 - FAM,6.0,False,L10,1000000.0,FAM,,STANDARD,,17.191023,286,40,0.7544902279465318,1.3482327461242676
17239,JG034,274,GC55 - HEX,6.0,False,L10,1000000.0,HEX,,STANDARD,,20.65949,287,40,0.25544299484116273,0.272284597158432
17240,JG034,274,GC55 - FAM,6.0,False,L10,1000000.0,FAM,,STANDARD,,17.191023,286,41,0.7640592788363445,1.3646776676177979
17241,JG034,274,GC55 - HEX,6.0,False,L10,1000000.0,HEX,,STANDARD,,20.65949,287,41,0.2599828305614257,0.276969313621521
17242,JG034,274,GC55 - FAM,6.0,False,L10,1000000.0,FAM,,STANDARD,,17.191023,286,42,0.774681685410764,1.383058786392212
17243,JG034,274,GC55 - HEX,6.0,False,L10,1000000.0,HEX,,STANDARD,,20.65949,287,42,0.26651840953288836,0.2838805615901947
17244,JG034,274,GC55 - FAM,6.0,False,L10,1000000.0,FAM,,STANDARD,,17.191023,286,43,0.7848134080109356,1.4005379676818848
17245,JG034,274,GC55 - HEX,6.0,False,L10,1000000.0,HEX,,STANDARD,,20.65949,287,43,0.27110491384006646,0.288617342710495
17246,JG034,274,GC55 - FAM,6.0,False,L10,1000000.0,FAM,,STANDARD,,17.191023,286,44,0.7967352905028813,1.4213076829910278
17247,JG034,274,GC55 - HEX,6.0,False,L10,1000000.0,HEX,,STANDARD,,20.65949,287,44,0.2761096990481707,0.2938207983970642
17248,JG034,274,GC55 - FAM,6.0,False,L10,1000000.0,FAM,,STANDARD,,17.191023,286,45,0.8070693570099592,1.4391586780548096
17249,JG034,274,GC55 - HEX,6.0,False,L10,1000000.0,HEX,,STANDARD,,20.65949,287,45,0.28204678745223344,0.3000643253326416
17250,JG034,274,GC55 - FAM,6.0,False,L10,1000000.0,FAM,,STANDARD,,17.191023,286,46,0.8165422945439915,1.4554269313812256
17251,JG034,274,GC55 - HEX,6.0,False,L10,1000000.0,HEX,,STANDARD,,20.65949,287,46,0.2865221099284208,0.3046770989894867
17252,JG034,274,GC55 - FAM,6.0,False,L10,1000000.0,FAM,,STANDARD,,17.191023,286,47,0.8255901801658879,1.4709138870239258
17253,JG034,274,GC55 - HEX,6.0,False,L10,1000000.0,HEX,,STANDARD,,20.65949,287,47,0.2894499159535514,0.3075633943080902
17254,JG034,274,GC55 - FAM,6.0,False,L10,1000000.0,FAM,,STANDARD,,17.191023,286,48,0.8348888554954788,1.4868618249893188
17255,JG034,274,GC55 - HEX,6.0,False,L10,1000000.0,HEX,,STANDARD,,20.65949,287,48,0.2951793331528755,0.31357526779174805
17256,JG034,274,GC55 - FAM,6.0,False,L10,1000000.0,FAM,,STANDARD,,17.191023,286,49,0.8431875498312911,1.5009716749191284
17257,JG034,274,GC55 - HEX,6.0,False,L10,1000000.0,HEX,,STANDARD,,20.65949,287,49,0.29861795584600376,0.3170314431190491
17258,JG034,274,GC55 - FAM,6.0,False,L10,1000000.0,FAM,,STANDARD,,17.191023,286,50,0.8532742638829393,1.518368124961853
17259,JG034,274,GC55 - HEX,6.0,False,L10,1000000.0,HEX,,STANDARD,,20.65949,287,50,0.30427113254901644,0.3229582607746124
17280,JG034,275,GC55 - FAM,6.0,False,L11,1000000.0,FAM,,STANDARD,,16.882715,288,1,-0.0016903721619630511,0.0009269744041375816
17281,JG034,275,GC55 - HEX,6.0,False,L11,1000000.0,HEX,,STANDARD,,20.674597,289,1,0.0007701819478676456,0.0036086717154830694
17282,JG034,275,GC55 - FAM,6.0,False,L11,1000000.0,FAM,,STANDARD,,16.882715,288,2,-0.0011178750984323863,0.0012265925761312246
17283,JG034,275,GC55 - HEX,6.0,False,L11,1000000.0,HEX,,STANDARD,,20.674597,289,2,0.0004861233222451418,0.0028083936776965857
17284,JG034,275,GC55 - FAM,6.0,False,L11,1000000.0,FAM,,STANDARD,,16.882715,288,3,-0.0011662074050419846,0.0003850500797852874
17285,JG034,275,GC55 - HEX,6.0,False,L11,1000000.0,HEX,,STANDARD,,20.674597,289,3,-0.000953123075710718,0.0007193591445684433
17286,JG034,275,GC55 - FAM,6.0,False,L11,1000000.0,FAM,,STANDARD,,16.882715,288,4,-0.0010985486611701787,-0.0002432866458548233
17287,JG034,275,GC55 - HEX,6.0,False,L11,1000000.0,HEX,,STANDARD,,20.674597,289,4,-0.001281739917117144,-0.00013062900688964874
17288,JG034,275,GC55 - FAM,6.0,False,L11,1000000.0,FAM,,STANDARD,,16.882715,288,5,-9.076899597970787e-05,0.0008564344607293606
17289,JG034,275,GC55 - HEX,6.0,False,L11,1000000.0,HEX,,STANDARD,,20.674597,289,5,-0.0003370950570745448,0.00043986583477817476
17290,JG034,275,GC55 - FAM,6.0,False,L11,1000000.0,FAM,,STANDARD,,16.882715,288,6,0.00012900437406158807,0.000507703167386353
17291,JG034,275,GC55 - HEX,6.0,False,L11,1000000.0,HEX,,STANDARD,,20.674597,289,6,0.0003126721861030515,0.0006813877262175083
17292,JG034,275,GC55 - FAM,6.0,False,L11,1000000.0,FAM,,STANDARD,,16.882715,288,7,0.00010012821234682983,-0.0002980766003020108
17293,JG034,275,GC55 - HEX,6.0,False,L11,1000000.0,HEX,,STANDARD,,20.674597,289,7,0.00012949731462202378,-6.341668267850764e-06
17294,JG034,275,GC55 - FAM,6.0,False,L11,1000000.0,FAM,,STANDARD,,16.882715,288,8,0.00018883201961322085,-0.0008877299260348082
17295,JG034,275,GC55 - HEX,6.0,False,L11,1000000.0,HEX,,STANDARD,,20.674597,289,8,0.00020341373133312245,-0.0004072535375598818
17296,JG034,275,GC55 - FAM,6.0,False,L11,1000000.0,FAM,,STANDARD,,16.882715,288,9,0.0008999216886114619,-0.0003333614731673151
17297,JG034,275,GC55 - HEX,6.0,False,L11,1000000.0,HEX,,STANDARD,,20.674597,289,9,0.0008479985441377686,-0.00017151326755993068
17298,JG034,275,GC55 - FAM,6.0,False,L11,1000000.0,FAM,,STANDARD,,16.882715,288,10,0.0010376387675587705,-0.0008329223492182791
17299,JG034,275,GC55 - HEX,6.0,False,L11,1000000.0,HEX,,STANDARD,,20.674597,289,10,0.0010783762737064404,-0.0003978729364462197
17300,JG034,275,GC55 - FAM,6.0,False,L11,1000000.0,FAM,,STANDARD,,16.882715,288,11,0.0014164985490235408,-0.0008892333135008812
17301,JG034,275,GC55 - HEX,6.0,False,L11,1000000.0,HEX,,STANDARD,,20.674597,289,11,0.0016908380322663826,-0.00019796995911747217
17302,JG034,275,GC55 - FAM,6.0,False,L11,1000000.0,FAM,,STANDARD,,16.882715,288,12,0.0021854378221757725,-0.0002285301743540913
17303,JG034,275,GC55 - HEX,6.0,False,L11,1000000.0,HEX,,STANDARD,,20.674597,289,12,0.0015416695209130124,-0.0008477609953843057
17304,JG034,275,GC55 - FAM,6.0,False,L11,1000000.0,FAM,,STANDARD,,16.882715,288,13,0.0037877162080821565,0.001963952789083123
17305,JG034,275,GC55 - HEX,6.0,False,L11,1000000.0,HEX,,STANDARD,,20.674597,289,13,0.0017848697586209424,-0.0010598155204206705
17306,JG034,275,GC55 - FAM,6.0,False,L11,1000000.0,FAM,,STANDARD,,16.882715,288,14,0.0062378285346893474,0.005714858882129192
17307,JG034,275,GC55 - HEX,6.0,False,L11,1000000.0,HEX,,STANDARD,,20.674597,289,14,0.0025784895149858415,-0.0006578081520274282
17308,JG034,275,GC55 - FAM,6.0,False,L11,1000000.0,FAM,,STANDARD,,16.882715,288,15,0.010837601670365165,0.013417105190455914
17309,JG034,275,GC55 - HEX,6.0,False,L11,1000000.0,HEX,,STANDARD,,20.674597,289,15,0.0029419141232786285,-0.0007357373251579702
17310,JG034,275,GC55 - FAM,6.0,False,L11,1000000.0,FAM,,STANDARD,,16.882715,288,16,0.02019693153166567,0.029868002980947495
17311,JG034,275,GC55 - HEX,6.0,False,L11,1000000.0,HEX,,STANDARD,,20.674597,289,16,0.003900396606688177,-0.00014980488049332052
17312,JG034,275,GC55 - FAM,6.0,False,L11,1000000.0,FAM,,STANDARD,,16.882715,288,17,0.03686189787989186,0.05974755808711052
17313,JG034,275,GC55 - HEX,6.0,False,L11,1000000.0,HEX,,STANDARD,,20.674597,289,17,0.007087016944542133,0.002921894658356905
17314,JG034,275,GC55 - FAM,6.0,False,L11,1000000.0,FAM,,STANDARD,,16.882715,288,18,0.0648213184741134,0.11038771271705627
17315,JG034,275,GC55 - HEX,6.0,False,L11,1000000.0,HEX,,STANDARD,,20.674597,289,18,0.010790224079056453,0.0065699112601578236
17316,JG034,275,GC55 - FAM,6.0,False,L11,1000000.0,FAM,,STANDARD,,16.882715,288,19,0.10947782426909171,0.1917191594839096
17317,JG034,275,GC55 - HEX,6.0,False,L11,1000000.0,HEX,,STANDARD,,20.674597,289,19,0.017693541898529574,0.013788052834570408
17318,JG034,275,GC55 - FAM,6.0,False,L11,1000000.0,FAM,,STANDARD,,16.882715,288,20,0.17563549413535248,0.3125723898410797
17319,JG034,275,GC55 - HEX,6.0,False,L11,1000000.0,HEX,,STANDARD,,20.674597,289,20,0.030113383211877107,0.027160566300153732
17320,JG034,275,GC55 - FAM,6.0,False,L11,1000000.0,FAM,,STANDARD,,16.882715,288,21,0.2599378674498165,0.4667778015136719
17321,JG034,275,GC55 - HEX,6.0,False,L11,1000000.0,HEX,,STANDARD,,20.674597,289,21,0.04765142214646472,0.04624307155609131
17322,JG034,275,GC55 - FAM,6.0,False,L11,1000000.0,FAM,,STANDARD,,16.882715,288,22,0.34783703341717326,0.6275945901870728
17323,JG034,275,GC55 - HEX,6.0,False,L11,1000000.0,HEX,,STANDARD,,20.674597,289,22,0.07258038148607937,0.07357107847929001
17324,JG034,275,GC55 - FAM,6.0,False,L11,1000000.0,FAM,,STANDARD,,16.882715,288,23,0.42794556984573817,0.7740912437438965
17325,JG034,275,GC55 - HEX,6.0,False,L11,1000000.0,HEX,,STANDARD,,20.674597,289,23,0.09968577458742274,0.10332716256380081
17326,JG034,275,GC55 - FAM,6.0,False,L11,1000000.0,FAM,,STANDARD,,16.882715,288,24,0.493408622912345,0.8936676979064941
17327,JG034,275,GC55 - HEX,6.0,False,L11,1000000.0,HEX,,STANDARD,,20.674597,289,24,0.12352620984024887,0.1294407844543457
17328,JG034,275,GC55 - FAM,6.0,False,L11,1000000.0,FAM,,STANDARD,,16.882715,288,25,0.5417626555504091,0.981795608997345
17329,JG034,275,GC55 - HEX,6.0,False,L11,1000000.0,HEX,,STANDARD,,20.674597,289,25,0.14478584819446305,0.15267519652843475
17330,JG034,275,GC55 - FAM,6.0,False,L11,1000000.0,FAM,,STANDARD,,16.882715,288,26,0.5753689303581845,1.0428154468536377
17331,JG034,275,GC55 - HEX,6.0,False,L11,1000000.0,HEX,,STANDARD,,20.674597,289,26,0.16072492036408517,0.16997385025024414
17332,JG034,275,GC55 - FAM,6.0,False,L11,1000000.0,FAM,,STANDARD,,16.882715,288,27,0.5972227856960481,1.0822327136993408
17333,JG034,275,GC55 - HEX,6.0,False,L11,1000000.0,HEX,,STANDARD,,20.674597,289,27,0.17310104493874542,0.18329760432243347
17334,JG034,275,GC55 - FAM,6.0,False,L11,1000000.0,FAM,,STANDARD,,16.882715,288,28,0.6150703613847991,1.1142860651016235
17335,JG034,275,GC55 - HEX,6.0,False,L11,1000000.0,HEX,,STANDARD,,20.674597,289,28,0.18068032264562642,0.1912698596715927
17336,JG034,275,GC55 - FAM,6.0,False,L11,1000000.0,FAM,,STANDARD,,16.882715,288,29,0.6305679590393348,1.1420198678970337
17337,JG034,275,GC55 - HEX,6.0,False,L11,1000000.0,HEX,,STANDARD,,20.674597,289,29,0.18678797712149997,0.1976003348827362
17338,JG034,275,GC55 - FAM,6.0,False,L11,1000000.0,FAM,,STANDARD,,16.882715,288,30,0.6414011405167818,1.1611799001693726
17339,JG034,275,GC55 - HEX,6.0,False,L11,1000000.0,HEX,,STANDARD,,20.674597,289,30,0.19363207098150487,0.20475240051746368
17340,JG034,275,GC55 - FAM,6.0,False,L11,1000000.0,FAM,,STANDARD,,16.882715,288,31,0.6544909753867647,1.1844879388809204
17341,JG034,275,GC55 - HEX,6.0,False,L11,1000000.0,HEX,,STANDARD,,20.674597,289,31,0.19893949409525422,0.21019013226032257
17342,JG034,275,GC55 - FAM,6.0,False,L11,1000000.0,FAM,,STANDARD,,16.882715,288,32,0.6670540027068118,1.2068276405334473
17343,JG034,275,GC55 - HEX,6.0,False,L11,1000000.0,HEX,,STANDARD,,20.674597,289,32,0.20321425117329664,0.21447578072547913
17344,JG034,275,GC55 - FAM,6.0,False,L11,1000000.0,FAM,,STANDARD,,16.882715,288,33,0.6785193791857084,1.2271497249603271
17345,JG034,275,GC55 - HEX,6.0,False,L11,1000000.0,HEX,,STANDARD,,20.674597,289,33,0.20862874223000877,0.2200329452753067
17346,JG034,275,GC55 - FAM,6.0,False,L11,1000000.0,FAM,,STANDARD,,16.882715,288,34,0.6891018358092771,1.2458488941192627
17347,JG034,275,GC55 - HEX,6.0,False,L11,1000000.0,HEX,,STANDARD,,20.674597,289,34,0.21444238727967255,0.22603541612625122
17348,JG034,275,GC55 - FAM,6.0,False,L11,1000000.0,FAM,,STANDARD,,16.882715,288,35,0.70039333920663,1.2658512592315674
17349,JG034,275,GC55 - HEX,6.0,False,L11,1000000.0,HEX,,STANDARD,,20.674597,289,35,0.2201722853230518,0.2319444715976715
17350,JG034,275,GC55 - FAM,6.0,False,L11,1000000.0,FAM,,STANDARD,,16.882715,288,36,0.7120473105833739,1.286520004272461
17351,JG034,275,GC55 - HEX,6.0,False,L11,1000000.0,HEX,,STANDARD,,20.674597,289,36,0.22433318921424109,0.2361031025648117
17352,JG034,275,GC55 - FAM,6.0,False,L11,1000000.0,FAM,,STANDARD,,16.882715,288,37,0.7233807095460671,1.306599497795105
17353,JG034,275,GC55 - HEX,6.0,False,L11,1000000.0,HEX,,STANDARD,,20.674597,289,37,0.22916893102337607,0.24101459980010986
17354,JG034,275,GC55 - FAM,6.0,False,L11,1000000.0,FAM,,STANDARD,,16.882715,288,38,0.7336283907698119,1.3246833086013794
17355,JG034,275,GC55 - HEX,6.0,False,L11,1000000.0,HEX,,STANDARD,,20.674597,289,38,0.23409146518447868,0.24602293968200684
17356,JG034,275,GC55 - FAM,6.0,False,L11,1000000.0,FAM,,STANDARD,,16.882715,288,39,0.744420390073898,1.3437676429748535
17357,JG034,275,GC55 - HEX,6.0,False,L11,1000000.0,HEX,,STANDARD,,20.674597,289,39,0.23880079843420746,0.2507933974266052
17358,JG034,275,GC55 - FAM,6.0,False,L11,1000000.0,FAM,,STANDARD,,16.882715,288,40,0.7532824046582324,1.359304428100586
17359,JG034,275,GC55 - HEX,6.0,False,L11,1000000.0,HEX,,STANDARD,,20.674597,289,40,0.24302012487810623,0.2550172209739685
17360,JG034,275,GC55 - FAM,6.0,False,L11,1000000.0,FAM,,STANDARD,,16.882715,288,41,0.7634946108444522,1.377323031425476
17361,JG034,275,GC55 - HEX,6.0,False,L11,1000000.0,HEX,,STANDARD,,20.674597,289,41,0.24685790156418622,0.25881537795066833
17362,JG034,275,GC55 - FAM,6.0,False,L11,1000000.0,FAM,,STANDARD,,16.882715,288,42,0.7742630033593993,1.3963639736175537
17363,JG034,275,GC55 - HEX,6.0,False,L11,1000000.0,HEX,,STANDARD,,20.674597,289,42,0.2507586688215003,0.26268377900123596
17364,JG034,275,GC55 - FAM,6.0,False,L11,1000000.0,FAM,,STANDARD,,16.882715,288,43,0.7832630917186707,1.4121544361114502
17365,JG034,275,GC55 - HEX,6.0,False,L11,1000000.0,HEX,,STANDARD,,20.674597,289,43,0.256146018902651,0.26821067929267883
17366,JG034,275,GC55 - FAM,6.0,False,L11,1000000.0,FAM,,STANDARD,,16.882715,288,44,0.7939495090097941,1.4310446977615356
17367,JG034,275,GC55 - HEX,6.0,False,L11,1000000.0,HEX,,STANDARD,,20.674597,289,44,0.26029030696037647,0.2723507881164551
17368,JG034,275,GC55 - FAM,6.0,False,L11,1000000.0,FAM,,STANDARD,,16.882715,288,45,0.8037529415917735,1.4483119249343872
17369,JG034,275,GC55 - HEX,6.0,False,L11,1000000.0,HEX,,STANDARD,,20.674597,289,45,0.2653728820511922,0.27753764390945435
17370,JG034,275,GC55 - FAM,6.0,False,L11,1000000.0,FAM,,STANDARD,,16.882715,288,46,0.8132623918243918,1.465038776397705
17371,JG034,275,GC55 - HEX,6.0,False,L11,1000000.0,HEX,,STANDARD,,20.674597,289,46,0.2705189285572972,0.28279533982276917
17372,JG034,275,GC55 - FAM,6.0,False,L11,1000000.0,FAM,,STANDARD,,16.882715,288,47,0.8243459738866352,1.4846590757369995
17373,JG034,275,GC55 - HEX,6.0,False,L11,1000000.0,HEX,,STANDARD,,20.674597,289,47,0.2743887080866081,0.28662917017936707
17374,JG034,275,GC55 - FAM,6.0,False,L11,1000000.0,FAM,,STANDARD,,16.882715,288,48,0.8324114538989748,1.4987317323684692
17375,JG034,275,GC55 - HEX,6.0,False,L11,1000000.0,HEX,,STANDARD,,20.674597,289,48,0.2782692264664856,0.2904750108718872
17376,JG034,275,GC55 - FAM,6.0,False,L11,1000000.0,FAM,,STANDARD,,16.882715,288,49,0.840567534692708,1.5129709243774414
17377,JG034,275,GC55 - HEX,6.0,False,L11,1000000.0,HEX,,STANDARD,,20.674597,289,49,0.28243964038454483,0.2946442663669586
17378,JG034,275,GC55 - FAM,6.0,False,L11,1000000.0,FAM,,STANDARD,,16.882715,288,50,0.8506582696809677,1.530766248703003
17379,JG034,275,GC55 - HEX,6.0,False,L11,1000000.0,HEX,,STANDARD,,20.674597,289,50,0.28536910265031007,0.29742905497550964
19080,JG034,298,GC55 - FAM,5.0,False,M10,100000.0,FAM,,STANDARD,,20.91469,318,1,-0.0014522107083143716,0.0008234424749389291
19081,JG034,298,GC55 - HEX,5.0,False,M10,100000.0,HEX,,STANDARD,,20.957129,319,1,-0.0006818034783567741,0.0026568288449198008
19082,JG034,298,GC55 - FAM,5.0,False,M10,100000.0,FAM,,STANDARD,,20.91469,318,2,-0.001515783661758261,9.360540570924059e-05
19083,JG034,298,GC55 - HEX,5.0,False,M10,100000.0,HEX,,STANDARD,,20.957129,319,2,-0.0007974731871963323,0.0019711554050445557
19084,JG034,298,GC55 - FAM,5.0,False,M10,100000.0,FAM,,STANDARD,,20.91469,318,3,-0.0014531348751968764,-0.0004042205691803247
19085,JG034,298,GC55 - HEX,5.0,False,M10,100000.0,HEX,,STANDARD,,20.957129,319,3,-0.000829663025337595,0.0013786141062155366
19086,JG034,298,GC55 - FAM,5.0,False,M10,100000.0,FAM,,STANDARD,,20.91469,318,4,-0.0007856918245793929,0.000209639678359963
19087,JG034,298,GC55 - HEX,5.0,False,M10,100000.0,HEX,,STANDARD,,20.957129,319,4,-0.0007169852350638637,0.0009476908599026501
19088,JG034,298,GC55 - FAM,5.0,False,M10,100000.0,FAM,,STANDARD,,20.91469,318,5,0.00034383466729053874,0.001672866172157228
19089,JG034,298,GC55 - HEX,5.0,False,M10,100000.0,HEX,,STANDARD,,20.957129,319,5,-0.0007494689223499845,0.0003548217355273664
19090,JG034,298,GC55 - FAM,5.0,False,M10,100000.0,FAM,,STANDARD,,20.91469,318,6,0.0004221618639463485,0.0012038589920848608
19091,JG034,298,GC55 - HEX,5.0,False,M10,100000.0,HEX,,STANDARD,,20.957129,319,6,-0.00033874795851437104,0.00025640297099016607
19092,JG034,298,GC55 - FAM,5.0,False,M10,100000.0,FAM,,STANDARD,,20.91469,318,7,0.00020971697514877557,0.0002003770205192268
19093,JG034,298,GC55 - HEX,5.0,False,M10,100000.0,HEX,,STANDARD,,20.957129,319,7,0.0003123683193737097,0.00042617530561983585
19094,JG034,298,GC55 - FAM,5.0,False,M10,100000.0,FAM,,STANDARD,,20.91469,318,8,0.00022340113039147965,-0.0003874519607052207
19095,JG034,298,GC55 - HEX,5.0,False,M10,100000.0,HEX,,STANDARD,,20.957129,319,8,0.0005083656989939956,8.820545190246776e-05
19096,JG034,298,GC55 - FAM,5.0,False,M10,100000.0,FAM,,STANDARD,,20.91469,318,9,0.0002988747591293795,-0.0008617042913101614
19097,JG034,298,GC55 - HEX,5.0,False,M10,100000.0,HEX,,STANDARD,,20.957129,319,9,0.0010431711426355553,0.00012821846758015454
19098,JG034,298,GC55 - FAM,5.0,False,M10,100000.0,FAM,,STANDARD,,20.91469,318,10,0.0007408373038697473,-0.0006623049848712981
19099,JG034,298,GC55 - HEX,5.0,False,M10,100000.0,HEX,,STANDARD,,20.957129,319,10,0.0007709599802625536,-0.0007320966687984765
19100,JG034,298,GC55 - FAM,5.0,False,M10,100000.0,FAM,,STANDARD,,20.91469,318,11,0.0011225506532524276,-0.0005736510502174497
19101,JG034,298,GC55 - HEX,5.0,False,M10,100000.0,HEX,,STANDARD,,20.957129,319,11,0.0004768837701562544,-0.0016168049769476056
19102,JG034,298,GC55 - FAM,5.0,False,M10,100000.0,FAM,,STANDARD,,20.91469,318,12,0.0015806293713473546,-0.00034462817711755633
19103,JG034,298,GC55 - HEX,5.0,False,M10,100000.0,HEX,,STANDARD,,20.957129,319,12,0.00090092144296566,-0.0017003673128783703
19104,JG034,298,GC55 - FAM,5.0,False,M10,100000.0,FAM,,STANDARD,,20.91469,318,13,0.0013813173803537985,-0.0013239702675491571
19105,JG034,298,GC55 - HEX,5.0,False,M10,100000.0,HEX,,STANDARD,,20.957129,319,13,0.0015936307316304593,-0.0014841927913948894
19106,JG034,298,GC55 - FAM,5.0,False,M10,100000.0,FAM,,STANDARD,,20.91469,318,14,0.0012018506571529794,-0.002266834257170558
19107,JG034,298,GC55 - HEX,5.0,False,M10,100000.0,HEX,,STANDARD,,20.957129,319,14,0.0014343912086760468,-0.0022184739354997873
19108,JG034,298,GC55 - FAM,5.0,False,M10,100000.0,FAM,,STANDARD,,20.91469,318,15,0.0024742987467295894,-0.0005409003933891654
19109,JG034,298,GC55 - HEX,5.0,False,M10,100000.0,HEX,,STANDARD,,20.957129,319,15,0.0024408245298146963,-0.0016523009398952127
19110,JG034,298,GC55 - FAM,5.0,False,M10,100000.0,FAM,,STANDARD,,20.91469,318,16,0.0036315178181665097,0.0009732284233905375
19111,JG034,298,GC55 - HEX,5.0,False,M10,100000.0,HEX,,STANDARD,,20.957129,319,16,0.003655182834499004,-0.0008541615097783506
19112,JG034,298,GC55 - FAM,5.0,False,M10,100000.0,FAM,,STANDARD,,20.91469,318,17,0.005125133634835213,0.0031056958250701427
19113,JG034,298,GC55 - HEX,5.0,False,M10,100000.0,HEX,,STANDARD,,20.957129,319,17,0.006691272269509794,0.0019763472955673933
19114,JG034,298,GC55 - FAM,5.0,False,M10,100000.0,FAM,,STANDARD,,20.91469,318,18,0.007291915851411298,0.006475525908172131
19115,JG034,298,GC55 - HEX,5.0,False,M10,100000.0,HEX,,STANDARD,,20.957129,319,18,0.0096333032646074,0.004701922181993723
19116,JG034,298,GC55 - FAM,5.0,False,M10,100000.0,FAM,,STANDARD,,20.91469,318,19,0.012557121569398798,0.01554063893854618
19117,JG034,298,GC55 - HEX,5.0,False,M10,100000.0,HEX,,STANDARD,,20.957129,319,19,0.01473632758454936,0.009838355705142021
19118,JG034,298,GC55 - FAM,5.0,False,M10,100000.0,FAM,,STANDARD,,20.91469,318,20,0.021270815475818123,0.030944498255848885
19119,JG034,298,GC55 - HEX,5.0,False,M10,100000.0,HEX,,STANDARD,,20.957129,319,20,0.024859724474052314,0.020575644448399544
19120,JG034,298,GC55 - FAM,5.0,False,M10,100000.0,FAM,,STANDARD,,20.91469,318,21,0.036510716491221756,0.05834432691335678
19121,JG034,298,GC55 - HEX,5.0,False,M10,100000.0,HEX,,STANDARD,,20.957129,319,21,0.04396237653721566,0.04133041575551033
19122,JG034,298,GC55 - FAM,5.0,False,M10,100000.0,FAM,,STANDARD,,20.91469,318,22,0.061899623648845215,0.10439927875995636
19123,JG034,298,GC55 - HEX,5.0,False,M10,100000.0,HEX,,STANDARD,,20.957129,319,22,0.07450393468429398,0.07484672218561172
19124,JG034,298,GC55 - FAM,5.0,False,M10,100000.0,FAM,,STANDARD,,20.91469,318,23,0.1035581645038858,0.1803598254919052
19125,JG034,298,GC55 - HEX,5.0,False,M10,100000.0,HEX,,STANDARD,,20.957129,319,23,0.12112649413796084,0.12630340456962585
19126,JG034,298,GC55 - FAM,5.0,False,M10,100000.0,FAM,,STANDARD,,20.91469,318,24,0.15928727585269606,0.28218379616737366
19127,JG034,298,GC55 - HEX,5.0,False,M10,100000.0,HEX,,STANDARD,,20.957129,319,24,0.17892119807912885,0.19022400677204132
19128,JG034,298,GC55 - FAM,5.0,False,M10,100000.0,FAM,,STANDARD,,20.91469,318,25,0.22171863999488076,0.39632734656333923
19129,JG034,298,GC55 - HEX,5.0,False,M10,100000.0,HEX,,STANDARD,,20.957129,319,25,0.24010996649764124,0.257931113243103
19130,JG034,298,GC55 - FAM,5.0,False,M10,100000.0,FAM,,STANDARD,,20.91469,318,26,0.28259785775117147,0.5076178312301636
19131,JG034,298,GC55 - HEX,5.0,False,M10,100000.0,HEX,,STANDARD,,20.957129,319,26,0.29642308305043524,0.32019883394241333
19132,JG034,298,GC55 - FAM,5.0,False,M10,100000.0,FAM,,STANDARD,,20.91469,318,27,0.3329443941879161,0.5995479822158813
19133,JG034,298,GC55 - HEX,5.0,False,M10,100000.0,HEX,,STANDARD,,20.957129,319,27,0.33927627924165676,0.3674502968788147
19134,JG034,298,GC55 - FAM,5.0,False,M10,100000.0,FAM,,STANDARD,,20.91469,318,28,0.36955521659798535,0.6662302017211914
19135,JG034,298,GC55 - HEX,5.0,False,M10,100000.0,HEX,,STANDARD,,20.957129,319,28,0.36982120329712165,0.40097036957740784
19136,JG034,298,GC55 - FAM,5.0,False,M10,100000.0,FAM,,STANDARD,,20.91469,318,29,0.39618646346096065,0.7145687341690063
19137,JG034,298,GC55 - HEX,5.0,False,M10,100000.0,HEX,,STANDARD,,20.957129,319,29,0.39128063235628063,0.4243544340133667
19138,JG034,298,GC55 - FAM,5.0,False,M10,100000.0,FAM,,STANDARD,,20.91469,318,30,0.4145304302597952,0.7476742267608643
19139,JG034,298,GC55 - HEX,5.0,False,M10,100000.0,HEX,,STANDARD,,20.957129,319,30,0.4060764710710534,0.44030439853668213
19140,JG034,298,GC55 - FAM,5.0,False,M10,100000.0,FAM,,STANDARD,,20.91469,318,31,0.4313802948383387,0.7780333757400513
19141,JG034,298,GC55 - HEX,5.0,False,M10,100000.0,HEX,,STANDARD,,20.957129,319,31,0.4171404790732468,0.4520910680294037
19142,JG034,298,GC55 - FAM,5.0,False,M10,100000.0,FAM,,STANDARD,,20.91469,318,32,0.4457806307746218,0.8038899302482605
19143,JG034,298,GC55 - HEX,5.0,False,M10,100000.0,HEX,,STANDARD,,20.957129,319,32,0.4268610622122667,0.46237894892692566
19144,JG034,298,GC55 - FAM,5.0,False,M10,100000.0,FAM,,STANDARD,,20.91469,318,33,0.45806167370132633,0.8258510231971741
19145,JG034,298,GC55 - HEX,5.0,False,M10,100000.0,HEX,,STANDARD,,20.957129,319,33,0.43342137793901464,0.4691411852836609
19146,JG034,298,GC55 - FAM,5.0,False,M10,100000.0,FAM,,STANDARD,,20.91469,318,34,0.47121273057391183,0.8494113087654114
19147,JG034,298,GC55 - HEX,5.0,False,M10,100000.0,HEX,,STANDARD,,20.957129,319,34,0.44194823899738683,0.4780973494052887
19148,JG034,298,GC55 - FAM,5.0,False,M10,100000.0,FAM,,STANDARD,,20.91469,318,35,0.4837331489366392,0.8718124032020569
19149,JG034,298,GC55 - HEX,5.0,False,M10,100000.0,HEX,,STANDARD,,20.957129,319,35,0.4491980850993234,0.48562881350517273
19150,JG034,298,GC55 - FAM,5.0,False,M10,100000.0,FAM,,STANDARD,,20.91469,318,36,0.4957375903367554,0.8932650685310364
19151,JG034,298,GC55 - HEX,5.0,False,M10,100000.0,HEX,,STANDARD,,20.957129,319,36,0.4571767305076251,0.49397337436676025
19152,JG034,298,GC55 - FAM,5.0,False,M10,100000.0,FAM,,STANDARD,,20.91469,318,37,0.507648771949009,0.9145463109016418
19153,JG034,298,GC55 - HEX,5.0,False,M10,100000.0,HEX,,STANDARD,,20.957129,319,37,0.46343293908300365,0.5003963112831116
19154,JG034,298,GC55 - FAM,5.0,False,M10,100000.0,FAM,,STANDARD,,20.91469,318,38,0.5188381305856641,0.9345007538795471
19155,JG034,298,GC55 - HEX,5.0,False,M10,100000.0,HEX,,STANDARD,,20.957129,319,38,0.4690660271899315,0.5061241388320923
19156,JG034,298,GC55 - FAM,5.0,False,M10,100000.0,FAM,,STANDARD,,20.91469,318,39,0.5283274112814081,0.9513301849365234
19157,JG034,298,GC55 - HEX,5.0,False,M10,100000.0,HEX,,STANDARD,,20.957129,319,39,0.47645050962733027,0.5138058066368103
19158,JG034,298,GC55 - FAM,5.0,False,M10,100000.0,FAM,,STANDARD,,20.91469,318,40,0.5390692785854818,0.9704620838165283
19159,JG034,298,GC55 - HEX,5.0,False,M10,100000.0,HEX,,STANDARD,,20.957129,319,40,0.4832288079924456,0.5208112001419067
19160,JG034,298,GC55 - FAM,5.0,False,M10,100000.0,FAM,,STANDARD,,20.91469,318,41,0.5506890720010271,0.9912077188491821
19161,JG034,298,GC55 - HEX,5.0,False,M10,100000.0,HEX,,STANDARD,,20.957129,319,41,0.48877619900330943,0.526443362236023
19162,JG034,298,GC55 - FAM,5.0,False,M10,100000.0,FAM,,STANDARD,,20.91469,318,42,0.5635250041801325,1.0141887664794922
19163,JG034,298,GC55 - HEX,5.0,False,M10,100000.0,HEX,,STANDARD,,20.957129,319,42,0.49623937958441294,0.5342128872871399
19164,JG034,298,GC55 - FAM,5.0,False,M10,100000.0,FAM,,STANDARD,,20.91469,318,43,0.5738306647156639,1.0325188636779785
19165,JG034,298,GC55 - HEX,5.0,False,M10,100000.0,HEX,,STANDARD,,20.957129,319,43,0.5023888942066495,0.5405167937278748
19166,JG034,298,GC55 - FAM,5.0,False,M10,100000.0,FAM,,STANDARD,,20.91469,318,44,0.5855440421881534,1.053436517715454
19167,JG034,298,GC55 - HEX,5.0,False,M10,100000.0,HEX,,STANDARD,,20.957129,319,44,0.5082227079930739,0.5464684963226318
19168,JG034,298,GC55 - FAM,5.0,False,M10,100000.0,FAM,,STANDARD,,20.91469,318,45,0.5963743700976822,1.0727310180664062
19169,JG034,298,GC55 - HEX,5.0,False,M10,100000.0,HEX,,STANDARD,,20.957129,319,45,0.513009350281459,0.551252007484436
19170,JG034,298,GC55 - FAM,5.0,False,M10,100000.0,FAM,,STANDARD,,20.91469,318,46,0.6064534962528215,1.0906447172164917
19171,JG034,298,GC55 - HEX,5.0,False,M10,100000.0,HEX,,STANDARD,,20.957129,319,46,0.5197228949804711,0.5581851601600647
19172,JG034,298,GC55 - FAM,5.0,False,M10,100000.0,FAM,,STANDARD,,20.91469,318,47,0.6167756945115135,1.1090052127838135
19173,JG034,298,GC55 - HEX,5.0,False,M10,100000.0,HEX,,STANDARD,,20.957129,319,47,0.526569473201428,0.5652667284011841
19174,JG034,298,GC55 - FAM,5.0,False,M10,100000.0,FAM,,STANDARD,,20.91469,318,48,0.6267524813445059,1.1267307996749878
19175,JG034,298,GC55 - HEX,5.0,False,M10,100000.0,HEX,,STANDARD,,20.957129,319,48,0.5337874767414854,0.5727627277374268
19176,JG034,298,GC55 - FAM,5.0,False,M10,100000.0,FAM,,STANDARD,,20.91469,318,49,0.6369493820300751,1.1448609828948975
19177,JG034,298,GC55 - HEX,5.0,False,M10,100000.0,HEX,,STANDARD,,20.957129,319,49,0.5391298679034728,0.5781661868095398
19178,JG034,298,GC55 - FAM,5.0,False,M10,100000.0,FAM,,STANDARD,,20.91469,318,50,0.6474703572357762,1.1635868549346924
19179,JG034,298,GC55 - HEX,5.0,False,M10,100000.0,HEX,,STANDARD,,20.957129,319,50,0.5454469299653956,0.5846570134162903
19200,JG034,299,GC55 - FAM,5.0,False,M11,100000.0,FAM,,STANDARD,,20.528013,320,1,-0.001176314466978502,0.0014466491993516684
19201,JG034,299,GC55 - HEX,5.0,False,M11,100000.0,HEX,,STANDARD,,20.955544,321,1,-0.0018863412110521345,0.0005689229583367705
19202,JG034,299,GC55 - FAM,5.0,False,M11,100000.0,FAM,,STANDARD,,20.528013,320,2,-0.0008025943504567851,0.001509450958110392
19203,JG034,299,GC55 - HEX,5.0,False,M11,100000.0,HEX,,STANDARD,,20.955544,321,2,-0.0018676283632364046,0.00016957260959316045
19204,JG034,299,GC55 - FAM,5.0,False,M11,100000.0,FAM,,STANDARD,,20.528013,320,3,-0.0004115906918868188,0.0016040221089497209
19205,JG034,299,GC55 - HEX,5.0,False,M11,100000.0,HEX,,STANDARD,,20.955544,321,3,-0.0013638774314946108,0.0003113429993391037
19206,JG034,299,GC55 - FAM,5.0,False,M11,100000.0,FAM,,STANDARD,,20.528013,320,4,-0.0004614470631798461,0.0008882381953299046
19207,JG034,299,GC55 - HEX,5.0,False,M11,100000.0,HEX,,STANDARD,,20.955544,321,4,-0.00027214771767127097,0.001109077362343669
19208,JG034,299,GC55 - FAM,5.0,False,M11,100000.0,FAM,,STANDARD,,20.528013,320,5,-0.0005956458225920045,1.7422649762011133e-05
19209,JG034,299,GC55 - HEX,5.0,False,M11,100000.0,HEX,,STANDARD,,20.955544,321,5,0.0002683477139570846,0.0012918409192934632
19210,JG034,299,GC55 - FAM,5.0,False,M11,100000.0,FAM,,STANDARD,,20.528013,320,6,-0.00029874505149674724,-6.097895675338805e-05
19211,JG034,299,GC55 - HEX,5.0,False,M11,100000.0,HEX,,STANDARD,,20.955544,321,6,-4.989090992412927e-05,0.0005165789043530822
19212,JG034,299,GC55 - FAM,5.0,False,M11,100000.0,FAM,,STANDARD,,20.528013,320,7,0.00010219745442366645,5.186093767406419e-05
19213,JG034,299,GC55 - HEX,5.0,False,M11,100000.0,HEX,,STANDARD,,20.955544,321,7,-0.0001412245668577203,-5.542114195122849e-06
19214,JG034,299,GC55 - FAM,5.0,False,M11,100000.0,FAM,,STANDARD,,20.528013,320,8,0.0003017364337743289,-0.00020550361659843475
19215,JG034,299,GC55 - HEX,5.0,False,M11,100000.0,HEX,,STANDARD,,20.955544,321,8,0.0007017484890640108,0.0005146730691194534
19216,JG034,299,GC55 - FAM,5.0,False,M11,100000.0,FAM,,STANDARD,,20.528013,320,9,0.00036921682965126534,-0.0007056081085465848
19217,JG034,299,GC55 - HEX,5.0,False,M11,100000.0,HEX,,STANDARD,,20.955544,321,9,0.0006029350357158526,-1.579262243467383e-05
19218,JG034,299,GC55 - FAM,5.0,False,M11,100000.0,FAM,,STANDARD,,20.528013,320,10,0.000994277911306156,-0.00018081068992614746
19219,JG034,299,GC55 - HEX,5.0,False,M11,100000.0,HEX,,STANDARD,,20.955544,321,10,0.0002541093872107833,-0.0008251782273873687
19220,JG034,299,GC55 - FAM,5.0,False,M11,100000.0,FAM,,STANDARD,,20.528013,320,11,0.0009448430898191835,-0.0008958196849562228
19221,JG034,299,GC55 - HEX,5.0,False,M11,100000.0,HEX,,STANDARD,,20.955544,321,11,0.00045506213195572,-0.0010212172055616975
19222,JG034,299,GC55 - FAM,5.0,False,M11,100000.0,FAM,,STANDARD,,20.528013,320,12,0.0009732328479115707,-0.0014677775325253606
19223,JG034,299,GC55 - HEX,5.0,False,M11,100000.0,HEX,,STANDARD,,20.955544,321,12,0.0002893445710351198,-0.0016263227444142103
19224,JG034,299,GC55 - FAM,5.0,False,M11,100000.0,FAM,,STANDARD,,20.528013,320,13,0.0012492020497907959,-0.0015846539754420519
19225,JG034,299,GC55 - HEX,5.0,False,M11,100000.0,HEX,,STANDARD,,20.955544,321,13,9.481643713912393e-05,-0.0022635702043771744
19226,JG034,299,GC55 - FAM,5.0,False,M11,100000.0,FAM,,STANDARD,,20.528013,320,14,0.0014251018130942278,-0.0018854703521355987
19227,JG034,299,GC55 - HEX,5.0,False,M11,100000.0,HEX,,STANDARD,,20.955544,321,14,3.5629208814032483e-06,-0.0027856018859893084
19228,JG034,299,GC55 - FAM,5.0,False,M11,100000.0,FAM,,STANDARD,,20.528013,320,15,0.002282436837885349,-0.0009337248629890382
19229,JG034,299,GC55 - HEX,5.0,False,M11,100000.0,HEX,,STANDARD,,20.955544,321,15,0.001566573235939728,-0.0014620948350057006
19230,JG034,299,GC55 - FAM,5.0,False,M11,100000.0,FAM,,STANDARD,,20.528013,320,16,0.0038241741862606224,0.0012760362587869167
19231,JG034,299,GC55 - HEX,5.0,False,M11,100000.0,HEX,,STANDARD,,20.955544,321,16,0.0033341292693778437,8.96085039130412e-05
19232,JG034,299,GC55 - FAM,5.0,False,M11,100000.0,FAM,,STANDARD,,20.528013,320,17,0.005690683233293012,0.004082767758518457
19233,JG034,299,GC55 - HEX,5.0,False,M11,100000.0,HEX,,STANDARD,,20.955544,321,17,0.005460368254453084,0.002041467698290944
19234,JG034,299,GC55 - FAM,5.0,False,M11,100000.0,FAM,,STANDARD,,20.528013,320,18,0.008770996306498148,0.009120619855821133
19235,JG034,299,GC55 - HEX,5.0,False,M11,100000.0,HEX,,STANDARD,,20.955544,321,18,0.007709770101561761,0.004130730405449867
19236,JG034,299,GC55 - FAM,5.0,False,M11,100000.0,FAM,,STANDARD,,20.528013,320,19,0.014264309109923566,0.018593862652778625
19237,JG034,299,GC55 - HEX,5.0,False,M11,100000.0,HEX,,STANDARD,,20.955544,321,19,0.01271488922914876,0.009294341318309307
19238,JG034,299,GC55 - FAM,5.0,False,M11,100000.0,FAM,,STANDARD,,20.528013,320,20,0.025586569429664474,0.03878142684698105
19239,JG034,299,GC55 - HEX,5.0,False,M11,100000.0,HEX,,STANDARD,,20.955544,321,20,0.022283632500952926,0.01954924687743187
19240,JG034,299,GC55 - FAM,5.0,False,M11,100000.0,FAM,,STANDARD,,20.528013,320,21,0.04520291946425933,0.07421454787254333
19241,JG034,299,GC55 - HEX,5.0,False,M11,100000.0,HEX,,STANDARD,,20.955544,321,21,0.04241303354658806,0.04158588871359825
19242,JG034,299,GC55 - FAM,5.0,False,M11,100000.0,FAM,,STANDARD,,20.528013,320,22,0.0778754776650773,0.13364659249782562
19243,JG034,299,GC55 - HEX,5.0,False,M11,100000.0,HEX,,STANDARD,,20.955544,321,22,0.07163918935348886,0.07377110421657562
19244,JG034,299,GC55 - FAM,5.0,False,M11,100000.0,FAM,,STANDARD,,20.528013,320,23,0.12644320362790304,0.22229589521884918
19245,JG034,299,GC55 - HEX,5.0,False,M11,100000.0,HEX,,STANDARD,,20.955544,321,23,0.1136822434523369,0.12025517225265503
19246,JG034,299,GC55 - FAM,5.0,False,M11,100000.0,FAM,,STANDARD,,20.528013,320,24,0.1891170886162019,0.3368740677833557
19247,JG034,299,GC55 - HEX,5.0,False,M11,100000.0,HEX,,STANDARD,,20.955544,321,24,0.1683180690862814,0.180788055062294
19248,JG034,299,GC55 - FAM,5.0,False,M11,100000.0,FAM,,STANDARD,,20.528013,320,25,0.25552525634798373,0.45831629633903503
19249,JG034,299,GC55 - HEX,5.0,False,M11,100000.0,HEX,,STANDARD,,20.955544,321,25,0.22507553897321791,0.24368789792060852
19250,JG034,299,GC55 - FAM,5.0,False,M11,100000.0,FAM,,STANDARD,,20.528013,320,26,0.31549989307429704,0.5679329037666321
19251,JG034,299,GC55 - HEX,5.0,False,M11,100000.0,HEX,,STANDARD,,20.955544,321,26,0.27577047358479595,0.29982423782348633
19252,JG034,299,GC55 - FAM,5.0,False,M11,100000.0,FAM,,STANDARD,,20.528013,320,27,0.3624722800095622,0.6536498069763184
19253,JG034,299,GC55 - HEX,5.0,False,M11,100000.0,HEX,,STANDARD,,20.955544,321,27,0.3144518133257926,0.3425578773021698
19254,JG034,299,GC55 - FAM,5.0,False,M11,100000.0,FAM,,STANDARD,,20.528013,320,28,0.39645817663114413,0.7154959440231323
19255,JG034,299,GC55 - HEX,5.0,False,M11,100000.0,HEX,,STANDARD,,20.955544,321,28,0.3411805986776625,0.3719569742679596
19256,JG034,299,GC55 - FAM,5.0,False,M11,100000.0,FAM,,STANDARD,,20.528013,320,29,0.42181958577064954,0.7614891529083252
19257,JG034,299,GC55 - HEX,5.0,False,M11,100000.0,HEX,,STANDARD,,20.955544,321,29,0.35952383769627827,0.3920009136199951
19258,JG034,299,GC55 - FAM,5.0,False,M11,100000.0,FAM,,STANDARD,,20.528013,320,30,0.44006808775186673,0.7944080233573914
19259,JG034,299,GC55 - HEX,5.0,False,M11,100000.0,HEX,,STANDARD,,20.955544,321,30,0.37237615816696024,0.40591907501220703
19260,JG034,299,GC55 - FAM,5.0,False,M11,100000.0,FAM,,STANDARD,,20.528013,320,31,0.45554934224469085,0.8222402930259705
19261,JG034,299,GC55 - HEX,5.0,False,M11,100000.0,HEX,,STANDARD,,20.955544,321,31,0.3834082701801572,0.4178065359592438
19262,JG034,299,GC55 - FAM,5.0,False,M11,100000.0,FAM,,STANDARD,,20.528013,320,32,0.46935535780825294,0.8469933271408081
19263,JG034,299,GC55 - HEX,5.0,False,M11,100000.0,HEX,,STANDARD,,20.955544,321,32,0.3911665287298154,0.4260416328907013
19264,JG034,299,GC55 - FAM,5.0,False,M11,100000.0,FAM,,STANDARD,,20.528013,320,33,0.4811898173558046,0.868122398853302
19265,JG034,299,GC55 - HEX,5.0,False,M11,100000.0,HEX,,STANDARD,,20.955544,321,33,0.3989981961385708,0.4343585968017578
19266,JG034,299,GC55 - FAM,5.0,False,M11,100000.0,FAM,,STANDARD,,20.528013,320,34,0.4924247033715136,0.8881493210792542
19267,JG034,299,GC55 - HEX,5.0,False,M11,100000.0,HEX,,STANDARD,,20.955544,321,34,0.4058613901929915,0.4415951371192932
19268,JG034,299,GC55 - FAM,5.0,False,M11,100000.0,FAM,,STANDARD,,20.528013,320,35,0.5059172155870035,0.9123260974884033
19269,JG034,299,GC55 - HEX,5.0,False,M11,100000.0,HEX,,STANDARD,,20.955544,321,35,0.4118933117301675,0.4479042589664459
19270,JG034,299,GC55 - FAM,5.0,False,M11,100000.0,FAM,,STANDARD,,20.528013,320,36,0.5164793729660653,0.93111652135849
19271,JG034,299,GC55 - HEX,5.0,False,M11,100000.0,HEX,,STANDARD,,20.955544,321,36,0.41981030224516624,0.45631644129753113
19272,JG034,299,GC55 - FAM,5.0,False,M11,100000.0,FAM,,STANDARD,,20.528013,320,37,0.5280050634941358,0.9516779780387878
19273,JG034,299,GC55 - HEX,5.0,False,M11,100000.0,HEX,,STANDARD,,20.955544,321,37,0.42725665328433693,0.46420353651046753
19274,JG034,299,GC55 - FAM,5.0,False,M11,100000.0,FAM,,STANDARD,,20.528013,320,38,0.5397316062913374,0.9726086854934692
19275,JG034,299,GC55 - HEX,5.0,False,M11,100000.0,HEX,,STANDARD,,20.955544,321,38,0.43222735199163764,0.46932876110076904
19276,JG034,299,GC55 - FAM,5.0,False,M11,100000.0,FAM,,STANDARD,,20.528013,320,39,0.5495834198202886,0.9900934100151062
19277,JG034,299,GC55 - HEX,5.0,False,M11,100000.0,HEX,,STANDARD,,20.955544,321,39,0.4374651328580556,0.47475191950798035
19278,JG034,299,GC55 - FAM,5.0,False,M11,100000.0,FAM,,STANDARD,,20.528013,320,40,0.5616568008271489,1.0116616487503052
19279,JG034,299,GC55 - HEX,5.0,False,M11,100000.0,HEX,,STANDARD,,20.955544,321,40,0.44511883453926154,0.4828703701496124
19280,JG034,299,GC55 - FAM,5.0,False,M11,100000.0,FAM,,STANDARD,,20.528013,320,41,0.5733592180046808,1.032547950744629
19281,JG034,299,GC55 - HEX,5.0,False,M11,100000.0,HEX,,STANDARD,,20.955544,321,41,0.45130532072663293,0.48935192823410034
19282,JG034,299,GC55 - FAM,5.0,False,M11,100000.0,FAM,,STANDARD,,20.528013,320,42,0.5833247851274505,1.0502417087554932
19283,JG034,299,GC55 - HEX,5.0,False,M11,100000.0,HEX,,STANDARD,,20.955544,321,42,0.4578020047567398,0.49617958068847656
19284,JG034,299,GC55 - FAM,5.0,False,M11,100000.0,FAM,,STANDARD,,20.528013,320,43,0.594048558216772,1.0693292617797852
19285,JG034,299,GC55 - HEX,5.0,False,M11,100000.0,HEX,,STANDARD,,20.955544,321,43,0.46345876107660805,0.5020701885223389
19286,JG034,299,GC55 - FAM,5.0,False,M11,100000.0,FAM,,STANDARD,,20.528013,320,44,0.6044710204754888,1.0878628492355347
19287,JG034,299,GC55 - HEX,5.0,False,M11,100000.0,HEX,,STANDARD,,20.955544,321,44,0.4688063346689684,0.5076158046722412
19288,JG034,299,GC55 - FAM,5.0,False,M11,100000.0,FAM,,STANDARD,,20.528013,320,45,0.6148838195155745,1.1063786745071411
19289,JG034,299,GC55 - HEX,5.0,False,M11,100000.0,HEX,,STANDARD,,20.955544,321,45,0.47682387501862583,0.5161401629447937
19290,JG034,299,GC55 - FAM,5.0,False,M11,100000.0,FAM,,STANDARD,,20.528013,320,46,0.6270363221783405,1.1280924081802368
19291,JG034,299,GC55 - HEX,5.0,False,M11,100000.0,HEX,,STANDARD,,20.955544,321,46,0.4824507121528358,0.5219973921775818
19292,JG034,299,GC55 - FAM,5.0,False,M11,100000.0,FAM,,STANDARD,,20.528013,320,47,0.6372136370113822,1.1461753845214844
19293,JG034,299,GC55 - HEX,5.0,False,M11,100000.0,HEX,,STANDARD,,20.955544,321,47,0.4886646064513548,0.5285095572471619
19294,JG034,299,GC55 - FAM,5.0,False,M11,100000.0,FAM,,STANDARD,,20.528013,320,48,0.6476446599738528,1.1647247076034546
19295,JG034,299,GC55 - HEX,5.0,False,M11,100000.0,HEX,,STANDARD,,20.955544,321,48,0.49550589538770423,0.5357216596603394
19296,JG034,299,GC55 - FAM,5.0,False,M11,100000.0,FAM,,STANDARD,,20.528013,320,49,0.6567179034379288,1.1807782649993896
19297,JG034,299,GC55 - HEX,5.0,False,M11,100000.0,HEX,,STANDARD,,20.955544,321,49,0.49995717566113046,0.5402673482894897
19298,JG034,299,GC55 - FAM,5.0,False,M11,100000.0,FAM,,STANDARD,,20.528013,320,50,0.6671625457018256,1.199352741241455
19299,JG034,299,GC55 - HEX,5.0,False,M11,100000.0,HEX,,STANDARD,,20.955544,321,50,0.5052512687091267,0.5457533597946167
21000,JG034,322,GC55 - FAM,4.0,False,N10,10000.0,FAM,,STANDARD,,23.950245,350,1,-0.0017280299357433657,-0.00015428353799507022
21001,JG034,322,GC55 - HEX,4.0,False,N10,10000.0,HEX,,STANDARD,,20.985992,351,1,-0.00015943653544926045,0.0024356464855372906
21002,JG034,322,GC55 - FAM,4.0,False,N10,10000.0,FAM,,STANDARD,,23.950245,350,2,-0.0013590117209045685,-1.2032931408612058e-05
21003,JG034,322,GC55 - HEX,4.0,False,N10,10000.0,HEX,,STANDARD,,20.985992,351,2,-0.00042788108605635504,0.0016934822779148817
21004,JG034,322,GC55 - FAM,4.0,False,N10,10000.0,FAM,,STANDARD,,23.950245,350,3,-0.0003174270039593133,0.001366477576084435
21005,JG034,322,GC55 - HEX,4.0,False,N10,10000.0,HEX,,STANDARD,,20.985992,351,3,-0.00035220157447610835,0.0013352315872907639
21006,JG034,322,GC55 - FAM,4.0,False,N10,10000.0,FAM,,STANDARD,,23.950245,350,4,-7.860282537515328e-05,0.0012694156030192971
21007,JG034,322,GC55 - HEX,4.0,False,N10,10000.0,HEX,,STANDARD,,20.985992,351,4,1.3453615961737289e-05,0.0013004851061850786
21008,JG034,322,GC55 - FAM,4.0,False,N10,10000.0,FAM,,STANDARD,,23.950245,350,5,-0.00011013799355887298,0.0006753997877240181
21009,JG034,322,GC55 - HEX,4.0,False,N10,10000.0,HEX,,STANDARD,,20.985992,351,5,4.485540412360809e-05,0.000892836949788034
21010,JG034,322,GC55 - FAM,4.0,False,N10,10000.0,FAM,,STANDARD,,23.950245,350,6,1.0473891335055492e-05,0.0003610490239225328
21011,JG034,322,GC55 - HEX,4.0,False,N10,10000.0,HEX,,STANDARD,,20.985992,351,6,-0.0005412400720749843,-0.00020370670245029032
21012,JG034,322,GC55 - FAM,4.0,False,N10,10000.0,FAM,,STANDARD,,23.950245,350,7,1.3132897804016948e-06,-0.000191839542821981
21013,JG034,322,GC55 - HEX,4.0,False,N10,10000.0,HEX,,STANDARD,,20.985992,351,7,-0.0005566938657386528,-0.0006636280450038612
21014,JG034,322,GC55 - FAM,4.0,False,N10,10000.0,FAM,,STANDARD,,23.950245,350,8,-8.606101425150858e-05,-0.0008884944836609066
21015,JG034,322,GC55 - HEX,4.0,False,N10,10000.0,HEX,,STANDARD,,20.985992,351,8,0.0001767402430476031,-0.0002880711108446121
21016,JG034,322,GC55 - FAM,4.0,False,N10,10000.0,FAM,,STANDARD,,23.950245,350,9,0.0003017810207730462,-0.0007116434280760586
21017,JG034,322,GC55 - HEX,4.0,False,N10,10000.0,HEX,,STANDARD,,20.985992,351,9,0.0007424132036785645,-9.967274672817439e-05
21018,JG034,322,GC55 - FAM,4.0,False,N10,10000.0,FAM,,STANDARD,,23.950245,350,10,0.0002786606352563448,-0.0012901917798444629
21019,JG034,322,GC55 - HEX,4.0,False,N10,10000.0,HEX,,STANDARD,,20.985992,351,10,0.0004726730454782324,-0.0008432824397459626
21020,JG034,322,GC55 - FAM,4.0,False,N10,10000.0,FAM,,STANDARD,,23.950245,350,11,0.0008319771826115132,-0.0008091781637631357
21021,JG034,322,GC55 - HEX,4.0,False,N10,10000.0,HEX,,STANDARD,,20.985992,351,11,0.000190163806255889,-0.001601137570105493
21022,JG034,322,GC55 - FAM,4.0,False,N10,10000.0,FAM,,STANDARD,,23.950245,350,12,0.0015164767869201396,-8.703396451892331e-05
21023,JG034,322,GC55 - HEX,4.0,False,N10,10000.0,HEX,,STANDARD,,20.985992,351,12,0.00045612399591100233,-0.001747106434777379
21024,JG034,322,GC55 - FAM,4.0,False,N10,10000.0,FAM,,STANDARD,,23.950245,350,13,0.0014653071258467106,-0.0007171403267420828
21025,JG034,322,GC55 - HEX,4.0,False,N10,10000.0,HEX,,STANDARD,,20.985992,351,13,0.0020185198991209876,-0.00044673867523670197
21026,JG034,322,GC55 - FAM,4.0,False,N10,10000.0,FAM,,STANDARD,,23.950245,350,14,0.0018157447223109357,-0.000609043228905648
21027,JG034,322,GC55 - HEX,4.0,False,N10,10000.0,HEX,,STANDARD,,20.985992,351,14,0.0021166655135035593,-0.000779925670940429
21028,JG034,322,GC55 - FAM,4.0,False,N10,10000.0,FAM,,STANDARD,,23.950245,350,15,0.0021949611997654447,-0.0004480469215195626
21029,JG034,322,GC55 - HEX,4.0,False,N10,10000.0,HEX,,STANDARD,,20.985992,351,15,0.0023350488552503004,-0.0009789724135771394
21030,JG034,322,GC55 - FAM,4.0,False,N10,10000.0,FAM,,STANDARD,,23.950245,350,16,0.0022986300251467834,-0.00079354114132002
21031,JG034,322,GC55 - HEX,4.0,False,N10,10000.0,HEX,,STANDARD,,20.985992,351,16,0.003271305657885135,-0.0003771413175854832
21032,JG034,322,GC55 - FAM,4.0,False,N10,10000.0,FAM,,STANDARD,,23.950245,350,17,0.0024105028582921133,-0.001123955356888473
21033,JG034,322,GC55 - HEX,4.0,False,N10,10000.0,HEX,,STANDARD,,20.985992,351,17,0.005047249748731016,0.0011614661198109388
21034,JG034,322,GC55 - FAM,4.0,False,N10,10000.0,FAM,,STANDARD,,23.950245,350,18,0.002928992906285518,-0.0007069571292959154
21035,JG034,322,GC55 - HEX,4.0,False,N10,10000.0,HEX,,STANDARD,,20.985992,351,18,0.007396226385608619,0.0033393632620573044
21036,JG034,322,GC55 - FAM,4.0,False,N10,10000.0,FAM,,STANDARD,,23.950245,350,19,0.00470019927024135,0.002012687735259533
21037,JG034,322,GC55 - HEX,4.0,False,N10,10000.0,HEX,,STANDARD,,20.985992,351,19,0.01259397698442935,0.008695424534380436
21038,JG034,322,GC55 - FAM,4.0,False,N10,10000.0,FAM,,STANDARD,,23.950245,350,20,0.005361416354492484,0.0026920358650386333
21039,JG034,322,GC55 - HEX,4.0,False,N10,10000.0,HEX,,STANDARD,,20.985992,351,20,0.023469013272920444,0.02038520947098732
21040,JG034,322,GC55 - FAM,4.0,False,N10,10000.0,FAM,,STANDARD,,23.950245,350,21,0.008130285188293469,0.007245507091283798
21041,JG034,322,GC55 - HEX,4.0,False,N10,10000.0,HEX,,STANDARD,,20.985992,351,21,0.0416807948695502,0.04026005417108536
21042,JG034,322,GC55 - FAM,4.0,False,N10,10000.0,FAM,,STANDARD,,23.950245,350,22,0.013320114558267544,0.016249001026153564
21043,JG034,322,GC55 - HEX,4.0,False,N10,10000.0,HEX,,STANDARD,,20.985992,351,22,0.07240062595010215,0.07408919185400009
21044,JG034,322,GC55 - FAM,4.0,False,N10,10000.0,FAM,,STANDARD,,23.950245,350,23,0.02123359343861618,0.030258897691965103
21045,JG034,322,GC55 - HEX,4.0,False,N10,10000.0,HEX,,STANDARD,,20.985992,351,23,0.11943863466748096,0.126123309135437
21046,JG034,322,GC55 - FAM,4.0,False,N10,10000.0,FAM,,STANDARD,,23.950245,350,24,0.03545674874872364,0.05586675554513931
21047,JG034,322,GC55 - HEX,4.0,False,N10,10000.0,HEX,,STANDARD,,20.985992,351,24,0.18162021249223406,0.19505196809768677
21048,JG034,322,GC55 - FAM,4.0,False,N10,10000.0,FAM,,STANDARD,,23.950245,350,25,0.05895391872476773,0.0985213965177536
21049,JG034,322,GC55 - HEX,4.0,False,N10,10000.0,HEX,,STANDARD,,20.985992,351,25,0.2568100912564714,0.2784930169582367
21050,JG034,322,GC55 - FAM,4.0,False,N10,10000.0,FAM,,STANDARD,,23.950245,350,26,0.09157443173799201,0.15794585645198822
21051,JG034,322,GC55 - HEX,4.0,False,N10,10000.0,HEX,,STANDARD,,20.985992,351,26,0.3352813299942209,0.3655948340892792
21052,JG034,322,GC55 - FAM,4.0,False,N10,10000.0,FAM,,STANDARD,,23.950245,350,27,0.12996427539688316,0.2279750555753708
21053,JG034,322,GC55 - HEX,4.0,False,N10,10000.0,HEX,,STANDARD,,20.985992,351,27,0.4056961868680744,0.44370874762535095
21054,JG034,322,GC55 - FAM,4.0,False,N10,10000.0,FAM,,STANDARD,,23.950245,350,28,0.16613026548084003,0.2939165532588959
21055,JG034,322,GC55 - HEX,4.0,False,N10,10000.0,HEX,,STANDARD,,20.985992,351,28,0.46300884464388214,0.5072055459022522
21056,JG034,322,GC55 - FAM,4.0,False,N10,10000.0,FAM,,STANDARD,,23.950245,350,29,0.19669771744439857,0.3495672345161438
21057,JG034,322,GC55 - HEX,4.0,False,N10,10000.0,HEX,,STANDARD,,20.985992,351,29,0.5049079928024257,0.55350661277771
21058,JG034,322,GC55 - FAM,4.0,False,N10,10000.0,FAM,,STANDARD,,23.950245,350,30,0.22168080184642383,0.3949531614780426
21059,JG034,322,GC55 - HEX,4.0,False,N10,10000.0,HEX,,STANDARD,,20.985992,351,30,0.5309918059948908,0.5821636915206909
21060,JG034,322,GC55 - FAM,4.0,False,N10,10000.0,FAM,,STANDARD,,23.950245,350,31,0.24091686531559495,0.4297753572463989
21061,JG034,322,GC55 - HEX,4.0,False,N10,10000.0,HEX,,STANDARD,,20.985992,351,31,0.5478028621450998,0.6004758477210999
21062,JG034,322,GC55 - FAM,4.0,False,N10,10000.0,FAM,,STANDARD,,23.950245,350,32,0.2554162330293928,0.4558909237384796
21063,JG034,322,GC55 - HEX,4.0,False,N10,10000.0,HEX,,STANDARD,,20.985992,351,32,0.5613475446281845,0.6151439547538757
21064,JG034,322,GC55 - FAM,4.0,False,N10,10000.0,FAM,,STANDARD,,23.950245,350,33,0.2675246350970638,0.47761163115501404
21065,JG034,322,GC55 - HEX,4.0,False,N10,10000.0,HEX,,STANDARD,,20.985992,351,33,0.5711028553934148,0.6255845427513123
21066,JG034,322,GC55 - FAM,4.0,False,N10,10000.0,FAM,,STANDARD,,23.950245,350,34,0.2795061506731123,0.49909907579421997
21067,JG034,322,GC55 - HEX,4.0,False,N10,10000.0,HEX,,STANDARD,,20.985992,351,34,0.5806865582580482,0.6358336806297302
21068,JG034,322,GC55 - FAM,4.0,False,N10,10000.0,FAM,,STANDARD,,23.950245,350,35,0.29061282069396427,0.5189784169197083
21069,JG034,322,GC55 - HEX,4.0,False,N10,10000.0,HEX,,STANDARD,,20.985992,351,35,0.5886621048935494,0.6442887187004089
21070,JG034,322,GC55 - FAM,4.0,False,N10,10000.0,FAM,,STANDARD,,23.950245,350,36,0.30064554394352927,0.5368837714195251
21071,JG034,322,GC55 - HEX,4.0,False,N10,10000.0,HEX,,STANDARD,,20.985992,351,36,0.595215849084876,0.651157557964325
21072,JG034,322,GC55 - FAM,4.0,False,N10,10000.0,FAM,,STANDARD,,23.950245,350,37,0.3107888753768214,0.5549924373626709
21073,JG034,322,GC55 - HEX,4.0,False,N10,10000.0,HEX,,STANDARD,,20.985992,351,37,0.6024005141037714,0.6587302684783936
21074,JG034,322,GC55 - FAM,4.0,False,N10,10000.0,FAM,,STANDARD,,23.950245,350,38,0.3211386040805397,0.5734804272651672
21075,JG034,322,GC55 - HEX,4.0,False,N10,10000.0,HEX,,STANDARD,,20.985992,351,38,0.6087610658391331,0.6653835773468018
21076,JG034,322,GC55 - FAM,4.0,False,N10,10000.0,FAM,,STANDARD,,23.950245,350,39,0.3312318035138195,0.5914969444274902
21077,JG034,322,GC55 - HEX,4.0,False,N10,10000.0,HEX,,STANDARD,,20.985992,351,39,0.617660687894537,0.6748695373535156
21078,JG034,322,GC55 - FAM,4.0,False,N10,10000.0,FAM,,STANDARD,,23.950245,350,40,0.34212049985803294,0.6109756231307983
21079,JG034,322,GC55 - HEX,4.0,False,N10,10000.0,HEX,,STANDARD,,20.985992,351,40,0.6248754858075596,0.6824758648872375
21080,JG034,322,GC55 - FAM,4.0,False,N10,10000.0,FAM,,STANDARD,,23.950245,350,41,0.35085222312538816,0.6264895796775818
21081,JG034,322,GC55 - HEX,4.0,False,N10,10000.0,HEX,,STANDARD,,20.985992,351,41,0.6297466497954293,0.6874675750732422
21082,JG034,322,GC55 - FAM,4.0,False,N10,10000.0,FAM,,STANDARD,,23.950245,350,42,0.3609207132546515,0.6444606184959412
21083,JG034,322,GC55 - HEX,4.0,False,N10,10000.0,HEX,,STANDARD,,20.985992,351,42,0.636044852084964,0.6940513253211975
21084,JG034,322,GC55 - FAM,4.0,False,N10,10000.0,FAM,,STANDARD,,23.950245,350,43,0.37118986109159696,0.6628005504608154
21085,JG034,322,GC55 - HEX,4.0,False,N10,10000.0,HEX,,STANDARD,,20.985992,351,43,0.6453586945803831,0.703999400138855
21086,JG034,322,GC55 - FAM,4.0,False,N10,10000.0,FAM,,STANDARD,,23.950245,350,44,0.38009954323092365,0.6786416172981262
21087,JG034,322,GC55 - HEX,4.0,False,N10,10000.0,HEX,,STANDARD,,20.985992,351,44,0.6508077796955126,0.7096359133720398
21088,JG034,322,GC55 - FAM,4.0,False,N10,10000.0,FAM,,STANDARD,,23.950245,350,45,0.3901281158362444,0.6965392827987671
21089,JG034,322,GC55 - HEX,4.0,False,N10,10000.0,HEX,,STANDARD,,20.985992,351,45,0.6580652658752155,0.7172898650169373
21090,JG034,322,GC55 - FAM,4.0,False,N10,10000.0,FAM,,STANDARD,,23.950245,350,46,0.39967887794985607,0.7135587334632874
21091,JG034,322,GC55 - HEX,4.0,False,N10,10000.0,HEX,,STANDARD,,20.985992,351,46,0.6642001948944436,0.723691463470459
21092,JG034,322,GC55 - FAM,4.0,False,N10,10000.0,FAM,,STANDARD,,23.950245,350,47,0.408554771250882,0.7293376326560974
21093,JG034,322,GC55 - HEX,4.0,False,N10,10000.0,HEX,,STANDARD,,20.985992,351,47,0.6699174841381526,0.7296271324157715
21094,JG034,322,GC55 - FAM,4.0,False,N10,10000.0,FAM,,STANDARD,,23.950245,350,48,0.4182712348651814,0.7466616630554199
21095,JG034,322,GC55 - HEX,4.0,False,N10,10000.0,HEX,,STANDARD,,20.985992,351,48,0.675324148122188,0.7352162599563599
21096,JG034,322,GC55 - FAM,4.0,False,N10,10000.0,FAM,,STANDARD,,23.950245,350,49,0.4274894914625403,0.7630698680877686
21097,JG034,322,GC55 - HEX,4.0,False,N10,10000.0,HEX,,STANDARD,,20.985992,351,49,0.6812769975258386,0.7414147257804871
21098,JG034,322,GC55 - FAM,4.0,False,N10,10000.0,FAM,,STANDARD,,23.950245,350,50,0.4369598348439199,0.7799414992332458
21099,JG034,322,GC55 - HEX,4.0,False,N10,10000.0,HEX,,STANDARD,,20.985992,351,50,0.6890899654435576,0.7496883869171143
21120,JG034,323,GC55 - FAM,4.0,False,N11,10000.0,FAM,,STANDARD,,23.83321,352,1,-0.0010559478105775187,0.0012321181129664183
21121,JG034,323,GC55 - HEX,4.0,False,N11,10000.0,HEX,,STANDARD,,20.996668,353,1,-0.0016890732677998204,0.0009711795719340444
21122,JG034,323,GC55 - FAM,4.0,False,N11,10000.0,FAM,,STANDARD,,23.83321,352,2,-0.0007857181714422713,0.0011849611764773726
21123,JG034,323,GC55 - HEX,4.0,False,N11,10000.0,HEX,,STANDARD,,20.996668,353,2,-0.001704086287746202,0.0004817284643650055
21124,JG034,323,GC55 - FAM,4.0,False,N11,10000.0,FAM,,STANDARD,,23.83321,352,3,-0.0004141382308589869,0.0013240985572338104
21125,JG034,323,GC55 - HEX,4.0,False,N11,10000.0,HEX,,STANDARD,,20.996668,353,3,-0.001355981905323966,0.000397380325011909
21126,JG034,323,GC55 - FAM,4.0,False,N11,10000.0,FAM,,STANDARD,,23.83321,352,4,-0.0004034211377127459,0.0007999255903996527
21127,JG034,323,GC55 - HEX,4.0,False,N11,10000.0,HEX,,STANDARD,,20.996668,353,4,-0.0006586111006793737,0.0007026826497167349
21128,JG034,323,GC55 - FAM,4.0,False,N11,10000.0,FAM,,STANDARD,,23.83321,352,5,-0.0003223214404094215,0.0004051245341543108
21129,JG034,323,GC55 - HEX,4.0,False,N11,10000.0,HEX,,STANDARD,,20.996668,353,5,-0.0003052975743255641,0.000624145963229239
21130,JG034,323,GC55 - FAM,4.0,False,N11,10000.0,FAM,,STANDARD,,23.83321,352,6,-8.10814571674855e-05,0.000304681045236066
21131,JG034,323,GC55 - HEX,4.0,False,N11,10000.0,HEX,,STANDARD,,20.996668,353,6,0.0002719557139686649,0.0007954421453177929
21132,JG034,323,GC55 - FAM,4.0,False,N11,10000.0,FAM,,STANDARD,,23.83321,352,7,0.00043982439548369534,0.0007182977860793471
21133,JG034,323,GC55 - HEX,4.0,False,N11,10000.0,HEX,,STANDARD,,20.996668,353,7,0.0003821758568490383,0.0004457043542061001
21134,JG034,323,GC55 - FAM,4.0,False,N11,10000.0,FAM,,STANDARD,,23.83321,352,8,7.84265040620438e-05,-0.0004898682818748057
21135,JG034,323,GC55 - HEX,4.0,False,N11,10000.0,HEX,,STANDARD,,20.996668,353,8,0.0003713034384892923,-3.912738247890957e-05
21136,JG034,323,GC55 - FAM,4.0,False,N11,10000.0,FAM,,STANDARD,,23.83321,352,9,-1.9956735289530075e-05,-0.0012145810760557652
21137,JG034,323,GC55 - HEX,4.0,False,N11,10000.0,HEX,,STANDARD,,20.996668,353,9,0.0006729662992446526,-0.00017528685566503555
21138,JG034,323,GC55 - FAM,4.0,False,N11,10000.0,FAM,,STANDARD,,23.83321,352,10,0.0007226681018924307,-0.0003934175183530897
21139,JG034,323,GC55 - HEX,4.0,False,N11,10000.0,HEX,,STANDARD,,20.996668,353,10,0.0006214892717772557,-0.0007054181187413633
21140,JG034,323,GC55 - FAM,4.0,False,N11,10000.0,FAM,,STANDARD,,23.83321,352,11,0.0009408201265258233,-0.0005362995434552431
21141,JG034,323,GC55 - HEX,4.0,False,N11,10000.0,HEX,,STANDARD,,20.996668,353,11,0.0007475238413627141,-0.00103751290589571
21142,JG034,323,GC55 - FAM,4.0,False,N11,10000.0,FAM,,STANDARD,,23.83321,352,12,0.000907031288225118,-0.0011422798270359635
21143,JG034,323,GC55 - HEX,4.0,False,N11,10000.0,HEX,,STANDARD,,20.996668,353,12,0.001118708738435615,-0.0010961118387058377
21144,JG034,323,GC55 - FAM,4.0,False,N11,10000.0,FAM,,STANDARD,,23.83321,352,13,0.0016065769779190875,-0.0004003011272288859
21145,JG034,323,GC55 - HEX,4.0,False,N11,10000.0,HEX,,STANDARD,,20.996668,353,13,0.0011806307673247825,-0.001499732257798314
21146,JG034,323,GC55 - FAM,4.0,False,N11,10000.0,FAM,,STANDARD,,23.83321,352,14,0.0017882163039664972,-0.0006102979532442987
21147,JG034,323,GC55 - HEX,4.0,False,N11,10000.0,HEX,,STANDARD,,20.996668,353,14,0.0018987312934611756,-0.0011713033309206367
21148,JG034,323,GC55 - FAM,4.0,False,N11,10000.0,FAM,,STANDARD,,23.83321,352,15,0.0018684891151117908,-0.0010066189570352435
21149,JG034,323,GC55 - HEX,4.0,False,N11,10000.0,HEX,,STANDARD,,20.996668,353,15,0.002110863662490028,-0.0014073452912271023
21150,JG034,323,GC55 - FAM,4.0,False,N11,10000.0,FAM,,STANDARD,,23.83321,352,16,0.0018478980284314186,-0.00158834015019238
21151,JG034,323,GC55 - HEX,4.0,False,N11,10000.0,HEX,,STANDARD,,20.996668,353,16,0.0031346340831752994,-0.0007379032904282212
21152,JG034,323,GC55 - FAM,4.0,False,N11,10000.0,FAM,,STANDARD,,23.83321,352,17,0.002589793260179823,-0.0007685177843086421
21153,JG034,323,GC55 - HEX,4.0,False,N11,10000.0,HEX,,STANDARD,,20.996668,353,17,0.0050918964531778774,0.0009729659650474787
21154,JG034,323,GC55 - FAM,4.0,False,N11,10000.0,FAM,,STANDARD,,23.83321,352,18,0.003617661394974216,0.0005769580020569265
21155,JG034,323,GC55 - HEX,4.0,False,N11,10000.0,HEX,,STANDARD,,20.996668,353,18,0.008167441814275509,0.003931419923901558
21156,JG034,323,GC55 - FAM,4.0,False,N11,10000.0,FAM,,STANDARD,,23.83321,352,19,0.004225925338203228,0.0011511496268212795
21157,JG034,323,GC55 - HEX,4.0,False,N11,10000.0,HEX,,STANDARD,,20.996668,353,19,0.01303771089793131,0.008892113342881203
21158,JG034,323,GC55 - FAM,4.0,False,N11,10000.0,FAM,,STANDARD,,23.83321,352,20,0.00545707776024054,0.002870287047699094
21159,JG034,323,GC55 - HEX,4.0,False,N11,10000.0,HEX,,STANDARD,,20.996668,353,20,0.022746620211832744,0.019250916317105293
21160,JG034,323,GC55 - FAM,4.0,False,N11,10000.0,FAM,,STANDARD,,23.83321,352,21,0.00867300016336271,0.00823767576366663
21161,JG034,323,GC55 - HEX,4.0,False,N11,10000.0,HEX,,STANDARD,,20.996668,353,21,0.04139810698340457,0.03958628326654434
21162,JG034,323,GC55 - FAM,4.0,False,N11,10000.0,FAM,,STANDARD,,23.83321,352,22,0.013522557772580114,0.01660788618028164
21163,JG034,323,GC55 - HEX,4.0,False,N11,10000.0,HEX,,STANDARD,,20.996668,353,22,0.07297347984921057,0.0743398666381836
21164,JG034,323,GC55 - FAM,4.0,False,N11,10000.0,FAM,,STANDARD,,23.83321,352,23,0.022103139221010575,0.03183617815375328
21165,JG034,323,GC55 - HEX,4.0,False,N11,10000.0,HEX,,STANDARD,,20.996668,353,23,0.12005652762642854,0.12639421224594116
21166,JG034,323,GC55 - FAM,4.0,False,N11,10000.0,FAM,,STANDARD,,23.83321,352,24,0.03789460573072884,0.0603189617395401
21167,JG034,323,GC55 - HEX,4.0,False,N11,10000.0,HEX,,STANDARD,,20.996668,353,24,0.184106879158244,0.19737769663333893
21168,JG034,323,GC55 - FAM,4.0,False,N11,10000.0,FAM,,STANDARD,,23.83321,352,25,0.06248728637198506,0.10497946292161942
21169,JG034,323,GC55 - HEX,4.0,False,N11,10000.0,HEX,,STANDARD,,20.996668,353,25,0.2597214767910357,0.2812625467777252
21170,JG034,323,GC55 - FAM,4.0,False,N11,10000.0,FAM,,STANDARD,,23.83321,352,26,0.09636215326003374,0.1667017638683319
21171,JG034,323,GC55 - HEX,4.0,False,N11,10000.0,HEX,,STANDARD,,20.996668,353,26,0.3369754588029902,0.3669763505458832
21172,JG034,323,GC55 - FAM,4.0,False,N11,10000.0,FAM,,STANDARD,,23.83321,352,27,0.13565067625161756,0.23837502300739288
21173,JG034,323,GC55 - HEX,4.0,False,N11,10000.0,HEX,,STANDARD,,20.996668,353,27,0.40702102744243307,0.44464826583862305
21174,JG034,323,GC55 - FAM,4.0,False,N11,10000.0,FAM,,STANDARD,,23.83321,352,28,0.1734259813605511,0.30726680159568787
21175,JG034,323,GC55 - HEX,4.0,False,N11,10000.0,HEX,,STANDARD,,20.996668,353,28,0.4639767920750315,0.5077168345451355
21176,JG034,323,GC55 - FAM,4.0,False,N11,10000.0,FAM,,STANDARD,,23.83321,352,29,0.20587552350051197,0.36636918783187866
21177,JG034,323,GC55 - HEX,4.0,False,N11,10000.0,HEX,,STANDARD,,20.996668,353,29,0.5051994460749946,0.5532332062721252
21178,JG034,323,GC55 - FAM,4.0,False,N11,10000.0,FAM,,STANDARD,,23.83321,352,30,0.23045949751692774,0.4110136926174164
21179,JG034,323,GC55 - HEX,4.0,False,N11,10000.0,HEX,,STANDARD,,20.996668,353,30,0.5335507595505359,0.5843899250030518
21180,JG034,323,GC55 - FAM,4.0,False,N11,10000.0,FAM,,STANDARD,,23.83321,352,31,0.24956533452293608,0.4455886781215668
21181,JG034,323,GC55 - HEX,4.0,False,N11,10000.0,HEX,,STANDARD,,20.996668,353,31,0.5513034152151044,0.6037225127220154
21182,JG034,323,GC55 - FAM,4.0,False,N11,10000.0,FAM,,STANDARD,,23.83321,352,32,0.2643753844437964,0.4722675085067749
21183,JG034,323,GC55 - HEX,4.0,False,N11,10000.0,HEX,,STANDARD,,20.996668,353,32,0.564333327423515,0.6177863478660583
21184,JG034,323,GC55 - FAM,4.0,False,N11,10000.0,FAM,,STANDARD,,23.83321,352,33,0.27719964293596483,0.4952962100505829
21185,JG034,323,GC55 - HEX,4.0,False,N11,10000.0,HEX,,STANDARD,,20.996668,353,33,0.5739624433378082,0.6280561089515686
21186,JG034,323,GC55 - FAM,4.0,False,N11,10000.0,FAM,,STANDARD,,23.83321,352,34,0.2893836321265523,0.5171480178833008
21187,JG034,323,GC55 - HEX,4.0,False,N11,10000.0,HEX,,STANDARD,,20.996668,353,34,0.5839120151013484,0.6386834383010864
21188,JG034,323,GC55 - FAM,4.0,False,N11,10000.0,FAM,,STANDARD,,23.83321,352,35,0.30105443306863017,0.538056492805481
21189,JG034,323,GC55 - HEX,4.0,False,N11,10000.0,HEX,,STANDARD,,20.996668,353,35,0.593688162442305,0.6491172313690186
21190,JG034,323,GC55 - FAM,4.0,False,N11,10000.0,FAM,,STANDARD,,23.83321,352,36,0.3121158675526017,0.557844877243042
21191,JG034,323,GC55 - HEX,4.0,False,N11,10000.0,HEX,,STANDARD,,20.996668,353,36,0.5995755636273281,0.6552126407623291
21192,JG034,323,GC55 - FAM,4.0,False,N11,10000.0,FAM,,STANDARD,,23.83321,352,37,0.3233868771439988,0.5780185461044312
21193,JG034,323,GC55 - HEX,4.0,False,N11,10000.0,HEX,,STANDARD,,20.996668,353,37,0.6057723612483281,0.6616532802581787
21194,JG034,323,GC55 - FAM,4.0,False,N11,10000.0,FAM,,STANDARD,,23.83321,352,38,0.33381971601332616,0.5966514945030212
21195,JG034,323,GC55 - HEX,4.0,False,N11,10000.0,HEX,,STANDARD,,20.996668,353,38,0.6125873640429921,0.6687835454940796
21196,JG034,323,GC55 - FAM,4.0,False,N11,10000.0,FAM,,STANDARD,,23.83321,352,39,0.342565317997373,0.6121830940246582
21197,JG034,323,GC55 - HEX,4.0,False,N11,10000.0,HEX,,STANDARD,,20.996668,353,39,0.6191222484619305,0.6756013035774231
21198,JG034,323,GC55 - FAM,4.0,False,N11,10000.0,FAM,,STANDARD,,23.83321,352,40,0.35230214570999563,0.6295367479324341
21199,JG034,323,GC55 - HEX,4.0,False,N11,10000.0,HEX,,STANDARD,,20.996668,353,40,0.6256844875648994,0.6824496388435364
21200,JG034,323,GC55 - FAM,4.0,False,N11,10000.0,FAM,,STANDARD,,23.83321,352,41,0.36262580317955484,0.6479690074920654
21201,JG034,323,GC55 - HEX,4.0,False,N11,10000.0,HEX,,STANDARD,,20.996668,353,41,0.632783722623317,0.6898970007896423
21202,JG034,323,GC55 - FAM,4.0,False,N11,10000.0,FAM,,STANDARD,,23.83321,352,42,0.3729955068586984,0.6664859056472778
21203,JG034,323,GC55 - HEX,4.0,False,N11,10000.0,HEX,,STANDARD,,20.996668,353,42,0.640638897963661,0.6981877088546753
21204,JG034,323,GC55 - FAM,4.0,False,N11,10000.0,FAM,,STANDARD,,23.83321,352,43,0.38252211092573235,0.6834531426429749
21205,JG034,323,GC55 - HEX,4.0,False,N11,10000.0,HEX,,STANDARD,,20.996668,353,43,0.6461433869993756,0.7038559913635254
21206,JG034,323,GC55 - FAM,4.0,False,N11,10000.0,FAM,,STANDARD,,23.83321,352,44,0.39219603043652834,0.7006911039352417
21207,JG034,323,GC55 - HEX,4.0,False,N11,10000.0,HEX,,STANDARD,,20.996668,353,44,0.6532467893729383,0.7113080024719238
21208,JG034,323,GC55 - FAM,4.0,False,N11,10000.0,FAM,,STANDARD,,23.83321,352,45,0.40185775742985685,0.717906653881073
21209,JG034,323,GC55 - HEX,4.0,False,N11,10000.0,HEX,,STANDARD,,20.996668,353,45,0.6589191464110427,0.7171635627746582
21210,JG034,323,GC55 - FAM,4.0,False,N11,10000.0,FAM,,STANDARD,,23.83321,352,46,0.41332326361638605,0.738437831401825
21211,JG034,323,GC55 - HEX,4.0,False,N11,10000.0,HEX,,STANDARD,,20.996668,353,46,0.6672043566181071,0.7259340286254883
21212,JG034,323,GC55 - FAM,4.0,False,N11,10000.0,FAM,,STANDARD,,23.83321,352,47,0.4232438221906323,0.7561291456222534
21213,JG034,323,GC55 - HEX,4.0,False,N11,10000.0,HEX,,STANDARD,,20.996668,353,47,0.6738473240952361,0.7328723669052124
21214,JG034,323,GC55 - FAM,4.0,False,N11,10000.0,FAM,,STANDARD,,23.83321,352,48,0.4312809610852417,0.7703585028648376
21215,JG034,323,GC55 - HEX,4.0,False,N11,10000.0,HEX,,STANDARD,,20.996668,353,48,0.6784161974537227,0.7374968528747559
21216,JG034,323,GC55 - FAM,4.0,False,N11,10000.0,FAM,,STANDARD,,23.83321,352,49,0.4414279891860639,0.7884661555290222
21217,JG034,323,GC55 - HEX,4.0,False,N11,10000.0,HEX,,STANDARD,,20.996668,353,49,0.6854274914771519,0.7448461055755615
21218,JG034,323,GC55 - FAM,4.0,False,N11,10000.0,FAM,,STANDARD,,23.83321,352,50,0.4509116924536047,0.8053544759750366
21219,JG034,323,GC55 - HEX,4.0,False,N11,10000.0,HEX,,STANDARD,,20.996668,353,50,0.6911727231031809,0.7507829070091248
22920,JG034,346,GC55 - FAM,3.0,False,O10,1000.0,FAM,,STANDARD,,32.806778,382,1,-0.0013482926010765677,-0.0018285347614437342
22921,JG034,346,GC55 - HEX,3.0,False,O10,1000.0,HEX,,STANDARD,,21.157057,383,1,-0.001609168005164826,0.000589747098274529
22922,JG034,346,GC55 - FAM,3.0,False,O10,1000.0,FAM,,STANDARD,,32.806778,382,2,-0.0010981190046370844,-0.0016015444416552782
22923,JG034,346,GC55 - HEX,3.0,False,O10,1000.0,HEX,,STANDARD,,21.157057,383,2,-0.0013929351048872734,0.00040020086453296244
22924,JG034,346,GC55 - FAM,3.0,False,O10,1000.0,FAM,,STANDARD,,32.806778,382,3,-0.0008418653629179635,-0.0013633781345561147
22925,JG034,346,GC55 - HEX,3.0,False,O10,1000.0,HEX,,STANDARD,,21.157057,383,3,-0.0004684723383846942,0.001000773860141635
22926,JG034,346,GC55 - FAM,3.0,False,O10,1000.0,FAM,,STANDARD,,32.806778,382,4,-0.0007281117690994661,-0.001387144555337727
22927,JG034,346,GC55 - HEX,3.0,False,O10,1000.0,HEX,,STANDARD,,21.157057,383,4,-0.0003982824631015674,0.0006482983008027077
22928,JG034,346,GC55 - FAM,3.0,False,O10,1000.0,FAM,,STANDARD,,32.806778,382,5,-0.0007136169411528103,-0.0015933606773614883
22929,JG034,346,GC55 - HEX,3.0,False,O10,1000.0,HEX,,STANDARD,,21.157057,383,5,-0.0005944000537356589,-1.2765474366460694e-06
22930,JG034,346,GC55 - FAM,3.0,False,O10,1000.0,FAM,,STANDARD,,32.806778,382,6,-0.00028550068619593693,-0.0010392898693680763
22931,JG034,346,GC55 - HEX,3.0,False,O10,1000.0,HEX,,STANDARD,,21.157057,383,6,-0.00047012857901934836,-0.00029341725166887045
22932,JG034,346,GC55 - FAM,3.0,False,O10,1000.0,FAM,,STANDARD,,32.806778,382,7,0.00022121839413608978,-0.0003407373442314565
22933,JG034,346,GC55 - HEX,3.0,False,O10,1000.0,HEX,,STANDARD,,21.157057,383,7,0.00014426991254079413,-3.875984839396551e-05
22934,JG034,346,GC55 - FAM,3.0,False,O10,1000.0,FAM,,STANDARD,,32.806778,382,8,0.0003701065429438523,-0.00029992207419127226
22935,JG034,346,GC55 - HEX,3.0,False,O10,1000.0,HEX,,STANDARD,,21.157057,383,8,0.0004645921939946374,-0.00011218131112400442
22936,JG034,346,GC55 - FAM,3.0,False,O10,1000.0,FAM,,STANDARD,,32.806778,382,9,0.001015272307656744,0.0006531124818138778
22937,JG034,346,GC55 - HEX,3.0,False,O10,1000.0,HEX,,STANDARD,,21.157057,383,9,0.0006037564776435238,-0.0003877072304021567
22938,JG034,346,GC55 - FAM,3.0,False,O10,1000.0,FAM,,STANDARD,,32.806778,382,10,0.0009624975146294908,0.0003232464659959078
22939,JG034,346,GC55 - HEX,3.0,False,O10,1000.0,HEX,,STANDARD,,21.157057,383,10,0.0007186648500623134,-0.0006902936147525907
22940,JG034,346,GC55 - FAM,3.0,False,O10,1000.0,FAM,,STANDARD,,32.806778,382,11,0.0011201085017317732,0.0003800953854806721
22941,JG034,346,GC55 - HEX,3.0,False,O10,1000.0,HEX,,STANDARD,,21.157057,383,11,0.0021515801346244146,0.00047752182581461966
22942,JG034,346,GC55 - FAM,3.0,False,O10,1000.0,FAM,,STANDARD,,32.806778,382,12,0.0013590623879485655,0.0005864625563845038
22943,JG034,346,GC55 - HEX,3.0,False,O10,1000.0,HEX,,STANDARD,,21.157057,383,12,0.0020765150348925074,-3.700381421367638e-05
22944,JG034,346,GC55 - FAM,3.0,False,O10,1000.0,FAM,,STANDARD,,32.806778,382,13,0.0012908361731839935,0.00022819489822722971
22945,JG034,346,GC55 - HEX,3.0,False,O10,1000.0,HEX,,STANDARD,,21.157057,383,13,0.0017342742785881196,-0.0008495973888784647
22946,JG034,346,GC55 - FAM,3.0,False,O10,1000.0,FAM,,STANDARD,,32.806778,382,14,0.001191155857506097,-0.00018788923625834286
22947,JG034,346,GC55 - HEX,3.0,False,O10,1000.0,HEX,,STANDARD,,21.157057,383,14,0.002065308697049968,-0.0009110681130550802
22948,JG034,346,GC55 - FAM,3.0,False,O10,1000.0,FAM,,STANDARD,,32.806778,382,15,0.001815925096987565,0.0007276539690792561
22949,JG034,346,GC55 - HEX,3.0,False,O10,1000.0,HEX,,STANDARD,,21.157057,383,15,0.0024383635432265105,-0.0009256597841158509
22950,JG034,346,GC55 - FAM,3.0,False,O10,1000.0,FAM,,STANDARD,,32.806778,382,16,0.0024053976469389773,0.0015783176058903337
22951,JG034,346,GC55 - HEX,3.0,False,O10,1000.0,HEX,,STANDARD,,21.157057,383,16,0.0025059087762059153,-0.00128108577337116
22952,JG034,346,GC55 - FAM,3.0,False,O10,1000.0,FAM,,STANDARD,,32.806778,382,17,0.0030320962874558505,0.0024974073749035597
22953,JG034,346,GC55 - HEX,3.0,False,O10,1000.0,HEX,,STANDARD,,21.157057,383,17,0.004148351857831082,0.00012048425560351461
22954,JG034,346,GC55 - FAM,3.0,False,O10,1000.0,FAM,,STANDARD,,32.806778,382,18,0.0032640946018727373,0.002690989291295409
22955,JG034,346,GC55 - HEX,3.0,False,O10,1000.0,HEX,,STANDARD,,21.157057,383,18,0.007367415812633223,0.0032809723634272814
22956,JG034,346,GC55 - FAM,3.0,False,O10,1000.0,FAM,,STANDARD,,32.806778,382,19,0.0032518372305889885,0.002435599220916629
22957,JG034,346,GC55 - HEX,3.0,False,O10,1000.0,HEX,,STANDARD,,21.157057,383,19,0.012987160497028666,0.009119721129536629
22958,JG034,346,GC55 - FAM,3.0,False,O10,1000.0,FAM,,STANDARD,,32.806778,382,20,0.0034447935475835634,0.002557417144998908
22959,JG034,346,GC55 - HEX,3.0,False,O10,1000.0,HEX,,STANDARD,,21.157057,383,20,0.021661841032043744,0.018366632983088493
22960,JG034,346,GC55 - FAM,3.0,False,O10,1000.0,FAM,,STANDARD,,32.806778,382,21,0.0031973275979752785,0.0018696849001571536
22961,JG034,346,GC55 - HEX,3.0,False,O10,1000.0,HEX,,STANDARD,,21.157057,383,21,0.03761772938681933,0.03573664650321007
22962,JG034,346,GC55 - FAM,3.0,False,O10,1000.0,FAM,,STANDARD,,32.806778,382,22,0.0023567248577937194,9.169422992272303e-05
22963,JG034,346,GC55 - HEX,3.0,False,O10,1000.0,HEX,,STANDARD,,21.157057,383,22,0.06568602606552443,0.06661956757307053
22964,JG034,346,GC55 - FAM,3.0,False,O10,1000.0,FAM,,STANDARD,,32.806778,382,23,0.0015877207308251718,-0.0015546893700957298
22965,JG034,346,GC55 - HEX,3.0,False,O10,1000.0,HEX,,STANDARD,,21.157057,383,23,0.1099965537338899,0.11562272906303406
22966,JG034,346,GC55 - FAM,3.0,False,O10,1000.0,FAM,,STANDARD,,32.806778,382,24,0.001285680294786861,-0.0023427363485097885
22967,JG034,346,GC55 - HEX,3.0,False,O10,1000.0,HEX,,STANDARD,,21.157057,383,24,0.17211246963154656,0.18449003994464874
22968,JG034,346,GC55 - FAM,3.0,False,O10,1000.0,FAM,,STANDARD,,32.806778,382,25,0.0008066700074759021,-0.0034560756757855415
22969,JG034,346,GC55 - HEX,3.0,False,O10,1000.0,HEX,,STANDARD,,21.157057,383,25,0.24997113975650154,0.27092036604881287
22970,JG034,346,GC55 - FAM,3.0,False,O10,1000.0,FAM,,STANDARD,,32.806778,382,26,0.0011517409506399672,-0.0030546521302312613
22971,JG034,346,GC55 - HEX,3.0,False,O10,1000.0,HEX,,STANDARD,,21.157057,383,26,0.33529940171662964,0.3656839430332184
22972,JG034,346,GC55 - FAM,3.0,False,O10,1000.0,FAM,,STANDARD,,32.806778,382,27,0.002453389471012916,-0.0008949216571636498
22973,JG034,346,GC55 - HEX,3.0,False,O10,1000.0,HEX,,STANDARD,,21.157057,383,27,0.4184849424260118,0.45805707573890686
22974,JG034,346,GC55 - FAM,3.0,False,O10,1000.0,FAM,,STANDARD,,32.806778,382,28,0.006042788788845617,0.005469976458698511
22975,JG034,346,GC55 - HEX,3.0,False,O10,1000.0,HEX,,STANDARD,,21.157057,383,28,0.4940906711573405,0.5419739484786987
22976,JG034,346,GC55 - FAM,3.0,False,O10,1000.0,FAM,,STANDARD,,32.806778,382,29,0.011293305117437513,0.014888211153447628
22977,JG034,346,GC55 - HEX,3.0,False,O10,1000.0,HEX,,STANDARD,,21.157057,383,29,0.559212343244191,0.6141945719718933
22978,JG034,346,GC55 - FAM,3.0,False,O10,1000.0,FAM,,STANDARD,,32.806778,382,30,0.017495307998657478,0.02605539560317993
22979,JG034,346,GC55 - HEX,3.0,False,O10,1000.0,HEX,,STANDARD,,21.157057,383,30,0.6105956061208195,0.6710882186889648
22980,JG034,346,GC55 - FAM,3.0,False,O10,1000.0,FAM,,STANDARD,,32.806778,382,31,0.023526356220068115,0.0369083434343338
22981,JG034,346,GC55 - HEX,3.0,False,O10,1000.0,HEX,,STANDARD,,21.157057,383,31,0.6458143878201613,0.7099484205245972
22982,JG034,346,GC55 - FAM,3.0,False,O10,1000.0,FAM,,STANDARD,,32.806778,382,32,0.02899860774664487,0.04673415794968605
22983,JG034,346,GC55 - HEX,3.0,False,O10,1000.0,HEX,,STANDARD,,21.157057,383,32,0.6714009014052923,0.7380626201629639
22984,JG034,346,GC55 - FAM,3.0,False,O10,1000.0,FAM,,STANDARD,,32.806778,382,33,0.03450930137284301,0.05663063004612923
22985,JG034,346,GC55 - HEX,3.0,False,O10,1000.0,HEX,,STANDARD,,21.157057,383,33,0.6917323771651346,0.7603141069412231
22986,JG034,346,GC55 - FAM,3.0,False,O10,1000.0,FAM,,STANDARD,,32.806778,382,34,0.04001350961740954,0.06651518493890762
22987,JG034,346,GC55 - HEX,3.0,False,O10,1000.0,HEX,,STANDARD,,21.157057,383,34,0.706896649280442,0.7768009901046753
22988,JG034,346,GC55 - FAM,3.0,False,O10,1000.0,FAM,,STANDARD,,32.806778,382,35,0.04474553589800803,0.07498037070035934
22989,JG034,346,GC55 - HEX,3.0,False,O10,1000.0,HEX,,STANDARD,,21.157057,383,35,0.7167247812064799,0.7873347401618958
22990,JG034,346,GC55 - FAM,3.0,False,O10,1000.0,FAM,,STANDARD,,32.806778,382,36,0.04907854907372152,0.08271212130784988
22991,JG034,346,GC55 - HEX,3.0,False,O10,1000.0,HEX,,STANDARD,,21.157057,383,36,0.7240765662481236,0.7951058149337769
22992,JG034,346,GC55 - FAM,3.0,False,O10,1000.0,FAM,,STANDARD,,32.806778,382,37,0.05278476632819366,0.08929174393415451
22993,JG034,346,GC55 - HEX,3.0,False,O10,1000.0,HEX,,STANDARD,,21.157057,383,37,0.7315856407229422,0.8030523061752319
22994,JG034,346,GC55 - FAM,3.0,False,O10,1000.0,FAM,,STANDARD,,32.806778,382,38,0.056914819485745796,0.09665042906999588
22995,JG034,346,GC55 - HEX,3.0,False,O10,1000.0,HEX,,STANDARD,,21.157057,383,38,0.740005968109524,0.8120154738426208
22996,JG034,346,GC55 - FAM,3.0,False,O10,1000.0,FAM,,STANDARD,,32.806778,382,39,0.060893520049470164,0.10373090952634811
22997,JG034,346,GC55 - HEX,3.0,False,O10,1000.0,HEX,,STANDARD,,21.157057,383,39,0.7486429958836593,0.8212203979492188
22998,JG034,346,GC55 - FAM,3.0,False,O10,1000.0,FAM,,STANDARD,,32.806778,382,40,0.064829644082783,0.11073312908411026
22999,JG034,346,GC55 - HEX,3.0,False,O10,1000.0,HEX,,STANDARD,,21.157057,383,40,0.7543336249958621,0.8271381855010986
23000,JG034,346,GC55 - FAM,3.0,False,O10,1000.0,FAM,,STANDARD,,32.806778,382,41,0.06870475688839642,0.1176232099533081
23001,JG034,346,GC55 - HEX,3.0,False,O10,1000.0,HEX,,STANDARD,,21.157057,383,41,0.7600581269003994,0.8330938220024109
23002,JG034,346,GC55 - FAM,3.0,False,O10,1000.0,FAM,,STANDARD,,32.806778,382,42,0.0723830221480363,0.12415145337581635
23003,JG034,346,GC55 - HEX,3.0,False,O10,1000.0,HEX,,STANDARD,,21.157057,383,42,0.7669914707597653,0.8403980731964111
23004,JG034,346,GC55 - FAM,3.0,False,O10,1000.0,FAM,,STANDARD,,32.806778,382,43,0.07608531574662131,0.13072386384010315
23005,JG034,346,GC55 - HEX,3.0,False,O10,1000.0,HEX,,STANDARD,,21.157057,383,43,0.7742434539463917,0.848057746887207
23006,JG034,346,GC55 - FAM,3.0,False,O10,1000.0,FAM,,STANDARD,,32.806778,382,44,0.08056716843078032,0.13872919976711273
23007,JG034,346,GC55 - HEX,3.0,False,O10,1000.0,HEX,,STANDARD,,21.157057,383,44,0.7813253251917041,0.8555276989936829
23008,JG034,346,GC55 - FAM,3.0,False,O10,1000.0,FAM,,STANDARD,,32.806778,382,45,0.08523017403736437,0.14706751704216003
23009,JG034,346,GC55 - HEX,3.0,False,O10,1000.0,HEX,,STANDARD,,21.157057,383,45,0.7881808791683584,0.8627451658248901
23010,JG034,346,GC55 - FAM,3.0,False,O10,1000.0,FAM,,STANDARD,,32.806778,382,46,0.08839301359183178,0.15264834463596344
23011,JG034,346,GC55 - HEX,3.0,False,O10,1000.0,HEX,,STANDARD,,21.157057,383,46,0.7914607698961462,0.8659734725952148
23012,JG034,346,GC55 - FAM,3.0,False,O10,1000.0,FAM,,STANDARD,,32.806778,382,47,0.09165272853442143,0.15840724110603333
23013,JG034,346,GC55 - HEX,3.0,False,O10,1000.0,HEX,,STANDARD,,21.157057,383,47,0.7980246118126324,0.8728654980659485
23014,JG034,346,GC55 - FAM,3.0,False,O10,1000.0,FAM,,STANDARD,,32.806778,382,48,0.09648179233768292,0.1670507937669754
23015,JG034,346,GC55 - HEX,3.0,False,O10,1000.0,HEX,,STANDARD,,21.157057,383,48,0.8047338823422648,0.8799197673797607
23016,JG034,346,GC55 - FAM,3.0,False,O10,1000.0,FAM,,STANDARD,,32.806778,382,49,0.09981034960629213,0.17293623089790344
23017,JG034,346,GC55 - HEX,3.0,False,O10,1000.0,HEX,,STANDARD,,21.157057,383,49,0.8091088152651452,0.8843697905540466
23018,JG034,346,GC55 - FAM,3.0,False,O10,1000.0,FAM,,STANDARD,,32.806778,382,50,0.10371326848565111,0.1798774152994156
23019,JG034,346,GC55 - HEX,3.0,False,O10,1000.0,HEX,,STANDARD,,21.157057,383,50,0.8152992016320756,0.8908451199531555
23040,JG034,347,GC55 - FAM,3.0,False,O11,1000.0,FAM,,STANDARD,,30.969448,384,1,-0.0012041448609051626,-0.001227003987878561
23041,JG034,347,GC55 - HEX,3.0,False,O11,1000.0,HEX,,STANDARD,,21.00672,385,1,-0.0012973139217946179,0.0005740000633522868
23042,JG034,347,GC55 - FAM,3.0,False,O11,1000.0,FAM,,STANDARD,,30.969448,384,2,-0.0011989079152376347,-0.0014854726614430547
23043,JG034,347,GC55 - HEX,3.0,False,O11,1000.0,HEX,,STANDARD,,21.00672,385,2,-0.0012105482833856375,0.00034835972473956645
23044,JG034,347,GC55 - FAM,3.0,False,O11,1000.0,FAM,,STANDARD,,30.969448,384,3,-0.0004261098400145931,-0.00033306964905932546
23045,JG034,347,GC55 - HEX,3.0,False,O11,1000.0,HEX,,STANDARD,,21.00672,385,3,-0.0010028904354262137,0.0002575897960923612
23046,JG034,347,GC55 - FAM,3.0,False,O11,1000.0,FAM,,STANDARD,,30.969448,384,4,-0.000304703495870792,-0.0003780047409236431
23047,JG034,347,GC55 - HEX,3.0,False,O11,1000.0,HEX,,STANDARD,,21.00672,385,4,-1.9924975538269148e-05,0.0010317726992070675
23048,JG034,347,GC55 - FAM,3.0,False,O11,1000.0,FAM,,STANDARD,,30.969448,384,5,-0.00010740197318303612,-0.000283435161691159
23049,JG034,347,GC55 - HEX,3.0,False,O11,1000.0,HEX,,STANDARD,,21.00672,385,5,0.00014800981074807778,0.0008966866880655289
23050,JG034,347,GC55 - FAM,3.0,False,O11,1000.0,FAM,,STANDARD,,30.969448,384,6,3.686534121220189e-05,-0.0002863489789888263
23051,JG034,347,GC55 - HEX,3.0,False,O11,1000.0,HEX,,STANDARD,,21.00672,385,6,0.00011881189117264196,0.0005416744970716536
23052,JG034,347,GC55 - FAM,3.0,False,O11,1000.0,FAM,,STANDARD,,30.969448,384,7,5.671060900493861e-05,-0.0005179658182896674
23053,JG034,347,GC55 - HEX,3.0,False,O11,1000.0,HEX,,STANDARD,,21.00672,385,7,8.290886838271907e-05,0.0001791819086065516
23054,JG034,347,GC55 - FAM,3.0,False,O11,1000.0,FAM,,STANDARD,,30.969448,384,8,-3.612762905160588e-05,-0.0009567087981849909
23055,JG034,347,GC55 - HEX,3.0,False,O11,1000.0,HEX,,STANDARD,,21.00672,385,8,0.0001564512952730894,-6.121057231212035e-05
23056,JG034,347,GC55 - FAM,3.0,False,O11,1000.0,FAM,,STANDARD,,30.969448,384,9,0.00019353594797790036,-0.0008026537834666669
23057,JG034,347,GC55 - HEX,3.0,False,O11,1000.0,HEX,,STANDARD,,21.00672,385,9,0.0001633567501772524,-0.00037594494642689824
23058,JG034,347,GC55 - FAM,3.0,False,O11,1000.0,FAM,,STANDARD,,30.969448,384,10,0.0005872310399249862,-0.00034708864404819906
23059,JG034,347,GC55 - HEX,3.0,False,O11,1000.0,HEX,,STANDARD,,21.00672,385,10,0.0003532767952107024,-0.00048650361713953316
23060,JG034,347,GC55 - FAM,3.0,False,O11,1000.0,FAM,,STANDARD,,30.969448,384,11,0.0012088386558610426,0.0005274077411741018
23061,JG034,347,GC55 - HEX,3.0,False,O11,1000.0,HEX,,STANDARD,,21.00672,385,11,0.0005684945802605638,-0.0005688394885510206
23062,JG034,347,GC55 - FAM,3.0,False,O11,1000.0,FAM,,STANDARD,,30.969448,384,12,0.0011478436416157195,0.00014719649334438145
23063,JG034,347,GC55 - HEX,3.0,False,O11,1000.0,HEX,,STANDARD,,21.00672,385,12,0.00037309825570930566,-0.0011092668864876032
23064,JG034,347,GC55 - FAM,3.0,False,O11,1000.0,FAM,,STANDARD,,30.969448,384,13,0.0010430560879029274,-0.0003135107981506735
23065,JG034,347,GC55 - HEX,3.0,False,O11,1000.0,HEX,,STANDARD,,21.00672,385,13,0.0002846095927691125,-0.0015304252738133073
23066,JG034,347,GC55 - FAM,3.0,False,O11,1000.0,FAM,,STANDARD,,30.969448,384,14,0.0012218256325783484,-0.0002530052443034947
23067,JG034,347,GC55 - HEX,3.0,False,O11,1000.0,HEX,,STANDARD,,21.00672,385,14,0.00027449851083013495,-0.0018641437636688352
23068,JG034,347,GC55 - FAM,3.0,False,O11,1000.0,FAM,,STANDARD,,30.969448,384,15,0.002602855224122244,0.0020174020901322365
23069,JG034,347,GC55 - HEX,3.0,False,O11,1000.0,HEX,,STANDARD,,21.00672,385,15,0.0005480319943549977,-0.0018814211944118142
23070,JG034,347,GC55 - FAM,3.0,False,O11,1000.0,FAM,,STANDARD,,30.969448,384,16,0.0025410657506270483,0.0016357304994016886
23071,JG034,347,GC55 - HEX,3.0,False,O11,1000.0,HEX,,STANDARD,,21.00672,385,16,0.00244554949049622,-8.694084681337699e-05
23072,JG034,347,GC55 - FAM,3.0,False,O11,1000.0,FAM,,STANDARD,,30.969448,384,17,0.0021507430571284015,0.0006501745665445924
23073,JG034,347,GC55 - HEX,3.0,False,O11,1000.0,HEX,,STANDARD,,21.00672,385,17,0.003722551090152529,0.0010152761824429035
23074,JG034,347,GC55 - FAM,3.0,False,O11,1000.0,FAM,,STANDARD,,30.969448,384,18,0.0031489567844122427,0.0022169193252921104
23075,JG034,347,GC55 - HEX,3.0,False,O11,1000.0,HEX,,STANDARD,,21.00672,385,18,0.006725061581973636,0.0040425145998597145
23076,JG034,347,GC55 - FAM,3.0,False,O11,1000.0,FAM,,STANDARD,,30.969448,384,19,0.0031360670884194113,0.0019251315388828516
23077,JG034,347,GC55 - HEX,3.0,False,O11,1000.0,HEX,,STANDARD,,21.00672,385,19,0.01201138098441043,0.009617628529667854
23078,JG034,347,GC55 - FAM,3.0,False,O11,1000.0,FAM,,STANDARD,,30.969448,384,20,0.0028812888710214824,0.0011887230211868882
23079,JG034,347,GC55 - HEX,3.0,False,O11,1000.0,HEX,,STANDARD,,21.00672,385,20,0.022347511298011262,0.020826438441872597
23080,JG034,347,GC55 - FAM,3.0,False,O11,1000.0,FAM,,STANDARD,,30.969448,384,21,0.0025070337105151572,0.0002327011025045067
23081,JG034,347,GC55 - HEX,3.0,False,O11,1000.0,HEX,,STANDARD,,21.00672,385,21,0.039499592737607205,0.039639297872781754
23082,JG034,347,GC55 - FAM,3.0,False,O11,1000.0,FAM,,STANDARD,,30.969448,384,22,0.0020790958035531533,-0.0008219962473958731
23083,JG034,347,GC55 - HEX,3.0,False,O11,1000.0,HEX,,STANDARD,,21.00672,385,22,0.06894337054983397,0.07216507941484451
23084,JG034,347,GC55 - FAM,3.0,False,O11,1000.0,FAM,,STANDARD,,30.969448,384,23,0.0019099570506006783,-0.0014009890146553516
23085,JG034,347,GC55 - HEX,3.0,False,O11,1000.0,HEX,,STANDARD,,21.00672,385,23,0.11483136056847308,0.1230364441871643
23086,JG034,347,GC55 - FAM,3.0,False,O11,1000.0,FAM,,STANDARD,,30.969448,384,24,0.0019540090053334117,-0.0015881109284237027
23087,JG034,347,GC55 - HEX,3.0,False,O11,1000.0,HEX,,STANDARD,,21.00672,385,24,0.1791257137447552,0.19444242119789124
23088,JG034,347,GC55 - FAM,3.0,False,O11,1000.0,FAM,,STANDARD,,30.969448,384,25,0.0017757096508262827,-0.0021839418914169073
23089,JG034,347,GC55 - HEX,3.0,False,O11,1000.0,HEX,,STANDARD,,21.00672,385,25,0.25587288612250547,0.2797410786151886
23090,JG034,347,GC55 - FAM,3.0,False,O11,1000.0,FAM,,STANDARD,,30.969448,384,26,0.003069137949981162,-7.455657032551244e-05
23091,JG034,347,GC55 - HEX,3.0,False,O11,1000.0,HEX,,STANDARD,,21.00672,385,26,0.3412573534099773,0.3746756911277771
23092,JG034,347,GC55 - FAM,3.0,False,O11,1000.0,FAM,,STANDARD,,30.969448,384,27,0.006091293363404805,0.005212442018091679
23093,JG034,347,GC55 - HEX,3.0,False,O11,1000.0,HEX,,STANDARD,,21.00672,385,27,0.4251495211720671,0.46794548630714417
23094,JG034,347,GC55 - FAM,3.0,False,O11,1000.0,FAM,,STANDARD,,30.969448,384,28,0.010918670967442092,0.013817660510540009
23095,JG034,347,GC55 - HEX,3.0,False,O11,1000.0,HEX,,STANDARD,,21.00672,385,28,0.49988096855676745,0.5509953498840332
23096,JG034,347,GC55 - FAM,3.0,False,O11,1000.0,FAM,,STANDARD,,30.969448,384,29,0.01770995183716452,0.02603277564048767
23097,JG034,347,GC55 - HEX,3.0,False,O11,1000.0,HEX,,STANDARD,,21.00672,385,29,0.5620564022630371,0.6200373768806458
23098,JG034,347,GC55 - FAM,3.0,False,O11,1000.0,FAM,,STANDARD,,30.969448,384,30,0.026174769223470683,0.041324056684970856
23099,JG034,347,GC55 - HEX,3.0,False,O11,1000.0,HEX,,STANDARD,,21.00672,385,30,0.6106054634239516,0.6738775372505188
23100,JG034,347,GC55 - FAM,3.0,False,O11,1000.0,FAM,,STANDARD,,30.969448,384,31,0.034119053666569484,0.05565853416919708
23101,JG034,347,GC55 - HEX,3.0,False,O11,1000.0,HEX,,STANDARD,,21.00672,385,31,0.6454060710766019,0.712379515171051
23102,JG034,347,GC55 - FAM,3.0,False,O11,1000.0,FAM,,STANDARD,,30.969448,384,32,0.04111927731900841,0.06825771182775497
23103,JG034,347,GC55 - HEX,3.0,False,O11,1000.0,HEX,,STANDARD,,21.00672,385,32,0.6702784778126106,0.7398054003715515
23104,JG034,347,GC55 - FAM,3.0,False,O11,1000.0,FAM,,STANDARD,,30.969448,384,33,0.04789147495327982,0.08043774962425232
23105,JG034,347,GC55 - HEX,3.0,False,O11,1000.0,HEX,,STANDARD,,21.00672,385,33,0.6873457704171357,0.7585236430168152
23106,JG034,347,GC55 - FAM,3.0,False,O11,1000.0,FAM,,STANDARD,,30.969448,384,34,0.05350192996242625,0.09048236161470413
23107,JG034,347,GC55 - HEX,3.0,False,O11,1000.0,HEX,,STANDARD,,21.00672,385,34,0.6984723950007425,0.7706143260002136
23108,JG034,347,GC55 - FAM,3.0,False,O11,1000.0,FAM,,STANDARD,,30.969448,384,35,0.057771564746144796,0.09806237369775772
23109,JG034,347,GC55 - HEX,3.0,False,O11,1000.0,HEX,,STANDARD,,21.00672,385,35,0.7090474914530095,0.7820897698402405
23110,JG034,347,GC55 - FAM,3.0,False,O11,1000.0,FAM,,STANDARD,,30.969448,384,36,0.06290558740717883,0.1072312444448471
23111,JG034,347,GC55 - HEX,3.0,False,O11,1000.0,HEX,,STANDARD,,21.00672,385,36,0.7192976976052979,0.7932026982307434
23112,JG034,347,GC55 - FAM,3.0,False,O11,1000.0,FAM,,STANDARD,,30.969448,384,37,0.06724985272002316,0.11494844406843185
23113,JG034,347,GC55 - HEX,3.0,False,O11,1000.0,HEX,,STANDARD,,21.00672,385,37,0.7275285724341223,0.8020628094673157
23114,JG034,347,GC55 - FAM,3.0,False,O11,1000.0,FAM,,STANDARD,,30.969448,384,38,0.07185457095919309,0.12314438819885254
23115,JG034,347,GC55 - HEX,3.0,False,O11,1000.0,HEX,,STANDARD,,21.00672,385,38,0.7328017220521577,0.8076232671737671
23116,JG034,347,GC55 - FAM,3.0,False,O11,1000.0,FAM,,STANDARD,,30.969448,384,39,0.07708394494366592,0.13248853385448456
23117,JG034,347,GC55 - HEX,3.0,False,O11,1000.0,HEX,,STANDARD,,21.00672,385,39,0.7393329734271233,0.8145872354507446
23118,JG034,347,GC55 - FAM,3.0,False,O11,1000.0,FAM,,STANDARD,,30.969448,384,40,0.08166367825010006,0.1406385451555252
23119,JG034,347,GC55 - HEX,3.0,False,O11,1000.0,HEX,,STANDARD,,21.00672,385,40,0.7469133196763493,0.8227216601371765
23120,JG034,347,GC55 - FAM,3.0,False,O11,1000.0,FAM,,STANDARD,,30.969448,384,41,0.08620367238058649,0.14871551096439362
23121,JG034,347,GC55 - HEX,3.0,False,O11,1000.0,HEX,,STANDARD,,21.00672,385,41,0.7527739538756317,0.8289374709129333
23122,JG034,347,GC55 - FAM,3.0,False,O11,1000.0,FAM,,STANDARD,,30.969448,384,42,0.09011539516551037,0.15563765168190002
23123,JG034,347,GC55 - HEX,3.0,False,O11,1000.0,HEX,,STANDARD,,21.00672,385,42,0.7585268790065444,0.835033118724823
23124,JG034,347,GC55 - FAM,3.0,False,O11,1000.0,FAM,,STANDARD,,30.969448,384,43,0.0947385805288763,0.1638675332069397
23125,JG034,347,GC55 - HEX,3.0,False,O11,1000.0,HEX,,STANDARD,,21.00672,385,43,0.7658332509985282,0.8428618907928467
23126,JG034,347,GC55 - FAM,3.0,False,O11,1000.0,FAM,,STANDARD,,30.969448,384,44,0.09929884147696152,0.17198176681995392
23127,JG034,347,GC55 - HEX,3.0,False,O11,1000.0,HEX,,STANDARD,,21.00672,385,44,0.7708914098967621,0.8481824398040771
23128,JG034,347,GC55 - FAM,3.0,False,O11,1000.0,FAM,,STANDARD,,30.969448,384,45,0.10398044391537421,0.18031902611255646
23129,JG034,347,GC55 - HEX,3.0,False,O11,1000.0,HEX,,STANDARD,,21.00672,385,45,0.7791183311189102,0.857038140296936
23130,JG034,347,GC55 - FAM,3.0,False,O11,1000.0,FAM,,STANDARD,,30.969448,384,46,0.10815443553348054,0.18772324919700623
23131,JG034,347,GC55 - HEX,3.0,False,O11,1000.0,HEX,,STANDARD,,21.00672,385,46,0.7852354154809777,0.8635401129722595
23132,JG034,347,GC55 - FAM,3.0,False,O11,1000.0,FAM,,STANDARD,,30.969448,384,47,0.11291789970153827,0.19621098041534424
23133,JG034,347,GC55 - HEX,3.0,False,O11,1000.0,HEX,,STANDARD,,21.00672,385,47,0.7902629072139119,0.8688264489173889
23134,JG034,347,GC55 - FAM,3.0,False,O11,1000.0,FAM,,STANDARD,,30.969448,384,48,0.11705836189660916,0.20355357229709625
23135,JG034,347,GC55 - HEX,3.0,False,O11,1000.0,HEX,,STANDARD,,21.00672,385,48,0.7970047682850648,0.8760254383087158
23136,JG034,347,GC55 - FAM,3.0,False,O11,1000.0,FAM,,STANDARD,,30.969448,384,49,0.12183105152003787,0.21205826103687286
23137,JG034,347,GC55 - HEX,3.0,False,O11,1000.0,HEX,,STANDARD,,21.00672,385,49,0.804936558111541,0.8845518827438354
23138,JG034,347,GC55 - FAM,3.0,False,O11,1000.0,FAM,,STANDARD,,30.969448,384,50,0.12558410944334433,0.2186887562274933
23139,JG034,347,GC55 - HEX,3.0,False,O11,1000.0,HEX,,STANDARD,,21.00672,385,50,0.809638144429269,0.889474630355835
24840,JG034,370,GC55 - FAM,2.0,False,P10,100.0,FAM,,STANDARD,,36.95776,414,1,-0.001134737090674581,-0.005059434566646814
24841,JG034,370,GC55 - HEX,2.0,False,P10,100.0,HEX,,STANDARD,,21.095562,415,1,-0.00145070150581308,0.0009683531243354082
24842,JG034,370,GC55 - FAM,2.0,False,P10,100.0,FAM,,STANDARD,,36.95776,414,2,-0.0011204206107227946,-0.004753241315484047
24843,JG034,370,GC55 - HEX,2.0,False,P10,100.0,HEX,,STANDARD,,21.095562,415,2,-0.0012334534903078358,0.0007759828004054725
24844,JG034,370,GC55 - FAM,2.0,False,P10,100.0,FAM,,STANDARD,,36.95776,414,3,-0.0005981204010208169,-0.0035133110359311104
24845,JG034,370,GC55 - HEX,2.0,False,P10,100.0,HEX,,STANDARD,,21.095562,415,3,-0.0005739892253499256,0.001076960121281445
24846,JG034,370,GC55 - FAM,2.0,False,P10,100.0,FAM,,STANDARD,,36.95776,414,4,-0.0003676947916495961,-0.0028098823968321085
24847,JG034,370,GC55 - HEX,2.0,False,P10,100.0,HEX,,STANDARD,,21.095562,415,4,1.7261967662993526e-05,0.0013018372701480985
24848,JG034,370,GC55 - FAM,2.0,False,P10,100.0,FAM,,STANDARD,,36.95776,414,5,-7.505815897712464e-05,-0.0019921022467315197
24849,JG034,370,GC55 - HEX,2.0,False,P10,100.0,HEX,,STANDARD,,21.095562,415,5,-0.0006392370922877134,0.0001346926437690854
24850,JG034,370,GC55 - FAM,2.0,False,P10,100.0,FAM,,STANDARD,,36.95776,414,6,-7.275584849790191e-05,-0.0017079922836273909
24851,JG034,370,GC55 - HEX,2.0,False,P10,100.0,HEX,,STANDARD,,21.095562,415,6,-0.0007898080654688147,-0.0004680258280131966
24852,JG034,370,GC55 - FAM,2.0,False,P10,100.0,FAM,,STANDARD,,36.95776,414,7,0.00042301915033077735,-0.0005168187781237066
24853,JG034,370,GC55 - HEX,2.0,False,P10,100.0,HEX,,STANDARD,,21.095562,415,7,-8.567873049248851e-05,-0.00011721897317329422
24854,JG034,370,GC55 - FAM,2.0,False,P10,100.0,FAM,,STANDARD,,36.95776,414,8,0.0003111949575476849,-0.00044248730409890413
24855,JG034,370,GC55 - HEX,2.0,False,P10,100.0,HEX,,STANDARD,,21.095562,415,8,0.0005170592927285161,0.00012047315249219537
24856,JG034,370,GC55 - FAM,2.0,False,P10,100.0,FAM,,STANDARD,,36.95776,414,9,0.00022427463022998756,-0.0003223794628866017
24857,JG034,370,GC55 - HEX,2.0,False,P10,100.0,HEX,,STANDARD,,21.095562,415,9,0.0005753616344242056,-0.000249220960540697
24858,JG034,370,GC55 - FAM,2.0,False,P10,100.0,FAM,,STANDARD,,36.95776,414,10,0.0001551404620369897,-0.0001695784885669127
24859,JG034,370,GC55 - HEX,2.0,False,P10,100.0,HEX,,STANDARD,,21.095562,415,10,0.000979030218783227,-0.00023361573403235525
24860,JG034,370,GC55 - FAM,2.0,False,P10,100.0,FAM,,STANDARD,,36.95776,414,11,0.0001152715784566469,3.7015677662566304e-05
24861,JG034,370,GC55 - HEX,2.0,False,P10,100.0,HEX,,STANDARD,,21.095562,415,11,0.0008619981184538727,-0.0007989173755049706
24862,JG034,370,GC55 - FAM,2.0,False,P10,100.0,FAM,,STANDARD,,36.95776,414,12,0.0004175714297602222,0.000872558041010052
24863,JG034,370,GC55 - HEX,2.0,False,P10,100.0,HEX,,STANDARD,,21.095562,415,12,0.0007147663401007031,-0.0013979105278849602
24864,JG034,370,GC55 - FAM,2.0,False,P10,100.0,FAM,,STANDARD,,36.95776,414,13,0.0005904717040590329,0.0014702480984851718
24865,JG034,370,GC55 - HEX,2.0,False,P10,100.0,HEX,,STANDARD,,21.095562,415,13,0.0015595959883467644,-0.0008901348919607699
24866,JG034,370,GC55 - FAM,2.0,False,P10,100.0,FAM,,STANDARD,,36.95776,414,14,0.0007272646161238367,0.002001568442210555
24867,JG034,370,GC55 - HEX,2.0,False,P10,100.0,HEX,,STANDARD,,21.095562,415,14,0.0018660806464336581,-0.0009829505579546094
24868,JG034,370,GC55 - FAM,2.0,False,P10,100.0,FAM,,STANDARD,,36.95776,414,15,0.0010762592151750277,0.0029229414649307728
24869,JG034,370,GC55 - HEX,2.0,False,P10,100.0,HEX,,STANDARD,,21.095562,415,15,0.002278938694959148,-0.0009570933179929852
24870,JG034,370,GC55 - FAM,2.0,False,P10,100.0,FAM,,STANDARD,,36.95776,414,16,0.0009517074609398942,0.0029738780576735735
24871,JG034,370,GC55 - HEX,2.0,False,P10,100.0,HEX,,STANDARD,,21.095562,415,16,0.0027056744371895224,-0.0009157537715509534
24872,JG034,370,GC55 - FAM,2.0,False,P10,100.0,FAM,,STANDARD,,36.95776,414,17,0.0010644720340595706,0.0034610312432050705
24873,JG034,370,GC55 - HEX,2.0,False,P10,100.0,HEX,,STANDARD,,21.095562,415,17,0.004585707909211693,0.0007469215197488666
24874,JG034,370,GC55 - FAM,2.0,False,P10,100.0,FAM,,STANDARD,,36.95776,414,18,0.000812190688589813,0.003277185373008251
24875,JG034,370,GC55 - HEX,2.0,False,P10,100.0,HEX,,STANDARD,,21.095562,415,18,0.007559621536526393,0.003629957092925906
24876,JG034,370,GC55 - FAM,2.0,False,P10,100.0,FAM,,STANDARD,,36.95776,414,19,0.0007851304337319064,0.003507323330268264
24877,JG034,370,GC55 - HEX,2.0,False,P10,100.0,HEX,,STANDARD,,21.095562,415,19,0.012694929192064799,0.008924298919737339
24878,JG034,370,GC55 - FAM,2.0,False,P10,100.0,FAM,,STANDARD,,36.95776,414,20,0.000722562714440917,0.0036721942014992237
24879,JG034,370,GC55 - HEX,2.0,False,P10,100.0,HEX,,STANDARD,,21.095562,415,20,0.022100278982548606,0.018982406705617905
24880,JG034,370,GC55 - FAM,2.0,False,P10,100.0,FAM,,STANDARD,,36.95776,414,21,0.0005454307286274785,0.0036264818627387285
24881,JG034,370,GC55 - HEX,2.0,False,P10,100.0,HEX,,STANDARD,,21.095562,415,21,0.03922190696531381,0.037648990750312805
24882,JG034,370,GC55 - FAM,2.0,False,P10,100.0,FAM,,STANDARD,,36.95776,414,22,-0.000403218469536758,0.002162626013159752
24883,JG034,370,GC55 - HEX,2.0,False,P10,100.0,HEX,,STANDARD,,21.095562,415,22,0.0675665019808613,0.06883620470762253
24884,JG034,370,GC55 - FAM,2.0,False,P10,100.0,FAM,,STANDARD,,36.95776,414,23,-0.0018103517221478972,-0.00014397979248315096
24885,JG034,370,GC55 - HEX,2.0,False,P10,100.0,HEX,,STANDARD,,21.095562,415,23,0.11392985977520477,0.12012559920549393
24886,JG034,370,GC55 - FAM,2.0,False,P10,100.0,FAM,,STANDARD,,36.95776,414,24,-0.003120755507723524,-0.0022727849427610636
24887,JG034,370,GC55 - HEX,2.0,False,P10,100.0,HEX,,STANDARD,,21.095562,415,24,0.17750286672797774,0.1906145215034485
24888,JG034,370,GC55 - FAM,2.0,False,P10,100.0,FAM,,STANDARD,,36.95776,414,25,-0.00451435052617867,-0.004554505925625563
24889,JG034,370,GC55 - HEX,2.0,False,P10,100.0,HEX,,STANDARD,,21.095562,415,25,0.2558227998696839,0.2775554955005646
24890,JG034,370,GC55 - FAM,2.0,False,P10,100.0,FAM,,STANDARD,,36.95776,414,26,-0.005420342126660971,-0.005939951632171869
24891,JG034,370,GC55 - HEX,2.0,False,P10,100.0,HEX,,STANDARD,,21.095562,415,26,0.34087115716255545,0.37200284004211426
24892,JG034,370,GC55 - FAM,2.0,False,P10,100.0,FAM,,STANDARD,,36.95776,414,27,-0.005387266680339743,-0.005599277094006538
24893,JG034,370,GC55 - HEX,2.0,False,P10,100.0,HEX,,STANDARD,,21.095562,415,27,0.42454267093041553,0.4649141728878021
24894,JG034,370,GC55 - FAM,2.0,False,P10,100.0,FAM,,STANDARD,,36.95776,414,28,-0.004061995157373642,-0.0028833867982029915
24895,JG034,370,GC55 - HEX,2.0,False,P10,100.0,HEX,,STANDARD,,21.095562,415,28,0.5000422934068919,0.5487087368965149
24896,JG034,370,GC55 - FAM,2.0,False,P10,100.0,FAM,,STANDARD,,36.95776,414,29,-0.001457368613393264,0.002184115117415786
24897,JG034,370,GC55 - HEX,2.0,False,P10,100.0,HEX,,STANDARD,,21.095562,415,29,0.5617977365444836,0.6171699166297913
24898,JG034,370,GC55 - FAM,2.0,False,P10,100.0,FAM,,STANDARD,,36.95776,414,30,0.002275730547941909,0.009325888007879257
24899,JG034,370,GC55 - HEX,2.0,False,P10,100.0,HEX,,STANDARD,,21.095562,415,30,0.6110813671404259,0.6717172265052795
24900,JG034,370,GC55 - FAM,2.0,False,P10,100.0,FAM,,STANDARD,,36.95776,414,31,0.006257171185405634,0.016924144700169563
24901,JG034,370,GC55 - HEX,2.0,False,P10,100.0,HEX,,STANDARD,,21.095562,415,31,0.6485778537022379,0.7131145596504211
24902,JG034,370,GC55 - FAM,2.0,False,P10,100.0,FAM,,STANDARD,,36.95776,414,32,0.011049608795902603,0.02601311169564724
24903,JG034,370,GC55 - HEX,2.0,False,P10,100.0,HEX,,STANDARD,,21.095562,415,32,0.6763155567361984,0.7436246871948242
24904,JG034,370,GC55 - FAM,2.0,False,P10,100.0,FAM,,STANDARD,,36.95776,414,33,0.013856822448600504,0.03145299479365349
24905,JG034,370,GC55 - HEX,2.0,False,P10,100.0,HEX,,STANDARD,,21.095562,415,33,0.6961160203777236,0.7652798295021057
24906,JG034,370,GC55 - FAM,2.0,False,P10,100.0,FAM,,STANDARD,,36.95776,414,34,0.017556943444338922,0.038534149527549744
24907,JG034,370,GC55 - HEX,2.0,False,P10,100.0,HEX,,STANDARD,,21.095562,415,34,0.7086459081958205,0.7788237929344177
24908,JG034,370,GC55 - FAM,2.0,False,P10,100.0,FAM,,STANDARD,,36.95776,414,35,0.020111146146133508,0.04350896552205086
24909,JG034,370,GC55 - HEX,2.0,False,P10,100.0,HEX,,STANDARD,,21.095562,415,35,0.7187538913619976,0.7896657586097717
24910,JG034,370,GC55 - FAM,2.0,False,P10,100.0,FAM,,STANDARD,,36.95776,414,36,0.02341812330736353,0.04986747354269028
24911,JG034,370,GC55 - HEX,2.0,False,P10,100.0,HEX,,STANDARD,,21.095562,415,36,0.7268072813073277,0.7982155680656433
24912,JG034,370,GC55 - FAM,2.0,False,P10,100.0,FAM,,STANDARD,,36.95776,414,37,0.02625262420327644,0.055357515811920166
24913,JG034,370,GC55 - HEX,2.0,False,P10,100.0,HEX,,STANDARD,,21.095562,415,37,0.7349694488633726,0.8068867921829224
24914,JG034,370,GC55 - FAM,2.0,False,P10,100.0,FAM,,STANDARD,,36.95776,414,38,0.02875121475757994,0.060230109840631485
24915,JG034,370,GC55 - HEX,2.0,False,P10,100.0,HEX,,STANDARD,,21.095562,415,38,0.7416435643498565,0.8138978481292725
24916,JG034,370,GC55 - FAM,2.0,False,P10,100.0,FAM,,STANDARD,,36.95776,414,39,0.03140783784879178,0.06539318710565567
24917,JG034,370,GC55 - HEX,2.0,False,P10,100.0,HEX,,STANDARD,,21.095562,415,39,0.7496584867707687,0.8224047422409058
24918,JG034,370,GC55 - FAM,2.0,False,P10,100.0,FAM,,STANDARD,,36.95776,414,40,0.03451923211346642,0.07139219343662262
24919,JG034,370,GC55 - HEX,2.0,False,P10,100.0,HEX,,STANDARD,,21.095562,415,40,0.7576865522625238,0.8309262990951538
24920,JG034,370,GC55 - FAM,2.0,False,P10,100.0,FAM,,STANDARD,,36.95776,414,41,0.03684440356294058,0.07594601809978485
24921,JG034,370,GC55 - HEX,2.0,False,P10,100.0,HEX,,STANDARD,,21.095562,415,41,0.763542164312785,0.8370242714881897
24922,JG034,370,GC55 - FAM,2.0,False,P10,100.0,FAM,,STANDARD,,36.95776,414,42,0.03961061339027261,0.08131053298711777
24923,JG034,370,GC55 - HEX,2.0,False,P10,100.0,HEX,,STANDARD,,21.095562,415,42,0.7687187177028381,0.8423646092414856
24924,JG034,370,GC55 - FAM,2.0,False,P10,100.0,FAM,,STANDARD,,36.95776,414,43,0.04234548261086986,0.08661743253469467
24925,JG034,370,GC55 - HEX,2.0,False,P10,100.0,HEX,,STANDARD,,21.095562,415,43,0.77560750334642,0.8496151566505432
24926,JG034,370,GC55 - FAM,2.0,False,P10,100.0,FAM,,STANDARD,,36.95776,414,44,0.044909024262213965,0.0916094183921814
24927,JG034,370,GC55 - HEX,2.0,False,P10,100.0,HEX,,STANDARD,,21.095562,415,44,0.7823464793532416,0.8566986322402954
24928,JG034,370,GC55 - FAM,2.0,False,P10,100.0,FAM,,STANDARD,,36.95776,414,45,0.047310577293854454,0.09630364924669266
24929,JG034,370,GC55 - HEX,2.0,False,P10,100.0,HEX,,STANDARD,,21.095562,415,45,0.788009112656007,0.8625812530517578
24930,JG034,370,GC55 - FAM,2.0,False,P10,100.0,FAM,,STANDARD,,36.95776,414,46,0.0505338606051285,0.1025083139538765
24931,JG034,370,GC55 - HEX,2.0,False,P10,100.0,HEX,,STANDARD,,21.095562,415,46,0.792693602296216,0.8673726320266724
24932,JG034,370,GC55 - FAM,2.0,False,P10,100.0,FAM,,STANDARD,,36.95776,414,47,0.052852530459516975,0.10705019533634186
24933,JG034,370,GC55 - HEX,2.0,False,P10,100.0,HEX,,STANDARD,,21.095562,415,47,0.7988394304473625,0.8737943768501282
24934,JG034,370,GC55 - FAM,2.0,False,P10,100.0,FAM,,STANDARD,,36.95776,414,48,0.055450201431697446,0.11210490763187408
24935,JG034,370,GC55 - HEX,2.0,False,P10,100.0,HEX,,STANDARD,,21.095562,415,48,0.8025621251228926,0.8775127530097961
24936,JG034,370,GC55 - FAM,2.0,False,P10,100.0,FAM,,STANDARD,,36.95776,414,49,0.05862748717374928,0.11822503060102463
24937,JG034,370,GC55 - HEX,2.0,False,P10,100.0,HEX,,STANDARD,,21.095562,415,49,0.8089573510573476,0.8842126727104187
24938,JG034,370,GC55 - FAM,2.0,False,P10,100.0,FAM,,STANDARD,,36.95776,414,50,0.06168861973077892,0.12413164973258972
24939,JG034,370,GC55 - HEX,2.0,False,P10,100.0,HEX,,STANDARD,,21.095562,415,50,0.8160759801593258,0.8917196989059448
24960,JG034,371,GC55 - FAM,2.0,False,P11,100.0,FAM,,STANDARD,,38.098743,416,1,-0.001654283039864883,-0.004380679223686457
24961,JG034,371,GC55 - HEX,2.0,False,P11,100.0,HEX,,STANDARD,,20.933344,417,1,-0.0016656721904456744,0.001017891801893711
24962,JG034,371,GC55 - FAM,2.0,False,P11,100.0,FAM,,STANDARD,,38.098743,416,2,-0.0014789831743623751,-0.004103955812752247
24963,JG034,371,GC55 - HEX,2.0,False,P11,100.0,HEX,,STANDARD,,20.933344,417,2,-0.001523863264493066,0.0006687548011541367
24964,JG034,371,GC55 - FAM,2.0,False,P11,100.0,FAM,,STANDARD,,38.098743,416,3,-0.0011677172829530945,-0.0035773105919361115
24965,JG034,371,GC55 - HEX,2.0,False,P11,100.0,HEX,,STANDARD,,20.933344,417,3,-0.0013316859237559341,0.0003758100210689008
24966,JG034,371,GC55 - FAM,2.0,False,P11,100.0,FAM,,STANDARD,,38.098743,416,4,-0.0007536743061368219,-0.002861748216673732
24967,JG034,371,GC55 - HEX,2.0,False,P11,100.0,HEX,,STANDARD,,20.933344,417,4,-0.0005734883461257359,0.0007143317488953471
24968,JG034,371,GC55 - FAM,2.0,False,P11,100.0,FAM,,STANDARD,,38.098743,416,5,-0.0004817098274151179,-0.002407343592494726
24969,JG034,371,GC55 - HEX,2.0,False,P11,100.0,HEX,,STANDARD,,20.933344,417,5,-0.0003290726415004386,0.00047966541023924947
24970,JG034,371,GC55 - FAM,2.0,False,P11,100.0,FAM,,STANDARD,,38.098743,416,6,-0.00012798089977284911,-0.001802645856514573
24971,JG034,371,GC55 - HEX,2.0,False,P11,100.0,HEX,,STANDARD,,20.933344,417,6,0.00045004165253192453,0.0008415223564952612
24972,JG034,371,GC55 - FAM,2.0,False,P11,100.0,FAM,,STANDARD,,38.098743,416,7,0.0001909377419617353,-0.0012619337067008018
24973,JG034,371,GC55 - HEX,2.0,False,P11,100.0,HEX,,STANDARD,,20.933344,417,7,0.000620834789590981,0.0005247208173386753
24974,JG034,371,GC55 - FAM,2.0,False,P11,100.0,FAM,,STANDARD,,38.098743,416,8,0.0002743721766524405,-0.0011540704872459173
24975,JG034,371,GC55 - HEX,2.0,False,P11,100.0,HEX,,STANDARD,,20.933344,417,8,0.0006609184843054746,6.209653656696901e-05
24976,JG034,371,GC55 - FAM,2.0,False,P11,100.0,FAM,,STANDARD,,38.098743,416,9,0.0008534843294473508,-0.0001350906677544117
24977,JG034,371,GC55 - HEX,2.0,False,P11,100.0,HEX,,STANDARD,,20.933344,417,9,0.00020855108257589557,-0.0009499186999164522
24978,JG034,371,GC55 - FAM,2.0,False,P11,100.0,FAM,,STANDARD,,38.098743,416,10,0.001212288068216357,0.00047893516602925956
24979,JG034,371,GC55 - HEX,2.0,False,P11,100.0,HEX,,STANDARD,,20.933344,417,10,0.00029390090237783276,-0.0013620429672300816
24980,JG034,371,GC55 - FAM,2.0,False,P11,100.0,FAM,,STANDARD,,38.098743,416,11,0.001312665562419652,0.0006179417832754552
24981,JG034,371,GC55 - HEX,2.0,False,P11,100.0,HEX,,STANDARD,,20.933344,417,11,0.0016439106577520427,-0.00036328056012280285
24982,JG034,371,GC55 - FAM,2.0,False,P11,100.0,FAM,,STANDARD,,38.098743,416,12,0.0016729285120557712,0.0012346499133855104
24983,JG034,371,GC55 - HEX,2.0,False,P11,100.0,HEX,,STANDARD,,20.933344,417,12,0.001725440438670826,-0.0007796665304340422
24984,JG034,371,GC55 - FAM,2.0,False,P11,100.0,FAM,,STANDARD,,38.098743,416,13,0.0020443138911901072,0.001871802262030542
24985,JG034,371,GC55 - HEX,2.0,False,P11,100.0,HEX,,STANDARD,,20.933344,417,13,0.0018255094292742866,-0.0011753697181120515
24986,JG034,371,GC55 - FAM,2.0,False,P11,100.0,FAM,,STANDARD,,38.098743,416,14,0.0018954095289282656,0.0015525982016697526
24987,JG034,371,GC55 - HEX,2.0,False,P11,100.0,HEX,,STANDARD,,20.933344,417,14,0.0025943523600159314,-0.0008249717648141086
24988,JG034,371,GC55 - FAM,2.0,False,P11,100.0,FAM,,STANDARD,,38.098743,416,15,0.0024581785200115105,0.002541537396609783
24989,JG034,371,GC55 - HEX,2.0,False,P11,100.0,HEX,,STANDARD,,20.933344,417,15,0.0031746777075518577,-0.0006848888006061316
24990,JG034,371,GC55 - FAM,2.0,False,P11,100.0,FAM,,STANDARD,,38.098743,416,16,0.0030994206288372764,0.0036747194826602936
24991,JG034,371,GC55 - HEX,2.0,False,P11,100.0,HEX,,STANDARD,,20.933344,417,16,0.0037631774040265613,-0.0005356863257475197
24992,JG034,371,GC55 - FAM,2.0,False,P11,100.0,FAM,,STANDARD,,38.098743,416,17,0.0033295706094891536,0.004052264150232077
24993,JG034,371,GC55 - HEX,2.0,False,P11,100.0,HEX,,STANDARD,,20.933344,417,17,0.005240170060317362,0.0006047413917258382
24994,JG034,371,GC55 - FAM,2.0,False,P11,100.0,FAM,,STANDARD,,38.098743,416,18,0.0032656247466014464,0.003889224026352167
24995,JG034,371,GC55 - HEX,2.0,False,P11,100.0,HEX,,STANDARD,,20.933344,417,18,0.007907318537179622,0.0030729370191693306
24996,JG034,371,GC55 - FAM,2.0,False,P11,100.0,FAM,,STANDARD,,38.098743,416,19,0.003254307755654281,0.0038229224737733603
24997,JG034,371,GC55 - HEX,2.0,False,P11,100.0,HEX,,STANDARD,,20.933344,417,19,0.01436930165463465,0.009774746373295784
24998,JG034,371,GC55 - FAM,2.0,False,P11,100.0,FAM,,STANDARD,,38.098743,416,20,0.0036263416729517784,0.004461267031729221
24999,JG034,371,GC55 - HEX,2.0,False,P11,100.0,HEX,,STANDARD,,20.933344,417,20,0.025264252901079528,0.021422086283564568
25000,JG034,371,GC55 - FAM,2.0,False,P11,100.0,FAM,,STANDARD,,38.098743,416,21,0.0031340849936582495,0.0035109391901642084
25001,JG034,371,GC55 - HEX,2.0,False,P11,100.0,HEX,,STANDARD,,20.933344,417,21,0.04351475580093399,0.04127546772360802
25002,JG034,371,GC55 - FAM,2.0,False,P11,100.0,FAM,,STANDARD,,38.098743,416,22,0.0021902187644473278,0.0017304974608123302
25003,JG034,371,GC55 - HEX,2.0,False,P11,100.0,HEX,,STANDARD,,20.933344,417,22,0.07611579575008753,0.07713866978883743
25004,JG034,371,GC55 - FAM,2.0,False,P11,100.0,FAM,,STANDARD,,38.098743,416,23,0.000915030601131361,-0.0006589547265321016
25005,JG034,371,GC55 - HEX,2.0,False,P11,100.0,HEX,,STANDARD,,20.933344,417,23,0.12555858572830836,0.13179095089435577
25006,JG034,371,GC55 - FAM,2.0,False,P11,100.0,FAM,,STANDARD,,38.098743,416,24,-0.0005112021003848794,-0.003326045349240303
25007,JG034,371,GC55 - HEX,2.0,False,P11,100.0,HEX,,STANDARD,,20.933344,417,24,0.19185899358941877,0.20525002479553223
25008,JG034,371,GC55 - FAM,2.0,False,P11,100.0,FAM,,STANDARD,,38.098743,416,25,-0.0014430217332150794,-0.005084344185888767
25009,JG034,371,GC55 - HEX,2.0,False,P11,100.0,HEX,,STANDARD,,20.933344,417,25,0.27204270500272476,0.2941976487636566
25010,JG034,371,GC55 - FAM,2.0,False,P11,100.0,FAM,,STANDARD,,38.098743,416,26,-0.0019387480916815217,-0.006041049491614103
25011,JG034,371,GC55 - HEX,2.0,False,P11,100.0,HEX,,STANDARD,,20.933344,417,26,0.35716765006816975,0.3886578679084778
25012,JG034,371,GC55 - FAM,2.0,False,P11,100.0,FAM,,STANDARD,,38.098743,416,27,-0.0014176801044895504,-0.005128762219101191
25013,JG034,371,GC55 - HEX,2.0,False,P11,100.0,HEX,,STANDARD,,20.933344,417,27,0.4394651252346738,0.47996366024017334
25014,JG034,371,GC55 - FAM,2.0,False,P11,100.0,FAM,,STANDARD,,38.098743,416,28,-0.0002801279528504973,-0.0030833007767796516
25015,JG034,371,GC55 - HEX,2.0,False,P11,100.0,HEX,,STANDARD,,20.933344,417,28,0.5138761167701271,0.5624710917472839
25016,JG034,371,GC55 - FAM,2.0,False,P11,100.0,FAM,,STANDARD,,38.098743,416,29,0.0022102099533267755,0.001448746887035668
25017,JG034,371,GC55 - HEX,2.0,False,P11,100.0,HEX,,STANDARD,,20.933344,417,29,0.575901847693871,0.6311612725257874
25018,JG034,371,GC55 - FAM,2.0,False,P11,100.0,FAM,,STANDARD,,38.098743,416,30,0.0058646252220164,0.008120511658489704
25019,JG034,371,GC55 - HEX,2.0,False,P11,100.0,HEX,,STANDARD,,20.933344,417,30,0.6248337675769768,0.6852436065673828
25020,JG034,371,GC55 - FAM,2.0,False,P11,100.0,FAM,,STANDARD,,38.098743,416,31,0.00987636880515384,0.015449090860784054
25021,JG034,371,GC55 - HEX,2.0,False,P11,100.0,HEX,,STANDARD,,20.933344,417,31,0.6601497332025907,0.7241356372833252
25022,JG034,371,GC55 - FAM,2.0,False,P11,100.0,FAM,,STANDARD,,38.098743,416,32,0.013798079077790406,0.022612176835536957
25023,JG034,371,GC55 - HEX,2.0,False,P11,100.0,HEX,,STANDARD,,20.933344,417,32,0.6854851927637785,0.751893162727356
25024,JG034,371,GC55 - FAM,2.0,False,P11,100.0,FAM,,STANDARD,,38.098743,416,33,0.01688379123120386,0.02823859639465809
25025,JG034,371,GC55 - HEX,2.0,False,P11,100.0,HEX,,STANDARD,,20.933344,417,33,0.701915527276486,0.7697159051895142
25026,JG034,371,GC55 - FAM,2.0,False,P11,100.0,FAM,,STANDARD,,38.098743,416,34,0.020302576371762894,0.034477245062589645
25027,JG034,371,GC55 - HEX,2.0,False,P11,100.0,HEX,,STANDARD,,20.933344,417,34,0.7146273878559257,0.7833902835845947
25028,JG034,371,GC55 - FAM,2.0,False,P11,100.0,FAM,,STANDARD,,38.098743,416,35,0.023413484232815165,0.04014997556805611
25029,JG034,371,GC55 - HEX,2.0,False,P11,100.0,HEX,,STANDARD,,20.933344,417,35,0.7273848217663772,0.7971154451370239
25030,JG034,371,GC55 - FAM,2.0,False,P11,100.0,FAM,,STANDARD,,38.098743,416,36,0.02653877342763554,0.045849140733480453
25031,JG034,371,GC55 - HEX,2.0,False,P11,100.0,HEX,,STANDARD,,20.933344,417,36,0.7374041159179245,0.8077858686447144
25032,JG034,371,GC55 - FAM,2.0,False,P11,100.0,FAM,,STANDARD,,38.098743,416,37,0.02880473334281307,0.04996875301003456
25033,JG034,371,GC55 - HEX,2.0,False,P11,100.0,HEX,,STANDARD,,20.933344,417,37,0.7449017569896523,0.8156430721282959
25034,JG034,371,GC55 - FAM,2.0,False,P11,100.0,FAM,,STANDARD,,38.098743,416,38,0.03111401560728978,0.05416800081729889
25035,JG034,371,GC55 - HEX,2.0,False,P11,100.0,HEX,,STANDARD,,20.933344,417,38,0.7504387297126529,0.8213129043579102
25036,JG034,371,GC55 - FAM,2.0,False,P11,100.0,FAM,,STANDARD,,38.098743,416,39,0.03360055956521256,0.05869307368993759
25037,JG034,371,GC55 - HEX,2.0,False,P11,100.0,HEX,,STANDARD,,20.933344,417,39,0.7560878993818722,0.8271079659461975
25038,JG034,371,GC55 - FAM,2.0,False,P11,100.0,FAM,,STANDARD,,38.098743,416,40,0.03671219703169838,0.0643671452999115
25039,JG034,371,GC55 - HEX,2.0,False,P11,100.0,HEX,,STANDARD,,20.933344,417,40,0.7633681989406395,0.8347226977348328
25040,JG034,371,GC55 - FAM,2.0,False,P11,100.0,FAM,,STANDARD,,38.098743,416,41,0.03901215656007965,0.0685492530465126
25041,JG034,371,GC55 - HEX,2.0,False,P11,100.0,HEX,,STANDARD,,20.933344,417,41,0.7706399501606472,0.842327892780304
25042,JG034,371,GC55 - FAM,2.0,False,P11,100.0,FAM,,STANDARD,,38.098743,416,42,0.042310119040841726,0.0745658203959465
25043,JG034,371,GC55 - HEX,2.0,False,P11,100.0,HEX,,STANDARD,,20.933344,417,42,0.7799826432993797,0.8522434830665588
25044,JG034,371,GC55 - FAM,2.0,False,P11,100.0,FAM,,STANDARD,,38.098743,416,43,0.04526121088503697,0.07994478940963745
25045,JG034,371,GC55 - HEX,2.0,False,P11,100.0,HEX,,STANDARD,,20.933344,417,43,0.7856845989604389,0.8580973744392395
25046,JG034,371,GC55 - FAM,2.0,False,P11,100.0,FAM,,STANDARD,,38.098743,416,44,0.04722662200195146,0.08351195603609085
25047,JG034,371,GC55 - HEX,2.0,False,P11,100.0,HEX,,STANDARD,,20.933344,417,44,0.7895678955504132,0.8619223833084106
25048,JG034,371,GC55 - FAM,2.0,False,P11,100.0,FAM,,STANDARD,,38.098743,416,45,0.04968333320436882,0.0879821926355362
25049,JG034,371,GC55 - HEX,2.0,False,P11,100.0,HEX,,STANDARD,,20.933344,417,45,0.7957642657544752,0.8683278560638428
25050,JG034,371,GC55 - FAM,2.0,False,P11,100.0,FAM,,STANDARD,,38.098743,416,46,0.05225623001871653,0.09266599267721176
25051,JG034,371,GC55 - HEX,2.0,False,P11,100.0,HEX,,STANDARD,,20.933344,417,46,0.8029801322098428,0.8758707046508789
25052,JG034,371,GC55 - FAM,2.0,False,P11,100.0,FAM,,STANDARD,,38.098743,416,47,0.05494623661187709,0.09756505489349365
25053,JG034,371,GC55 - HEX,2.0,False,P11,100.0,HEX,,STANDARD,,20.933344,417,47,0.8094934320734134,0.8826297521591187
25054,JG034,371,GC55 - FAM,2.0,False,P11,100.0,FAM,,STANDARD,,38.098743,416,48,0.05792641539269012,0.10299748927354813
25055,JG034,371,GC55 - HEX,2.0,False,P11,100.0,HEX,,STANDARD,,20.933344,417,48,0.8147891279349271,0.8880304098129272
25056,JG034,371,GC55 - FAM,2.0,False,P11,100.0,FAM,,STANDARD,,38.098743,416,49,0.06067183957189282,0.10799842327833176
25057,JG034,371,GC55 - HEX,2.0,False,P11,100.0,HEX,,STANDARD,,20.933344,417,49,0.8210069758401224,0.8944599032402039
25058,JG034,371,GC55 - FAM,2.0,False,P11,100.0,FAM,,STANDARD,,38.098743,416,50,0.0637873844808117,0.1136796772480011
25059,JG034,371,GC55 - HEX,2.0,False,P11,100.0,HEX,,STANDARD,,20.933344,417,50,0.8249958444137766,0.8984026312828064
