,Experiment,Well,Target,lg10_Copies,Outlier,WellPosition,Copies,Reporter,Sample,Task,Comments,CT,Reaction,Cycle,Fluorescence,Corr_Fluorescence,S036.5,S057.3.2,S057.4.2,lg10 S036.5,lg10 S057.3.2,lg10 S057.4.2
5760,JG071B,17,FAM,-inf,False,A17,0.0,FAM,JG071B.128,UNKNOWN,,22.250334,32,1,-0.0018704539642540408,0.00121539575047791,100000000,1000000,10000,8.0,6.0,4.0
5761,JG071B,17,HEX,-inf,False,A17,0.0,HEX,JG071B.128,UNKNOWN,,30.018217,33,1,0.0033694338699925895,0.0016035799635574222,100000000,1000000,10000,8.0,6.0,4.0
5762,JG071B,17,FAM,-inf,False,A17,0.0,FAM,JG071B.128,UNKNOWN,,22.250334,32,2,-0.0014798547637578678,0.0010962013620883226,100000000,1000000,10000,8.0,6.0,4.0
5763,JG071B,17,HEX,-inf,False,A17,0.0,HEX,JG071B.128,UNKNOWN,,30.018217,33,2,0.0031545344891987185,0.001076649990864098,100000000,1000000,10000,8.0,6.0,4.0
5764,JG071B,17,FAM,-inf,False,A17,0.0,FAM,JG071B.128,UNKNOWN,,22.250334,32,3,-0.0010026454908823917,0.0011100146220996976,100000000,1000000,10000,8.0,6.0,4.0
5765,JG071B,17,HEX,-inf,False,A17,0.0,HEX,JG071B.128,UNKNOWN,,30.018217,33,3,0.0020086202707314685,0.00138540705665946,100000000,1000000,10000,8.0,6.0,4.0
5766,JG071B,17,FAM,-inf,False,A17,0.0,FAM,JG071B.128,UNKNOWN,,22.250334,32,4,-0.0007060501421911354,0.0008464577840641141,100000000,1000000,10000,8.0,6.0,4.0
5767,JG071B,17,HEX,-inf,False,A17,0.0,HEX,JG071B.128,UNKNOWN,,30.018217,33,4,0.0008003528599689862,0.001750132767483592,100000000,1000000,10000,8.0,6.0,4.0
5768,JG071B,17,FAM,-inf,False,A17,0.0,FAM,JG071B.128,UNKNOWN,,22.250334,32,5,-0.0003593963839765961,0.0006597760366275907,100000000,1000000,10000,8.0,6.0,4.0
5769,JG071B,17,HEX,-inf,False,A17,0.0,HEX,JG071B.128,UNKNOWN,,30.018217,33,5,0.0013206600359320232,0.0005632751854136586,100000000,1000000,10000,8.0,6.0,4.0
5770,JG071B,17,FAM,-inf,False,A17,0.0,FAM,JG071B.128,UNKNOWN,,22.250334,32,6,-0.000415024385875604,-0.000144692967296578,100000000,1000000,10000,8.0,6.0,4.0
5771,JG071B,17,HEX,-inf,False,A17,0.0,HEX,JG071B.128,UNKNOWN,,30.018217,33,6,0.0009411621722821276,0.00018409026961307973,100000000,1000000,10000,8.0,6.0,4.0
5772,JG071B,17,FAM,-inf,False,A17,0.0,FAM,JG071B.128,UNKNOWN,,22.250334,32,7,-6.438264427008403e-05,-0.00032525035203434527,100000000,1000000,10000,8.0,6.0,4.0
5773,JG071B,17,HEX,-inf,False,A17,0.0,HEX,JG071B.128,UNKNOWN,,30.018217,33,7,-0.0006437809395396778,0.0008869234006851912,100000000,1000000,10000,8.0,6.0,4.0
5774,JG071B,17,FAM,-inf,False,A17,0.0,FAM,JG071B.128,UNKNOWN,,22.250334,32,8,0.0005508050320597599,-9.954249253496528e-05,100000000,1000000,10000,8.0,6.0,4.0
5775,JG071B,17,HEX,-inf,False,A17,0.0,HEX,JG071B.128,UNKNOWN,,30.018217,33,8,-0.0009389127426878774,0.0004320107982493937,100000000,1000000,10000,8.0,6.0,4.0
5776,JG071B,17,FAM,-inf,False,A17,0.0,FAM,JG071B.128,UNKNOWN,,22.250334,32,9,0.0007357853614165862,-0.0005345073877833784,100000000,1000000,10000,8.0,6.0,4.0
5777,JG071B,17,HEX,-inf,False,A17,0.0,HEX,JG071B.128,UNKNOWN,,30.018217,33,9,-0.0010910771091889684,-0.00015123060438781977,100000000,1000000,10000,8.0,6.0,4.0
5778,JG071B,17,FAM,-inf,False,A17,0.0,FAM,JG071B.128,UNKNOWN,,22.250334,32,10,0.001260908653719465,-0.00044711213558912277,100000000,1000000,10000,8.0,6.0,4.0
5779,JG071B,17,HEX,-inf,False,A17,0.0,HEX,JG071B.128,UNKNOWN,,30.018217,33,10,-0.002397024547498082,0.0003011735971085727,100000000,1000000,10000,8.0,6.0,4.0
5780,JG071B,17,FAM,-inf,False,A17,0.0,FAM,JG071B.128,UNKNOWN,,22.250334,32,11,0.001839263276637721,-0.000277969054877758,100000000,1000000,10000,8.0,6.0,4.0
5781,JG071B,17,HEX,-inf,False,A17,0.0,HEX,JG071B.128,UNKNOWN,,30.018217,33,11,-0.002877124207023671,1.2289744518056978e-05,100000000,1000000,10000,8.0,6.0,4.0
5782,JG071B,17,FAM,-inf,False,A17,0.0,FAM,JG071B.128,UNKNOWN,,22.250334,32,12,0.0022604661258325636,-0.0003501652099657804,100000000,1000000,10000,8.0,6.0,4.0
5783,JG071B,17,HEX,-inf,False,A17,0.0,HEX,JG071B.128,UNKNOWN,,30.018217,33,12,-0.003033139995413073,-0.000567494600545615,100000000,1000000,10000,8.0,6.0,4.0
5784,JG071B,17,FAM,-inf,False,A17,0.0,FAM,JG071B.128,UNKNOWN,,22.250334,32,13,0.0025521516944852886,-0.0006212620646692812,100000000,1000000,10000,8.0,6.0,4.0
5785,JG071B,17,HEX,-inf,False,A17,0.0,HEX,JG071B.128,UNKNOWN,,30.018217,33,13,-0.004467678442113791,3.3401525456611125e-07,100000000,1000000,10000,8.0,6.0,4.0
5786,JG071B,17,FAM,-inf,False,A17,0.0,FAM,JG071B.128,UNKNOWN,,22.250334,32,14,0.0023443690270048504,-0.0016593962209299207,100000000,1000000,10000,8.0,6.0,4.0
5787,JG071B,17,HEX,-inf,False,A17,0.0,HEX,JG071B.128,UNKNOWN,,30.018217,33,14,-0.004998958850267229,-0.0002426095597911626,100000000,1000000,10000,8.0,6.0,4.0
5788,JG071B,17,FAM,-inf,False,A17,0.0,FAM,JG071B.128,UNKNOWN,,22.250334,32,15,0.0023897408283095356,-0.002308758907020092,100000000,1000000,10000,8.0,6.0,4.0
5789,JG071B,17,HEX,-inf,False,A17,0.0,HEX,JG071B.128,UNKNOWN,,30.018217,33,15,-0.004898141241958138,-0.001052929786965251,100000000,1000000,10000,8.0,6.0,4.0
5790,JG071B,17,FAM,-inf,False,A17,0.0,FAM,JG071B.128,UNKNOWN,,22.250334,32,16,0.003411586373048139,-0.0014585434691980481,100000000,1000000,10000,8.0,6.0,4.0
5791,JG071B,17,HEX,-inf,False,A17,0.0,HEX,JG071B.128,UNKNOWN,,30.018217,33,16,-0.005624599094684273,-0.0011206803610548377,100000000,1000000,10000,8.0,6.0,4.0
5792,JG071B,17,FAM,-inf,False,A17,0.0,FAM,JG071B.128,UNKNOWN,,22.250334,32,17,0.005645643024928387,0.0012532741529867053,100000000,1000000,10000,8.0,6.0,4.0
5793,JG071B,17,HEX,-inf,False,A17,0.0,HEX,JG071B.128,UNKNOWN,,30.018217,33,17,-0.005811741676352045,-0.001672525075264275,100000000,1000000,10000,8.0,6.0,4.0
5794,JG071B,17,FAM,-inf,False,A17,0.0,FAM,JG071B.128,UNKNOWN,,22.250334,32,18,0.008135338144980842,0.004357677884399891,100000000,1000000,10000,8.0,6.0,4.0
5795,JG071B,17,HEX,-inf,False,A17,0.0,HEX,JG071B.128,UNKNOWN,,30.018217,33,18,-0.0060986726070311695,-0.0021347987931221724,100000000,1000000,10000,8.0,6.0,4.0
5796,JG071B,17,FAM,-inf,False,A17,0.0,FAM,JG071B.128,UNKNOWN,,22.250334,32,19,0.011050097957025244,0.008114856667816639,100000000,1000000,10000,8.0,6.0,4.0
5797,JG071B,17,HEX,-inf,False,A17,0.0,HEX,JG071B.128,UNKNOWN,,30.018217,33,19,-0.006973775423498387,-0.002069124486297369,100000000,1000000,10000,8.0,6.0,4.0
5798,JG071B,17,FAM,-inf,False,A17,0.0,FAM,JG071B.128,UNKNOWN,,22.250334,32,20,0.01584989310081954,0.014766898937523365,100000000,1000000,10000,8.0,6.0,4.0
5799,JG071B,17,HEX,-inf,False,A17,0.0,HEX,JG071B.128,UNKNOWN,,30.018217,33,20,-0.00821575937674,-0.0016741344006732106,100000000,1000000,10000,8.0,6.0,4.0
5800,JG071B,17,FAM,-inf,False,A17,0.0,FAM,JG071B.128,UNKNOWN,,22.250334,32,21,0.02227398126570088,0.02391337975859642,100000000,1000000,10000,8.0,6.0,4.0
5801,JG071B,17,HEX,-inf,False,A17,0.0,HEX,JG071B.128,UNKNOWN,,30.018217,33,21,-0.00928935982906294,-0.0014302869094535708,100000000,1000000,10000,8.0,6.0,4.0
5802,JG071B,17,FAM,-inf,False,A17,0.0,FAM,JG071B.128,UNKNOWN,,22.250334,32,22,0.03115678248015438,0.03683572635054588,100000000,1000000,10000,8.0,6.0,4.0
5803,JG071B,17,HEX,-inf,False,A17,0.0,HEX,JG071B.128,UNKNOWN,,30.018217,33,22,-0.010309521802685573,-0.0012344061397016048,100000000,1000000,10000,8.0,6.0,4.0
5804,JG071B,17,FAM,-inf,False,A17,0.0,FAM,JG071B.128,UNKNOWN,,22.250334,32,23,0.0408244304697,0.05096336826682091,100000000,1000000,10000,8.0,6.0,4.0
5805,JG071B,17,HEX,-inf,False,A17,0.0,HEX,JG071B.128,UNKNOWN,,30.018217,33,23,-0.010874651560969463,-0.001446966198273003,100000000,1000000,10000,8.0,6.0,4.0
5806,JG071B,17,FAM,-inf,False,A17,0.0,FAM,JG071B.128,UNKNOWN,,22.250334,32,24,0.051430098727792785,0.06653153896331787,100000000,1000000,10000,8.0,6.0,4.0
5807,JG071B,17,HEX,-inf,False,A17,0.0,HEX,JG071B.128,UNKNOWN,,30.018217,33,24,-0.012539793893232766,-0.0006721456302329898,100000000,1000000,10000,8.0,6.0,4.0
5808,JG071B,17,FAM,-inf,False,A17,0.0,FAM,JG071B.128,UNKNOWN,,22.250334,32,25,0.06283132600833449,0.0833214521408081,100000000,1000000,10000,8.0,6.0,4.0
5809,JG071B,17,HEX,-inf,False,A17,0.0,HEX,JG071B.128,UNKNOWN,,30.018217,33,25,-0.015043782553152642,0.0008556306711398065,100000000,1000000,10000,8.0,6.0,4.0
5810,JG071B,17,FAM,-inf,False,A17,0.0,FAM,JG071B.128,UNKNOWN,,22.250334,32,26,0.07352203243294445,0.09902021288871765,100000000,1000000,10000,8.0,6.0,4.0
5811,JG071B,17,HEX,-inf,False,A17,0.0,HEX,JG071B.128,UNKNOWN,,30.018217,33,26,-0.01865759495229327,0.0033795943018049,100000000,1000000,10000,8.0,6.0,4.0
5812,JG071B,17,FAM,-inf,False,A17,0.0,FAM,JG071B.128,UNKNOWN,,22.250334,32,27,0.08482042602010996,0.11565220355987549,100000000,1000000,10000,8.0,6.0,4.0
5813,JG071B,17,HEX,-inf,False,A17,0.0,HEX,JG071B.128,UNKNOWN,,30.018217,33,27,-0.02206520687180156,0.005718470551073551,100000000,1000000,10000,8.0,6.0,4.0
5814,JG071B,17,FAM,-inf,False,A17,0.0,FAM,JG071B.128,UNKNOWN,,22.250334,32,28,0.09537948047720451,0.1311487853527069,100000000,1000000,10000,8.0,6.0,4.0
5815,JG071B,17,HEX,-inf,False,A17,0.0,HEX,JG071B.128,UNKNOWN,,30.018217,33,28,-0.02914539857616004,0.011353885754942894,100000000,1000000,10000,8.0,6.0,4.0
5816,JG071B,17,FAM,-inf,False,A17,0.0,FAM,JG071B.128,UNKNOWN,,22.250334,32,29,0.10456503852320395,0.1445360779762268,100000000,1000000,10000,8.0,6.0,4.0
5817,JG071B,17,HEX,-inf,False,A17,0.0,HEX,JG071B.128,UNKNOWN,,30.018217,33,29,-0.043498402882161766,0.023517441004514694,100000000,1000000,10000,8.0,6.0,4.0
5818,JG071B,17,FAM,-inf,False,A17,0.0,FAM,JG071B.128,UNKNOWN,,22.250334,32,30,0.11400815625565154,0.1583189070224762,100000000,1000000,10000,8.0,6.0,4.0
5819,JG071B,17,HEX,-inf,False,A17,0.0,HEX,JG071B.128,UNKNOWN,,30.018217,33,30,-0.06229603105205577,0.03967052698135376,100000000,1000000,10000,8.0,6.0,4.0
5820,JG071B,17,FAM,-inf,False,A17,0.0,FAM,JG071B.128,UNKNOWN,,22.250334,32,31,0.12274725422431325,0.17102056741714478,100000000,1000000,10000,8.0,6.0,4.0
5821,JG071B,17,HEX,-inf,False,A17,0.0,HEX,JG071B.128,UNKNOWN,,30.018217,33,31,-0.08740109300614032,0.06148522347211838,100000000,1000000,10000,8.0,6.0,4.0
5822,JG071B,17,FAM,-inf,False,A17,0.0,FAM,JG071B.128,UNKNOWN,,22.250334,32,32,0.13065256286745922,0.18244177103042603,100000000,1000000,10000,8.0,6.0,4.0
5823,JG071B,17,HEX,-inf,False,A17,0.0,HEX,JG071B.128,UNKNOWN,,30.018217,33,32,-0.11994215496342886,0.0899745300412178,100000000,1000000,10000,8.0,6.0,4.0
5824,JG071B,17,FAM,-inf,False,A17,0.0,FAM,JG071B.128,UNKNOWN,,22.250334,32,33,0.1371477361085506,0.19169741868972778,100000000,1000000,10000,8.0,6.0,4.0
5825,JG071B,17,HEX,-inf,False,A17,0.0,HEX,JG071B.128,UNKNOWN,,30.018217,33,33,-0.1584684925447159,0.12383627891540527,100000000,1000000,10000,8.0,6.0,4.0
5826,JG071B,17,FAM,-inf,False,A17,0.0,FAM,JG071B.128,UNKNOWN,,22.250334,32,34,0.14276293316052266,0.1996016800403595,100000000,1000000,10000,8.0,6.0,4.0
5827,JG071B,17,HEX,-inf,False,A17,0.0,HEX,JG071B.128,UNKNOWN,,30.018217,33,34,-0.1987841144103386,0.15930409729480743,100000000,1000000,10000,8.0,6.0,4.0
5828,JG071B,17,FAM,-inf,False,A17,0.0,FAM,JG071B.128,UNKNOWN,,22.250334,32,35,0.14779528304380998,0.20661085844039917,100000000,1000000,10000,8.0,6.0,4.0
5829,JG071B,17,HEX,-inf,False,A17,0.0,HEX,JG071B.128,UNKNOWN,,30.018217,33,35,-0.24144528540785518,0.19687731564044952,100000000,1000000,10000,8.0,6.0,4.0
5830,JG071B,17,FAM,-inf,False,A17,0.0,FAM,JG071B.128,UNKNOWN,,22.250334,32,36,0.15181414177092228,0.21206361055374146,100000000,1000000,10000,8.0,6.0,4.0
5831,JG071B,17,HEX,-inf,False,A17,0.0,HEX,JG071B.128,UNKNOWN,,30.018217,33,36,-0.2855833770938003,0.23577621579170227,100000000,1000000,10000,8.0,6.0,4.0
5832,JG071B,17,FAM,-inf,False,A17,0.0,FAM,JG071B.128,UNKNOWN,,22.250334,32,37,0.15646512012331154,0.21848711371421814,100000000,1000000,10000,8.0,6.0,4.0
5833,JG071B,17,HEX,-inf,False,A17,0.0,HEX,JG071B.128,UNKNOWN,,30.018217,33,37,-0.32947507738463205,0.2744539678096771,100000000,1000000,10000,8.0,6.0,4.0
5834,JG071B,17,FAM,-inf,False,A17,0.0,FAM,JG071B.128,UNKNOWN,,22.250334,32,38,0.16082496598503662,0.22446352243423462,100000000,1000000,10000,8.0,6.0,4.0
5835,JG071B,17,HEX,-inf,False,A17,0.0,HEX,JG071B.128,UNKNOWN,,30.018217,33,38,-0.3700270636676934,0.3101339340209961,100000000,1000000,10000,8.0,6.0,4.0
5836,JG071B,17,FAM,-inf,False,A17,0.0,FAM,JG071B.128,UNKNOWN,,22.250334,32,39,0.16441287022473525,0.22925445437431335,100000000,1000000,10000,8.0,6.0,4.0
5837,JG071B,17,HEX,-inf,False,A17,0.0,HEX,JG071B.128,UNKNOWN,,30.018217,33,39,-0.4076524009405056,0.3431869447231293,100000000,1000000,10000,8.0,6.0,4.0
5838,JG071B,17,FAM,-inf,False,A17,0.0,FAM,JG071B.128,UNKNOWN,,22.250334,32,40,0.16756446385334184,0.23337534070014954,100000000,1000000,10000,8.0,6.0,4.0
5839,JG071B,17,HEX,-inf,False,A17,0.0,HEX,JG071B.128,UNKNOWN,,30.018217,33,40,-0.4435489146122461,0.37468814849853516,100000000,1000000,10000,8.0,6.0,4.0
5840,JG071B,17,FAM,-inf,False,A17,0.0,FAM,JG071B.128,UNKNOWN,,22.250334,32,41,0.17043513267626553,0.23706480860710144,100000000,1000000,10000,8.0,6.0,4.0
5841,JG071B,17,HEX,-inf,False,A17,0.0,HEX,JG071B.128,UNKNOWN,,30.018217,33,41,-0.4751175589465619,0.40230458974838257,100000000,1000000,10000,8.0,6.0,4.0
5842,JG071B,17,FAM,-inf,False,A17,0.0,FAM,JG071B.128,UNKNOWN,,22.250334,32,42,0.17431688628095798,0.24230700731277466,100000000,1000000,10000,8.0,6.0,4.0
5843,JG071B,17,HEX,-inf,False,A17,0.0,HEX,JG071B.128,UNKNOWN,,30.018217,33,42,-0.5013325276446493,0.42511555552482605,100000000,1000000,10000,8.0,6.0,4.0
5844,JG071B,17,FAM,-inf,False,A17,0.0,FAM,JG071B.128,UNKNOWN,,22.250334,32,43,0.1785987384431777,0.248163640499115,100000000,1000000,10000,8.0,6.0,4.0
5845,JG071B,17,HEX,-inf,False,A17,0.0,HEX,JG071B.128,UNKNOWN,,30.018217,33,43,-0.5271571082516785,0.447576105594635,100000000,1000000,10000,8.0,6.0,4.0
5846,JG071B,17,FAM,-inf,False,A17,0.0,FAM,JG071B.128,UNKNOWN,,22.250334,32,44,0.18258163739791294,0.2535611689090729,100000000,1000000,10000,8.0,6.0,4.0
5847,JG071B,17,HEX,-inf,False,A17,0.0,HEX,JG071B.128,UNKNOWN,,30.018217,33,44,-0.5476503249079011,0.4652511477470398,100000000,1000000,10000,8.0,6.0,4.0
5848,JG071B,17,FAM,-inf,False,A17,0.0,FAM,JG071B.128,UNKNOWN,,22.250334,32,45,0.18760645765805817,0.2605587840080261,100000000,1000000,10000,8.0,6.0,4.0
5849,JG071B,17,HEX,-inf,False,A17,0.0,HEX,JG071B.128,UNKNOWN,,30.018217,33,45,-0.5658300986819368,0.48084965348243713,100000000,1000000,10000,8.0,6.0,4.0
5850,JG071B,17,FAM,-inf,False,A17,0.0,FAM,JG071B.128,UNKNOWN,,22.250334,32,46,0.1924952789517606,0.2673475444316864,100000000,1000000,10000,8.0,6.0,4.0
5851,JG071B,17,HEX,-inf,False,A17,0.0,HEX,JG071B.128,UNKNOWN,,30.018217,33,46,-0.5823034269441483,0.4949164390563965,100000000,1000000,10000,8.0,6.0,4.0
5852,JG071B,17,FAM,-inf,False,A17,0.0,FAM,JG071B.128,UNKNOWN,,22.250334,32,47,0.19786665593889433,0.2748773694038391,100000000,1000000,10000,8.0,6.0,4.0
5853,JG071B,17,HEX,-inf,False,A17,0.0,HEX,JG071B.128,UNKNOWN,,30.018217,33,47,-0.5941140113761291,0.5047978758811951,100000000,1000000,10000,8.0,6.0,4.0
5854,JG071B,17,FAM,-inf,False,A17,0.0,FAM,JG071B.128,UNKNOWN,,22.250334,32,48,0.2038598090226072,0.2833620607852936,100000000,1000000,10000,8.0,6.0,4.0
5855,JG071B,17,HEX,-inf,False,A17,0.0,HEX,JG071B.128,UNKNOWN,,30.018217,33,48,-0.6049598146250882,0.5138133764266968,100000000,1000000,10000,8.0,6.0,4.0
5856,JG071B,17,FAM,-inf,False,A17,0.0,FAM,JG071B.128,UNKNOWN,,22.250334,32,49,0.2104238550279545,0.29272347688674927,100000000,1000000,10000,8.0,6.0,4.0
5857,JG071B,17,HEX,-inf,False,A17,0.0,HEX,JG071B.128,UNKNOWN,,30.018217,33,49,-0.6130422226691845,0.5203483700752258,100000000,1000000,10000,8.0,6.0,4.0
5858,JG071B,17,FAM,-inf,False,A17,0.0,FAM,JG071B.128,UNKNOWN,,22.250334,32,50,0.21673049659681531,0.30168959498405457,100000000,1000000,10000,8.0,6.0,4.0
5859,JG071B,17,HEX,-inf,False,A17,0.0,HEX,JG071B.128,UNKNOWN,,30.018217,33,50,-0.6220603270206634,0.5277232527732849,100000000,1000000,10000,8.0,6.0,4.0
5940,JG071B,41,FAM,-inf,False,B17,0.0,FAM,JG071B.128,UNKNOWN,,24.747463,76,1,-0.0026709894757094054,0.0005689753452315927,100000000,1000000,10000,8.0,6.0,4.0
5941,JG071B,41,HEX,-inf,False,B17,0.0,HEX,JG071B.128,UNKNOWN,,31.340794,77,1,0.0037166158968608806,-0.0008013665210455656,100000000,1000000,10000,8.0,6.0,4.0
5942,JG071B,41,FAM,-inf,False,B17,0.0,FAM,JG071B.128,UNKNOWN,,24.747463,76,2,-0.0018657079244094826,0.0009887585183605552,100000000,1000000,10000,8.0,6.0,4.0
5943,JG071B,41,HEX,-inf,False,B17,0.0,HEX,JG071B.128,UNKNOWN,,31.340794,77,2,0.0027587075097949896,-0.0003531391848810017,100000000,1000000,10000,8.0,6.0,4.0
5944,JG071B,41,FAM,-inf,False,B17,0.0,FAM,JG071B.128,UNKNOWN,,24.747463,76,3,-0.0014214698621484892,0.0008540842682123184,100000000,1000000,10000,8.0,6.0,4.0
5945,JG071B,41,HEX,-inf,False,B17,0.0,HEX,JG071B.128,UNKNOWN,,31.340794,77,3,0.0015436171059458885,0.0003259369113948196,100000000,1000000,10000,8.0,6.0,4.0
5946,JG071B,41,FAM,-inf,False,B17,0.0,FAM,JG071B.128,UNKNOWN,,24.747463,76,4,-0.0012014903695525697,0.000375014467863366,100000000,1000000,10000,8.0,6.0,4.0
5947,JG071B,41,HEX,-inf,False,B17,0.0,HEX,JG071B.128,UNKNOWN,,31.340794,77,4,0.000711062540770652,0.0006616455502808094,100000000,1000000,10000,8.0,6.0,4.0
5948,JG071B,41,FAM,-inf,False,B17,0.0,FAM,JG071B.128,UNKNOWN,,24.747463,76,5,-0.0007574657759889036,0.0002400124358246103,100000000,1000000,10000,8.0,6.0,4.0
5949,JG071B,41,HEX,-inf,False,B17,0.0,HEX,JG071B.128,UNKNOWN,,31.340794,77,5,0.0008231521984856168,0.000149433413753286,100000000,1000000,10000,8.0,6.0,4.0
5950,JG071B,41,FAM,-inf,False,B17,0.0,FAM,JG071B.128,UNKNOWN,,24.747463,76,6,-0.0005034768386596817,-0.0001868288090918213,100000000,1000000,10000,8.0,6.0,4.0
5951,JG071B,41,HEX,-inf,False,B17,0.0,HEX,JG071B.128,UNKNOWN,,31.340794,77,6,-0.0002898589243668436,0.0007368822698481381,100000000,1000000,10000,8.0,6.0,4.0
5952,JG071B,41,FAM,-inf,False,B17,0.0,FAM,JG071B.128,UNKNOWN,,24.747463,76,7,-0.00019226858732410214,-0.000525797950103879,100000000,1000000,10000,8.0,6.0,4.0
5953,JG071B,41,HEX,-inf,False,B17,0.0,HEX,JG071B.128,UNKNOWN,,31.340794,77,7,-0.0005890081589675049,0.0005938016693107784,100000000,1000000,10000,8.0,6.0,4.0
5954,JG071B,41,FAM,-inf,False,B17,0.0,FAM,JG071B.128,UNKNOWN,,24.747463,76,8,0.0009717374067119657,0.00044488112325780094,100000000,1000000,10000,8.0,6.0,4.0
5955,JG071B,41,HEX,-inf,False,B17,0.0,HEX,JG071B.128,UNKNOWN,,31.340794,77,8,-0.000780085167305663,0.00035371456760913134,100000000,1000000,10000,8.0,6.0,4.0
5956,JG071B,41,FAM,-inf,False,B17,0.0,FAM,JG071B.128,UNKNOWN,,24.747463,76,9,0.0014532451629018079,0.00036744229146279395,100000000,1000000,10000,8.0,6.0,4.0
5957,JG071B,41,HEX,-inf,False,B17,0.0,HEX,JG071B.128,UNKNOWN,,31.340794,77,9,-0.0006755821466724132,-0.0001516877528047189,100000000,1000000,10000,8.0,6.0,4.0
5958,JG071B,41,FAM,-inf,False,B17,0.0,FAM,JG071B.128,UNKNOWN,,24.747463,76,10,0.0016511888640599727,-0.00014546806050930172,100000000,1000000,10000,8.0,6.0,4.0
5959,JG071B,41,HEX,-inf,False,B17,0.0,HEX,JG071B.128,UNKNOWN,,31.340794,77,10,-0.0007432974478897326,-0.0005025053978897631,100000000,1000000,10000,8.0,6.0,4.0
5960,JG071B,41,FAM,-inf,False,B17,0.0,FAM,JG071B.128,UNKNOWN,,24.747463,76,11,0.002215794162245821,-9.529334784019738e-05,100000000,1000000,10000,8.0,6.0,4.0
5961,JG071B,41,HEX,-inf,False,B17,0.0,HEX,JG071B.128,UNKNOWN,,31.340794,77,11,-0.0016992303211422232,-5.6051336287055165e-05,100000000,1000000,10000,8.0,6.0,4.0
5962,JG071B,41,FAM,-inf,False,B17,0.0,FAM,JG071B.128,UNKNOWN,,24.747463,76,12,0.0027274301141266485,-0.0001264640741283074,100000000,1000000,10000,8.0,6.0,4.0
5963,JG071B,41,HEX,-inf,False,B17,0.0,HEX,JG071B.128,UNKNOWN,,31.340794,77,12,-0.0018393921961551746,-0.0003418403211981058,100000000,1000000,10000,8.0,6.0,4.0
5964,JG071B,41,FAM,-inf,False,B17,0.0,FAM,JG071B.128,UNKNOWN,,24.747463,76,13,0.0033593362707062726,2.7065096219303086e-05,100000000,1000000,10000,8.0,6.0,4.0
5965,JG071B,41,HEX,-inf,False,B17,0.0,HEX,JG071B.128,UNKNOWN,,31.340794,77,13,-0.0018138433242322878,-0.0007763727335259318,100000000,1000000,10000,8.0,6.0,4.0
5966,JG071B,41,FAM,-inf,False,B17,0.0,FAM,JG071B.128,UNKNOWN,,24.747463,76,14,0.0031633137878240548,-0.001090862206183374,100000000,1000000,10000,8.0,6.0,4.0
5967,JG071B,41,HEX,-inf,False,B17,0.0,HEX,JG071B.128,UNKNOWN,,31.340794,77,14,-0.0030581348104156045,-7.108547288225964e-05,100000000,1000000,10000,8.0,6.0,4.0
5968,JG071B,41,FAM,-inf,False,B17,0.0,FAM,JG071B.128,UNKNOWN,,24.747463,76,15,0.0036145769108516415,-0.001214748015627265,100000000,1000000,10000,8.0,6.0,4.0
5969,JG071B,41,HEX,-inf,False,B17,0.0,HEX,JG071B.128,UNKNOWN,,31.340794,77,15,-0.004931403333255406,0.0011987769976258278,100000000,1000000,10000,8.0,6.0,4.0
5970,JG071B,41,FAM,-inf,False,B17,0.0,FAM,JG071B.128,UNKNOWN,,24.747463,76,16,0.0039750188062890116,-0.0014781085774302483,100000000,1000000,10000,8.0,6.0,4.0
5971,JG071B,41,HEX,-inf,False,B17,0.0,HEX,JG071B.128,UNKNOWN,,31.340794,77,16,-0.004474943435664963,0.00037745514418929815,100000000,1000000,10000,8.0,6.0,4.0
5972,JG071B,41,FAM,-inf,False,B17,0.0,FAM,JG071B.128,UNKNOWN,,24.747463,76,17,0.005019957782829401,-0.0006902816821821034,100000000,1000000,10000,8.0,6.0,4.0
5973,JG071B,41,HEX,-inf,False,B17,0.0,HEX,JG071B.128,UNKNOWN,,31.340794,77,17,-0.0036798240272058465,-0.0007478503976017237,100000000,1000000,10000,8.0,6.0,4.0
5974,JG071B,41,FAM,-inf,False,B17,0.0,FAM,JG071B.128,UNKNOWN,,24.747463,76,18,0.005814759961715069,-0.00028659182135015726,100000000,1000000,10000,8.0,6.0,4.0
5975,JG071B,41,HEX,-inf,False,B17,0.0,HEX,JG071B.128,UNKNOWN,,31.340794,77,18,-0.004010017050302803,-0.0008630657684989274,100000000,1000000,10000,8.0,6.0,4.0
5976,JG071B,41,FAM,-inf,False,B17,0.0,FAM,JG071B.128,UNKNOWN,,24.747463,76,19,0.006703032320662334,0.00026064092526212335,100000000,1000000,10000,8.0,6.0,4.0
5977,JG071B,41,HEX,-inf,False,B17,0.0,HEX,JG071B.128,UNKNOWN,,31.340794,77,19,-0.0038785706774077952,-0.0013926526298746467,100000000,1000000,10000,8.0,6.0,4.0
5978,JG071B,41,FAM,-inf,False,B17,0.0,FAM,JG071B.128,UNKNOWN,,24.747463,76,20,0.009195405502553987,0.003271303838118911,100000000,1000000,10000,8.0,6.0,4.0
5979,JG071B,41,HEX,-inf,False,B17,0.0,HEX,JG071B.128,UNKNOWN,,31.340794,77,20,-0.004091809962560153,-0.001612846739590168,100000000,1000000,10000,8.0,6.0,4.0
5980,JG071B,41,FAM,-inf,False,B17,0.0,FAM,JG071B.128,UNKNOWN,,24.747463,76,21,0.012398852618365925,0.007373968604952097,100000000,1000000,10000,8.0,6.0,4.0
5981,JG071B,41,HEX,-inf,False,B17,0.0,HEX,JG071B.128,UNKNOWN,,31.340794,77,21,-0.004980542164244194,-0.0012267126003280282,100000000,1000000,10000,8.0,6.0,4.0
5982,JG071B,41,FAM,-inf,False,B17,0.0,FAM,JG071B.128,UNKNOWN,,24.747463,76,22,0.017352335521113368,0.014164176769554615,100000000,1000000,10000,8.0,6.0,4.0
5983,JG071B,41,HEX,-inf,False,B17,0.0,HEX,JG071B.128,UNKNOWN,,31.340794,77,22,-0.006241882832665849,-0.0005061218398623168,100000000,1000000,10000,8.0,6.0,4.0
5984,JG071B,41,FAM,-inf,False,B17,0.0,FAM,JG071B.128,UNKNOWN,,24.747463,76,23,0.0225111753106898,0.021269753575325012,100000000,1000000,10000,8.0,6.0,4.0
5985,JG071B,41,HEX,-inf,False,B17,0.0,HEX,JG071B.128,UNKNOWN,,31.340794,77,23,-0.006424543156101537,-0.0007537638884969056,100000000,1000000,10000,8.0,6.0,4.0
5986,JG071B,41,FAM,-inf,False,B17,0.0,FAM,JG071B.128,UNKNOWN,,24.747463,76,24,0.029703964254647226,0.03149888291954994,100000000,1000000,10000,8.0,6.0,4.0
5987,JG071B,41,HEX,-inf,False,B17,0.0,HEX,JG071B.128,UNKNOWN,,31.340794,77,24,-0.0070400070142361045,-0.0006129177054390311,100000000,1000000,10000,8.0,6.0,4.0
5988,JG071B,41,FAM,-inf,False,B17,0.0,FAM,JG071B.128,UNKNOWN,,24.747463,76,25,0.03788043636213467,0.04323865845799446,100000000,1000000,10000,8.0,6.0,4.0
5989,JG071B,41,HEX,-inf,False,B17,0.0,HEX,JG071B.128,UNKNOWN,,31.340794,77,25,-0.008623954068673003,0.0003972472914028913,100000000,1000000,10000,8.0,6.0,4.0
5990,JG071B,41,FAM,-inf,False,B17,0.0,FAM,JG071B.128,UNKNOWN,,24.747463,76,26,0.046376839828180305,0.055469758808612823,100000000,1000000,10000,8.0,6.0,4.0
5991,JG071B,41,HEX,-inf,False,B17,0.0,HEX,JG071B.128,UNKNOWN,,31.340794,77,26,-0.010625033354952898,0.0017818337073549628,100000000,1000000,10000,8.0,6.0,4.0
5992,JG071B,41,FAM,-inf,False,B17,0.0,FAM,JG071B.128,UNKNOWN,,24.747463,76,27,0.05553264810027038,0.06871350854635239,100000000,1000000,10000,8.0,6.0,4.0
5993,JG071B,41,HEX,-inf,False,B17,0.0,HEX,JG071B.128,UNKNOWN,,31.340794,77,27,-0.01248387564666795,0.003038747003301978,100000000,1000000,10000,8.0,6.0,4.0
5994,JG071B,41,FAM,-inf,False,B17,0.0,FAM,JG071B.128,UNKNOWN,,24.747463,76,28,0.06436493485843812,0.08146043121814728,100000000,1000000,10000,8.0,6.0,4.0
5995,JG071B,41,HEX,-inf,False,B17,0.0,HEX,JG071B.128,UNKNOWN,,31.340794,77,28,-0.01792261458356752,0.0075090061873197556,100000000,1000000,10000,8.0,6.0,4.0
5996,JG071B,41,FAM,-inf,False,B17,0.0,FAM,JG071B.128,UNKNOWN,,24.747463,76,29,0.07290556515732095,0.0937594473361969,100000000,1000000,10000,8.0,6.0,4.0
5997,JG071B,41,HEX,-inf,False,B17,0.0,HEX,JG071B.128,UNKNOWN,,31.340794,77,29,-0.02485882619293757,0.013323410414159298,100000000,1000000,10000,8.0,6.0,4.0
5998,JG071B,41,FAM,-inf,False,B17,0.0,FAM,JG071B.128,UNKNOWN,,24.747463,76,30,0.08208605817332017,0.10704110562801361,100000000,1000000,10000,8.0,6.0,4.0
5999,JG071B,41,HEX,-inf,False,B17,0.0,HEX,JG071B.128,UNKNOWN,,31.340794,77,30,-0.03319788502321185,0.020397022366523743,100000000,1000000,10000,8.0,6.0,4.0
6000,JG071B,41,FAM,-inf,False,B17,0.0,FAM,JG071B.128,UNKNOWN,,24.747463,76,31,0.09114141972019509,0.12013060599565506,100000000,1000000,10000,8.0,6.0,4.0
6001,JG071B,41,HEX,-inf,False,B17,0.0,HEX,JG071B.128,UNKNOWN,,31.340794,77,31,-0.04805474495736922,0.033321067690849304,100000000,1000000,10000,8.0,6.0,4.0
6002,JG071B,41,FAM,-inf,False,B17,0.0,FAM,JG071B.128,UNKNOWN,,24.747463,76,32,0.09915761564848005,0.1316242516040802,100000000,1000000,10000,8.0,6.0,4.0
6003,JG071B,41,HEX,-inf,False,B17,0.0,HEX,JG071B.128,UNKNOWN,,31.340794,77,32,-0.07112600714007966,0.053618431091308594,100000000,1000000,10000,8.0,6.0,4.0
6004,JG071B,41,FAM,-inf,False,B17,0.0,FAM,JG071B.128,UNKNOWN,,24.747463,76,33,0.10610173296629623,0.1414714902639389,100000000,1000000,10000,8.0,6.0,4.0
6005,JG071B,41,HEX,-inf,False,B17,0.0,HEX,JG071B.128,UNKNOWN,,31.340794,77,33,-0.10017031004191065,0.07927724719047546,100000000,1000000,10000,8.0,6.0,4.0
6006,JG071B,41,FAM,-inf,False,B17,0.0,FAM,JG071B.128,UNKNOWN,,24.747463,76,34,0.11216562181380534,0.14996695518493652,100000000,1000000,10000,8.0,6.0,4.0
6007,JG071B,41,HEX,-inf,False,B17,0.0,HEX,JG071B.128,UNKNOWN,,31.340794,77,34,-0.13627297439041422,0.11127170920372009,100000000,1000000,10000,8.0,6.0,4.0
6008,JG071B,41,FAM,-inf,False,B17,0.0,FAM,JG071B.128,UNKNOWN,,24.747463,76,35,0.11764489752431546,0.15756462514400482,100000000,1000000,10000,8.0,6.0,4.0
6009,JG071B,41,HEX,-inf,False,B17,0.0,HEX,JG071B.128,UNKNOWN,,31.340794,77,35,-0.17713018585812418,0.14753389358520508,100000000,1000000,10000,8.0,6.0,4.0
6010,JG071B,41,FAM,-inf,False,B17,0.0,FAM,JG071B.128,UNKNOWN,,24.747463,76,36,0.12312120407930821,0.1651577353477478,100000000,1000000,10000,8.0,6.0,4.0
6011,JG071B,41,HEX,-inf,False,B17,0.0,HEX,JG071B.128,UNKNOWN,,31.340794,77,36,-0.22137864070231708,0.18684008717536926,100000000,1000000,10000,8.0,6.0,4.0
6012,JG071B,41,FAM,-inf,False,B17,0.0,FAM,JG071B.128,UNKNOWN,,24.747463,76,37,0.1282602300925236,0.17223288118839264,100000000,1000000,10000,8.0,6.0,4.0
6013,JG071B,41,HEX,-inf,False,B17,0.0,HEX,JG071B.128,UNKNOWN,,31.340794,77,37,-0.2659206004559295,0.22640973329544067,100000000,1000000,10000,8.0,6.0,4.0
6014,JG071B,41,FAM,-inf,False,B17,0.0,FAM,JG071B.128,UNKNOWN,,24.747463,76,38,0.13269337334241282,0.17822401225566864,100000000,1000000,10000,8.0,6.0,4.0
6015,JG071B,41,HEX,-inf,False,B17,0.0,HEX,JG071B.128,UNKNOWN,,31.340794,77,38,-0.3116862167069012,0.2670777440071106,100000000,1000000,10000,8.0,6.0,4.0
6016,JG071B,41,FAM,-inf,False,B17,0.0,FAM,JG071B.128,UNKNOWN,,24.747463,76,39,0.13636301668694267,0.18304261565208435,100000000,1000000,10000,8.0,6.0,4.0
6017,JG071B,41,HEX,-inf,False,B17,0.0,HEX,JG071B.128,UNKNOWN,,31.340794,77,39,-0.3541228099660339,0.30475759506225586,100000000,1000000,10000,8.0,6.0,4.0
6018,JG071B,41,FAM,-inf,False,B17,0.0,FAM,JG071B.128,UNKNOWN,,24.747463,76,40,0.14024847688447056,0.18819265067577362,100000000,1000000,10000,8.0,6.0,4.0
6019,JG071B,41,HEX,-inf,False,B17,0.0,HEX,JG071B.128,UNKNOWN,,31.340794,77,40,-0.39517172927842575,0.3411918580532074,100000000,1000000,10000,8.0,6.0,4.0
6020,JG071B,41,FAM,-inf,False,B17,0.0,FAM,JG071B.128,UNKNOWN,,24.747463,76,41,0.14430954419491807,0.19361236691474915,100000000,1000000,10000,8.0,6.0,4.0
6021,JG071B,41,HEX,-inf,False,B17,0.0,HEX,JG071B.128,UNKNOWN,,31.340794,77,41,-0.43278604351617833,0.3745431900024414,100000000,1000000,10000,8.0,6.0,4.0
6022,JG071B,41,FAM,-inf,False,B17,0.0,FAM,JG071B.128,UNKNOWN,,24.747463,76,42,0.1485529525853736,0.19931210577487946,100000000,1000000,10000,8.0,6.0,4.0
6023,JG071B,41,HEX,-inf,False,B17,0.0,HEX,JG071B.128,UNKNOWN,,31.340794,77,42,-0.46746557427503843,0.40526023507118225,100000000,1000000,10000,8.0,6.0,4.0
6024,JG071B,41,FAM,-inf,False,B17,0.0,FAM,JG071B.128,UNKNOWN,,24.747463,76,43,0.1515381764737813,0.20307964086532593,100000000,1000000,10000,8.0,6.0,4.0
6025,JG071B,41,HEX,-inf,False,B17,0.0,HEX,JG071B.128,UNKNOWN,,31.340794,77,43,-0.4990737952894479,0.43322044610977173,100000000,1000000,10000,8.0,6.0,4.0
6026,JG071B,41,FAM,-inf,False,B17,0.0,FAM,JG071B.128,UNKNOWN,,24.747463,76,44,0.15571162535024907,0.2086719572544098,100000000,1000000,10000,8.0,6.0,4.0
6027,JG071B,41,HEX,-inf,False,B17,0.0,HEX,JG071B.128,UNKNOWN,,31.340794,77,44,-0.5265796543583758,0.45749834179878235,100000000,1000000,10000,8.0,6.0,4.0
6028,JG071B,41,FAM,-inf,False,B17,0.0,FAM,JG071B.128,UNKNOWN,,24.747463,76,45,0.1597375479506184,0.2140377014875412,100000000,1000000,10000,8.0,6.0,4.0
6029,JG071B,41,HEX,-inf,False,B17,0.0,HEX,JG071B.128,UNKNOWN,,31.340794,77,45,-0.5526513900045135,0.48048895597457886,100000000,1000000,10000,8.0,6.0,4.0
6030,JG071B,41,FAM,-inf,False,B17,0.0,FAM,JG071B.128,UNKNOWN,,24.747463,76,46,0.16480987469904157,0.22101041674613953,100000000,1000000,10000,8.0,6.0,4.0
6031,JG071B,41,HEX,-inf,False,B17,0.0,HEX,JG071B.128,UNKNOWN,,31.340794,77,46,-0.5749881760725493,0.5001270771026611,100000000,1000000,10000,8.0,6.0,4.0
6032,JG071B,41,FAM,-inf,False,B17,0.0,FAM,JG071B.128,UNKNOWN,,24.747463,76,47,0.17017952453035146,0.22843973338603973,100000000,1000000,10000,8.0,6.0,4.0
6033,JG071B,41,HEX,-inf,False,B17,0.0,HEX,JG071B.128,UNKNOWN,,31.340794,77,47,-0.5893832638030634,0.5126366019248962,100000000,1000000,10000,8.0,6.0,4.0
6034,JG071B,41,FAM,-inf,False,B17,0.0,FAM,JG071B.128,UNKNOWN,,24.747463,76,48,0.1759142640528269,0.23642972111701965,100000000,1000000,10000,8.0,6.0,4.0
6035,JG071B,41,HEX,-inf,False,B17,0.0,HEX,JG071B.128,UNKNOWN,,31.340794,77,48,-0.6024875939703882,0.5239875912666321,100000000,1000000,10000,8.0,6.0,4.0
6036,JG071B,41,FAM,-inf,False,B17,0.0,FAM,JG071B.128,UNKNOWN,,24.747463,76,49,0.1826545963896762,0.24596400558948517,100000000,1000000,10000,8.0,6.0,4.0
6037,JG071B,41,HEX,-inf,False,B17,0.0,HEX,JG071B.128,UNKNOWN,,31.340794,77,49,-0.6165653378180707,0.5362122654914856,100000000,1000000,10000,8.0,6.0,4.0
6038,JG071B,41,FAM,-inf,False,B17,0.0,FAM,JG071B.128,UNKNOWN,,24.747463,76,50,0.18972339883297681,0.2560027241706848,100000000,1000000,10000,8.0,6.0,4.0
6039,JG071B,41,HEX,-inf,False,B17,0.0,HEX,JG071B.128,UNKNOWN,,31.340794,77,50,-0.6288750798075416,0.5468500256538391,100000000,1000000,10000,8.0,6.0,4.0
13680,JG071B,65,FAM,-inf,False,C17,0.0,FAM,JG071B.129,UNKNOWN,,22.635347,120,1,-0.0020196976930537337,0.0010223670396953821,10000000,1000000,10000,7.0,6.0,4.0
13681,JG071B,65,HEX,-inf,False,C17,0.0,HEX,JG071B.129,UNKNOWN,,31.005327,121,1,0.0016727621712578486,0.0031712267082184553,10000000,1000000,10000,7.0,6.0,4.0
13682,JG071B,65,FAM,-inf,False,C17,0.0,FAM,JG071B.129,UNKNOWN,,22.635347,120,2,-0.0017144665652433222,0.0007941817166283727,10000000,1000000,10000,7.0,6.0,4.0
13683,JG071B,65,HEX,-inf,False,C17,0.0,HEX,JG071B.129,UNKNOWN,,31.005327,121,2,0.001307574332037796,0.002829244825989008,10000000,1000000,10000,7.0,6.0,4.0
13684,JG071B,65,FAM,-inf,False,C17,0.0,FAM,JG071B.129,UNKNOWN,,22.635347,120,3,-0.0016753338717741613,0.0001573469053255394,10000000,1000000,10000,7.0,6.0,4.0
13685,JG071B,65,HEX,-inf,False,C17,0.0,HEX,JG071B.129,UNKNOWN,,31.005327,121,3,0.0012895456933709637,0.002175650093704462,10000000,1000000,10000,7.0,6.0,4.0
13686,JG071B,65,FAM,-inf,False,C17,0.0,FAM,JG071B.129,UNKNOWN,,22.635347,120,4,-0.0017415091679456656,-0.000641210179310292,10000000,1000000,10000,7.0,6.0,4.0
13687,JG071B,65,HEX,-inf,False,C17,0.0,HEX,JG071B.129,UNKNOWN,,31.005327,121,4,0.0013877237496100487,0.001417747000232339,10000000,1000000,10000,7.0,6.0,4.0
13688,JG071B,65,FAM,-inf,False,C17,0.0,FAM,JG071B.129,UNKNOWN,,22.635347,120,5,-0.0010673556155404212,-0.0003028384817298502,10000000,1000000,10000,7.0,6.0,4.0
13689,JG071B,65,HEX,-inf,False,C17,0.0,HEX,JG071B.129,UNKNOWN,,31.005327,121,5,0.0008685952415524861,0.0012139437021687627,10000000,1000000,10000,7.0,6.0,4.0
13690,JG071B,65,FAM,-inf,False,C17,0.0,FAM,JG071B.129,UNKNOWN,,22.635347,120,6,0.0006930139969702533,0.0017036437056958675,10000000,1000000,10000,7.0,6.0,4.0
13691,JG071B,65,HEX,-inf,False,C17,0.0,HEX,JG071B.129,UNKNOWN,,31.005327,121,6,0.00022993984730597999,0.0011174288811162114,10000000,1000000,10000,7.0,6.0,4.0
13692,JG071B,65,FAM,-inf,False,C17,0.0,FAM,JG071B.129,UNKNOWN,,22.635347,120,7,0.001001786764531779,0.0014808973064646125,10000000,1000000,10000,7.0,6.0,4.0
13693,JG071B,65,HEX,-inf,False,C17,0.0,HEX,JG071B.129,UNKNOWN,,31.005327,121,7,-0.00010556548184381826,0.0007488037808798254,10000000,1000000,10000,7.0,6.0,4.0
13694,JG071B,65,FAM,-inf,False,C17,0.0,FAM,JG071B.129,UNKNOWN,,22.635347,120,8,0.0009108782088381101,0.0006443571182899177,10000000,1000000,10000,7.0,6.0,4.0
13695,JG071B,65,HEX,-inf,False,C17,0.0,HEX,JG071B.129,UNKNOWN,,31.005327,121,8,-0.0006376427359051832,0.0005566233885474503,10000000,1000000,10000,7.0,6.0,4.0
13696,JG071B,65,FAM,-inf,False,C17,0.0,FAM,JG071B.129,UNKNOWN,,22.635347,120,9,0.0009703971629020407,3.882965029333718e-05,10000000,1000000,10000,7.0,6.0,4.0
13697,JG071B,65,HEX,-inf,False,C17,0.0,HEX,JG071B.129,UNKNOWN,,31.005327,121,9,-0.0009214858886910936,0.00014162594743538648,10000000,1000000,10000,7.0,6.0,4.0
13698,JG071B,65,FAM,-inf,False,C17,0.0,FAM,JG071B.129,UNKNOWN,,22.635347,120,10,0.0009081225220180651,-0.0007537371711805463,10000000,1000000,10000,7.0,6.0,4.0
13699,JG071B,65,HEX,-inf,False,C17,0.0,HEX,JG071B.129,UNKNOWN,,31.005327,121,10,-0.0021111104253993835,0.000539665634278208,10000000,1000000,10000,7.0,6.0,4.0
13700,JG071B,65,FAM,-inf,False,C17,0.0,FAM,JG071B.129,UNKNOWN,,22.635347,120,11,0.001325880762687851,-0.0008091137860901654,10000000,1000000,10000,7.0,6.0,4.0
13701,JG071B,65,HEX,-inf,False,C17,0.0,HEX,JG071B.129,UNKNOWN,,31.005327,121,11,-0.0019823700084000426,-0.0002456703514326364,10000000,1000000,10000,7.0,6.0,4.0
13702,JG071B,65,FAM,-inf,False,C17,0.0,FAM,JG071B.129,UNKNOWN,,22.635347,120,12,0.0015105214827534747,-0.0012224907986819744,10000000,1000000,10000,7.0,6.0,4.0
13703,JG071B,65,HEX,-inf,False,C17,0.0,HEX,JG071B.129,UNKNOWN,,31.005327,121,12,-0.002607512224124632,-0.00035431483411230147,10000000,1000000,10000,7.0,6.0,4.0
13704,JG071B,65,FAM,-inf,False,C17,0.0,FAM,JG071B.129,UNKNOWN,,22.635347,120,13,0.002234811069662848,-0.0008071247721090913,10000000,1000000,10000,7.0,6.0,4.0
13705,JG071B,65,HEX,-inf,False,C17,0.0,HEX,JG071B.129,UNKNOWN,,31.005327,121,13,-0.0036406395447074816,-9.674837201600894e-05,10000000,1000000,10000,7.0,6.0,4.0
13706,JG071B,65,FAM,-inf,False,C17,0.0,FAM,JG071B.129,UNKNOWN,,22.635347,120,14,0.0025948939495638043,-0.0009510738309472799,10000000,1000000,10000,7.0,6.0,4.0
13707,JG071B,65,HEX,-inf,False,C17,0.0,HEX,JG071B.129,UNKNOWN,,31.005327,121,14,-0.004226769512856513,-0.0002404105762252584,10000000,1000000,10000,7.0,6.0,4.0
13708,JG071B,65,FAM,-inf,False,C17,0.0,FAM,JG071B.129,UNKNOWN,,22.635347,120,15,0.0031270617088784885,-0.0008307508542202413,10000000,1000000,10000,7.0,6.0,4.0
13709,JG071B,65,HEX,-inf,False,C17,0.0,HEX,JG071B.129,UNKNOWN,,31.005327,121,15,-0.004191874302471908,-0.0009415103122591972,10000000,1000000,10000,7.0,6.0,4.0
13710,JG071B,65,FAM,-inf,False,C17,0.0,FAM,JG071B.129,UNKNOWN,,22.635347,120,16,0.0037145081576783717,-0.0006255359039641917,10000000,1000000,10000,7.0,6.0,4.0
13711,JG071B,65,HEX,-inf,False,C17,0.0,HEX,JG071B.129,UNKNOWN,,31.005327,121,16,-0.004365503705617764,-0.0014554365770891309,10000000,1000000,10000,7.0,6.0,4.0
13712,JG071B,65,FAM,-inf,False,C17,0.0,FAM,JG071B.129,UNKNOWN,,22.635347,120,17,0.004415558765946873,-0.0002458582166582346,10000000,1000000,10000,7.0,6.0,4.0
13713,JG071B,65,HEX,-inf,False,C17,0.0,HEX,JG071B.129,UNKNOWN,,31.005327,121,17,-0.004835410377904462,-0.0017034218180924654,10000000,1000000,10000,7.0,6.0,4.0
13714,JG071B,65,FAM,-inf,False,C17,0.0,FAM,JG071B.129,UNKNOWN,,22.635347,120,18,0.005712808039605682,0.0010494064772501588,10000000,1000000,10000,7.0,6.0,4.0
13715,JG071B,65,HEX,-inf,False,C17,0.0,HEX,JG071B.129,UNKNOWN,,31.005327,121,18,-0.005254982950340484,-0.001996587496250868,10000000,1000000,10000,7.0,6.0,4.0
13716,JG071B,65,FAM,-inf,False,C17,0.0,FAM,JG071B.129,UNKNOWN,,22.635347,120,19,0.006860668037625711,0.0021152528934180737,10000000,1000000,10000,7.0,6.0,4.0
13717,JG071B,65,HEX,-inf,False,C17,0.0,HEX,JG071B.129,UNKNOWN,,31.005327,121,19,-0.0061534931153530365,-0.0018598544411361217,10000000,1000000,10000,7.0,6.0,4.0
13718,JG071B,65,FAM,-inf,False,C17,0.0,FAM,JG071B.129,UNKNOWN,,22.635347,120,20,0.010347194052339036,0.00677260709926486,10000000,1000000,10000,7.0,6.0,4.0
13719,JG071B,65,HEX,-inf,False,C17,0.0,HEX,JG071B.129,UNKNOWN,,31.005327,121,20,-0.0059184899763404415,-0.0027405726723372936,10000000,1000000,10000,7.0,6.0,4.0
13720,JG071B,65,FAM,-inf,False,C17,0.0,FAM,JG071B.129,UNKNOWN,,22.635347,120,21,0.015825208356910404,0.01448830496519804,10000000,1000000,10000,7.0,6.0,4.0
13721,JG071B,65,HEX,-inf,False,C17,0.0,HEX,JG071B.129,UNKNOWN,,31.005327,121,21,-0.0053589215384556195,-0.003912623506039381,10000000,1000000,10000,7.0,6.0,4.0
13722,JG071B,65,FAM,-inf,False,C17,0.0,FAM,JG071B.129,UNKNOWN,,22.635347,120,22,0.025298328144455103,0.028339317068457603,10000000,1000000,10000,7.0,6.0,4.0
13723,JG071B,65,HEX,-inf,False,C17,0.0,HEX,JG071B.129,UNKNOWN,,31.005327,121,22,-0.0066233001819012444,-0.00344748399220407,10000000,1000000,10000,7.0,6.0,4.0
13724,JG071B,65,FAM,-inf,False,C17,0.0,FAM,JG071B.129,UNKNOWN,,22.635347,120,23,0.03808793642616922,0.047283489257097244,10000000,1000000,10000,7.0,6.0,4.0
13725,JG071B,65,HEX,-inf,False,C17,0.0,HEX,JG071B.129,UNKNOWN,,31.005327,121,23,-0.009310546799687751,-0.0017051659524440765,10000000,1000000,10000,7.0,6.0,4.0
13726,JG071B,65,FAM,-inf,False,C17,0.0,FAM,JG071B.129,UNKNOWN,,22.635347,120,24,0.05417321030094072,0.07128883898258209,10000000,1000000,10000,7.0,6.0,4.0
13727,JG071B,65,HEX,-inf,False,C17,0.0,HEX,JG071B.129,UNKNOWN,,31.005327,121,24,-0.009939938860254615,-0.0018099957378581166,10000000,1000000,10000,7.0,6.0,4.0
13728,JG071B,65,FAM,-inf,False,C17,0.0,FAM,JG071B.129,UNKNOWN,,22.635347,120,25,0.07228123592660614,0.0984005406498909,10000000,1000000,10000,7.0,6.0,4.0
13729,JG071B,65,HEX,-inf,False,C17,0.0,HEX,JG071B.129,UNKNOWN,,31.005327,121,25,-0.011694394338031322,-0.0009049589280039072,10000000,1000000,10000,7.0,6.0,4.0
13730,JG071B,65,FAM,-inf,False,C17,0.0,FAM,JG071B.129,UNKNOWN,,22.635347,120,26,0.09204442020636762,0.12805408239364624,10000000,1000000,10000,7.0,6.0,4.0
13731,JG071B,65,HEX,-inf,False,C17,0.0,HEX,JG071B.129,UNKNOWN,,31.005327,121,26,-0.015007447209799024,0.0013990883016958833,10000000,1000000,10000,7.0,6.0,4.0
13732,JG071B,65,FAM,-inf,False,C17,0.0,FAM,JG071B.129,UNKNOWN,,22.635347,120,27,0.11017051304632501,0.1551935374736786,10000000,1000000,10000,7.0,6.0,4.0
13733,JG071B,65,HEX,-inf,False,C17,0.0,HEX,JG071B.129,UNKNOWN,,31.005327,121,27,-0.020106547179401427,0.0053063067607581615,10000000,1000000,10000,7.0,6.0,4.0
13734,JG071B,65,FAM,-inf,False,C17,0.0,FAM,JG071B.129,UNKNOWN,,22.635347,120,28,0.12655768987785315,0.1796625256538391,10000000,1000000,10000,7.0,6.0,4.0
13735,JG071B,65,HEX,-inf,False,C17,0.0,HEX,JG071B.129,UNKNOWN,,31.005327,121,28,-0.024742580070760165,0.008797871880233288,10000000,1000000,10000,7.0,6.0,4.0
13736,JG071B,65,FAM,-inf,False,C17,0.0,FAM,JG071B.129,UNKNOWN,,22.635347,120,29,0.14225584797314395,0.2030733823776245,10000000,1000000,10000,7.0,6.0,4.0
13737,JG071B,65,HEX,-inf,False,C17,0.0,HEX,JG071B.129,UNKNOWN,,31.005327,121,29,-0.03159037498626323,0.014274734072387218,10000000,1000000,10000,7.0,6.0,4.0
13738,JG071B,65,FAM,-inf,False,C17,0.0,FAM,JG071B.129,UNKNOWN,,22.635347,120,30,0.15650133217687637,0.2242533415555954,10000000,1000000,10000,7.0,6.0,4.0
13739,JG071B,65,HEX,-inf,False,C17,0.0,HEX,JG071B.129,UNKNOWN,,31.005327,121,30,-0.04310332087067717,0.02393907681107521,10000000,1000000,10000,7.0,6.0,4.0
13740,JG071B,65,FAM,-inf,False,C17,0.0,FAM,JG071B.129,UNKNOWN,,22.635347,120,31,0.16947415481963304,0.24347887933254242,10000000,1000000,10000,7.0,6.0,4.0
13741,JG071B,65,HEX,-inf,False,C17,0.0,HEX,JG071B.129,UNKNOWN,,31.005327,121,31,-0.06046138050407667,0.03885004296898842,10000000,1000000,10000,7.0,6.0,4.0
13742,JG071B,65,FAM,-inf,False,C17,0.0,FAM,JG071B.129,UNKNOWN,,22.635347,120,32,0.1801521307473842,0.2591801881790161,10000000,1000000,10000,7.0,6.0,4.0
13743,JG071B,65,HEX,-inf,False,C17,0.0,HEX,JG071B.129,UNKNOWN,,31.005327,121,32,-0.086581491337208,0.061625901609659195,10000000,1000000,10000,7.0,6.0,4.0
13744,JG071B,65,FAM,-inf,False,C17,0.0,FAM,JG071B.129,UNKNOWN,,22.635347,120,33,0.1895788696088732,0.27295997738838196,10000000,1000000,10000,7.0,6.0,4.0
13745,JG071B,65,HEX,-inf,False,C17,0.0,HEX,JG071B.129,UNKNOWN,,31.005327,121,33,-0.11645278748381516,0.08776885271072388,10000000,1000000,10000,7.0,6.0,4.0
13746,JG071B,65,FAM,-inf,False,C17,0.0,FAM,JG071B.129,UNKNOWN,,22.635347,120,34,0.19774528928134105,0.2848042845726013,10000000,1000000,10000,7.0,6.0,4.0
13747,JG071B,65,HEX,-inf,False,C17,0.0,HEX,JG071B.129,UNKNOWN,,31.005327,121,34,-0.15086002935555423,0.11798331141471863,10000000,1000000,10000,7.0,6.0,4.0
13748,JG071B,65,FAM,-inf,False,C17,0.0,FAM,JG071B.129,UNKNOWN,,22.635347,120,35,0.20510988171415664,0.2954172194004059,10000000,1000000,10000,7.0,6.0,4.0
13749,JG071B,65,HEX,-inf,False,C17,0.0,HEX,JG071B.129,UNKNOWN,,31.005327,121,35,-0.190632434725361,0.15301358699798584,10000000,1000000,10000,7.0,6.0,4.0
13750,JG071B,65,FAM,-inf,False,C17,0.0,FAM,JG071B.129,UNKNOWN,,22.635347,120,36,0.211606704486091,0.30469751358032227,10000000,1000000,10000,7.0,6.0,4.0
13751,JG071B,65,HEX,-inf,False,C17,0.0,HEX,JG071B.129,UNKNOWN,,31.005327,121,36,-0.23260194347479757,0.1900160014629364,10000000,1000000,10000,7.0,6.0,4.0
13752,JG071B,65,FAM,-inf,False,C17,0.0,FAM,JG071B.129,UNKNOWN,,22.635347,120,37,0.21790333243242266,0.3136703670024872,10000000,1000000,10000,7.0,6.0,4.0
13753,JG071B,65,HEX,-inf,False,C17,0.0,HEX,JG071B.129,UNKNOWN,,31.005327,121,37,-0.27457995191391865,0.2270260453224182,10000000,1000000,10000,7.0,6.0,4.0
13754,JG071B,65,FAM,-inf,False,C17,0.0,FAM,JG071B.129,UNKNOWN,,22.635347,120,38,0.22214379107360605,0.31948554515838623,10000000,1000000,10000,7.0,6.0,4.0
13755,JG071B,65,HEX,-inf,False,C17,0.0,HEX,JG071B.129,UNKNOWN,,31.005327,121,38,-0.3145730503983082,0.26225441694259644,10000000,1000000,10000,7.0,6.0,4.0
13756,JG071B,65,FAM,-inf,False,C17,0.0,FAM,JG071B.129,UNKNOWN,,22.635347,120,39,0.22645764413417965,0.32541343569755554,10000000,1000000,10000,7.0,6.0,4.0
13757,JG071B,65,HEX,-inf,False,C17,0.0,HEX,JG071B.129,UNKNOWN,,31.005327,121,39,-0.3554402888436929,0.2982674241065979,10000000,1000000,10000,7.0,6.0,4.0
13758,JG071B,65,FAM,-inf,False,C17,0.0,FAM,JG071B.129,UNKNOWN,,22.635347,120,40,0.23022148539296652,0.3304966390132904,10000000,1000000,10000,7.0,6.0,4.0
13759,JG071B,65,HEX,-inf,False,C17,0.0,HEX,JG071B.129,UNKNOWN,,31.005327,121,40,-0.3940532502155541,0.3322569727897644,10000000,1000000,10000,7.0,6.0,4.0
13760,JG071B,65,FAM,-inf,False,C17,0.0,FAM,JG071B.129,UNKNOWN,,22.635347,120,41,0.2324393475332177,0.3332056999206543,10000000,1000000,10000,7.0,6.0,4.0
13761,JG071B,65,HEX,-inf,False,C17,0.0,HEX,JG071B.129,UNKNOWN,,31.005327,121,41,-0.427029655653873,0.3611871004104614,10000000,1000000,10000,7.0,6.0,4.0
13762,JG071B,65,FAM,-inf,False,C17,0.0,FAM,JG071B.129,UNKNOWN,,22.635347,120,42,0.23548903896821827,0.33719220757484436,10000000,1000000,10000,7.0,6.0,4.0
13763,JG071B,65,HEX,-inf,False,C17,0.0,HEX,JG071B.129,UNKNOWN,,31.005327,121,42,-0.4569673556261407,0.3873896598815918,10000000,1000000,10000,7.0,6.0,4.0
13764,JG071B,65,FAM,-inf,False,C17,0.0,FAM,JG071B.129,UNKNOWN,,22.635347,120,43,0.23841033868489897,0.34098154306411743,10000000,1000000,10000,7.0,6.0,4.0
13765,JG071B,65,HEX,-inf,False,C17,0.0,HEX,JG071B.129,UNKNOWN,,31.005327,121,43,-0.4853128246667203,0.41216301918029785,10000000,1000000,10000,7.0,6.0,4.0
13766,JG071B,65,FAM,-inf,False,C17,0.0,FAM,JG071B.129,UNKNOWN,,22.635347,120,44,0.24117634962739656,0.34453240036964417,10000000,1000000,10000,7.0,6.0,4.0
13767,JG071B,65,HEX,-inf,False,C17,0.0,HEX,JG071B.129,UNKNOWN,,31.005327,121,44,-0.5081216091275511,0.4319666028022766,10000000,1000000,10000,7.0,6.0,4.0
13768,JG071B,65,FAM,-inf,False,C17,0.0,FAM,JG071B.129,UNKNOWN,,22.635347,120,45,0.2433116964130081,0.3471147418022156,10000000,1000000,10000,7.0,6.0,4.0
13769,JG071B,65,HEX,-inf,False,C17,0.0,HEX,JG071B.129,UNKNOWN,,31.005327,121,45,-0.5295617443376929,0.4505416750907898,10000000,1000000,10000,7.0,6.0,4.0
13770,JG071B,65,FAM,-inf,False,C17,0.0,FAM,JG071B.129,UNKNOWN,,22.635347,120,46,0.24588469284063127,0.3503691852092743,10000000,1000000,10000,7.0,6.0,4.0
13771,JG071B,65,HEX,-inf,False,C17,0.0,HEX,JG071B.129,UNKNOWN,,31.005327,121,46,-0.548154749118814,0.46656113862991333,10000000,1000000,10000,7.0,6.0,4.0
13772,JG071B,65,FAM,-inf,False,C17,0.0,FAM,JG071B.129,UNKNOWN,,22.635347,120,47,0.2495178136316729,0.35525164008140564,10000000,1000000,10000,7.0,6.0,4.0
13773,JG071B,65,HEX,-inf,False,C17,0.0,HEX,JG071B.129,UNKNOWN,,31.005327,121,47,-0.5655868822197377,0.4815385937690735,10000000,1000000,10000,7.0,6.0,4.0
13774,JG071B,65,FAM,-inf,False,C17,0.0,FAM,JG071B.129,UNKNOWN,,22.635347,120,48,0.25271836921694835,0.35946983098983765,10000000,1000000,10000,7.0,6.0,4.0
13775,JG071B,65,HEX,-inf,False,C17,0.0,HEX,JG071B.129,UNKNOWN,,31.005327,121,48,-0.5794443645777043,0.4933074116706848,10000000,1000000,10000,7.0,6.0,4.0
13776,JG071B,65,FAM,-inf,False,C17,0.0,FAM,JG071B.129,UNKNOWN,,22.635347,120,49,0.2558529823809948,0.36358675360679626,10000000,1000000,10000,7.0,6.0,4.0
13777,JG071B,65,HEX,-inf,False,C17,0.0,HEX,JG071B.129,UNKNOWN,,31.005327,121,49,-0.5901230293974759,0.5022228956222534,10000000,1000000,10000,7.0,6.0,4.0
13778,JG071B,65,FAM,-inf,False,C17,0.0,FAM,JG071B.129,UNKNOWN,,22.635347,120,50,0.26112686239218547,0.37098896503448486,10000000,1000000,10000,7.0,6.0,4.0
13779,JG071B,65,HEX,-inf,False,C17,0.0,HEX,JG071B.129,UNKNOWN,,31.005327,121,50,-0.6025522982731357,0.5127097368240356,10000000,1000000,10000,7.0,6.0,4.0
13860,JG071B,89,FAM,-inf,False,D17,0.0,FAM,JG071B.129,UNKNOWN,,22.936771,164,1,-0.0033182132242125986,7.814139826223254e-05,10000000,1000000,10000,7.0,6.0,4.0
13861,JG071B,89,HEX,-inf,False,D17,0.0,HEX,JG071B.129,UNKNOWN,,30.790354,165,1,0.0025302617485663714,0.001520617981441319,10000000,1000000,10000,7.0,6.0,4.0
13862,JG071B,89,FAM,-inf,False,D17,0.0,FAM,JG071B.129,UNKNOWN,,22.936771,164,2,-0.002806363803634444,-6.335930083878338e-05,10000000,1000000,10000,7.0,6.0,4.0
13863,JG071B,89,HEX,-inf,False,D17,0.0,HEX,JG071B.129,UNKNOWN,,30.790354,165,2,0.0022058956611711263,0.0012782178819179535,10000000,1000000,10000,7.0,6.0,4.0
13864,JG071B,89,FAM,-inf,False,D17,0.0,FAM,JG071B.129,UNKNOWN,,22.936771,164,3,-0.001999820846395768,0.00024770316667854786,10000000,1000000,10000,7.0,6.0,4.0
13865,JG071B,89,HEX,-inf,False,D17,0.0,HEX,JG071B.129,UNKNOWN,,30.790354,165,3,0.0020091079238261627,0.0009213024168275297,10000000,1000000,10000,7.0,6.0,4.0
13866,JG071B,89,FAM,-inf,False,D17,0.0,FAM,JG071B.129,UNKNOWN,,22.936771,164,4,-0.001747753127342493,-0.00029274632106535137,10000000,1000000,10000,7.0,6.0,4.0
13867,JG071B,89,HEX,-inf,False,D17,0.0,HEX,JG071B.129,UNKNOWN,,30.790354,165,4,0.00165527513879406,0.0007053518784232438,10000000,1000000,10000,7.0,6.0,4.0
13868,JG071B,89,FAM,-inf,False,D17,0.0,FAM,JG071B.129,UNKNOWN,,22.936771,164,5,-0.0009834478628068315,-4.654859731090255e-05,10000000,1000000,10000,7.0,6.0,4.0
13869,JG071B,89,HEX,-inf,False,D17,0.0,HEX,JG071B.129,UNKNOWN,,30.790354,165,5,0.0006134489170496815,0.0011069502215832472,10000000,1000000,10000,7.0,6.0,4.0
13870,JG071B,89,FAM,-inf,False,D17,0.0,FAM,JG071B.129,UNKNOWN,,22.936771,164,6,-4.365192282280856e-05,0.00046915150596760213,10000000,1000000,10000,7.0,6.0,4.0
13871,JG071B,89,HEX,-inf,False,D17,0.0,HEX,JG071B.129,UNKNOWN,,30.790354,165,6,-0.00038528122184101676,0.0014698650920763612,10000000,1000000,10000,7.0,6.0,4.0
13872,JG071B,89,FAM,-inf,False,D17,0.0,FAM,JG071B.129,UNKNOWN,,22.936771,164,7,0.0006142877117081567,0.0005520026898011565,10000000,1000000,10000,7.0,6.0,4.0
13873,JG071B,89,HEX,-inf,False,D17,0.0,HEX,JG071B.129,UNKNOWN,,30.790354,165,7,-0.0006883648831120641,0.001208361703902483,10000000,1000000,10000,7.0,6.0,4.0
13874,JG071B,89,FAM,-inf,False,D17,0.0,FAM,JG071B.129,UNKNOWN,,22.936771,164,8,0.0009807067306706952,0.00018716340127866715,10000000,1000000,10000,7.0,6.0,4.0
13875,JG071B,89,HEX,-inf,False,D17,0.0,HEX,JG071B.129,UNKNOWN,,30.790354,165,8,-0.0007793879271362276,0.0007565109408460557,10000000,1000000,10000,7.0,6.0,4.0
13876,JG071B,89,FAM,-inf,False,D17,0.0,FAM,JG071B.129,UNKNOWN,,22.936771,164,9,0.0013064308534245402,-0.00024017137184273452,10000000,1000000,10000,7.0,6.0,4.0
13877,JG071B,89,HEX,-inf,False,D17,0.0,HEX,JG071B.129,UNKNOWN,,30.790354,165,9,-0.0009495477303913207,0.0003756940132007003,10000000,1000000,10000,7.0,6.0,4.0
13878,JG071B,89,FAM,-inf,False,D17,0.0,FAM,JG071B.129,UNKNOWN,,22.936771,164,10,0.001873248463564509,-0.00029725697822868824,10000000,1000000,10000,7.0,6.0,4.0
13879,JG071B,89,HEX,-inf,False,D17,0.0,HEX,JG071B.129,UNKNOWN,,30.790354,165,10,-0.0014752502171892752,0.0003140152257401496,10000000,1000000,10000,7.0,6.0,4.0
13880,JG071B,89,FAM,-inf,False,D17,0.0,FAM,JG071B.129,UNKNOWN,,22.936771,164,11,0.0027183128175481807,7.29630992282182e-05,10000000,1000000,10000,7.0,6.0,4.0
13881,JG071B,89,HEX,-inf,False,D17,0.0,HEX,JG071B.129,UNKNOWN,,30.790354,165,11,-0.0010548143950196666,-0.0005969254416413605,10000000,1000000,10000,7.0,6.0,4.0
13882,JG071B,89,FAM,-inf,False,D17,0.0,FAM,JG071B.129,UNKNOWN,,22.936771,164,12,0.003376892858171128,0.00015679775970056653,10000000,1000000,10000,7.0,6.0,4.0
13883,JG071B,89,HEX,-inf,False,D17,0.0,HEX,JG071B.129,UNKNOWN,,30.790354,165,12,-0.0016090373249388163,-0.0006330040050670505,10000000,1000000,10000,7.0,6.0,4.0
13884,JG071B,89,FAM,-inf,False,D17,0.0,FAM,JG071B.129,UNKNOWN,,22.936771,164,13,0.003609166207108587,-0.0004140500968787819,10000000,1000000,10000,7.0,6.0,4.0
13885,JG071B,89,HEX,-inf,False,D17,0.0,HEX,JG071B.129,UNKNOWN,,30.790354,165,13,-0.0028309341209181212,-6.977281009312719e-05,10000000,1000000,10000,7.0,6.0,4.0
13886,JG071B,89,FAM,-inf,False,D17,0.0,FAM,JG071B.129,UNKNOWN,,22.936771,164,14,0.003946485561376354,-0.0008235779823735356,10000000,1000000,10000,7.0,6.0,4.0
13887,JG071B,89,HEX,-inf,False,D17,0.0,HEX,JG071B.129,UNKNOWN,,30.790354,165,14,-0.0027087012788335114,-0.0007130439043976367,10000000,1000000,10000,7.0,6.0,4.0
13888,JG071B,89,FAM,-inf,False,D17,0.0,FAM,JG071B.129,UNKNOWN,,22.936771,164,15,0.0044794101642542895,-0.000932713330257684,10000000,1000000,10000,7.0,6.0,4.0
13889,JG071B,89,HEX,-inf,False,D17,0.0,HEX,JG071B.129,UNKNOWN,,30.790354,165,15,-0.0028633391878404566,-0.0011077934177592397,10000000,1000000,10000,7.0,6.0,4.0
13890,JG071B,89,FAM,-inf,False,D17,0.0,FAM,JG071B.129,UNKNOWN,,22.936771,164,16,0.005727988574922444,5.718641841667704e-05,10000000,1000000,10000,7.0,6.0,4.0
13891,JG071B,89,HEX,-inf,False,D17,0.0,HEX,JG071B.129,UNKNOWN,,30.790354,165,16,-0.0025019197657266392,-0.001965760486200452,10000000,1000000,10000,7.0,6.0,4.0
13892,JG071B,89,FAM,-inf,False,D17,0.0,FAM,JG071B.129,UNKNOWN,,22.936771,164,17,0.006283521453471877,-1.7229249351657927e-05,10000000,1000000,10000,7.0,6.0,4.0
13893,JG071B,89,HEX,-inf,False,D17,0.0,HEX,JG071B.129,UNKNOWN,,30.790354,165,17,-0.002061529593946043,-0.0028946122620254755,10000000,1000000,10000,7.0,6.0,4.0
13894,JG071B,89,FAM,-inf,False,D17,0.0,FAM,JG071B.129,UNKNOWN,,22.936771,164,18,0.006826779881924982,-0.00011049488239223137,10000000,1000000,10000,7.0,6.0,4.0
13895,JG071B,89,HEX,-inf,False,D17,0.0,HEX,JG071B.129,UNKNOWN,,30.790354,165,18,-0.0036137522206736252,-0.0020348778925836086,10000000,1000000,10000,7.0,6.0,4.0
13896,JG071B,89,FAM,-inf,False,D17,0.0,FAM,JG071B.129,UNKNOWN,,22.936771,164,19,0.008435072453835072,0.0014318206813186407,10000000,1000000,10000,7.0,6.0,4.0
13897,JG071B,89,HEX,-inf,False,D17,0.0,HEX,JG071B.129,UNKNOWN,,30.790354,165,19,-0.005519708026694819,-0.0008576293475925922,10000000,1000000,10000,7.0,6.0,4.0
13898,JG071B,89,FAM,-inf,False,D17,0.0,FAM,JG071B.129,UNKNOWN,,22.936771,164,20,0.012025053161771356,0.00601743021979928,10000000,1000000,10000,7.0,6.0,4.0
13899,JG071B,89,HEX,-inf,False,D17,0.0,HEX,JG071B.129,UNKNOWN,,30.790354,165,20,-0.005966555970520902,-0.0009900886798277497,10000000,1000000,10000,7.0,6.0,4.0
13900,JG071B,89,FAM,-inf,False,D17,0.0,FAM,JG071B.129,UNKNOWN,,22.936771,164,21,0.017209567413762717,0.013051777146756649,10000000,1000000,10000,7.0,6.0,4.0
13901,JG071B,89,HEX,-inf,False,D17,0.0,HEX,JG071B.129,UNKNOWN,,30.790354,165,21,-0.005672569633365346,-0.0017875272314995527,10000000,1000000,10000,7.0,6.0,4.0
13902,JG071B,89,FAM,-inf,False,D17,0.0,FAM,JG071B.129,UNKNOWN,,22.936771,164,22,0.024966204812342737,0.02403615415096283,10000000,1000000,10000,7.0,6.0,4.0
13903,JG071B,89,HEX,-inf,False,D17,0.0,HEX,JG071B.129,UNKNOWN,,30.790354,165,22,-0.005657927589807201,-0.0023342238273471594,10000000,1000000,10000,7.0,6.0,4.0
13904,JG071B,89,FAM,-inf,False,D17,0.0,FAM,JG071B.129,UNKNOWN,,22.936771,164,23,0.03667641832914329,0.04109206795692444,10000000,1000000,10000,7.0,6.0,4.0
13905,JG071B,89,HEX,-inf,False,D17,0.0,HEX,JG071B.129,UNKNOWN,,30.790354,165,23,-0.00773498945359915,-0.001003389130346477,10000000,1000000,10000,7.0,6.0,4.0
13906,JG071B,89,FAM,-inf,False,D17,0.0,FAM,JG071B.129,UNKNOWN,,22.936771,164,24,0.051122601920853925,0.06234963238239288,10000000,1000000,10000,7.0,6.0,4.0
13907,JG071B,89,HEX,-inf,False,D17,0.0,HEX,JG071B.129,UNKNOWN,,30.790354,165,24,-0.010172192465860952,0.0006507114158011973,10000000,1000000,10000,7.0,6.0,4.0
13908,JG071B,89,FAM,-inf,False,D17,0.0,FAM,JG071B.129,UNKNOWN,,22.936771,164,25,0.06681695639208327,0.08552402257919312,10000000,1000000,10000,7.0,6.0,4.0
13909,JG071B,89,HEX,-inf,False,D17,0.0,HEX,JG071B.129,UNKNOWN,,30.790354,165,25,-0.01179017148094887,0.0015694694593548775,10000000,1000000,10000,7.0,6.0,4.0
13910,JG071B,89,FAM,-inf,False,D17,0.0,FAM,JG071B.129,UNKNOWN,,22.936771,164,26,0.08313900586468131,0.10966236889362335,10000000,1000000,10000,7.0,6.0,4.0
13911,JG071B,89,HEX,-inf,False,D17,0.0,HEX,JG071B.129,UNKNOWN,,30.790354,165,26,-0.013291445772438414,0.002383472165092826,10000000,1000000,10000,7.0,6.0,4.0
13912,JG071B,89,FAM,-inf,False,D17,0.0,FAM,JG071B.129,UNKNOWN,,22.936771,164,27,0.09985573955239258,0.13440683484077454,10000000,1000000,10000,7.0,6.0,4.0
13913,JG071B,89,HEX,-inf,False,D17,0.0,HEX,JG071B.129,UNKNOWN,,30.790354,165,27,-0.017387914378392565,0.005526944063603878,10000000,1000000,10000,7.0,6.0,4.0
13914,JG071B,89,FAM,-inf,False,D17,0.0,FAM,JG071B.129,UNKNOWN,,22.936771,164,28,0.11534215610617979,0.1572618931531906,10000000,1000000,10000,7.0,6.0,4.0
13915,JG071B,89,HEX,-inf,False,D17,0.0,HEX,JG071B.129,UNKNOWN,,30.790354,165,28,-0.02287941115477942,0.009922605007886887,10000000,1000000,10000,7.0,6.0,4.0
13916,JG071B,89,FAM,-inf,False,D17,0.0,FAM,JG071B.129,UNKNOWN,,22.936771,164,29,0.12913543598399185,0.17751678824424744,10000000,1000000,10000,7.0,6.0,4.0
13917,JG071B,89,HEX,-inf,False,D17,0.0,HEX,JG071B.129,UNKNOWN,,30.790354,165,29,-0.030883728299899,0.016573794186115265,10000000,1000000,10000,7.0,6.0,4.0
13918,JG071B,89,FAM,-inf,False,D17,0.0,FAM,JG071B.129,UNKNOWN,,22.936771,164,30,0.14210482372134609,0.19650642573833466,10000000,1000000,10000,7.0,6.0,4.0
13919,JG071B,89,HEX,-inf,False,D17,0.0,HEX,JG071B.129,UNKNOWN,,30.790354,165,30,-0.04402695450810447,0.027837714180350304,10000000,1000000,10000,7.0,6.0,4.0
13920,JG071B,89,FAM,-inf,False,D17,0.0,FAM,JG071B.129,UNKNOWN,,22.936771,164,31,0.15423770525885497,0.21421143412590027,10000000,1000000,10000,7.0,6.0,4.0
13921,JG071B,89,HEX,-inf,False,D17,0.0,HEX,JG071B.129,UNKNOWN,,30.790354,165,31,-0.06196495195291016,0.04340546205639839,10000000,1000000,10000,7.0,6.0,4.0
13922,JG071B,89,FAM,-inf,False,D17,0.0,FAM,JG071B.129,UNKNOWN,,22.936771,164,32,0.1646536774700045,0.2292797863483429,10000000,1000000,10000,7.0,6.0,4.0
13923,JG071B,89,HEX,-inf,False,D17,0.0,HEX,JG071B.129,UNKNOWN,,30.790354,165,32,-0.08742265142316492,0.06572295725345612,10000000,1000000,10000,7.0,6.0,4.0
13924,JG071B,89,FAM,-inf,False,D17,0.0,FAM,JG071B.129,UNKNOWN,,22.936771,164,33,0.17366933383917652,0.242197647690773,10000000,1000000,10000,7.0,6.0,4.0
13925,JG071B,89,HEX,-inf,False,D17,0.0,HEX,JG071B.129,UNKNOWN,,30.790354,165,33,-0.1181467719027302,0.0927676409482956,10000000,1000000,10000,7.0,6.0,4.0
13926,JG071B,89,FAM,-inf,False,D17,0.0,FAM,JG071B.129,UNKNOWN,,22.936771,164,34,0.18249174281853156,0.25481873750686646,10000000,1000000,10000,7.0,6.0,4.0
13927,JG071B,89,HEX,-inf,False,D17,0.0,HEX,JG071B.129,UNKNOWN,,30.790354,165,34,-0.15715599810422057,0.1272491067647934,10000000,1000000,10000,7.0,6.0,4.0
13928,JG071B,89,FAM,-inf,False,D17,0.0,FAM,JG071B.129,UNKNOWN,,22.936771,164,35,0.189164580234535,0.26413869857788086,10000000,1000000,10000,7.0,6.0,4.0
13929,JG071B,89,HEX,-inf,False,D17,0.0,HEX,JG071B.129,UNKNOWN,,30.790354,165,35,-0.1975856353385024,0.163005530834198,10000000,1000000,10000,7.0,6.0,4.0
13930,JG071B,89,FAM,-inf,False,D17,0.0,FAM,JG071B.129,UNKNOWN,,22.936771,164,36,0.19475319073056718,0.2717936336994171,10000000,1000000,10000,7.0,6.0,4.0
13931,JG071B,89,HEX,-inf,False,D17,0.0,HEX,JG071B.129,UNKNOWN,,30.790354,165,36,-0.2416184769607756,0.20199623703956604,10000000,1000000,10000,7.0,6.0,4.0
13932,JG071B,89,FAM,-inf,False,D17,0.0,FAM,JG071B.129,UNKNOWN,,22.936771,164,37,0.20071176188531303,0.28001669049263,10000000,1000000,10000,7.0,6.0,4.0
13933,JG071B,89,HEX,-inf,False,D17,0.0,HEX,JG071B.129,UNKNOWN,,30.790354,165,37,-0.28644056125293693,0.241695374250412,10000000,1000000,10000,7.0,6.0,4.0
13934,JG071B,89,FAM,-inf,False,D17,0.0,FAM,JG071B.129,UNKNOWN,,22.936771,164,38,0.2048858123553824,0.2854992747306824,10000000,1000000,10000,7.0,6.0,4.0
13935,JG071B,89,HEX,-inf,False,D17,0.0,HEX,JG071B.129,UNKNOWN,,30.790354,165,38,-0.331328617745892,0.2814537286758423,10000000,1000000,10000,7.0,6.0,4.0
13936,JG071B,89,FAM,-inf,False,D17,0.0,FAM,JG071B.129,UNKNOWN,,22.936771,164,39,0.20848023709347213,0.29009169340133667,10000000,1000000,10000,7.0,6.0,4.0
13937,JG071B,89,HEX,-inf,False,D17,0.0,HEX,JG071B.129,UNKNOWN,,30.790354,165,39,-0.37060355885576296,0.3161737024784088,10000000,1000000,10000,7.0,6.0,4.0
13938,JG071B,89,FAM,-inf,False,D17,0.0,FAM,JG071B.129,UNKNOWN,,22.936771,164,40,0.21159792801169408,0.29395201802253723,10000000,1000000,10000,7.0,6.0,4.0
13939,JG071B,89,HEX,-inf,False,D17,0.0,HEX,JG071B.129,UNKNOWN,,30.790354,165,40,-0.4082822184005806,0.3494608402252197,10000000,1000000,10000,7.0,6.0,4.0
13940,JG071B,89,FAM,-inf,False,D17,0.0,FAM,JG071B.129,UNKNOWN,,22.936771,164,41,0.21445165518254802,0.297406941652298,10000000,1000000,10000,7.0,6.0,4.0
13941,JG071B,89,HEX,-inf,False,D17,0.0,HEX,JG071B.129,UNKNOWN,,30.790354,165,41,-0.4433260405470143,0.3803829252719879,10000000,1000000,10000,7.0,6.0,4.0
13942,JG071B,89,FAM,-inf,False,D17,0.0,FAM,JG071B.129,UNKNOWN,,22.936771,164,42,0.21722643774788128,0.30074065923690796,10000000,1000000,10000,7.0,6.0,4.0
13943,JG071B,89,HEX,-inf,False,D17,0.0,HEX,JG071B.129,UNKNOWN,,30.790354,165,42,-0.4755069945577458,0.4087352752685547,10000000,1000000,10000,7.0,6.0,4.0
13944,JG071B,89,FAM,-inf,False,D17,0.0,FAM,JG071B.129,UNKNOWN,,22.936771,164,43,0.22024934856448983,0.304455429315567,10000000,1000000,10000,7.0,6.0,4.0
13945,JG071B,89,HEX,-inf,False,D17,0.0,HEX,JG071B.129,UNKNOWN,,30.790354,165,43,-0.5058114428591366,0.4354032278060913,10000000,1000000,10000,7.0,6.0,4.0
13946,JG071B,89,FAM,-inf,False,D17,0.0,FAM,JG071B.129,UNKNOWN,,22.936771,164,44,0.22292003603050814,0.307629257440567,10000000,1000000,10000,7.0,6.0,4.0
13947,JG071B,89,HEX,-inf,False,D17,0.0,HEX,JG071B.129,UNKNOWN,,30.790354,165,44,-0.5320288020949477,0.4584026038646698,10000000,1000000,10000,7.0,6.0,4.0
13948,JG071B,89,FAM,-inf,False,D17,0.0,FAM,JG071B.129,UNKNOWN,,22.936771,164,45,0.22467187659824833,0.3093920350074768,10000000,1000000,10000,7.0,6.0,4.0
13949,JG071B,89,HEX,-inf,False,D17,0.0,HEX,JG071B.129,UNKNOWN,,30.790354,165,45,-0.5539362210262626,0.47753334045410156,10000000,1000000,10000,7.0,6.0,4.0
13950,JG071B,89,FAM,-inf,False,D17,0.0,FAM,JG071B.129,UNKNOWN,,22.936771,164,46,0.22684828699872756,0.3118067979812622,10000000,1000000,10000,7.0,6.0,4.0
13951,JG071B,89,HEX,-inf,False,D17,0.0,HEX,JG071B.129,UNKNOWN,,30.790354,165,46,-0.5743702718738217,0.49534156918525696,10000000,1000000,10000,7.0,6.0,4.0
13952,JG071B,89,FAM,-inf,False,D17,0.0,FAM,JG071B.129,UNKNOWN,,22.936771,164,47,0.2293296083239712,0.31468984484672546,10000000,1000000,10000,7.0,6.0,4.0
13953,JG071B,89,HEX,-inf,False,D17,0.0,HEX,JG071B.129,UNKNOWN,,30.790354,165,47,-0.5924655799816172,0.5110505223274231,10000000,1000000,10000,7.0,6.0,4.0
13954,JG071B,89,FAM,-inf,False,D17,0.0,FAM,JG071B.129,UNKNOWN,,22.936771,164,48,0.23117195961937823,0.3165915906429291,10000000,1000000,10000,7.0,6.0,4.0
13955,JG071B,89,HEX,-inf,False,D17,0.0,HEX,JG071B.129,UNKNOWN,,30.790354,165,48,-0.6060865319125809,0.5227432250976562,10000000,1000000,10000,7.0,6.0,4.0
13956,JG071B,89,FAM,-inf,False,D17,0.0,FAM,JG071B.129,UNKNOWN,,22.936771,164,49,0.23435112952243048,0.32054632902145386,10000000,1000000,10000,7.0,6.0,4.0
13957,JG071B,89,HEX,-inf,False,D17,0.0,HEX,JG071B.129,UNKNOWN,,30.790354,165,49,-0.6207490278490299,0.5353708863258362,10000000,1000000,10000,7.0,6.0,4.0
13958,JG071B,89,FAM,-inf,False,D17,0.0,FAM,JG071B.129,UNKNOWN,,22.936771,164,50,0.23704650173235792,0.323758065700531,10000000,1000000,10000,7.0,6.0,4.0
13959,JG071B,89,HEX,-inf,False,D17,0.0,HEX,JG071B.129,UNKNOWN,,30.790354,165,50,-0.629541159981786,0.5427291989326477,10000000,1000000,10000,7.0,6.0,4.0
21600,JG071B,113,FAM,-inf,False,E17,0.0,FAM,JG071B.130,UNKNOWN,,22.422516,208,1,-0.003554834784967778,-0.0005941812414675951,1000000,1000000,10000,6.0,6.0,4.0
21601,JG071B,113,HEX,-inf,False,E17,0.0,HEX,JG071B.130,UNKNOWN,,30.471355,209,1,0.002161517154434377,0.0023211450316011906,1000000,1000000,10000,6.0,6.0,4.0
21602,JG071B,113,FAM,-inf,False,E17,0.0,FAM,JG071B.130,UNKNOWN,,22.422516,208,2,-0.0030607711881260407,-0.0006663425592705607,1000000,1000000,10000,6.0,6.0,4.0
21603,JG071B,113,HEX,-inf,False,E17,0.0,HEX,JG071B.130,UNKNOWN,,30.471355,209,2,0.0017442189130272283,0.002094016410410404,1000000,1000000,10000,6.0,6.0,4.0
21604,JG071B,113,FAM,-inf,False,E17,0.0,FAM,JG071B.130,UNKNOWN,,22.422516,208,3,-0.0025451472528542326,-0.0007053934969007969,1000000,1000000,10000,6.0,6.0,4.0
21605,JG071B,113,HEX,-inf,False,E17,0.0,HEX,JG071B.130,UNKNOWN,,30.471355,209,3,0.0017532830352298898,0.001484181615523994,1000000,1000000,10000,6.0,6.0,4.0
21606,JG071B,113,FAM,-inf,False,E17,0.0,FAM,JG071B.130,UNKNOWN,,22.422516,208,4,-0.0015614155737111815,-2.556772597017698e-05,1000000,1000000,10000,6.0,6.0,4.0
21607,JG071B,113,HEX,-inf,False,E17,0.0,HEX,JG071B.130,UNKNOWN,,30.471355,209,4,0.002512577579745153,0.0002009334129979834,1000000,1000000,10000,6.0,6.0,4.0
21608,JG071B,113,FAM,-inf,False,E17,0.0,FAM,JG071B.130,UNKNOWN,,22.422516,208,5,-0.0007113055959724978,0.0004490541759878397,1000000,1000000,10000,6.0,6.0,4.0
21609,JG071B,113,HEX,-inf,False,E17,0.0,HEX,JG071B.130,UNKNOWN,,30.471355,209,5,0.0015346816411554443,0.00047700232244096696,1000000,1000000,10000,6.0,6.0,4.0
21610,JG071B,113,FAM,-inf,False,E17,0.0,FAM,JG071B.130,UNKNOWN,,22.422516,208,6,0.0005298596290248313,0.0015242226654663682,1000000,1000000,10000,6.0,6.0,4.0
21611,JG071B,113,HEX,-inf,False,E17,0.0,HEX,JG071B.130,UNKNOWN,,30.471355,209,6,-0.00032170370901016867,0.0015416109235957265,1000000,1000000,10000,6.0,6.0,4.0
21612,JG071B,113,FAM,-inf,False,E17,0.0,FAM,JG071B.130,UNKNOWN,,22.422516,208,7,0.0006700600475559257,0.0009086309000849724,1000000,1000000,10000,6.0,6.0,4.0
21613,JG071B,113,HEX,-inf,False,E17,0.0,HEX,JG071B.130,UNKNOWN,,30.471355,209,7,-0.0006918552341983454,0.0012721632374450564,1000000,1000000,10000,6.0,6.0,4.0
21614,JG071B,113,FAM,-inf,False,E17,0.0,FAM,JG071B.130,UNKNOWN,,22.422516,208,8,0.0009155005338694444,0.0004546570999082178,1000000,1000000,10000,6.0,6.0,4.0
21615,JG071B,113,HEX,-inf,False,E17,0.0,HEX,JG071B.130,UNKNOWN,,30.471355,209,8,-0.0009998527785682716,0.0009469255455769598,1000000,1000000,10000,6.0,6.0,4.0
21616,JG071B,113,FAM,-inf,False,E17,0.0,FAM,JG071B.130,UNKNOWN,,22.422516,208,9,0.0010734770730143504,-0.00013363573816604912,1000000,1000000,10000,6.0,6.0,4.0
21617,JG071B,113,HEX,-inf,False,E17,0.0,HEX,JG071B.130,UNKNOWN,,30.471355,209,9,-0.0012095062571349613,0.0005334134330041707,1000000,1000000,10000,6.0,6.0,4.0
21618,JG071B,113,FAM,-inf,False,E17,0.0,FAM,JG071B.130,UNKNOWN,,22.422516,208,10,0.0016289711390733597,-0.00011145779717480764,1000000,1000000,10000,6.0,6.0,4.0
21619,JG071B,113,HEX,-inf,False,E17,0.0,HEX,JG071B.130,UNKNOWN,,30.471355,209,10,-0.0025776242772187403,0.0011597491102293134,1000000,1000000,10000,6.0,6.0,4.0
21620,JG071B,113,FAM,-inf,False,E17,0.0,FAM,JG071B.130,UNKNOWN,,22.422516,208,11,0.0022227440238122196,-3.0494788006762974e-05,1000000,1000000,10000,6.0,6.0,4.0
21621,JG071B,113,HEX,-inf,False,E17,0.0,HEX,JG071B.130,UNKNOWN,,30.471355,209,11,-0.0037773255944710147,0.0016349124489352107,1000000,1000000,10000,6.0,6.0,4.0
21622,JG071B,113,FAM,-inf,False,E17,0.0,FAM,JG071B.130,UNKNOWN,,22.422516,208,12,0.002166368881472566,-0.0009479692089371383,1000000,1000000,10000,6.0,6.0,4.0
21623,JG071B,113,HEX,-inf,False,E17,0.0,HEX,JG071B.130,UNKNOWN,,30.471355,209,12,-0.0034793052249065828,0.0007657078676857054,1000000,1000000,10000,6.0,6.0,4.0
21624,JG071B,113,FAM,-inf,False,E17,0.0,FAM,JG071B.130,UNKNOWN,,22.422516,208,13,0.002653766433084124,-0.0010303675662726164,1000000,1000000,10000,6.0,6.0,4.0
21625,JG071B,113,HEX,-inf,False,E17,0.0,HEX,JG071B.130,UNKNOWN,,30.471355,209,13,-0.002423916021771042,-0.0007833174313418567,1000000,1000000,10000,6.0,6.0,4.0
21626,JG071B,113,FAM,-inf,False,E17,0.0,FAM,JG071B.130,UNKNOWN,,22.422516,208,14,0.0031140340538898864,-0.0011544296285137534,1000000,1000000,10000,6.0,6.0,4.0
21627,JG071B,113,HEX,-inf,False,E17,0.0,HEX,JG071B.130,UNKNOWN,,30.471355,209,14,-0.001949593495077918,-0.0018107723444700241,1000000,1000000,10000,6.0,6.0,4.0
21628,JG071B,113,FAM,-inf,False,E17,0.0,FAM,JG071B.130,UNKNOWN,,22.422516,208,15,0.0034879438835040966,-0.0014111120253801346,1000000,1000000,10000,6.0,6.0,4.0
21629,JG071B,113,HEX,-inf,False,E17,0.0,HEX,JG071B.130,UNKNOWN,,30.471355,209,15,-0.0027562837701583806,-0.0016883790958672762,1000000,1000000,10000,6.0,6.0,4.0
21630,JG071B,113,FAM,-inf,False,E17,0.0,FAM,JG071B.130,UNKNOWN,,22.422516,208,16,0.004034297608068449,-0.0014029709855094552,1000000,1000000,10000,6.0,6.0,4.0
21631,JG071B,113,HEX,-inf,False,E17,0.0,HEX,JG071B.130,UNKNOWN,,30.471355,209,16,-0.004304505566389916,-0.0009003807208500803,1000000,1000000,10000,6.0,6.0,4.0
21632,JG071B,113,FAM,-inf,False,E17,0.0,FAM,JG071B.130,UNKNOWN,,22.422516,208,17,0.005380169229104884,-0.00016700410924386233,1000000,1000000,10000,6.0,6.0,4.0
21633,JG071B,113,HEX,-inf,False,E17,0.0,HEX,JG071B.130,UNKNOWN,,30.471355,209,17,-0.00358033864564907,-0.002152098109945655,1000000,1000000,10000,6.0,6.0,4.0
21634,JG071B,113,FAM,-inf,False,E17,0.0,FAM,JG071B.130,UNKNOWN,,22.422516,208,18,0.006696960591691759,0.0010243040742352605,1000000,1000000,10000,6.0,6.0,4.0
21635,JG071B,113,HEX,-inf,False,E17,0.0,HEX,JG071B.130,UNKNOWN,,30.471355,209,18,-0.0030329719107293697,-0.003245118074119091,1000000,1000000,10000,6.0,6.0,4.0
21636,JG071B,113,FAM,-inf,False,E17,0.0,FAM,JG071B.130,UNKNOWN,,22.422516,208,19,0.008367935335635268,0.0027595343999564648,1000000,1000000,10000,6.0,6.0,4.0
21637,JG071B,113,HEX,-inf,False,E17,0.0,HEX,JG071B.130,UNKNOWN,,30.471355,209,19,-0.0042871077640668585,-0.0027210938278585672,1000000,1000000,10000,6.0,6.0,4.0
21638,JG071B,113,FAM,-inf,False,E17,0.0,FAM,JG071B.130,UNKNOWN,,22.422516,208,20,0.012132892453521806,0.007710509933531284,1000000,1000000,10000,6.0,6.0,4.0
21639,JG071B,113,HEX,-inf,False,E17,0.0,HEX,JG071B.130,UNKNOWN,,30.471355,209,20,-0.00441516754185318,-0.0032078451476991177,1000000,1000000,10000,6.0,6.0,4.0
21640,JG071B,113,FAM,-inf,False,E17,0.0,FAM,JG071B.130,UNKNOWN,,22.422516,208,21,0.01833479851697571,0.01640392653644085,1000000,1000000,10000,6.0,6.0,4.0
21641,JG071B,113,HEX,-inf,False,E17,0.0,HEX,JG071B.130,UNKNOWN,,30.471355,209,21,-0.004983302073248209,-0.0032995815854519606,1000000,1000000,10000,6.0,6.0,4.0
21642,JG071B,113,FAM,-inf,False,E17,0.0,FAM,JG071B.130,UNKNOWN,,22.422516,208,22,0.028373105790062605,0.030988935381174088,1000000,1000000,10000,6.0,6.0,4.0
21643,JG071B,113,HEX,-inf,False,E17,0.0,HEX,JG071B.130,UNKNOWN,,30.471355,209,22,-0.006609747576107842,-0.0024413689970970154,1000000,1000000,10000,6.0,6.0,4.0
21644,JG071B,113,FAM,-inf,False,E17,0.0,FAM,JG071B.130,UNKNOWN,,22.422516,208,23,0.04346514862865999,0.053335003554821014,1000000,1000000,10000,6.0,6.0,4.0
21645,JG071B,113,HEX,-inf,False,E17,0.0,HEX,JG071B.130,UNKNOWN,,30.471355,209,23,-0.008356616416802836,-0.0014750633854418993,1000000,1000000,10000,6.0,6.0,4.0
21646,JG071B,113,FAM,-inf,False,E17,0.0,FAM,JG071B.130,UNKNOWN,,22.422516,208,24,0.06536173906951183,0.08613087236881256,1000000,1000000,10000,6.0,6.0,4.0
21647,JG071B,113,HEX,-inf,False,E17,0.0,HEX,JG071B.130,UNKNOWN,,30.471355,209,24,-0.00982297889695136,-0.0007605426944792271,1000000,1000000,10000,6.0,6.0,4.0
21648,JG071B,113,FAM,-inf,False,E17,0.0,FAM,JG071B.130,UNKNOWN,,22.422516,208,25,0.09148105084342367,0.12541159987449646,1000000,1000000,10000,6.0,6.0,4.0
21649,JG071B,113,HEX,-inf,False,E17,0.0,HEX,JG071B.130,UNKNOWN,,30.471355,209,25,-0.0122965380037623,0.0008580463472753763,1000000,1000000,10000,6.0,6.0,4.0
21650,JG071B,113,FAM,-inf,False,E17,0.0,FAM,JG071B.130,UNKNOWN,,22.422516,208,26,0.12009726715748409,0.16852685809135437,1000000,1000000,10000,6.0,6.0,4.0
21651,JG071B,113,HEX,-inf,False,E17,0.0,HEX,JG071B.130,UNKNOWN,,30.471355,209,26,-0.01712019490452485,0.004586103372275829,1000000,1000000,10000,6.0,6.0,4.0
21652,JG071B,113,FAM,-inf,False,E17,0.0,FAM,JG071B.130,UNKNOWN,,22.422516,208,27,0.14808043234649737,0.21066991984844208,1000000,1000000,10000,6.0,6.0,4.0
21653,JG071B,113,HEX,-inf,False,E17,0.0,HEX,JG071B.130,UNKNOWN,,30.471355,209,27,-0.022735568017681413,0.009024811908602715,1000000,1000000,10000,6.0,6.0,4.0
21654,JG071B,113,FAM,-inf,False,E17,0.0,FAM,JG071B.130,UNKNOWN,,22.422516,208,28,0.17423618904891658,0.25000661611557007,1000000,1000000,10000,6.0,6.0,4.0
21655,JG071B,113,HEX,-inf,False,E17,0.0,HEX,JG071B.130,UNKNOWN,,30.471355,209,28,-0.028858050546450985,0.01391870528459549,1000000,1000000,10000,6.0,6.0,4.0
21656,JG071B,113,FAM,-inf,False,E17,0.0,FAM,JG071B.130,UNKNOWN,,22.422516,208,29,0.19757314982186266,0.28501448035240173,1000000,1000000,10000,6.0,6.0,4.0
21657,JG071B,113,HEX,-inf,False,E17,0.0,HEX,JG071B.130,UNKNOWN,,30.471355,209,29,-0.037607900043217686,0.021170947700738907,1000000,1000000,10000,6.0,6.0,4.0
21658,JG071B,113,FAM,-inf,False,E17,0.0,FAM,JG071B.130,UNKNOWN,,22.422516,208,30,0.21744498966856382,0.3147009015083313,1000000,1000000,10000,6.0,6.0,4.0
21659,JG071B,113,HEX,-inf,False,E17,0.0,HEX,JG071B.130,UNKNOWN,,30.471355,209,30,-0.051402962805063276,0.03295181319117546,1000000,1000000,10000,6.0,6.0,4.0
21660,JG071B,113,FAM,-inf,False,E17,0.0,FAM,JG071B.130,UNKNOWN,,22.422516,208,31,0.23346434052835158,0.33847105503082275,1000000,1000000,10000,6.0,6.0,4.0
21661,JG071B,113,HEX,-inf,False,E17,0.0,HEX,JG071B.130,UNKNOWN,,30.471355,209,31,-0.06991892254746175,0.04897020012140274,1000000,1000000,10000,6.0,6.0,4.0
21662,JG071B,113,FAM,-inf,False,E17,0.0,FAM,JG071B.130,UNKNOWN,,22.422516,208,32,0.24693254639262438,0.3583233952522278,1000000,1000000,10000,6.0,6.0,4.0
21663,JG071B,113,HEX,-inf,False,E17,0.0,HEX,JG071B.130,UNKNOWN,,30.471355,209,32,-0.09492391393627589,0.07081319391727448,1000000,1000000,10000,6.0,6.0,4.0
21664,JG071B,113,FAM,-inf,False,E17,0.0,FAM,JG071B.130,UNKNOWN,,22.422516,208,33,0.258583240955361,0.37538453936576843,1000000,1000000,10000,6.0,6.0,4.0
21665,JG071B,113,HEX,-inf,False,E17,0.0,HEX,JG071B.130,UNKNOWN,,30.471355,209,33,-0.12535618960206316,0.09752777218818665,1000000,1000000,10000,6.0,6.0,4.0
21666,JG071B,113,FAM,-inf,False,E17,0.0,FAM,JG071B.130,UNKNOWN,,22.422516,208,34,0.26935250386058746,0.39109209179878235,1000000,1000000,10000,6.0,6.0,4.0
21667,JG071B,113,HEX,-inf,False,E17,0.0,HEX,JG071B.130,UNKNOWN,,30.471355,209,34,-0.15886422406862025,0.12700317800045013,1000000,1000000,10000,6.0,6.0,4.0
21668,JG071B,113,FAM,-inf,False,E17,0.0,FAM,JG071B.130,UNKNOWN,,22.422516,208,35,0.27899713604331217,0.40507254004478455,1000000,1000000,10000,6.0,6.0,4.0
21669,JG071B,113,HEX,-inf,False,E17,0.0,HEX,JG071B.130,UNKNOWN,,30.471355,209,35,-0.1970007379913672,0.1606331318616867,1000000,1000000,10000,6.0,6.0,4.0
21670,JG071B,113,FAM,-inf,False,E17,0.0,FAM,JG071B.130,UNKNOWN,,22.422516,208,36,0.28548464381754496,0.41420453786849976,1000000,1000000,10000,6.0,6.0,4.0
21671,JG071B,113,HEX,-inf,False,E17,0.0,HEX,JG071B.130,UNKNOWN,,30.471355,209,36,-0.23570078798058217,0.19476893544197083,1000000,1000000,10000,6.0,6.0,4.0
21672,JG071B,113,FAM,-inf,False,E17,0.0,FAM,JG071B.130,UNKNOWN,,22.422516,208,37,0.29087111886345324,0.4216457009315491,1000000,1000000,10000,6.0,6.0,4.0
21673,JG071B,113,HEX,-inf,False,E17,0.0,HEX,JG071B.130,UNKNOWN,,30.471355,209,37,-0.27374244403837306,0.22831375896930695,1000000,1000000,10000,6.0,6.0,4.0
21674,JG071B,113,FAM,-inf,False,E17,0.0,FAM,JG071B.130,UNKNOWN,,22.422516,208,38,0.2967154648588837,0.42979001998901367,1000000,1000000,10000,6.0,6.0,4.0
21675,JG071B,113,HEX,-inf,False,E17,0.0,HEX,JG071B.130,UNKNOWN,,30.471355,209,38,-0.3093502670780544,0.25967395305633545,1000000,1000000,10000,6.0,6.0,4.0
21676,JG071B,113,FAM,-inf,False,E17,0.0,FAM,JG071B.130,UNKNOWN,,22.422516,208,39,0.30101328836091257,0.43555930256843567,1000000,1000000,10000,6.0,6.0,4.0
21677,JG071B,113,HEX,-inf,False,E17,0.0,HEX,JG071B.130,UNKNOWN,,30.471355,209,39,-0.34315114241577443,0.2894122004508972,1000000,1000000,10000,6.0,6.0,4.0
21678,JG071B,113,FAM,-inf,False,E17,0.0,FAM,JG071B.130,UNKNOWN,,22.422516,208,40,0.3046324754678923,0.44028642773628235,1000000,1000000,10000,6.0,6.0,4.0
21679,JG071B,113,HEX,-inf,False,E17,0.0,HEX,JG071B.130,UNKNOWN,,30.471355,209,40,-0.3732706560627006,0.3158460259437561,1000000,1000000,10000,6.0,6.0,4.0
21680,JG071B,113,FAM,-inf,False,E17,0.0,FAM,JG071B.130,UNKNOWN,,22.422516,208,41,0.30863132635619145,0.4455966055393219,1000000,1000000,10000,6.0,6.0,4.0
21681,JG071B,113,HEX,-inf,False,E17,0.0,HEX,JG071B.130,UNKNOWN,,30.471355,209,41,-0.40199562296693014,0.3410281240940094,1000000,1000000,10000,6.0,6.0,4.0
21682,JG071B,113,FAM,-inf,False,E17,0.0,FAM,JG071B.130,UNKNOWN,,22.422516,208,42,0.31215802329849274,0.45018166303634644,1000000,1000000,10000,6.0,6.0,4.0
21683,JG071B,113,HEX,-inf,False,E17,0.0,HEX,JG071B.130,UNKNOWN,,30.471355,209,42,-0.4287772155093788,0.3644658029079437,1000000,1000000,10000,6.0,6.0,4.0
21684,JG071B,113,FAM,-inf,False,E17,0.0,FAM,JG071B.130,UNKNOWN,,22.422516,208,43,0.3140982208822566,0.4523303508758545,1000000,1000000,10000,6.0,6.0,4.0
21685,JG071B,113,HEX,-inf,False,E17,0.0,HEX,JG071B.130,UNKNOWN,,30.471355,209,43,-0.4491546238936495,0.38215503096580505,1000000,1000000,10000,6.0,6.0,4.0
21686,JG071B,113,FAM,-inf,False,E17,0.0,FAM,JG071B.130,UNKNOWN,,22.422516,208,44,0.3163269893323167,0.4549221992492676,1000000,1000000,10000,6.0,6.0,4.0
21687,JG071B,113,HEX,-inf,False,E17,0.0,HEX,JG071B.130,UNKNOWN,,30.471355,209,44,-0.4707431052503168,0.40093135833740234,1000000,1000000,10000,6.0,6.0,4.0
21688,JG071B,113,FAM,-inf,False,E17,0.0,FAM,JG071B.130,UNKNOWN,,22.422516,208,45,0.31896817930561333,0.4581473767757416,1000000,1000000,10000,6.0,6.0,4.0
21689,JG071B,113,HEX,-inf,False,E17,0.0,HEX,JG071B.130,UNKNOWN,,30.471355,209,45,-0.48895475286066953,0.4166765809059143,1000000,1000000,10000,6.0,6.0,4.0
21690,JG071B,113,FAM,-inf,False,E17,0.0,FAM,JG071B.130,UNKNOWN,,22.422516,208,46,0.3208901350188783,0.4602680504322052,1000000,1000000,10000,6.0,6.0,4.0
21691,JG071B,113,HEX,-inf,False,E17,0.0,HEX,JG071B.130,UNKNOWN,,30.471355,209,46,-0.504405661419186,0.4299437403678894,1000000,1000000,10000,6.0,6.0,4.0
21692,JG071B,113,FAM,-inf,False,E17,0.0,FAM,JG071B.130,UNKNOWN,,22.422516,208,47,0.32297750956632676,0.46264275908470154,1000000,1000000,10000,6.0,6.0,4.0
21693,JG071B,113,HEX,-inf,False,E17,0.0,HEX,JG071B.130,UNKNOWN,,30.471355,209,47,-0.5189750591920589,0.4424196779727936,1000000,1000000,10000,6.0,6.0,4.0
21694,JG071B,113,FAM,-inf,False,E17,0.0,FAM,JG071B.130,UNKNOWN,,22.422516,208,48,0.3254262672121054,0.46557241678237915,1000000,1000000,10000,6.0,6.0,4.0
21695,JG071B,113,HEX,-inf,False,E17,0.0,HEX,JG071B.130,UNKNOWN,,30.471355,209,48,-0.5331140273670004,0.4545092284679413,1000000,1000000,10000,6.0,6.0,4.0
21696,JG071B,113,FAM,-inf,False,E17,0.0,FAM,JG071B.130,UNKNOWN,,22.422516,208,49,0.3275100321979445,0.4679415822029114,1000000,1000000,10000,6.0,6.0,4.0
21697,JG071B,113,HEX,-inf,False,E17,0.0,HEX,JG071B.130,UNKNOWN,,30.471355,209,49,-0.5455790879046913,0.46509626507759094,1000000,1000000,10000,6.0,6.0,4.0
21698,JG071B,113,FAM,-inf,False,E17,0.0,FAM,JG071B.130,UNKNOWN,,22.422516,208,50,0.32860997817653714,0.468799889087677,1000000,1000000,10000,6.0,6.0,4.0
21699,JG071B,113,HEX,-inf,False,E17,0.0,HEX,JG071B.130,UNKNOWN,,30.471355,209,50,-0.5566948227049604,0.47447216510772705,1000000,1000000,10000,6.0,6.0,4.0
21780,JG071B,137,FAM,-inf,False,F17,0.0,FAM,JG071B.130,UNKNOWN,,21.979248,252,1,-0.0028121844643075934,0.0005200061132200062,1000000,1000000,10000,6.0,6.0,4.0
21781,JG071B,137,HEX,-inf,False,F17,0.0,HEX,JG071B.130,UNKNOWN,,29.804693,253,1,0.0021748207458815528,0.0016477481694892049,1000000,1000000,10000,6.0,6.0,4.0
21782,JG071B,137,FAM,-inf,False,F17,0.0,FAM,JG071B.130,UNKNOWN,,21.979248,252,2,-0.002259805100605044,0.000548774260096252,1000000,1000000,10000,6.0,6.0,4.0
21783,JG071B,137,HEX,-inf,False,F17,0.0,HEX,JG071B.130,UNKNOWN,,29.804693,253,2,0.001757273490128177,0.0015519558219239116,1000000,1000000,10000,6.0,6.0,4.0
21784,JG071B,137,FAM,-inf,False,F17,0.0,FAM,JG071B.130,UNKNOWN,,21.979248,252,3,-0.0015407649030254038,0.000833484751638025,1000000,1000000,10000,6.0,6.0,4.0
21785,JG071B,137,HEX,-inf,False,F17,0.0,HEX,JG071B.130,UNKNOWN,,29.804693,253,3,0.0007440673172434844,0.001990832155570388,1000000,1000000,10000,6.0,6.0,4.0
21786,JG071B,137,FAM,-inf,False,F17,0.0,FAM,JG071B.130,UNKNOWN,,21.979248,252,4,-0.0009514360484399966,0.0009189965203404427,1000000,1000000,10000,6.0,6.0,4.0
21787,JG071B,137,HEX,-inf,False,F17,0.0,HEX,JG071B.130,UNKNOWN,,29.804693,253,4,0.0006690807971163375,0.0015875542303547263,1000000,1000000,10000,6.0,6.0,4.0
21788,JG071B,137,FAM,-inf,False,F17,0.0,FAM,JG071B.130,UNKNOWN,,21.979248,252,5,-0.00028897475877473207,0.001116818399168551,1000000,1000000,10000,6.0,6.0,4.0
21789,JG071B,137,HEX,-inf,False,F17,0.0,HEX,JG071B.130,UNKNOWN,,29.804693,253,5,0.0008799295445449168,0.0009277082281187177,1000000,1000000,10000,6.0,6.0,4.0
21790,JG071B,137,FAM,-inf,False,F17,0.0,FAM,JG071B.130,UNKNOWN,,21.979248,252,6,-0.00014018707673751142,0.0005257876473478973,1000000,1000000,10000,6.0,6.0,4.0
21791,JG071B,137,HEX,-inf,False,F17,0.0,HEX,JG071B.130,UNKNOWN,,29.804693,253,6,0.0008402698596691688,0.0004927207482978702,1000000,1000000,10000,6.0,6.0,4.0
21792,JG071B,137,FAM,-inf,False,F17,0.0,FAM,JG071B.130,UNKNOWN,,21.979248,252,7,-3.835280498972018e-05,-0.00013734985259361565,1000000,1000000,10000,6.0,6.0,4.0
21793,JG071B,137,HEX,-inf,False,F17,0.0,HEX,JG071B.130,UNKNOWN,,29.804693,253,7,0.00023808676666670553,0.0005626591155305505,1000000,1000000,10000,6.0,6.0,4.0
21794,JG071B,137,FAM,-inf,False,F17,0.0,FAM,JG071B.130,UNKNOWN,,21.979248,252,8,0.0004590680722736214,-0.0001929818681674078,1000000,1000000,10000,6.0,6.0,4.0
21795,JG071B,137,HEX,-inf,False,F17,0.0,HEX,JG071B.130,UNKNOWN,,29.804693,253,8,-0.0006737539663471968,0.0009105487843044102,1000000,1000000,10000,6.0,6.0,4.0
21796,JG071B,137,FAM,-inf,False,F17,0.0,FAM,JG071B.130,UNKNOWN,,21.979248,252,9,0.0009266033319111224,-0.00029450946021825075,1000000,1000000,10000,6.0,6.0,4.0
21797,JG071B,137,HEX,-inf,False,F17,0.0,HEX,JG071B.130,UNKNOWN,,29.804693,253,9,-0.0014132103679463787,0.0011037049116566777,1000000,1000000,10000,6.0,6.0,4.0
21798,JG071B,137,FAM,-inf,False,F17,0.0,FAM,JG071B.130,UNKNOWN,,21.979248,252,10,0.0015740441877826203,-0.00011975464440183714,1000000,1000000,10000,6.0,6.0,4.0
21799,JG071B,137,HEX,-inf,False,F17,0.0,HEX,JG071B.130,UNKNOWN,,29.804693,253,10,-0.0012844699509470374,0.0005175599944777787,1000000,1000000,10000,6.0,6.0,4.0
21800,JG071B,137,FAM,-inf,False,F17,0.0,FAM,JG071B.130,UNKNOWN,,21.979248,252,11,0.0014121863995953973,-0.001187846064567566,1000000,1000000,10000,6.0,6.0,4.0
21801,JG071B,137,HEX,-inf,False,F17,0.0,HEX,JG071B.130,UNKNOWN,,29.804693,253,11,-0.0013366467569597943,9.380799747304991e-05,1000000,1000000,10000,6.0,6.0,4.0
21802,JG071B,137,FAM,-inf,False,F17,0.0,FAM,JG071B.130,UNKNOWN,,21.979248,252,12,0.0018204355801115066,-0.0013804197078570724,1000000,1000000,10000,6.0,6.0,4.0
21803,JG071B,137,HEX,-inf,False,F17,0.0,HEX,JG071B.130,UNKNOWN,,29.804693,253,12,-0.0014742354837284004,-0.0002532775397412479,1000000,1000000,10000,6.0,6.0,4.0
21804,JG071B,137,FAM,-inf,False,F17,0.0,FAM,JG071B.130,UNKNOWN,,21.979248,252,13,0.0024481596908480343,-0.0012359441025182605,1000000,1000000,10000,6.0,6.0,4.0
21805,JG071B,137,HEX,-inf,False,F17,0.0,HEX,JG071B.130,UNKNOWN,,29.804693,253,13,-0.0010271385255560912,-0.0011251820251345634,1000000,1000000,10000,6.0,6.0,4.0
21806,JG071B,137,FAM,-inf,False,F17,0.0,FAM,JG071B.130,UNKNOWN,,21.979248,252,14,0.0031939319912066325,-0.0009101809118874371,1000000,1000000,10000,6.0,6.0,4.0
21807,JG071B,137,HEX,-inf,False,F17,0.0,HEX,JG071B.130,UNKNOWN,,29.804693,253,14,-0.001091716246010951,-0.0015378028620034456,1000000,1000000,10000,6.0,6.0,4.0
21808,JG071B,137,FAM,-inf,False,F17,0.0,FAM,JG071B.130,UNKNOWN,,21.979248,252,15,0.003389275255506445,-0.0014297158923000097,1000000,1000000,10000,6.0,6.0,4.0
21809,JG071B,137,HEX,-inf,False,F17,0.0,HEX,JG071B.130,UNKNOWN,,29.804693,253,15,-0.0016398466249257476,-0.0015163826756179333,1000000,1000000,10000,6.0,6.0,4.0
21810,JG071B,137,FAM,-inf,False,F17,0.0,FAM,JG071B.130,UNKNOWN,,21.979248,252,16,0.003832183989970445,-0.0015690625878050923,1000000,1000000,10000,6.0,6.0,4.0
21811,JG071B,137,HEX,-inf,False,F17,0.0,HEX,JG071B.130,UNKNOWN,,29.804693,253,16,-0.0018495333054052677,-0.001798752462491393,1000000,1000000,10000,6.0,6.0,4.0
21812,JG071B,137,FAM,-inf,False,F17,0.0,FAM,JG071B.130,UNKNOWN,,21.979248,252,17,0.004887146292162618,-0.0007684738957323134,1000000,1000000,10000,6.0,6.0,4.0
21813,JG071B,137,HEX,-inf,False,F17,0.0,HEX,JG071B.130,UNKNOWN,,29.804693,253,17,-0.001451774389698728,-0.0026263706386089325,1000000,1000000,10000,6.0,6.0,4.0
21814,JG071B,137,FAM,-inf,False,F17,0.0,FAM,JG071B.130,UNKNOWN,,21.979248,252,18,0.006766253016000374,0.00129775982350111,1000000,1000000,10000,6.0,6.0,4.0
21815,JG071B,137,HEX,-inf,False,F17,0.0,HEX,JG071B.130,UNKNOWN,,29.804693,253,18,-0.0016139657338745583,-0.0029513726476579905,1000000,1000000,10000,6.0,6.0,4.0
21816,JG071B,137,FAM,-inf,False,F17,0.0,FAM,JG071B.130,UNKNOWN,,21.979248,252,19,0.009406831692572901,0.004533391911536455,1000000,1000000,10000,6.0,6.0,4.0
21817,JG071B,137,HEX,-inf,False,F17,0.0,HEX,JG071B.130,UNKNOWN,,29.804693,253,19,-0.0020490435996023126,-0.0030314293690025806,1000000,1000000,10000,6.0,6.0,4.0
21818,JG071B,137,FAM,-inf,False,F17,0.0,FAM,JG071B.130,UNKNOWN,,21.979248,252,20,0.013081443035876906,0.009356996044516563,1000000,1000000,10000,6.0,6.0,4.0
21819,JG071B,137,HEX,-inf,False,F17,0.0,HEX,JG071B.130,UNKNOWN,,29.804693,253,20,-0.0027288361638455132,-0.0028918280731886625,1000000,1000000,10000,6.0,6.0,4.0
21820,JG071B,137,FAM,-inf,False,F17,0.0,FAM,JG071B.130,UNKNOWN,,21.979248,252,21,0.021306818881297547,0.02116924524307251,1000000,1000000,10000,6.0,6.0,4.0
21821,JG071B,137,HEX,-inf,False,F17,0.0,HEX,JG071B.130,UNKNOWN,,29.804693,253,21,-0.004282536275694042,-0.001967799849808216,1000000,1000000,10000,6.0,6.0,4.0
21822,JG071B,137,FAM,-inf,False,F17,0.0,FAM,JG071B.130,UNKNOWN,,21.979248,252,22,0.034405083493101916,0.04046482592821121,1000000,1000000,10000,6.0,6.0,4.0
21823,JG071B,137,HEX,-inf,False,F17,0.0,HEX,JG071B.130,UNKNOWN,,29.804693,253,22,-0.005696622344091319,-0.0011690903920680285,1000000,1000000,10000,6.0,6.0,4.0
21824,JG071B,137,FAM,-inf,False,F17,0.0,FAM,JG071B.130,UNKNOWN,,21.979248,252,23,0.05370740826157868,0.06928803026676178,1000000,1000000,10000,6.0,6.0,4.0
21825,JG071B,137,HEX,-inf,False,F17,0.0,HEX,JG071B.130,UNKNOWN,,29.804693,253,23,-0.007036734550702772,-0.0004367805377114564,1000000,1000000,10000,6.0,6.0,4.0
21826,JG071B,137,FAM,-inf,False,F17,0.0,FAM,JG071B.130,UNKNOWN,,21.979248,252,24,0.07961369768180296,0.10825300216674805,1000000,1000000,10000,6.0,6.0,4.0
21827,JG071B,137,HEX,-inf,False,F17,0.0,HEX,JG071B.130,UNKNOWN,,29.804693,253,24,-0.009743636700884793,0.0015223717782646418,1000000,1000000,10000,6.0,6.0,4.0
21828,JG071B,137,FAM,-inf,False,F17,0.0,FAM,JG071B.130,UNKNOWN,,21.979248,252,25,0.10910160371827733,0.15271827578544617,1000000,1000000,10000,6.0,6.0,4.0
21829,JG071B,137,HEX,-inf,False,F17,0.0,HEX,JG071B.130,UNKNOWN,,29.804693,253,25,-0.013375510940605085,0.004311786964535713,1000000,1000000,10000,6.0,6.0,4.0
21830,JG071B,137,FAM,-inf,False,F17,0.0,FAM,JG071B.130,UNKNOWN,,21.979248,252,26,0.13946867088157214,0.19853369891643524,1000000,1000000,10000,6.0,6.0,4.0
21831,JG071B,137,HEX,-inf,False,F17,0.0,HEX,JG071B.130,UNKNOWN,,29.804693,253,26,-0.017211942165272623,0.007284814026206732,1000000,1000000,10000,6.0,6.0,4.0
21832,JG071B,137,FAM,-inf,False,F17,0.0,FAM,JG071B.130,UNKNOWN,,21.979248,252,27,0.16841424998936355,0.24216613173484802,1000000,1000000,10000,6.0,6.0,4.0
21833,JG071B,137,HEX,-inf,False,F17,0.0,HEX,JG071B.130,UNKNOWN,,29.804693,253,27,-0.023336051587770877,0.012311280705034733,1000000,1000000,10000,6.0,6.0,4.0
21834,JG071B,137,FAM,-inf,False,F17,0.0,FAM,JG071B.130,UNKNOWN,,21.979248,252,28,0.19459108187408256,0.28154656291007996,1000000,1000000,10000,6.0,6.0,4.0
21835,JG071B,137,HEX,-inf,False,F17,0.0,HEX,JG071B.130,UNKNOWN,,29.804693,253,28,-0.031064543842053056,0.01877785660326481,1000000,1000000,10000,6.0,6.0,4.0
21836,JG071B,137,FAM,-inf,False,F17,0.0,FAM,JG071B.130,UNKNOWN,,21.979248,252,29,0.21744581685976597,0.3158252239227295,1000000,1000000,10000,6.0,6.0,4.0
21837,JG071B,137,HEX,-inf,False,F17,0.0,HEX,JG071B.130,UNKNOWN,,29.804693,253,29,-0.04394600616950474,0.02986977994441986,1000000,1000000,10000,6.0,6.0,4.0
21838,JG071B,137,FAM,-inf,False,F17,0.0,FAM,JG071B.130,UNKNOWN,,21.979248,252,30,0.2370687133928929,0.3451407551765442,1000000,1000000,10000,6.0,6.0,4.0
21839,JG071B,137,HEX,-inf,False,F17,0.0,HEX,JG071B.130,UNKNOWN,,29.804693,253,30,-0.05931407595550965,0.04319370537996292,1000000,1000000,10000,6.0,6.0,4.0
21840,JG071B,137,FAM,-inf,False,F17,0.0,FAM,JG071B.130,UNKNOWN,,21.979248,252,31,0.2532549967739907,0.3691786229610443,1000000,1000000,10000,6.0,6.0,4.0
21841,JG071B,137,HEX,-inf,False,F17,0.0,HEX,JG071B.130,UNKNOWN,,29.804693,253,31,-0.07892139917359525,0.06032282114028931,1000000,1000000,10000,6.0,6.0,4.0
21842,JG071B,137,FAM,-inf,False,F17,0.0,FAM,JG071B.130,UNKNOWN,,21.979248,252,32,0.2670728255519954,0.38957923650741577,1000000,1000000,10000,6.0,6.0,4.0
21843,JG071B,137,HEX,-inf,False,F17,0.0,HEX,JG071B.130,UNKNOWN,,29.804693,253,32,-0.1055873494536561,0.08378782123327255,1000000,1000000,10000,6.0,6.0,4.0
21844,JG071B,137,FAM,-inf,False,F17,0.0,FAM,JG071B.130,UNKNOWN,,21.979248,252,33,0.278765980979255,0.4067170023918152,1000000,1000000,10000,6.0,6.0,4.0
21845,JG071B,137,HEX,-inf,False,F17,0.0,HEX,JG071B.130,UNKNOWN,,29.804693,253,33,-0.13637578203837358,0.1109531968832016,1000000,1000000,10000,6.0,6.0,4.0
21846,JG071B,137,FAM,-inf,False,F17,0.0,FAM,JG071B.130,UNKNOWN,,21.979248,252,34,0.2892642550763469,0.42201974987983704,1000000,1000000,10000,6.0,6.0,4.0
21847,JG071B,137,HEX,-inf,False,F17,0.0,HEX,JG071B.130,UNKNOWN,,29.804693,253,34,-0.17256653106161585,0.14296773076057434,1000000,1000000,10000,6.0,6.0,4.0
21848,JG071B,137,FAM,-inf,False,F17,0.0,FAM,JG071B.130,UNKNOWN,,21.979248,252,35,0.2974807428614606,0.43381834030151367,1000000,1000000,10000,6.0,6.0,4.0
21849,JG071B,137,HEX,-inf,False,F17,0.0,HEX,JG071B.130,UNKNOWN,,29.804693,253,35,-0.21112640257486145,0.17710882425308228,1000000,1000000,10000,6.0,6.0,4.0
21850,JG071B,137,FAM,-inf,False,F17,0.0,FAM,JG071B.130,UNKNOWN,,21.979248,252,36,0.3042211140108004,0.44335004687309265,1000000,1000000,10000,6.0,6.0,4.0
21851,JG071B,137,HEX,-inf,False,F17,0.0,HEX,JG071B.130,UNKNOWN,,29.804693,253,36,-0.24753190157028987,0.20931611955165863,1000000,1000000,10000,6.0,6.0,4.0
21852,JG071B,137,FAM,-inf,False,F17,0.0,FAM,JG071B.130,UNKNOWN,,21.979248,252,37,0.30960972374368195,0.4508058726787567,1000000,1000000,10000,6.0,6.0,4.0
21853,JG071B,137,HEX,-inf,False,F17,0.0,HEX,JG071B.130,UNKNOWN,,29.804693,253,37,-0.28299669076949846,0.2406790405511856,1000000,1000000,10000,6.0,6.0,4.0
21854,JG071B,137,FAM,-inf,False,F17,0.0,FAM,JG071B.130,UNKNOWN,,21.979248,252,38,0.3148897361283595,0.45809489488601685,1000000,1000000,10000,6.0,6.0,4.0
21855,JG071B,137,HEX,-inf,False,F17,0.0,HEX,JG071B.130,UNKNOWN,,29.804693,253,38,-0.31892723640188997,0.272460013628006,1000000,1000000,10000,6.0,6.0,4.0
21856,JG071B,137,FAM,-inf,False,F17,0.0,FAM,JG071B.130,UNKNOWN,,21.979248,252,39,0.3200887080330335,0.46525946259498596,1000000,1000000,10000,6.0,6.0,4.0
21857,JG071B,137,HEX,-inf,False,F17,0.0,HEX,JG071B.130,UNKNOWN,,29.804693,253,39,-0.35113076771334606,0.3008956015110016,1000000,1000000,10000,6.0,6.0,4.0
21858,JG071B,137,FAM,-inf,False,F17,0.0,FAM,JG071B.130,UNKNOWN,,21.979248,252,40,0.32282564842020417,0.46864309906959534,1000000,1000000,10000,6.0,6.0,4.0
21859,JG071B,137,HEX,-inf,False,F17,0.0,HEX,JG071B.130,UNKNOWN,,29.804693,253,40,-0.37992034553994325,0.3262667953968048,1000000,1000000,10000,6.0,6.0,4.0
21860,JG071B,137,FAM,-inf,False,F17,0.0,FAM,JG071B.130,UNKNOWN,,21.979248,252,41,0.3259568848975838,0.4726322293281555,1000000,1000000,10000,6.0,6.0,4.0
21861,JG071B,137,HEX,-inf,False,F17,0.0,HEX,JG071B.130,UNKNOWN,,29.804693,253,41,-0.4071993027365892,0.3502820134162903,1000000,1000000,10000,6.0,6.0,4.0
21862,JG071B,137,FAM,-inf,False,F17,0.0,FAM,JG071B.130,UNKNOWN,,21.979248,252,42,0.3290318432638498,0.4765349328517914,1000000,1000000,10000,6.0,6.0,4.0
21863,JG071B,137,HEX,-inf,False,F17,0.0,HEX,JG071B.130,UNKNOWN,,29.804693,253,42,-0.43027669067221685,0.37052589654922485,1000000,1000000,10000,6.0,6.0,4.0
21864,JG071B,137,FAM,-inf,False,F17,0.0,FAM,JG071B.130,UNKNOWN,,21.979248,252,43,0.33153967352005254,0.4795667231082916,1000000,1000000,10000,6.0,6.0,4.0
21865,JG071B,137,HEX,-inf,False,F17,0.0,HEX,JG071B.130,UNKNOWN,,29.804693,253,43,-0.4506204987207033,0.3883160948753357,1000000,1000000,10000,6.0,6.0,4.0
21866,JG071B,137,FAM,-inf,False,F17,0.0,FAM,JG071B.130,UNKNOWN,,21.979248,252,44,0.3347820689700041,0.4837265610694885,1000000,1000000,10000,6.0,6.0,4.0
21867,JG071B,137,HEX,-inf,False,F17,0.0,HEX,JG071B.130,UNKNOWN,,29.804693,253,44,-0.47099803991262534,0.40613657236099243,1000000,1000000,10000,6.0,6.0,4.0
21868,JG071B,137,FAM,-inf,False,F17,0.0,FAM,JG071B.130,UNKNOWN,,21.979248,252,45,0.3376638187589436,0.4873325526714325,1000000,1000000,10000,6.0,6.0,4.0
21869,JG071B,137,HEX,-inf,False,F17,0.0,HEX,JG071B.130,UNKNOWN,,29.804693,253,45,-0.48744573629813187,0.4204295575618744,1000000,1000000,10000,6.0,6.0,4.0
21870,JG071B,137,FAM,-inf,False,F17,0.0,FAM,JG071B.130,UNKNOWN,,21.979248,252,46,0.3404226105782225,0.490749716758728,1000000,1000000,10000,6.0,6.0,4.0
21871,JG071B,137,HEX,-inf,False,F17,0.0,HEX,JG071B.130,UNKNOWN,,29.804693,253,46,-0.5018918885705789,0.4329259693622589,1000000,1000000,10000,6.0,6.0,4.0
21872,JG071B,137,FAM,-inf,False,F17,0.0,FAM,JG071B.130,UNKNOWN,,21.979248,252,47,0.3431876512084595,0.4941765069961548,1000000,1000000,10000,6.0,6.0,4.0
21873,JG071B,137,HEX,-inf,False,F17,0.0,HEX,JG071B.130,UNKNOWN,,29.804693,253,47,-0.5156234028712674,0.4447809159755707,1000000,1000000,10000,6.0,6.0,4.0
21874,JG071B,137,FAM,-inf,False,F17,0.0,FAM,JG071B.130,UNKNOWN,,21.979248,252,48,0.3455931717399067,0.4970511496067047,1000000,1000000,10000,6.0,6.0,4.0
21875,JG071B,137,HEX,-inf,False,F17,0.0,HEX,JG071B.130,UNKNOWN,,29.804693,253,48,-0.5266744603453432,0.45422986149787903,1000000,1000000,10000,6.0,6.0,4.0
21876,JG071B,137,FAM,-inf,False,F17,0.0,FAM,JG071B.130,UNKNOWN,,21.979248,252,49,0.347282834697989,0.49882644414901733,1000000,1000000,10000,6.0,6.0,4.0
21877,JG071B,137,HEX,-inf,False,F17,0.0,HEX,JG071B.130,UNKNOWN,,29.804693,253,49,-0.5375645549460177,0.46353429555892944,1000000,1000000,10000,6.0,6.0,4.0
21878,JG071B,137,FAM,-inf,False,F17,0.0,FAM,JG071B.130,UNKNOWN,,21.979248,252,50,0.3492811733924067,0.501075804233551,1000000,1000000,10000,6.0,6.0,4.0
21879,JG071B,137,HEX,-inf,False,F17,0.0,HEX,JG071B.130,UNKNOWN,,29.804693,253,50,-0.5465612772656339,0.47113925218582153,1000000,1000000,10000,6.0,6.0,4.0
29520,JG071B,161,FAM,-inf,False,G17,0.0,FAM,JG071B.131,UNKNOWN,,21.086554,296,1,-0.004813783407920873,-0.0013388579245656729,100000,1000000,10000,5.0,6.0,4.0
29521,JG071B,161,HEX,-inf,False,G17,0.0,HEX,JG071B.131,UNKNOWN,,28.982718,297,1,0.001554345474029167,0.002587666502222419,100000,1000000,10000,5.0,6.0,4.0
29522,JG071B,161,FAM,-inf,False,G17,0.0,FAM,JG071B.131,UNKNOWN,,21.086554,296,2,-0.004081614885455596,-0.0013087891275063157,100000,1000000,10000,5.0,6.0,4.0
29523,JG071B,161,HEX,-inf,False,G17,0.0,HEX,JG071B.131,UNKNOWN,,28.982718,297,2,0.0013096141745573052,0.002249695360660553,100000,1000000,10000,5.0,6.0,4.0
29524,JG071B,161,FAM,-inf,False,G17,0.0,FAM,JG071B.131,UNKNOWN,,21.086554,296,3,-0.00303715136192289,-0.0007991263992153108,100000,1000000,10000,5.0,6.0,4.0
29525,JG071B,161,HEX,-inf,False,G17,0.0,HEX,JG071B.131,UNKNOWN,,28.982718,297,3,0.0005116394015947867,0.002408320549875498,100000,1000000,10000,5.0,6.0,4.0
29526,JG071B,161,FAM,-inf,False,G17,0.0,FAM,JG071B.131,UNKNOWN,,21.086554,296,4,-0.0013445677639362815,0.0007058593910187483,100000,1000000,10000,5.0,6.0,4.0
29527,JG071B,161,HEX,-inf,False,G17,0.0,HEX,JG071B.131,UNKNOWN,,28.982718,297,4,0.00017776096617367124,0.002150368643924594,100000,1000000,10000,5.0,6.0,4.0
29528,JG071B,161,FAM,-inf,False,G17,0.0,FAM,JG071B.131,UNKNOWN,,21.086554,296,5,-3.4991885897138843e-06,0.0016710208728909492,100000,1000000,10000,5.0,6.0,4.0
29529,JG071B,161,HEX,-inf,False,G17,0.0,HEX,JG071B.131,UNKNOWN,,28.982718,297,5,0.0016613884409939319,0.0002610080409795046,100000,1000000,10000,5.0,6.0,4.0
29530,JG071B,161,FAM,-inf,False,G17,0.0,FAM,JG071B.131,UNKNOWN,,21.086554,296,6,0.0001475590241372622,0.0008086740272119641,100000,1000000,10000,5.0,6.0,4.0
29531,JG071B,161,HEX,-inf,False,G17,0.0,HEX,JG071B.131,UNKNOWN,,28.982718,297,6,0.0016169974835398716,-0.00025679016835056245,100000,1000000,10000,5.0,6.0,4.0
29532,JG071B,161,FAM,-inf,False,G17,0.0,FAM,JG071B.131,UNKNOWN,,21.086554,296,7,5.8688124190809605e-05,-0.0004221337439958006,100000,1000000,10000,5.0,6.0,4.0
29533,JG071B,161,HEX,-inf,False,G17,0.0,HEX,JG071B.131,UNKNOWN,,28.982718,297,7,0.00042719033631101504,0.00025354704121127725,100000,1000000,10000,5.0,6.0,4.0
29534,JG071B,161,FAM,-inf,False,G17,0.0,FAM,JG071B.131,UNKNOWN,,21.086554,296,8,0.0006449799014006037,-0.0006160889752209187,100000,1000000,10000,5.0,6.0,4.0
29535,JG071B,161,HEX,-inf,False,G17,0.0,HEX,JG071B.131,UNKNOWN,,28.982718,297,8,-0.000940944284729179,0.000923952495213598,100000,1000000,10000,5.0,6.0,4.0
29536,JG071B,161,FAM,-inf,False,G17,0.0,FAM,JG071B.131,UNKNOWN,,21.086554,296,9,0.0012050150288391236,-0.000850366719532758,100000,1000000,10000,5.0,6.0,4.0
29537,JG071B,161,HEX,-inf,False,G17,0.0,HEX,JG071B.131,UNKNOWN,,28.982718,297,9,-0.0014934075132683247,0.000862204353325069,100000,1000000,10000,5.0,6.0,4.0
29538,JG071B,161,FAM,-inf,False,G17,0.0,FAM,JG071B.131,UNKNOWN,,21.086554,296,10,0.0023289762358810863,-0.0002186187484767288,100000,1000000,10000,5.0,6.0,4.0
29539,JG071B,161,HEX,-inf,False,G17,0.0,HEX,JG071B.131,UNKNOWN,,28.982718,297,10,-0.0019606248306157726,0.0007239386904984713,100000,1000000,10000,5.0,6.0,4.0
29540,JG071B,161,FAM,-inf,False,G17,0.0,FAM,JG071B.131,UNKNOWN,,21.086554,296,11,0.0033155509299476345,0.00020214365213178098,100000,1000000,10000,5.0,6.0,4.0
29541,JG071B,161,HEX,-inf,False,G17,0.0,HEX,JG071B.131,UNKNOWN,,28.982718,297,11,-0.0017801060305576378,4.259552952134982e-06,100000,1000000,10000,5.0,6.0,4.0
29542,JG071B,161,FAM,-inf,False,G17,0.0,FAM,JG071B.131,UNKNOWN,,21.086554,296,12,0.004067775806839084,0.00026301320758648217,100000,1000000,10000,5.0,6.0,4.0
29543,JG071B,161,HEX,-inf,False,G17,0.0,HEX,JG071B.131,UNKNOWN,,28.982718,297,12,-0.0021990477666498846,-0.00017733866116032004,100000,1000000,10000,5.0,6.0,4.0
29544,JG071B,161,FAM,-inf,False,G17,0.0,FAM,JG071B.131,UNKNOWN,,21.086554,296,13,0.004531682098622019,-0.0001188903406728059,100000,1000000,10000,5.0,6.0,4.0
29545,JG071B,161,HEX,-inf,False,G17,0.0,HEX,JG071B.131,UNKNOWN,,28.982718,297,13,-0.0018803094034793688,-0.0010210848413407803,100000,1000000,10000,5.0,6.0,4.0
29546,JG071B,161,FAM,-inf,False,G17,0.0,FAM,JG071B.131,UNKNOWN,,21.086554,296,14,0.004369834013557402,-0.0014617698034271598,100000,1000000,10000,5.0,6.0,4.0
29547,JG071B,161,HEX,-inf,False,G17,0.0,HEX,JG071B.131,UNKNOWN,,28.982718,297,14,-0.0012804338434186087,-0.0021171823609620333,100000,1000000,10000,5.0,6.0,4.0
29548,JG071B,161,FAM,-inf,False,G17,0.0,FAM,JG071B.131,UNKNOWN,,21.086554,296,15,0.005100265677076242,-0.0014343681978061795,100000,1000000,10000,5.0,6.0,4.0
29549,JG071B,161,HEX,-inf,False,G17,0.0,HEX,JG071B.131,UNKNOWN,,28.982718,297,15,-0.0012483607956245756,-0.0027036152314394712,100000,1000000,10000,5.0,6.0,4.0
29550,JG071B,161,FAM,-inf,False,G17,0.0,FAM,JG071B.131,UNKNOWN,,21.086554,296,16,0.006157906041107613,-0.0009044696926139295,100000,1000000,10000,5.0,6.0,4.0
29551,JG071B,161,HEX,-inf,False,G17,0.0,HEX,JG071B.131,UNKNOWN,,28.982718,297,16,-0.003303094373038174,-0.0014169126516208053,100000,1000000,10000,5.0,6.0,4.0
29552,JG071B,161,FAM,-inf,False,G17,0.0,FAM,JG071B.131,UNKNOWN,,21.086554,296,17,0.007748965867269817,0.0004446052189450711,100000,1000000,10000,5.0,6.0,4.0
29553,JG071B,161,HEX,-inf,False,G17,0.0,HEX,JG071B.131,UNKNOWN,,28.982718,297,17,-0.003504878998264092,-0.0017934328643605113,100000,1000000,10000,5.0,6.0,4.0
29554,JG071B,161,FAM,-inf,False,G17,0.0,FAM,JG071B.131,UNKNOWN,,21.086554,296,18,0.009950061011658188,0.0027305162511765957,100000,1000000,10000,5.0,6.0,4.0
29555,JG071B,161,HEX,-inf,False,G17,0.0,HEX,JG071B.131,UNKNOWN,,28.982718,297,18,-0.00300545582547129,-0.0027993633411824703,100000,1000000,10000,5.0,6.0,4.0
29556,JG071B,161,FAM,-inf,False,G17,0.0,FAM,JG071B.131,UNKNOWN,,21.086554,296,19,0.014900322477700508,0.009238343685865402,100000,1000000,10000,5.0,6.0,4.0
29557,JG071B,161,HEX,-inf,False,G17,0.0,HEX,JG071B.131,UNKNOWN,,28.982718,297,19,-0.004021351353295234,-0.0024451306089758873,100000,1000000,10000,5.0,6.0,4.0
29558,JG071B,161,FAM,-inf,False,G17,0.0,FAM,JG071B.131,UNKNOWN,,21.086554,296,20,0.022156531031009393,0.019287431612610817,100000,1000000,10000,5.0,6.0,4.0
29559,JG071B,161,HEX,-inf,False,G17,0.0,HEX,JG071B.131,UNKNOWN,,28.982718,297,20,-0.0044800855819145495,-0.002591010881587863,100000,1000000,10000,5.0,6.0,4.0
29560,JG071B,161,FAM,-inf,False,G17,0.0,FAM,JG071B.131,UNKNOWN,,21.086554,296,21,0.034016541354598175,0.036406613886356354,100000,1000000,10000,5.0,6.0,4.0
29561,JG071B,161,HEX,-inf,False,G17,0.0,HEX,JG071B.131,UNKNOWN,,28.982718,297,21,-0.0056042359465215625,-0.0021396076772361994,100000,1000000,10000,5.0,6.0,4.0
29562,JG071B,161,FAM,-inf,False,G17,0.0,FAM,JG071B.131,UNKNOWN,,21.086554,296,22,0.05439820266925286,0.06661256402730942,100000,1000000,10000,5.0,6.0,4.0
29563,JG071B,161,HEX,-inf,False,G17,0.0,HEX,JG071B.131,UNKNOWN,,28.982718,297,22,-0.00771833454407567,-0.0007996185449883342,100000,1000000,10000,5.0,6.0,4.0
29564,JG071B,161,FAM,-inf,False,G17,0.0,FAM,JG071B.131,UNKNOWN,,21.086554,296,23,0.08234874596006549,0.10844210535287857,100000,1000000,10000,5.0,6.0,4.0
29565,JG071B,161,HEX,-inf,False,G17,0.0,HEX,JG071B.131,UNKNOWN,,28.982718,297,23,-0.010471735973176473,0.0011142143048346043,100000,1000000,10000,5.0,6.0,4.0
29566,JG071B,161,FAM,-inf,False,G17,0.0,FAM,JG071B.131,UNKNOWN,,21.086554,296,24,0.11705287605320695,0.16064317524433136,100000,1000000,10000,5.0,6.0,4.0
29567,JG071B,161,HEX,-inf,False,G17,0.0,HEX,JG071B.131,UNKNOWN,,28.982718,297,24,-0.014827710729811951,0.004466530866920948,100000,1000000,10000,5.0,6.0,4.0
29568,JG071B,161,FAM,-inf,False,G17,0.0,FAM,JG071B.131,UNKNOWN,,21.086554,296,25,0.1571591808446329,0.22114041447639465,100000,1000000,10000,5.0,6.0,4.0
29569,JG071B,161,HEX,-inf,False,G17,0.0,HEX,JG071B.131,UNKNOWN,,28.982718,297,25,-0.018374754082250925,0.007092743646353483,100000,1000000,10000,5.0,6.0,4.0
29570,JG071B,161,FAM,-inf,False,G17,0.0,FAM,JG071B.131,UNKNOWN,,21.086554,296,26,0.1978090933769258,0.2824724614620209,100000,1000000,10000,5.0,6.0,4.0
29571,JG071B,161,HEX,-inf,False,G17,0.0,HEX,JG071B.131,UNKNOWN,,28.982718,297,26,-0.0247534225704188,0.012260647490620613,100000,1000000,10000,5.0,6.0,4.0
29572,JG071B,161,FAM,-inf,False,G17,0.0,FAM,JG071B.131,UNKNOWN,,21.086554,296,27,0.23631182131402806,0.3405070900917053,100000,1000000,10000,5.0,6.0,4.0
29573,JG071B,161,HEX,-inf,False,G17,0.0,HEX,JG071B.131,UNKNOWN,,28.982718,297,27,-0.03330070719700807,0.019375119358301163,100000,1000000,10000,5.0,6.0,4.0
29574,JG071B,161,FAM,-inf,False,G17,0.0,FAM,JG071B.131,UNKNOWN,,21.086554,296,28,0.2716814497742104,0.39373016357421875,100000,1000000,10000,5.0,6.0,4.0
29575,JG071B,161,HEX,-inf,False,G17,0.0,HEX,JG071B.131,UNKNOWN,,28.982718,297,28,-0.04337858340411601,0.027863463386893272,100000,1000000,10000,5.0,6.0,4.0
29576,JG071B,161,FAM,-inf,False,G17,0.0,FAM,JG071B.131,UNKNOWN,,21.086554,296,29,0.3024547866810097,0.4398947060108185,100000,1000000,10000,5.0,6.0,4.0
29577,JG071B,161,HEX,-inf,False,G17,0.0,HEX,JG071B.131,UNKNOWN,,28.982718,297,29,-0.05685293228897768,0.03940051048994064,100000,1000000,10000,5.0,6.0,4.0
29578,JG071B,161,FAM,-inf,False,G17,0.0,FAM,JG071B.131,UNKNOWN,,21.086554,296,30,0.3294343578989059,0.4802331030368805,100000,1000000,10000,5.0,6.0,4.0
29579,JG071B,161,HEX,-inf,False,G17,0.0,HEX,JG071B.131,UNKNOWN,,28.982718,297,30,-0.07677082619967755,0.056721340864896774,100000,1000000,10000,5.0,6.0,4.0
29580,JG071B,161,FAM,-inf,False,G17,0.0,FAM,JG071B.131,UNKNOWN,,21.086554,296,31,0.351125610859174,0.5124502182006836,100000,1000000,10000,5.0,6.0,4.0
29581,JG071B,161,HEX,-inf,False,G17,0.0,HEX,JG071B.131,UNKNOWN,,28.982718,297,31,-0.09981102799293529,0.07684478163719177,100000,1000000,10000,5.0,6.0,4.0
29582,JG071B,161,FAM,-inf,False,G17,0.0,FAM,JG071B.131,UNKNOWN,,21.086554,296,32,0.3677519890691801,0.5368891358375549,100000,1000000,10000,5.0,6.0,4.0
29583,JG071B,161,HEX,-inf,False,G17,0.0,HEX,JG071B.131,UNKNOWN,,28.982718,297,32,-0.12752293813288787,0.10116158425807953,100000,1000000,10000,5.0,6.0,4.0
29584,JG071B,161,FAM,-inf,False,G17,0.0,FAM,JG071B.131,UNKNOWN,,21.086554,296,33,0.38105857972333085,0.556229829788208,100000,1000000,10000,5.0,6.0,4.0
29585,JG071B,161,HEX,-inf,False,G17,0.0,HEX,JG071B.131,UNKNOWN,,28.982718,297,33,-0.15690357641168942,0.12697625160217285,100000,1000000,10000,5.0,6.0,4.0
29586,JG071B,161,FAM,-inf,False,G17,0.0,FAM,JG071B.131,UNKNOWN,,21.086554,296,34,0.3907653118907326,0.5700422525405884,100000,1000000,10000,5.0,6.0,4.0
29587,JG071B,161,HEX,-inf,False,G17,0.0,HEX,JG071B.131,UNKNOWN,,28.982718,297,34,-0.18648760960848915,0.1529734879732132,100000,1000000,10000,5.0,6.0,4.0
29588,JG071B,161,FAM,-inf,False,G17,0.0,FAM,JG071B.131,UNKNOWN,,21.086554,296,35,0.3996727396303596,0.5826271176338196,100000,1000000,10000,5.0,6.0,4.0
29589,JG071B,161,HEX,-inf,False,G17,0.0,HEX,JG071B.131,UNKNOWN,,28.982718,297,35,-0.2142846494529385,0.177366703748703,100000,1000000,10000,5.0,6.0,4.0
29590,JG071B,161,FAM,-inf,False,G17,0.0,FAM,JG071B.131,UNKNOWN,,21.086554,296,36,0.408125828357093,0.5945142507553101,100000,1000000,10000,5.0,6.0,4.0
29591,JG071B,161,HEX,-inf,False,G17,0.0,HEX,JG071B.131,UNKNOWN,,28.982718,297,36,-0.2448290479783536,0.20422598719596863,100000,1000000,10000,5.0,6.0,4.0
29592,JG071B,161,FAM,-inf,False,G17,0.0,FAM,JG071B.131,UNKNOWN,,21.086554,296,37,0.41529173965143235,0.6044246554374695,100000,1000000,10000,5.0,6.0,4.0
29593,JG071B,161,HEX,-inf,False,G17,0.0,HEX,JG071B.131,UNKNOWN,,28.982718,297,37,-0.27379499436590515,0.22966842353343964,100000,1000000,10000,5.0,6.0,4.0
29594,JG071B,161,FAM,-inf,False,G17,0.0,FAM,JG071B.131,UNKNOWN,,21.086554,296,38,0.4205698890365696,0.6114360094070435,100000,1000000,10000,5.0,6.0,4.0
29595,JG071B,161,HEX,-inf,False,G17,0.0,HEX,JG071B.131,UNKNOWN,,28.982718,297,38,-0.2992346983994059,0.2519456744194031,100000,1000000,10000,5.0,6.0,4.0
29596,JG071B,161,FAM,-inf,False,G17,0.0,FAM,JG071B.131,UNKNOWN,,21.086554,296,39,0.4251024504806778,0.617302417755127,100000,1000000,10000,5.0,6.0,4.0
29597,JG071B,161,HEX,-inf,False,G17,0.0,HEX,JG071B.131,UNKNOWN,,28.982718,297,39,-0.32274822666197184,0.27249398827552795,100000,1000000,10000,5.0,6.0,4.0
29598,JG071B,161,FAM,-inf,False,G17,0.0,FAM,JG071B.131,UNKNOWN,,21.086554,296,40,0.4286966811563154,0.6217277646064758,100000,1000000,10000,5.0,6.0,4.0
29599,JG071B,161,HEX,-inf,False,G17,0.0,HEX,JG071B.131,UNKNOWN,,28.982718,297,40,-0.34225853389076744,0.28944894671440125,100000,1000000,10000,5.0,6.0,4.0
29600,JG071B,161,FAM,-inf,False,G17,0.0,FAM,JG071B.131,UNKNOWN,,21.086554,296,41,0.4323852261836813,0.6262979507446289,100000,1000000,10000,5.0,6.0,4.0
29601,JG071B,161,HEX,-inf,False,G17,0.0,HEX,JG071B.131,UNKNOWN,,28.982718,297,41,-0.3598710861860109,0.30470049381256104,100000,1000000,10000,5.0,6.0,4.0
29602,JG071B,161,FAM,-inf,False,G17,0.0,FAM,JG071B.131,UNKNOWN,,21.086554,296,42,0.435902879815714,0.6306056976318359,100000,1000000,10000,5.0,6.0,4.0
29603,JG071B,161,HEX,-inf,False,G17,0.0,HEX,JG071B.131,UNKNOWN,,28.982718,297,42,-0.3758190273795963,0.31845784187316895,100000,1000000,10000,5.0,6.0,4.0
29604,JG071B,161,FAM,-inf,False,G17,0.0,FAM,JG071B.131,UNKNOWN,,21.086554,296,43,0.43724870292113743,0.6315782070159912,100000,1000000,10000,5.0,6.0,4.0
29605,JG071B,161,HEX,-inf,False,G17,0.0,HEX,JG071B.131,UNKNOWN,,28.982718,297,43,-0.3921927499033171,0.33259740471839905,100000,1000000,10000,5.0,6.0,4.0
29606,JG071B,161,FAM,-inf,False,G17,0.0,FAM,JG071B.131,UNKNOWN,,21.086554,296,44,0.4406416520214405,0.6356944441795349,100000,1000000,10000,5.0,6.0,4.0
29607,JG071B,161,HEX,-inf,False,G17,0.0,HEX,JG071B.131,UNKNOWN,,28.982718,297,44,-0.40643504243098627,0.3448237478733063,100000,1000000,10000,5.0,6.0,4.0
29608,JG071B,161,FAM,-inf,False,G17,0.0,FAM,JG071B.131,UNKNOWN,,21.086554,296,45,0.4431218477844619,0.6384089589118958,100000,1000000,10000,5.0,6.0,4.0
29609,JG071B,161,HEX,-inf,False,G17,0.0,HEX,JG071B.131,UNKNOWN,,28.982718,297,45,-0.41753802769672854,0.3542322516441345,100000,1000000,10000,5.0,6.0,4.0
29610,JG071B,161,FAM,-inf,False,G17,0.0,FAM,JG071B.131,UNKNOWN,,21.086554,296,46,0.4461033456737889,0.6418933272361755,100000,1000000,10000,5.0,6.0,4.0
29611,JG071B,161,HEX,-inf,False,G17,0.0,HEX,JG071B.131,UNKNOWN,,28.982718,297,46,-0.42989943186256346,0.3647703230381012,100000,1000000,10000,5.0,6.0,4.0
29612,JG071B,161,FAM,-inf,False,G17,0.0,FAM,JG071B.131,UNKNOWN,,21.086554,296,47,0.44851224289190295,0.644498348236084,100000,1000000,10000,5.0,6.0,4.0
29613,JG071B,161,HEX,-inf,False,G17,0.0,HEX,JG071B.131,UNKNOWN,,28.982718,297,47,-0.4438850736040547,0.37676629424095154,100000,1000000,10000,5.0,6.0,4.0
29614,JG071B,161,FAM,-inf,False,G17,0.0,FAM,JG071B.131,UNKNOWN,,21.086554,296,48,0.4508011318896285,0.6469191312789917,100000,1000000,10000,5.0,6.0,4.0
29615,JG071B,161,HEX,-inf,False,G17,0.0,HEX,JG071B.131,UNKNOWN,,28.982718,297,48,-0.4547724456478773,0.3859812617301941,100000,1000000,10000,5.0,6.0,4.0
29616,JG071B,161,FAM,-inf,False,G17,0.0,FAM,JG071B.131,UNKNOWN,,21.086554,296,49,0.45471455648650627,0.6518346667289734,100000,1000000,10000,5.0,6.0,4.0
29617,JG071B,161,HEX,-inf,False,G17,0.0,HEX,JG071B.131,UNKNOWN,,28.982718,297,49,-0.4667805150573725,0.3962021470069885,100000,1000000,10000,5.0,6.0,4.0
29618,JG071B,161,FAM,-inf,False,G17,0.0,FAM,JG071B.131,UNKNOWN,,21.086554,296,50,0.4565095177311066,0.6534968614578247,100000,1000000,10000,5.0,6.0,4.0
29619,JG071B,161,HEX,-inf,False,G17,0.0,HEX,JG071B.131,UNKNOWN,,28.982718,297,50,-0.4788510704668143,0.406479150056839,100000,1000000,10000,5.0,6.0,4.0
29700,JG071B,185,FAM,-inf,False,H17,0.0,FAM,JG071B.131,UNKNOWN,,20.445967,340,1,-0.0035709892712160966,-0.0002974246453959495,100000,1000000,10000,5.0,6.0,4.0
29701,JG071B,185,HEX,-inf,False,H17,0.0,HEX,JG071B.131,UNKNOWN,,28.733046,341,1,0.0021417163636702295,0.002074540825560689,100000,1000000,10000,5.0,6.0,4.0
29702,JG071B,185,FAM,-inf,False,H17,0.0,FAM,JG071B.131,UNKNOWN,,20.445967,340,2,-0.002550599194868362,0.0003425237664487213,100000,1000000,10000,5.0,6.0,4.0
29703,JG071B,185,HEX,-inf,False,H17,0.0,HEX,JG071B.131,UNKNOWN,,28.733046,341,2,0.0019254391034939024,0.0016890444094315171,100000,1000000,10000,5.0,6.0,4.0
29704,JG071B,185,FAM,-inf,False,H17,0.0,FAM,JG071B.131,UNKNOWN,,20.445967,340,3,-0.0017304427566137593,0.0006749717867933214,100000,1000000,10000,5.0,6.0,4.0
29705,JG071B,185,HEX,-inf,False,H17,0.0,HEX,JG071B.131,UNKNOWN,,28.733046,341,3,0.0016015046409654505,0.0014001819072291255,100000,1000000,10000,5.0,6.0,4.0
29706,JG071B,185,FAM,-inf,False,H17,0.0,FAM,JG071B.131,UNKNOWN,,20.445967,340,4,-0.001494618064802581,0.00011005702981492504,100000,1000000,10000,5.0,6.0,4.0
29707,JG071B,185,HEX,-inf,False,H17,0.0,HEX,JG071B.131,UNKNOWN,,28.733046,341,4,0.00041055202774395,0.0018895624671131372,100000,1000000,10000,5.0,6.0,4.0
29708,JG071B,185,FAM,-inf,False,H17,0.0,FAM,JG071B.131,UNKNOWN,,20.445967,340,5,-0.000810441186745553,0.00023368019901681691,100000,1000000,10000,5.0,6.0,4.0
29709,JG071B,185,HEX,-inf,False,H17,0.0,HEX,JG071B.131,UNKNOWN,,28.733046,341,5,-0.0008941005359647831,0.0024810009635984898,100000,1000000,10000,5.0,6.0,4.0
29710,JG071B,185,FAM,-inf,False,H17,0.0,FAM,JG071B.131,UNKNOWN,,20.445967,340,6,-4.320557918294211e-05,0.00048485732986591756,100000,1000000,10000,5.0,6.0,4.0
29711,JG071B,185,HEX,-inf,False,H17,0.0,HEX,JG071B.131,UNKNOWN,,28.733046,341,6,-0.00041086329567673367,0.0014676143182441592,100000,1000000,10000,5.0,6.0,4.0
29712,JG071B,185,FAM,-inf,False,H17,0.0,FAM,JG071B.131,UNKNOWN,,20.445967,340,7,0.0006646275117870076,0.0006448095082305372,100000,1000000,10000,5.0,6.0,4.0
29713,JG071B,185,HEX,-inf,False,H17,0.0,HEX,JG071B.131,UNKNOWN,,28.733046,341,7,-6.128035548690433e-05,0.0005741968634538352,100000,1000000,10000,5.0,6.0,4.0
29714,JG071B,185,FAM,-inf,False,H17,0.0,FAM,JG071B.131,UNKNOWN,,20.445967,340,8,0.0009161906684647815,0.00010406442015664652,100000,1000000,10000,5.0,6.0,4.0
29715,JG071B,185,HEX,-inf,False,H17,0.0,HEX,JG071B.131,UNKNOWN,,28.733046,341,8,0.0006975991651179807,-0.0006866087205708027,100000,1000000,10000,5.0,6.0,4.0
29716,JG071B,185,FAM,-inf,False,H17,0.0,FAM,JG071B.131,UNKNOWN,,20.445967,340,9,0.0007867122004130877,-0.001021849224343896,100000,1000000,10000,5.0,6.0,4.0
29717,JG071B,185,HEX,-inf,False,H17,0.0,HEX,JG071B.131,UNKNOWN,,28.733046,341,9,0.0005005790143832056,-0.0010893906001001596,100000,1000000,10000,5.0,6.0,4.0
29718,JG071B,185,FAM,-inf,False,H17,0.0,FAM,JG071B.131,UNKNOWN,,20.445967,340,10,0.0017111772066799584,-0.000529213750269264,100000,1000000,10000,5.0,6.0,4.0
29719,JG071B,185,HEX,-inf,False,H17,0.0,HEX,JG071B.131,UNKNOWN,,28.733046,341,10,-0.0018439906610821658,0.0004354865523055196,100000,1000000,10000,5.0,6.0,4.0
29720,JG071B,185,FAM,-inf,False,H17,0.0,FAM,JG071B.131,UNKNOWN,,20.445967,340,11,0.0019598197234533886,-0.0010744440369307995,100000,1000000,10000,5.0,6.0,4.0
29721,JG071B,185,HEX,-inf,False,H17,0.0,HEX,JG071B.131,UNKNOWN,,28.733046,341,11,-0.002155175589083797,0.00013518001651391387,100000,1000000,10000,5.0,6.0,4.0
29722,JG071B,185,FAM,-inf,False,H17,0.0,FAM,JG071B.131,UNKNOWN,,20.445967,340,12,0.0028403392874386257,-0.0006492959219031036,100000,1000000,10000,5.0,6.0,4.0
29723,JG071B,185,HEX,-inf,False,H17,0.0,HEX,JG071B.131,UNKNOWN,,28.733046,341,12,-0.0015457046762150913,-0.0009915151167660952,100000,1000000,10000,5.0,6.0,4.0
29724,JG071B,185,FAM,-inf,False,H17,0.0,FAM,JG071B.131,UNKNOWN,,20.445967,340,13,0.0035563230013974413,-0.0004768267390318215,100000,1000000,10000,5.0,6.0,4.0
29725,JG071B,185,HEX,-inf,False,H17,0.0,HEX,JG071B.131,UNKNOWN,,28.733046,341,13,-0.0015640155311409808,-0.0015547078801319003,100000,1000000,10000,5.0,6.0,4.0
29726,JG071B,185,FAM,-inf,False,H17,0.0,FAM,JG071B.131,UNKNOWN,,20.445967,340,14,0.004219735197078073,-0.000385092047508806,100000,1000000,10000,5.0,6.0,4.0
29727,JG071B,185,HEX,-inf,False,H17,0.0,HEX,JG071B.131,UNKNOWN,,28.733046,341,14,-0.002689676582781771,-0.0011239337036386132,100000,1000000,10000,5.0,6.0,4.0
29728,JG071B,185,FAM,-inf,False,H17,0.0,FAM,JG071B.131,UNKNOWN,,20.445967,340,15,0.004551630505809203,-0.0008024704293347895,100000,1000000,10000,5.0,6.0,4.0
29729,JG071B,185,HEX,-inf,False,H17,0.0,HEX,JG071B.131,UNKNOWN,,28.733046,341,15,-0.002695901941437445,-0.0016979745123535395,100000,1000000,10000,5.0,6.0,4.0
29730,JG071B,185,FAM,-inf,False,H17,0.0,FAM,JG071B.131,UNKNOWN,,20.445967,340,16,0.005571933254053485,-0.0001626561424927786,100000,1000000,10000,5.0,6.0,4.0
29731,JG071B,185,HEX,-inf,False,H17,0.0,HEX,JG071B.131,UNKNOWN,,28.733046,341,16,-0.003307032949947664,-0.0017290469259023666,100000,1000000,10000,5.0,6.0,4.0
29732,JG071B,185,FAM,-inf,False,H17,0.0,FAM,JG071B.131,UNKNOWN,,20.445967,340,17,0.008136963418017312,0.0028494081925600767,100000,1000000,10000,5.0,6.0,4.0
29733,JG071B,185,HEX,-inf,False,H17,0.0,HEX,JG071B.131,UNKNOWN,,28.733046,341,17,-0.0034924324311918476,-0.002142259618267417,100000,1000000,10000,5.0,6.0,4.0
29734,JG071B,185,FAM,-inf,False,H17,0.0,FAM,JG071B.131,UNKNOWN,,20.445967,340,18,0.011685540901794678,0.007371913641691208,100000,1000000,10000,5.0,6.0,4.0
29735,JG071B,185,HEX,-inf,False,H17,0.0,HEX,JG071B.131,UNKNOWN,,28.733046,341,18,-0.004595233965849002,-0.0017320042243227363,100000,1000000,10000,5.0,6.0,4.0
29736,JG071B,185,FAM,-inf,False,H17,0.0,FAM,JG071B.131,UNKNOWN,,20.445967,340,19,0.017298263657502262,0.015064342878758907,100000,1000000,10000,5.0,6.0,4.0
29737,JG071B,185,HEX,-inf,False,H17,0.0,HEX,JG071B.131,UNKNOWN,,28.733046,341,19,-0.004894499407144569,-0.0020430097356438637,100000,1000000,10000,5.0,6.0,4.0
29738,JG071B,185,FAM,-inf,False,H17,0.0,FAM,JG071B.131,UNKNOWN,,20.445967,340,20,0.027992890143644953,0.030561091378331184,100000,1000000,10000,5.0,6.0,4.0
29739,JG071B,185,HEX,-inf,False,H17,0.0,HEX,JG071B.131,UNKNOWN,,28.733046,341,20,-0.005365319132034101,-0.0022000267636030912,100000,1000000,10000,5.0,6.0,4.0
29740,JG071B,185,FAM,-inf,False,H17,0.0,FAM,JG071B.131,UNKNOWN,,20.445967,340,21,0.044114511915697756,0.054392121732234955,100000,1000000,10000,5.0,6.0,4.0
29741,JG071B,185,HEX,-inf,False,H17,0.0,HEX,JG071B.131,UNKNOWN,,28.733046,341,21,-0.005885609707040723,-0.002312638331204653,100000,1000000,10000,5.0,6.0,4.0
29742,JG071B,185,FAM,-inf,False,H17,0.0,FAM,JG071B.131,UNKNOWN,,20.445967,340,22,0.06823059462139855,0.09050030261278152,100000,1000000,10000,5.0,6.0,4.0
29743,JG071B,185,HEX,-inf,False,H17,0.0,HEX,JG071B.131,UNKNOWN,,28.733046,341,22,-0.007488232837444642,-0.0014537387760356069,100000,1000000,10000,5.0,6.0,4.0
29744,JG071B,185,FAM,-inf,False,H17,0.0,FAM,JG071B.131,UNKNOWN,,20.445967,340,23,0.10056073933156164,0.1392228901386261,100000,1000000,10000,5.0,6.0,4.0
29745,JG071B,185,HEX,-inf,False,H17,0.0,HEX,JG071B.131,UNKNOWN,,28.733046,341,23,-0.010270470127838528,0.000463992590084672,100000,1000000,10000,5.0,6.0,4.0
29746,JG071B,185,FAM,-inf,False,H17,0.0,FAM,JG071B.131,UNKNOWN,,20.445967,340,24,0.13926756274955415,0.1977381855249405,100000,1000000,10000,5.0,6.0,4.0
29747,JG071B,185,HEX,-inf,False,H17,0.0,HEX,JG071B.131,UNKNOWN,,28.733046,341,24,-0.014863871763123211,0.004007440526038408,100000,1000000,10000,5.0,6.0,4.0
29748,JG071B,185,FAM,-inf,False,H17,0.0,FAM,JG071B.131,UNKNOWN,,20.445967,340,25,0.1814584087766277,0.2616039216518402,100000,1000000,10000,5.0,6.0,4.0
29749,JG071B,185,HEX,-inf,False,H17,0.0,HEX,JG071B.131,UNKNOWN,,28.733046,341,25,-0.01984865754685102,0.00790219847112894,100000,1000000,10000,5.0,6.0,4.0
29750,JG071B,185,FAM,-inf,False,H17,0.0,FAM,JG071B.131,UNKNOWN,,20.445967,340,26,0.22360264100270302,0.3253980875015259,100000,1000000,10000,5.0,6.0,4.0
29751,JG071B,185,HEX,-inf,False,H17,0.0,HEX,JG071B.131,UNKNOWN,,28.733046,341,26,-0.027094626401971002,0.013826613314449787,100000,1000000,10000,5.0,6.0,4.0
29752,JG071B,185,FAM,-inf,False,H17,0.0,FAM,JG071B.131,UNKNOWN,,20.445967,340,27,0.2632410612220777,0.3853440284729004,100000,1000000,10000,5.0,6.0,4.0
29753,JG071B,185,HEX,-inf,False,H17,0.0,HEX,JG071B.131,UNKNOWN,,28.733046,341,27,-0.03439994367627507,0.019804300740361214,100000,1000000,10000,5.0,6.0,4.0
29754,JG071B,185,FAM,-inf,False,H17,0.0,FAM,JG071B.131,UNKNOWN,,20.445967,340,28,0.2986048289962061,0.43872538208961487,100000,1000000,10000,5.0,6.0,4.0
29755,JG071B,185,HEX,-inf,False,H17,0.0,HEX,JG071B.131,UNKNOWN,,28.733046,341,28,-0.04726814183955107,0.030775276944041252,100000,1000000,10000,5.0,6.0,4.0
29756,JG071B,185,FAM,-inf,False,H17,0.0,FAM,JG071B.131,UNKNOWN,,20.445967,340,29,0.32857342772657144,0.4838213324546814,100000,1000000,10000,5.0,6.0,4.0
29757,JG071B,185,HEX,-inf,False,H17,0.0,HEX,JG071B.131,UNKNOWN,,28.733046,341,29,-0.0630994447133638,0.04440596327185631,100000,1000000,10000,5.0,6.0,4.0
29758,JG071B,185,FAM,-inf,False,H17,0.0,FAM,JG071B.131,UNKNOWN,,20.445967,340,30,0.35448926501943984,0.522693395614624,100000,1000000,10000,5.0,6.0,4.0
29759,JG071B,185,HEX,-inf,False,H17,0.0,HEX,JG071B.131,UNKNOWN,,28.733046,341,30,-0.0814905818644769,0.060334376990795135,100000,1000000,10000,5.0,6.0,4.0
29760,JG071B,185,FAM,-inf,False,H17,0.0,FAM,JG071B.131,UNKNOWN,,20.445967,340,31,0.3754345031012842,0.5539320707321167,100000,1000000,10000,5.0,6.0,4.0
29761,JG071B,185,HEX,-inf,False,H17,0.0,HEX,JG071B.131,UNKNOWN,,28.733046,341,31,-0.10625409574127655,0.08198268711566925,100000,1000000,10000,5.0,6.0,4.0
29762,JG071B,185,FAM,-inf,False,H17,0.0,FAM,JG071B.131,UNKNOWN,,20.445967,340,32,0.39179932393832856,0.5781366229057312,100000,1000000,10000,5.0,6.0,4.0
29763,JG071B,185,HEX,-inf,False,H17,0.0,HEX,JG071B.131,UNKNOWN,,28.733046,341,32,-0.13462257370744757,0.10686685144901276,100000,1000000,10000,5.0,6.0,4.0
29764,JG071B,185,FAM,-inf,False,H17,0.0,FAM,JG071B.131,UNKNOWN,,20.445967,340,33,0.40533704297294926,0.5979995131492615,100000,1000000,10000,5.0,6.0,4.0
29765,JG071B,185,HEX,-inf,False,H17,0.0,HEX,JG071B.131,UNKNOWN,,28.733046,341,33,-0.1640338241498786,0.1326870173215866,100000,1000000,10000,5.0,6.0,4.0
29766,JG071B,185,FAM,-inf,False,H17,0.0,FAM,JG071B.131,UNKNOWN,,20.445967,340,34,0.4168373003228057,0.6147334575653076,100000,1000000,10000,5.0,6.0,4.0
29767,JG071B,185,HEX,-inf,False,H17,0.0,HEX,JG071B.131,UNKNOWN,,28.733046,341,34,-0.1943924911749212,0.15935757756233215,100000,1000000,10000,5.0,6.0,4.0
29768,JG071B,185,FAM,-inf,False,H17,0.0,FAM,JG071B.131,UNKNOWN,,20.445967,340,35,0.42388095227231204,0.6246234178543091,100000,1000000,10000,5.0,6.0,4.0
29769,JG071B,185,HEX,-inf,False,H17,0.0,HEX,JG071B.131,UNKNOWN,,28.733046,341,35,-0.2240329012197067,0.18538343906402588,100000,1000000,10000,5.0,6.0,4.0
29770,JG071B,185,FAM,-inf,False,H17,0.0,FAM,JG071B.131,UNKNOWN,,20.445967,340,36,0.4305415637538322,0.6339250802993774,100000,1000000,10000,5.0,6.0,4.0
29771,JG071B,185,HEX,-inf,False,H17,0.0,HEX,JG071B.131,UNKNOWN,,28.733046,341,36,-0.2511835994270894,0.2091745138168335,100000,1000000,10000,5.0,6.0,4.0
29772,JG071B,185,FAM,-inf,False,H17,0.0,FAM,JG071B.131,UNKNOWN,,20.445967,340,37,0.4361406148097882,0.6415964961051941,100000,1000000,10000,5.0,6.0,4.0
29773,JG071B,185,HEX,-inf,False,H17,0.0,HEX,JG071B.131,UNKNOWN,,28.733046,341,37,-0.2753093377603325,0.23025035858154297,100000,1000000,10000,5.0,6.0,4.0
29774,JG071B,185,FAM,-inf,False,H17,0.0,FAM,JG071B.131,UNKNOWN,,20.445967,340,38,0.4408331613394207,0.6478757858276367,100000,1000000,10000,5.0,6.0,4.0
29775,JG071B,185,HEX,-inf,False,H17,0.0,HEX,JG071B.131,UNKNOWN,,28.733046,341,38,-0.29866562176373435,0.2506355345249176,100000,1000000,10000,5.0,6.0,4.0
29776,JG071B,185,FAM,-inf,False,H17,0.0,FAM,JG071B.131,UNKNOWN,,20.445967,340,39,0.44607696167053346,0.655001699924469,100000,1000000,10000,5.0,6.0,4.0
29777,JG071B,185,HEX,-inf,False,H17,0.0,HEX,JG071B.131,UNKNOWN,,28.733046,341,39,-0.32102435429615095,0.27012529969215393,100000,1000000,10000,5.0,6.0,4.0
29778,JG071B,185,FAM,-inf,False,H17,0.0,FAM,JG071B.131,UNKNOWN,,20.445967,340,40,0.45019061990550435,0.6603919863700867,100000,1000000,10000,5.0,6.0,4.0
29779,JG071B,185,HEX,-inf,False,H17,0.0,HEX,JG071B.131,UNKNOWN,,28.733046,341,40,-0.3392225551318074,0.28588053584098816,100000,1000000,10000,5.0,6.0,4.0
29780,JG071B,185,FAM,-inf,False,H17,0.0,FAM,JG071B.131,UNKNOWN,,20.445967,340,41,0.4528993824246278,0.6636247634887695,100000,1000000,10000,5.0,6.0,4.0
29781,JG071B,185,HEX,-inf,False,H17,0.0,HEX,JG071B.131,UNKNOWN,,28.733046,341,41,-0.3546101808444693,0.2991129457950592,100000,1000000,10000,5.0,6.0,4.0
29782,JG071B,185,FAM,-inf,False,H17,0.0,FAM,JG071B.131,UNKNOWN,,20.445967,340,42,0.45604222383664395,0.6675242185592651,100000,1000000,10000,5.0,6.0,4.0
29783,JG071B,185,HEX,-inf,False,H17,0.0,HEX,JG071B.131,UNKNOWN,,28.733046,341,42,-0.3702537933050526,0.31257516145706177,100000,1000000,10000,5.0,6.0,4.0
29784,JG071B,185,FAM,-inf,False,H17,0.0,FAM,JG071B.131,UNKNOWN,,20.445967,340,43,0.46033383734020505,0.673187792301178,100000,1000000,10000,5.0,6.0,4.0
29785,JG071B,185,HEX,-inf,False,H17,0.0,HEX,JG071B.131,UNKNOWN,,28.733046,341,43,-0.3838364966324358,0.3241874873638153,100000,1000000,10000,5.0,6.0,4.0
29786,JG071B,185,FAM,-inf,False,H17,0.0,FAM,JG071B.131,UNKNOWN,,20.445967,340,44,0.46300801793036145,0.676367461681366,100000,1000000,10000,5.0,6.0,4.0
29787,JG071B,185,HEX,-inf,False,H17,0.0,HEX,JG071B.131,UNKNOWN,,28.733046,341,44,-0.3972155394265182,0.3356170058250427,100000,1000000,10000,5.0,6.0,4.0
29788,JG071B,185,FAM,-inf,False,H17,0.0,FAM,JG071B.131,UNKNOWN,,20.445967,340,45,0.46648841157158794,0.6807852983474731,100000,1000000,10000,5.0,6.0,4.0
29789,JG071B,185,HEX,-inf,False,H17,0.0,HEX,JG071B.131,UNKNOWN,,28.733046,341,45,-0.4116409073015335,0.34798571467399597,100000,1000000,10000,5.0,6.0,4.0
29790,JG071B,185,FAM,-inf,False,H17,0.0,FAM,JG071B.131,UNKNOWN,,20.445967,340,46,0.4684327232793366,0.6828441023826599,100000,1000000,10000,5.0,6.0,4.0
29791,JG071B,185,HEX,-inf,False,H17,0.0,HEX,JG071B.131,UNKNOWN,,28.733046,341,46,-0.42411294024091883,0.35860109329223633,100000,1000000,10000,5.0,6.0,4.0
29792,JG071B,185,FAM,-inf,False,H17,0.0,FAM,JG071B.131,UNKNOWN,,20.445967,340,47,0.4695408198809181,0.6836187243461609,100000,1000000,10000,5.0,6.0,4.0
29793,JG071B,185,HEX,-inf,False,H17,0.0,HEX,JG071B.131,UNKNOWN,,28.733046,341,47,-0.4333825822839997,0.3663419783115387,100000,1000000,10000,5.0,6.0,4.0
29794,JG071B,185,FAM,-inf,False,H17,0.0,FAM,JG071B.131,UNKNOWN,,20.445967,340,48,0.4724393366657204,0.6871429681777954,100000,1000000,10000,5.0,6.0,4.0
29795,JG071B,185,HEX,-inf,False,H17,0.0,HEX,JG071B.131,UNKNOWN,,28.733046,341,48,-0.4471170183530172,0.378090500831604,100000,1000000,10000,5.0,6.0,4.0
29796,JG071B,185,FAM,-inf,False,H17,0.0,FAM,JG071B.131,UNKNOWN,,20.445967,340,49,0.47569190098816283,0.6912108659744263,100000,1000000,10000,5.0,6.0,4.0
29797,JG071B,185,HEX,-inf,False,H17,0.0,HEX,JG071B.131,UNKNOWN,,28.733046,341,49,-0.4593837970672858,0.38852164149284363,100000,1000000,10000,5.0,6.0,4.0
29798,JG071B,185,FAM,-inf,False,H17,0.0,FAM,JG071B.131,UNKNOWN,,20.445967,340,50,0.47699378835442724,0.6922830939292908,100000,1000000,10000,5.0,6.0,4.0
29799,JG071B,185,HEX,-inf,False,H17,0.0,HEX,JG071B.131,UNKNOWN,,28.733046,341,50,-0.46893764748419375,0.3965176045894623,100000,1000000,10000,5.0,6.0,4.0
37440,JG071B,209,FAM,-inf,False,I17,0.0,FAM,JG071B.132,UNKNOWN,,19.02384,384,1,-0.003887845952798573,-4.846250521950424e-05,10000,1000000,10000,4.0,6.0,4.0
37441,JG071B,209,HEX,-inf,False,I17,0.0,HEX,JG071B.132,UNKNOWN,,inf,385,1,0.00020224115152733384,0.09511827677488327,10000,1000000,10000,4.0,6.0,4.0
37442,JG071B,209,FAM,-inf,False,I17,0.0,FAM,JG071B.132,UNKNOWN,,19.02384,384,2,-0.0032321768489573634,-0.00014636329433415085,10000,1000000,10000,4.0,6.0,4.0
37443,JG071B,209,HEX,-inf,False,I17,0.0,HEX,JG071B.132,UNKNOWN,,inf,385,2,4.4332854106607436e-05,0.08672241121530533,10000,1000000,10000,4.0,6.0,4.0
37444,JG071B,209,FAM,-inf,False,I17,0.0,FAM,JG071B.132,UNKNOWN,,19.02384,384,3,-0.0016976765244643241,0.0011053638299927115,10000,1000000,10000,4.0,6.0,4.0
37445,JG071B,209,HEX,-inf,False,I17,0.0,HEX,JG071B.132,UNKNOWN,,inf,385,3,4.3453003416605485e-05,0.07818559557199478,10000,1000000,10000,4.0,6.0,4.0
37446,JG071B,209,FAM,-inf,False,I17,0.0,FAM,JG071B.132,UNKNOWN,,19.02384,384,4,-0.0009211938410583931,0.0011929974425584078,10000,1000000,10000,4.0,6.0,4.0
37447,JG071B,209,HEX,-inf,False,I17,0.0,HEX,JG071B.132,UNKNOWN,,inf,385,4,9.460055013162421e-05,0.06960208714008331,10000,1000000,10000,4.0,6.0,4.0
37448,JG071B,209,FAM,-inf,False,I17,0.0,FAM,JG071B.132,UNKNOWN,,19.02384,384,5,-0.00022522766903532745,0.0011569812195375562,10000,1000000,10000,4.0,6.0,4.0
37449,JG071B,209,HEX,-inf,False,I17,0.0,HEX,JG071B.132,UNKNOWN,,inf,385,5,0.0007003694497197557,0.06052073463797569,10000,1000000,10000,4.0,6.0,4.0
37450,JG071B,209,FAM,-inf,False,I17,0.0,FAM,JG071B.132,UNKNOWN,,19.02384,384,6,-0.00020568558010726156,8.217515278374776e-05,10000,1000000,10000,4.0,6.0,4.0
37451,JG071B,209,HEX,-inf,False,I17,0.0,HEX,JG071B.132,UNKNOWN,,inf,385,6,0.0006581366165996624,0.05202104151248932,10000,1000000,10000,4.0,6.0,4.0
37452,JG071B,209,FAM,-inf,False,I17,0.0,FAM,JG071B.132,UNKNOWN,,19.02384,384,7,-5.49960860393056e-05,-0.0007912267465144396,10000,1000000,10000,4.0,6.0,4.0
37453,JG071B,209,HEX,-inf,False,I17,0.0,HEX,JG071B.132,UNKNOWN,,inf,385,7,6.3996686980330144e-06,0.04406844079494476,10000,1000000,10000,4.0,6.0,4.0
37454,JG071B,209,FAM,-inf,False,I17,0.0,FAM,JG071B.132,UNKNOWN,,19.02384,384,8,0.00046863292538228124,-0.0010919026099145412,10000,1000000,10000,4.0,6.0,4.0
37455,JG071B,209,HEX,-inf,False,I17,0.0,HEX,JG071B.132,UNKNOWN,,inf,385,8,-0.00015467941139798343,0.035675421357154846,10000,1000000,10000,4.0,6.0,4.0
37456,JG071B,209,FAM,-inf,False,I17,0.0,FAM,JG071B.132,UNKNOWN,,19.02384,384,9,0.0010742630259454196,-0.0012666486436501145,10000,1000000,10000,4.0,6.0,4.0
37457,JG071B,209,HEX,-inf,False,I17,0.0,HEX,JG071B.132,UNKNOWN,,inf,385,9,-0.0005030006789002628,0.027450473979115486,10000,1000000,10000,4.0,6.0,4.0
37458,JG071B,209,FAM,-inf,False,I17,0.0,FAM,JG071B.132,UNKNOWN,,19.02384,384,10,0.001561883749376911,-0.001622622599825263,10000,1000000,10000,4.0,6.0,4.0
37459,JG071B,209,HEX,-inf,False,I17,0.0,HEX,JG071B.132,UNKNOWN,,inf,385,10,-0.0008452791982674346,0.019220100715756416,10000,1000000,10000,4.0,6.0,4.0
37460,JG071B,209,FAM,-inf,False,I17,0.0,FAM,JG071B.132,UNKNOWN,,19.02384,384,11,0.0026720277098282253,-0.0010225828737020493,10000,1000000,10000,4.0,6.0,4.0
37461,JG071B,209,HEX,-inf,False,I17,0.0,HEX,JG071B.132,UNKNOWN,,inf,385,11,-0.0025673628110346376,0.012228253297507763,10000,1000000,10000,4.0,6.0,4.0
37462,JG071B,209,FAM,-inf,False,I17,0.0,FAM,JG071B.132,UNKNOWN,,19.02384,384,12,0.003964561265900619,-0.00014244593330658972,10000,1000000,10000,4.0,6.0,4.0
37463,JG071B,209,HEX,-inf,False,I17,0.0,HEX,JG071B.132,UNKNOWN,,inf,385,12,-0.0033556260244943046,0.004398201126605272,10000,1000000,10000,4.0,6.0,4.0
37464,JG071B,209,FAM,-inf,False,I17,0.0,FAM,JG071B.132,UNKNOWN,,19.02384,384,13,0.0044741401557890186,-0.0004646986199077219,10000,1000000,10000,4.0,6.0,4.0
37465,JG071B,209,HEX,-inf,False,I17,0.0,HEX,JG071B.132,UNKNOWN,,inf,385,13,-0.003932907682874071,-0.0036212303675711155,10000,1000000,10000,4.0,6.0,4.0
37466,JG071B,209,FAM,-inf,False,I17,0.0,FAM,JG071B.132,UNKNOWN,,19.02384,384,14,0.005126937135338914,-0.0005670101381838322,10000,1000000,10000,4.0,6.0,4.0
37467,JG071B,209,HEX,-inf,False,I17,0.0,HEX,JG071B.132,UNKNOWN,,inf,385,14,-0.0036925258339829737,-0.012374603189527988,10000,1000000,10000,4.0,6.0,4.0
37468,JG071B,209,FAM,-inf,False,I17,0.0,FAM,JG071B.132,UNKNOWN,,19.02384,384,15,0.006498900453062325,0.0004351076786406338,10000,1000000,10000,4.0,6.0,4.0
37469,JG071B,209,HEX,-inf,False,I17,0.0,HEX,JG071B.132,UNKNOWN,,inf,385,15,-0.00333607009783728,-0.02123216539621353,10000,1000000,10000,4.0,6.0,4.0
37470,JG071B,209,FAM,-inf,False,I17,0.0,FAM,JG071B.132,UNKNOWN,,19.02384,384,16,0.008886217926501063,0.002996512921527028,10000,1000000,10000,4.0,6.0,4.0
37471,JG071B,209,HEX,-inf,False,I17,0.0,HEX,JG071B.132,UNKNOWN,,inf,385,16,-0.004092974104628765,-0.029090367257595062,10000,1000000,10000,4.0,6.0,4.0
37472,JG071B,209,FAM,-inf,False,I17,0.0,FAM,JG071B.132,UNKNOWN,,19.02384,384,17,0.01381843158449661,0.009466134943068027,10000,1000000,10000,4.0,6.0,4.0
37473,JG071B,209,HEX,-inf,False,I17,0.0,HEX,JG071B.132,UNKNOWN,,inf,385,17,-0.0044351198163446156,-0.03732085973024368,10000,1000000,10000,4.0,6.0,4.0
37474,JG071B,209,FAM,-inf,False,I17,0.0,FAM,JG071B.132,UNKNOWN,,19.02384,384,18,0.021697638827833002,0.02046147733926773,10000,1000000,10000,4.0,6.0,4.0
37475,JG071B,209,HEX,-inf,False,I17,0.0,HEX,JG071B.132,UNKNOWN,,inf,385,18,-0.005178245029311541,-0.04519142583012581,10000,1000000,10000,4.0,6.0,4.0
37476,JG071B,209,FAM,-inf,False,I17,0.0,FAM,JG071B.132,UNKNOWN,,19.02384,384,19,0.034419538720003896,0.03889378160238266,10000,1000000,10000,4.0,6.0,4.0
37477,JG071B,209,HEX,-inf,False,I17,0.0,HEX,JG071B.132,UNKNOWN,,inf,385,19,-0.0072540618213723556,-0.05186576023697853,10000,1000000,10000,4.0,6.0,4.0
37478,JG071B,209,FAM,-inf,False,I17,0.0,FAM,JG071B.132,UNKNOWN,,19.02384,384,20,0.05459630889771467,0.06877458840608597,10000,1000000,10000,4.0,6.0,4.0
37479,JG071B,209,HEX,-inf,False,I17,0.0,HEX,JG071B.132,UNKNOWN,,inf,385,20,-0.00884702319514267,-0.058973509818315506,10000,1000000,10000,4.0,6.0,4.0
37480,JG071B,209,FAM,-inf,False,I17,0.0,FAM,JG071B.132,UNKNOWN,,19.02384,384,21,0.08321681399196684,0.11162250488996506,10000,1000000,10000,4.0,6.0,4.0
37481,JG071B,209,HEX,-inf,False,I17,0.0,HEX,JG071B.132,UNKNOWN,,inf,385,21,-0.011604790675780652,-0.06503571569919586,10000,1000000,10000,4.0,6.0,4.0
37482,JG071B,209,FAM,-inf,False,I17,0.0,FAM,JG071B.132,UNKNOWN,,19.02384,384,22,0.12095334455562533,0.16846998035907745,10000,1000000,10000,4.0,6.0,4.0
37483,JG071B,209,HEX,-inf,False,I17,0.0,HEX,JG071B.132,UNKNOWN,,inf,385,22,-0.014651032976044368,-0.07083898782730103,10000,1000000,10000,4.0,6.0,4.0
37484,JG071B,209,FAM,-inf,False,I17,0.0,FAM,JG071B.132,UNKNOWN,,19.02384,384,23,0.16376239593015912,0.23310734331607819,10000,1000000,10000,4.0,6.0,4.0
37485,JG071B,209,HEX,-inf,False,I17,0.0,HEX,JG071B.132,UNKNOWN,,inf,385,23,-0.01705785623806648,-0.07721620798110962,10000,1000000,10000,4.0,6.0,4.0
37486,JG071B,209,FAM,-inf,False,I17,0.0,FAM,JG071B.132,UNKNOWN,,19.02384,384,24,0.20871003493325477,0.3010289669036865,10000,1000000,10000,4.0,6.0,4.0
37487,JG071B,209,HEX,-inf,False,I17,0.0,HEX,JG071B.132,UNKNOWN,,inf,385,24,-0.023322874578616367,-0.08013027906417847,10000,1000000,10000,4.0,6.0,4.0
37488,JG071B,209,FAM,-inf,False,I17,0.0,FAM,JG071B.132,UNKNOWN,,19.02384,384,25,0.25496536376993306,0.3709588348865509,10000,1000000,10000,4.0,6.0,4.0
37489,JG071B,209,HEX,-inf,False,I17,0.0,HEX,JG071B.132,UNKNOWN,,inf,385,25,-0.03374400876151997,-0.07931378483772278,10000,1000000,10000,4.0,6.0,4.0
37490,JG071B,209,FAM,-inf,False,I17,0.0,FAM,JG071B.132,UNKNOWN,,19.02384,384,26,0.30047937403952885,0.43975022435188293,10000,1000000,10000,4.0,6.0,4.0
37491,JG071B,209,HEX,-inf,False,I17,0.0,HEX,JG071B.132,UNKNOWN,,inf,385,26,-0.0414785935668065,-0.08090876042842865,10000,1000000,10000,4.0,6.0,4.0
37492,JG071B,209,FAM,-inf,False,I17,0.0,FAM,JG071B.132,UNKNOWN,,19.02384,384,27,0.3425452826599302,0.5032463669776917,10000,1000000,10000,4.0,6.0,4.0
37493,JG071B,209,HEX,-inf,False,I17,0.0,HEX,JG071B.132,UNKNOWN,,inf,385,27,-0.05390072403120792,-0.07829614728689194,10000,1000000,10000,4.0,6.0,4.0
37494,JG071B,209,FAM,-inf,False,I17,0.0,FAM,JG071B.132,UNKNOWN,,19.02384,384,28,0.38049046917210366,0.5604142546653748,10000,1000000,10000,4.0,6.0,4.0
37495,JG071B,209,HEX,-inf,False,I17,0.0,HEX,JG071B.132,UNKNOWN,,inf,385,28,-0.07180487212588316,-0.07076283544301987,10000,1000000,10000,4.0,6.0,4.0
37496,JG071B,209,FAM,-inf,False,I17,0.0,FAM,JG071B.132,UNKNOWN,,19.02384,384,29,0.4139103133633876,0.6106325387954712,10000,1000000,10000,4.0,6.0,4.0
37497,JG071B,209,HEX,-inf,False,I17,0.0,HEX,JG071B.132,UNKNOWN,,inf,385,29,-0.0931797323754006,-0.06011418253183365,10000,1000000,10000,4.0,6.0,4.0
37498,JG071B,209,FAM,-inf,False,I17,0.0,FAM,JG071B.132,UNKNOWN,,19.02384,384,30,0.4420753344762787,0.6527810096740723,10000,1000000,10000,4.0,6.0,4.0
37499,JG071B,209,HEX,-inf,False,I17,0.0,HEX,JG071B.132,UNKNOWN,,inf,385,30,-0.11561114389500264,-0.04851716011762619,10000,1000000,10000,4.0,6.0,4.0
37500,JG071B,209,FAM,-inf,False,I17,0.0,FAM,JG071B.132,UNKNOWN,,19.02384,384,31,0.46495863545491356,0.6868182420730591,10000,1000000,10000,4.0,6.0,4.0
37501,JG071B,209,HEX,-inf,False,I17,0.0,HEX,JG071B.132,UNKNOWN,,inf,385,31,-0.13974850289773638,-0.03538886457681656,10000,1000000,10000,4.0,6.0,4.0
37502,JG071B,209,FAM,-inf,False,I17,0.0,FAM,JG071B.132,UNKNOWN,,19.02384,384,32,0.48307467585985137,0.7135343551635742,10000,1000000,10000,4.0,6.0,4.0
37503,JG071B,209,HEX,-inf,False,I17,0.0,HEX,JG071B.132,UNKNOWN,,inf,385,32,-0.16475405871906862,-0.021481266245245934,10000,1000000,10000,4.0,6.0,4.0
37504,JG071B,209,FAM,-inf,False,I17,0.0,FAM,JG071B.132,UNKNOWN,,19.02384,384,33,0.49752561398163886,0.7346219420433044,10000,1000000,10000,4.0,6.0,4.0
37505,JG071B,209,HEX,-inf,False,I17,0.0,HEX,JG071B.132,UNKNOWN,,inf,385,33,-0.1868042790774664,-0.01022640336304903,10000,1000000,10000,4.0,6.0,4.0
37506,JG071B,209,FAM,-inf,False,I17,0.0,FAM,JG071B.132,UNKNOWN,,19.02384,384,34,0.5098533924398077,0.7524490356445312,10000,1000000,10000,4.0,6.0,4.0
37507,JG071B,209,HEX,-inf,False,I17,0.0,HEX,JG071B.132,UNKNOWN,,inf,385,34,-0.20988033893658084,0.0019492616411298513,10000,1000000,10000,4.0,6.0,4.0
37508,JG071B,209,FAM,-inf,False,I17,0.0,FAM,JG071B.132,UNKNOWN,,19.02384,384,35,0.5191017102828214,0.7655469179153442,10000,1000000,10000,4.0,6.0,4.0
37509,JG071B,209,HEX,-inf,False,I17,0.0,HEX,JG071B.132,UNKNOWN,,inf,385,35,-0.2315708829732884,0.012881276197731495,10000,1000000,10000,4.0,6.0,4.0
37510,JG071B,209,FAM,-inf,False,I17,0.0,FAM,JG071B.132,UNKNOWN,,19.02384,384,36,0.5267272779012423,0.7761527299880981,10000,1000000,10000,4.0,6.0,4.0
37511,JG071B,209,HEX,-inf,False,I17,0.0,HEX,JG071B.132,UNKNOWN,,inf,385,36,-0.24748359693736094,0.01862706057727337,10000,1000000,10000,4.0,6.0,4.0
37512,JG071B,209,FAM,-inf,False,I17,0.0,FAM,JG071B.132,UNKNOWN,,19.02384,384,37,0.5329285823710946,0.7845712900161743,10000,1000000,10000,4.0,6.0,4.0
37513,JG071B,209,HEX,-inf,False,I17,0.0,HEX,JG071B.132,UNKNOWN,,inf,385,37,-0.2636168712083649,0.024570820853114128,10000,1000000,10000,4.0,6.0,4.0
37514,JG071B,209,FAM,-inf,False,I17,0.0,FAM,JG071B.132,UNKNOWN,,19.02384,384,38,0.5384032393952445,0.7918739914894104,10000,1000000,10000,4.0,6.0,4.0
37515,JG071B,209,HEX,-inf,False,I17,0.0,HEX,JG071B.132,UNKNOWN,,inf,385,38,-0.2766680119113356,0.02774803340435028,10000,1000000,10000,4.0,6.0,4.0
37516,JG071B,209,FAM,-inf,False,I17,0.0,FAM,JG071B.132,UNKNOWN,,19.02384,384,39,0.5428629497948283,0.7976179718971252,10000,1000000,10000,4.0,6.0,4.0
37517,JG071B,209,HEX,-inf,False,I17,0.0,HEX,JG071B.132,UNKNOWN,,inf,385,39,-0.2913186879668171,0.032361000776290894,10000,1000000,10000,4.0,6.0,4.0
37518,JG071B,209,FAM,-inf,False,I17,0.0,FAM,JG071B.132,UNKNOWN,,19.02384,384,40,0.546957046534626,0.8028004765510559,10000,1000000,10000,4.0,6.0,4.0
37519,JG071B,209,HEX,-inf,False,I17,0.0,HEX,JG071B.132,UNKNOWN,,inf,385,40,-0.3000785810422149,0.03168635442852974,10000,1000000,10000,4.0,6.0,4.0
37520,JG071B,209,FAM,-inf,False,I17,0.0,FAM,JG071B.132,UNKNOWN,,19.02384,384,41,0.5493919869338139,0.8054350018501282,10000,1000000,10000,4.0,6.0,4.0
37521,JG071B,209,HEX,-inf,False,I17,0.0,HEX,JG071B.132,UNKNOWN,,inf,385,41,-0.30940792012456464,0.03152284398674965,10000,1000000,10000,4.0,6.0,4.0
37522,JG071B,209,FAM,-inf,False,I17,0.0,FAM,JG071B.132,UNKNOWN,,19.02384,384,42,0.5519467803034286,0.8082536458969116,10000,1000000,10000,4.0,6.0,4.0
37523,JG071B,209,HEX,-inf,False,I17,0.0,HEX,JG071B.132,UNKNOWN,,inf,385,42,-0.31963414247819816,0.03216438367962837,10000,1000000,10000,4.0,6.0,4.0
37524,JG071B,209,FAM,-inf,False,I17,0.0,FAM,JG071B.132,UNKNOWN,,19.02384,384,43,0.5543146527191654,0.810785174369812,10000,1000000,10000,4.0,6.0,4.0
37525,JG071B,209,HEX,-inf,False,I17,0.0,HEX,JG071B.132,UNKNOWN,,inf,385,43,-0.3313592983884667,0.03415137901902199,10000,1000000,10000,4.0,6.0,4.0
37526,JG071B,209,FAM,-inf,False,I17,0.0,FAM,JG071B.132,UNKNOWN,,19.02384,384,44,0.5562024146283675,0.8125793933868408,10000,1000000,10000,4.0,6.0,4.0
37527,JG071B,209,HEX,-inf,False,I17,0.0,HEX,JG071B.132,UNKNOWN,,inf,385,44,-0.33959878468216304,0.0330096110701561,10000,1000000,10000,4.0,6.0,4.0
37528,JG071B,209,FAM,-inf,False,I17,0.0,FAM,JG071B.132,UNKNOWN,,19.02384,384,45,0.5597441320044626,0.8169136047363281,10000,1000000,10000,4.0,6.0,4.0
37529,JG071B,209,HEX,-inf,False,I17,0.0,HEX,JG071B.132,UNKNOWN,,inf,385,45,-0.3504883480522324,0.034246571362018585,10000,1000000,10000,4.0,6.0,4.0
37530,JG071B,209,FAM,-inf,False,I17,0.0,FAM,JG071B.132,UNKNOWN,,19.02384,384,46,0.5622965966246519,0.819728672504425,10000,1000000,10000,4.0,6.0,4.0
37531,JG071B,209,HEX,-inf,False,I17,0.0,HEX,JG071B.132,UNKNOWN,,inf,385,46,-0.3629095820649874,0.03685837239027023,10000,1000000,10000,4.0,6.0,4.0
37532,JG071B,209,FAM,-inf,False,I17,0.0,FAM,JG071B.132,UNKNOWN,,19.02384,384,47,0.5642434311442781,0.821613609790802,10000,1000000,10000,4.0,6.0,4.0
37533,JG071B,209,HEX,-inf,False,I17,0.0,HEX,JG071B.132,UNKNOWN,,inf,385,47,-0.3730438019181683,0.03741732984781265,10000,1000000,10000,4.0,6.0,4.0
37534,JG071B,209,FAM,-inf,False,I17,0.0,FAM,JG071B.132,UNKNOWN,,19.02384,384,48,0.565985801464355,0.8231845498085022,10000,1000000,10000,4.0,6.0,4.0
37535,JG071B,209,HEX,-inf,False,I17,0.0,HEX,JG071B.132,UNKNOWN,,inf,385,48,-0.3803792997312351,0.03546413406729698,10000,1000000,10000,4.0,6.0,4.0
37536,JG071B,209,FAM,-inf,False,I17,0.0,FAM,JG071B.132,UNKNOWN,,19.02384,384,49,0.5682501997806235,0.8255571722984314,10000,1000000,10000,4.0,6.0,4.0
37537,JG071B,209,HEX,-inf,False,I17,0.0,HEX,JG071B.132,UNKNOWN,,inf,385,49,-0.3895369849242523,0.03514654561877251,10000,1000000,10000,4.0,6.0,4.0
37538,JG071B,209,FAM,-inf,False,I17,0.0,FAM,JG071B.132,UNKNOWN,,19.02384,384,50,0.5698178362688153,0.8268598318099976,10000,1000000,10000,4.0,6.0,4.0
37539,JG071B,209,HEX,-inf,False,I17,0.0,HEX,JG071B.132,UNKNOWN,,inf,385,50,-0.39893266142843686,0.03504258021712303,10000,1000000,10000,4.0,6.0,4.0
37620,JG071B,233,FAM,-inf,False,J17,0.0,FAM,JG071B.132,UNKNOWN,,19.23839,428,1,-0.003042515975833568,0.0006113449344411492,10000,1000000,10000,4.0,6.0,4.0
37621,JG071B,233,HEX,-inf,False,J17,0.0,HEX,JG071B.132,UNKNOWN,,28.018957,429,1,0.0014008903831667996,0.0031945451628416777,10000,1000000,10000,4.0,6.0,4.0
37622,JG071B,233,FAM,-inf,False,J17,0.0,FAM,JG071B.132,UNKNOWN,,19.23839,428,2,-0.002849666414043444,-4.201292176730931e-05,10000,1000000,10000,4.0,6.0,4.0
37623,JG071B,233,HEX,-inf,False,J17,0.0,HEX,JG071B.132,UNKNOWN,,28.018957,429,2,0.0010401017973967568,0.0028682993724942207,10000,1000000,10000,4.0,6.0,4.0
37624,JG071B,233,FAM,-inf,False,J17,0.0,FAM,JG071B.132,UNKNOWN,,19.23839,428,3,-0.0016931512306590478,0.0007845380459912121,10000,1000000,10000,4.0,6.0,4.0
37625,JG071B,233,HEX,-inf,False,J17,0.0,HEX,JG071B.132,UNKNOWN,,28.018957,429,3,-0.0005668707835879276,0.003660639049485326,10000,1000000,10000,4.0,6.0,4.0
37626,JG071B,233,FAM,-inf,False,J17,0.0,FAM,JG071B.132,UNKNOWN,,19.23839,428,4,-0.001577130993661588,1.3192799997341353e-05,10000,1000000,10000,4.0,6.0,4.0
37627,JG071B,233,HEX,-inf,False,J17,0.0,HEX,JG071B.132,UNKNOWN,,28.018957,429,4,-0.000557292031736397,0.0030019483529031277,10000,1000000,10000,4.0,6.0,4.0
37628,JG071B,233,FAM,-inf,False,J17,0.0,FAM,JG071B.132,UNKNOWN,,19.23839,428,5,-0.0011087418592347772,-0.00021701677178498358,10000,1000000,10000,4.0,6.0,4.0
37629,JG071B,233,HEX,-inf,False,J17,0.0,HEX,JG071B.132,UNKNOWN,,28.018957,429,5,0.0008096473204419076,0.001124878996051848,10000,1000000,10000,4.0,6.0,4.0
37630,JG071B,233,FAM,-inf,False,J17,0.0,FAM,JG071B.132,UNKNOWN,,19.23839,428,6,-0.00014728854959462573,0.0003099761379417032,10000,1000000,10000,4.0,6.0,4.0
37631,JG071B,233,HEX,-inf,False,J17,0.0,HEX,JG071B.132,UNKNOWN,,28.018957,429,6,0.001706513990769362,-0.0003302490513306111,10000,1000000,10000,4.0,6.0,4.0
37632,JG071B,233,FAM,-inf,False,J17,0.0,FAM,JG071B.132,UNKNOWN,,19.23839,428,7,-2.0808346428121803e-05,-0.00044530563172884285,10000,1000000,10000,4.0,6.0,4.0
37633,JG071B,233,HEX,-inf,False,J17,0.0,HEX,JG071B.132,UNKNOWN,,28.018957,429,7,0.0017128223542071117,-0.0009860042482614517,10000,1000000,10000,4.0,6.0,4.0
37634,JG071B,233,FAM,-inf,False,J17,0.0,FAM,JG071B.132,UNKNOWN,,19.23839,428,8,0.0007788356906378356,-0.0001668044860707596,10000,1000000,10000,4.0,6.0,4.0
37635,JG071B,233,HEX,-inf,False,J17,0.0,HEX,JG071B.132,UNKNOWN,,28.018957,429,8,0.00017452792991182447,-0.0002553107333369553,10000,1000000,10000,4.0,6.0,4.0
37636,JG071B,233,FAM,-inf,False,J17,0.0,FAM,JG071B.132,UNKNOWN,,19.23839,428,9,0.0015161468680841828,1.5971621905919164e-05,10000,1000000,10000,4.0,6.0,4.0
37637,JG071B,233,HEX,-inf,False,J17,0.0,HEX,JG071B.132,UNKNOWN,,28.018957,429,9,-0.0013371053583807622,0.00045145151671022177,10000,1000000,10000,4.0,6.0,4.0
37638,JG071B,233,FAM,-inf,False,J17,0.0,FAM,JG071B.132,UNKNOWN,,19.23839,428,10,0.002252138420856142,0.00019672117196023464,10000,1000000,10000,4.0,6.0,4.0
37639,JG071B,233,HEX,-inf,False,J17,0.0,HEX,JG071B.132,UNKNOWN,,28.018957,429,10,-0.001942243421625119,0.0003445358597673476,10000,1000000,10000,4.0,6.0,4.0
37640,JG071B,233,FAM,-inf,False,J17,0.0,FAM,JG071B.132,UNKNOWN,,19.23839,428,11,0.003107885912828791,0.0005613808170892298,10000,1000000,10000,4.0,6.0,4.0
37641,JG071B,233,HEX,-inf,False,J17,0.0,HEX,JG071B.132,UNKNOWN,,28.018957,429,11,-0.00285009992509939,0.0005093428771942854,10000,1000000,10000,4.0,6.0,4.0
37642,JG071B,233,FAM,-inf,False,J17,0.0,FAM,JG071B.132,UNKNOWN,,19.23839,428,12,0.0030527139576922557,-0.0004728655912913382,10000,1000000,10000,4.0,6.0,4.0
37643,JG071B,233,HEX,-inf,False,J17,0.0,HEX,JG071B.132,UNKNOWN,,28.018957,429,12,-0.002738989723812918,-0.00024048335035331547,10000,1000000,10000,4.0,6.0,4.0
37644,JG071B,233,FAM,-inf,False,J17,0.0,FAM,JG071B.132,UNKNOWN,,19.23839,428,13,0.0031763317396900506,-0.0012325432617217302,10000,1000000,10000,4.0,6.0,4.0
37645,JG071B,233,HEX,-inf,False,J17,0.0,HEX,JG071B.132,UNKNOWN,,28.018957,429,13,-0.0019060035337708878,-0.0016382717294618487,10000,1000000,10000,4.0,6.0,4.0
37646,JG071B,233,FAM,-inf,False,J17,0.0,FAM,JG071B.132,UNKNOWN,,19.23839,428,14,0.003299280006228046,-0.001993248937651515,10000,1000000,10000,4.0,6.0,4.0
37647,JG071B,233,HEX,-inf,False,J17,0.0,HEX,JG071B.132,UNKNOWN,,28.018957,429,14,-0.0019215254280190352,-0.002274431986734271,10000,1000000,10000,4.0,6.0,4.0
37648,JG071B,233,FAM,-inf,False,J17,0.0,FAM,JG071B.132,UNKNOWN,,19.23839,428,15,0.005051974448757539,-0.0002511409402359277,10000,1000000,10000,4.0,6.0,4.0
37649,JG071B,233,HEX,-inf,False,J17,0.0,HEX,JG071B.132,UNKNOWN,,28.018957,429,15,-0.002049070576156487,-0.0028100390918552876,10000,1000000,10000,4.0,6.0,4.0
37650,JG071B,233,FAM,-inf,False,J17,0.0,FAM,JG071B.132,UNKNOWN,,19.23839,428,16,0.007720323462227843,0.0028971449937671423,10000,1000000,10000,4.0,6.0,4.0
37651,JG071B,233,HEX,-inf,False,J17,0.0,HEX,JG071B.132,UNKNOWN,,28.018957,429,16,-0.0026593881378023645,-0.0029123055282980204,10000,1000000,10000,4.0,6.0,4.0
37652,JG071B,233,FAM,-inf,False,J17,0.0,FAM,JG071B.132,UNKNOWN,,19.23839,428,17,0.011302997718841966,0.0074495673179626465,10000,1000000,10000,4.0,6.0,4.0
37653,JG071B,233,HEX,-inf,False,J17,0.0,HEX,JG071B.132,UNKNOWN,,28.018957,429,17,-0.0023136898214136756,-0.003872700035572052,10000,1000000,10000,4.0,6.0,4.0
37654,JG071B,233,FAM,-inf,False,J17,0.0,FAM,JG071B.132,UNKNOWN,,19.23839,428,18,0.01864045051772915,0.01776823215186596,10000,1000000,10000,4.0,6.0,4.0
37655,JG071B,233,HEX,-inf,False,J17,0.0,HEX,JG071B.132,UNKNOWN,,28.018957,429,18,-0.004460176884933703,-0.002596087520942092,10000,1000000,10000,4.0,6.0,4.0
37656,JG071B,233,FAM,-inf,False,J17,0.0,FAM,JG071B.132,UNKNOWN,,19.23839,428,19,0.030243638592187816,0.03463781997561455,10000,1000000,10000,4.0,6.0,4.0
37657,JG071B,233,HEX,-inf,False,J17,0.0,HEX,JG071B.132,UNKNOWN,,28.018957,429,19,-0.005382476220489139,-0.0024183166678994894,10000,1000000,10000,4.0,6.0,4.0
37658,JG071B,233,FAM,-inf,False,J17,0.0,FAM,JG071B.132,UNKNOWN,,19.23839,428,20,0.04810885327776588,0.0611240528523922,10000,1000000,10000,4.0,6.0,4.0
37659,JG071B,233,HEX,-inf,False,J17,0.0,HEX,JG071B.132,UNKNOWN,,28.018957,429,20,-0.006257877854171828,-0.002282641362398863,10000,1000000,10000,4.0,6.0,4.0
37660,JG071B,233,FAM,-inf,False,J17,0.0,FAM,JG071B.132,UNKNOWN,,19.23839,428,21,0.07512372445570194,0.10166148096323013,10000,1000000,10000,4.0,6.0,4.0
37661,JG071B,233,HEX,-inf,False,J17,0.0,HEX,JG071B.132,UNKNOWN,,28.018957,429,21,-0.009032611512266074,-0.0004421093035489321,10000,1000000,10000,4.0,6.0,4.0
37662,JG071B,233,FAM,-inf,False,J17,0.0,FAM,JG071B.132,UNKNOWN,,19.23839,428,22,0.11109102645591067,0.1559472233057022,10000,1000000,10000,4.0,6.0,4.0
37663,JG071B,233,HEX,-inf,False,J17,0.0,HEX,JG071B.132,UNKNOWN,,28.018957,429,22,-0.012080513908171303,0.0016436213627457619,10000,1000000,10000,4.0,6.0,4.0
37664,JG071B,233,FAM,-inf,False,J17,0.0,FAM,JG071B.132,UNKNOWN,,19.23839,428,23,0.15290279088902112,0.21920835971832275,10000,1000000,10000,4.0,6.0,4.0
37665,JG071B,233,HEX,-inf,False,J17,0.0,HEX,JG071B.132,UNKNOWN,,28.018957,429,23,-0.015960539244384973,0.004476272501051426,10000,1000000,10000,4.0,6.0,4.0
37666,JG071B,233,FAM,-inf,False,J17,0.0,FAM,JG071B.132,UNKNOWN,,19.23839,428,24,0.19896704583534616,0.28900009393692017,10000,1000000,10000,4.0,6.0,4.0
37667,JG071B,233,HEX,-inf,False,J17,0.0,HEX,JG071B.132,UNKNOWN,,28.018957,429,24,-0.02043919506892827,0.007846259512007236,10000,1000000,10000,4.0,6.0,4.0
37668,JG071B,233,FAM,-inf,False,J17,0.0,FAM,JG071B.132,UNKNOWN,,19.23839,428,25,0.24539811762866057,0.3593551218509674,10000,1000000,10000,4.0,6.0,4.0
37669,JG071B,233,HEX,-inf,False,J17,0.0,HEX,JG071B.132,UNKNOWN,,28.018957,429,25,-0.028191094671755783,0.014154339209198952,10000,1000000,10000,4.0,6.0,4.0
37670,JG071B,233,FAM,-inf,False,J17,0.0,FAM,JG071B.132,UNKNOWN,,19.23839,428,26,0.2909154657724327,0.4283069670200348,10000,1000000,10000,4.0,6.0,4.0
37671,JG071B,233,HEX,-inf,False,J17,0.0,HEX,JG071B.132,UNKNOWN,,28.018957,429,26,-0.036545592391496136,0.02100331522524357,10000,1000000,10000,4.0,6.0,4.0
37672,JG071B,233,FAM,-inf,False,J17,0.0,FAM,JG071B.132,UNKNOWN,,19.23839,428,27,0.3330157234468586,0.4920111298561096,10000,1000000,10000,4.0,6.0,4.0
37673,JG071B,233,HEX,-inf,False,J17,0.0,HEX,JG071B.132,UNKNOWN,,28.018957,429,27,-0.0452899137697766,0.028202200308442116,10000,1000000,10000,4.0,6.0,4.0
37674,JG071B,233,FAM,-inf,False,J17,0.0,FAM,JG071B.132,UNKNOWN,,19.23839,428,28,0.37236471892514766,0.5514901876449585,10000,1000000,10000,4.0,6.0,4.0
37675,JG071B,233,HEX,-inf,False,J17,0.0,HEX,JG071B.132,UNKNOWN,,28.018957,429,28,-0.058291318007327605,0.03922228142619133,10000,1000000,10000,4.0,6.0,4.0
37676,JG071B,233,FAM,-inf,False,J17,0.0,FAM,JG071B.132,UNKNOWN,,19.23839,428,29,0.4090628989325151,0.606898307800293,10000,1000000,10000,4.0,6.0,4.0
37677,JG071B,233,HEX,-inf,False,J17,0.0,HEX,JG071B.132,UNKNOWN,,28.018957,429,29,-0.07522625246361825,0.05377313122153282,10000,1000000,10000,4.0,6.0,4.0
37678,JG071B,233,FAM,-inf,False,J17,0.0,FAM,JG071B.132,UNKNOWN,,19.23839,428,30,0.4397834120398485,0.6531265377998352,10000,1000000,10000,4.0,6.0,4.0
37679,JG071B,233,HEX,-inf,False,J17,0.0,HEX,JG071B.132,UNKNOWN,,28.018957,429,30,-0.09608993606320097,0.07185045629739761,10000,1000000,10000,4.0,6.0,4.0
37680,JG071B,233,FAM,-inf,False,J17,0.0,FAM,JG071B.132,UNKNOWN,,19.23839,428,31,0.4630620570459338,0.6879262328147888,10000,1000000,10000,4.0,6.0,4.0
37681,JG071B,233,HEX,-inf,False,J17,0.0,HEX,JG071B.132,UNKNOWN,,28.018957,429,31,-0.1179978862251211,0.0908651277422905,10000,1000000,10000,4.0,6.0,4.0
37682,JG071B,233,FAM,-inf,False,J17,0.0,FAM,JG071B.132,UNKNOWN,,19.23839,428,32,0.4831666165852122,0.717851459980011,10000,1000000,10000,4.0,6.0,4.0
37683,JG071B,233,HEX,-inf,False,J17,0.0,HEX,JG071B.132,UNKNOWN,,28.018957,429,32,-0.1413293351977259,0.11115754395723343,10000,1000000,10000,4.0,6.0,4.0
37684,JG071B,233,FAM,-inf,False,J17,0.0,FAM,JG071B.132,UNKNOWN,,19.23839,428,33,0.49836275452312456,0.7402387261390686,10000,1000000,10000,4.0,6.0,4.0
37685,JG071B,233,HEX,-inf,False,J17,0.0,HEX,JG071B.132,UNKNOWN,,28.018957,429,33,-0.16576305447438253,0.13243937492370605,10000,1000000,10000,4.0,6.0,4.0
37686,JG071B,233,FAM,-inf,False,J17,0.0,FAM,JG071B.132,UNKNOWN,,19.23839,428,34,0.5103523985647267,0.7577018141746521,10000,1000000,10000,4.0,6.0,4.0
37687,JG071B,233,HEX,-inf,False,J17,0.0,HEX,JG071B.132,UNKNOWN,,28.018957,429,34,-0.18604553858987152,0.14999501407146454,10000,1000000,10000,4.0,6.0,4.0
37688,JG071B,233,FAM,-inf,False,J17,0.0,FAM,JG071B.132,UNKNOWN,,19.23839,428,35,0.5211060976612935,0.7732668519020081,10000,1000000,10000,4.0,6.0,4.0
37689,JG071B,233,HEX,-inf,False,J17,0.0,HEX,JG071B.132,UNKNOWN,,28.018957,429,35,-0.2068700107304017,0.16803714632987976,10000,1000000,10000,4.0,6.0,4.0
37690,JG071B,233,FAM,-inf,False,J17,0.0,FAM,JG071B.132,UNKNOWN,,19.23839,428,36,0.529779136771255,0.7856366038322449,10000,1000000,10000,4.0,6.0,4.0
37691,JG071B,233,HEX,-inf,False,J17,0.0,HEX,JG071B.132,UNKNOWN,,28.018957,429,36,-0.22776673023325053,0.1861441284418106,10000,1000000,10000,4.0,6.0,4.0
37692,JG071B,233,FAM,-inf,False,J17,0.0,FAM,JG071B.132,UNKNOWN,,19.23839,428,37,0.535203648057778,0.7930175065994263,10000,1000000,10000,4.0,6.0,4.0
37693,JG071B,233,HEX,-inf,False,J17,0.0,HEX,JG071B.132,UNKNOWN,,28.018957,429,37,-0.24154363154877798,0.19786030054092407,10000,1000000,10000,4.0,6.0,4.0
37694,JG071B,233,FAM,-inf,False,J17,0.0,FAM,JG071B.132,UNKNOWN,,19.23839,428,38,0.5415457642428856,0.8018076419830322,10000,1000000,10000,4.0,6.0,4.0
37695,JG071B,233,HEX,-inf,False,J17,0.0,HEX,JG071B.132,UNKNOWN,,28.018957,429,38,-0.25551758621695303,0.2097533494234085,10000,1000000,10000,4.0,6.0,4.0
37696,JG071B,233,FAM,-inf,False,J17,0.0,FAM,JG071B.132,UNKNOWN,,19.23839,428,39,0.5466382734863289,0.8086787462234497,10000,1000000,10000,4.0,6.0,4.0
37697,JG071B,233,HEX,-inf,False,J17,0.0,HEX,JG071B.132,UNKNOWN,,28.018957,429,39,-0.26905739267295953,0.22125670313835144,10000,1000000,10000,4.0,6.0,4.0
37698,JG071B,233,FAM,-inf,False,J17,0.0,FAM,JG071B.132,UNKNOWN,,19.23839,428,40,0.5488356038191462,0.8111036419868469,10000,1000000,10000,4.0,6.0,4.0
37699,JG071B,233,HEX,-inf,False,J17,0.0,HEX,JG071B.132,UNKNOWN,,28.018957,429,40,-0.2803778836696529,0.23076798021793365,10000,1000000,10000,4.0,6.0,4.0
37700,JG071B,233,FAM,-inf,False,J17,0.0,FAM,JG071B.132,UNKNOWN,,19.23839,428,41,0.5520311914056474,0.815061628818512,10000,1000000,10000,4.0,6.0,4.0
37701,JG071B,233,HEX,-inf,False,J17,0.0,HEX,JG071B.132,UNKNOWN,,28.018957,429,41,-0.2908482728902402,0.23951619863510132,10000,1000000,10000,4.0,6.0,4.0
37702,JG071B,233,FAM,-inf,False,J17,0.0,FAM,JG071B.132,UNKNOWN,,19.23839,428,42,0.5565210979227805,0.8210073113441467,10000,1000000,10000,4.0,6.0,4.0
37703,JG071B,233,HEX,-inf,False,J17,0.0,HEX,JG071B.132,UNKNOWN,,28.018957,429,42,-0.30293609329435367,0.24971623718738556,10000,1000000,10000,4.0,6.0,4.0
37704,JG071B,233,FAM,-inf,False,J17,0.0,FAM,JG071B.132,UNKNOWN,,19.23839,428,43,0.5599092730867615,0.8252610564231873,10000,1000000,10000,4.0,6.0,4.0
37705,JG071B,233,HEX,-inf,False,J17,0.0,HEX,JG071B.132,UNKNOWN,,28.018957,429,43,-0.3125443948483032,0.2576906383037567,10000,1000000,10000,4.0,6.0,4.0
37706,JG071B,233,FAM,-inf,False,J17,0.0,FAM,JG071B.132,UNKNOWN,,19.23839,428,44,0.5620775716767423,0.8276413679122925,10000,1000000,10000,4.0,6.0,4.0
37707,JG071B,233,HEX,-inf,False,J17,0.0,HEX,JG071B.132,UNKNOWN,,28.018957,429,44,-0.3239870688842119,0.26731157302856445,10000,1000000,10000,4.0,6.0,4.0
37708,JG071B,233,FAM,-inf,False,J17,0.0,FAM,JG071B.132,UNKNOWN,,19.23839,428,45,0.5633763928562633,0.8286864757537842,10000,1000000,10000,4.0,6.0,4.0
37709,JG071B,233,HEX,-inf,False,J17,0.0,HEX,JG071B.132,UNKNOWN,,28.018957,429,45,-0.3320455715510705,0.27389487624168396,10000,1000000,10000,4.0,6.0,4.0
37710,JG071B,233,FAM,-inf,False,J17,0.0,FAM,JG071B.132,UNKNOWN,,19.23839,428,46,0.5681530460526427,0.8350725173950195,10000,1000000,10000,4.0,6.0,4.0
37711,JG071B,233,HEX,-inf,False,J17,0.0,HEX,JG071B.132,UNKNOWN,,28.018957,429,46,-0.3417856514970433,0.2819875478744507,10000,1000000,10000,4.0,6.0,4.0
37712,JG071B,233,FAM,-inf,False,J17,0.0,FAM,JG071B.132,UNKNOWN,,19.23839,428,47,0.5704717042305228,0.8376837372779846,10000,1000000,10000,4.0,6.0,4.0
37713,JG071B,233,HEX,-inf,False,J17,0.0,HEX,JG071B.132,UNKNOWN,,28.018957,429,47,-0.3515017264600399,0.2900587022304535,10000,1000000,10000,4.0,6.0,4.0
37714,JG071B,233,FAM,-inf,False,J17,0.0,FAM,JG071B.132,UNKNOWN,,19.23839,428,48,0.5711197175706281,0.8377293944358826,10000,1000000,10000,4.0,6.0,4.0
37715,JG071B,233,HEX,-inf,False,J17,0.0,HEX,JG071B.132,UNKNOWN,,28.018957,429,48,-0.35867021865157045,0.29584309458732605,10000,1000000,10000,4.0,6.0,4.0
37716,JG071B,233,FAM,-inf,False,J17,0.0,FAM,JG071B.132,UNKNOWN,,19.23839,428,49,0.573464302492111,0.8403804898262024,10000,1000000,10000,4.0,6.0,4.0
37717,JG071B,233,HEX,-inf,False,J17,0.0,HEX,JG071B.132,UNKNOWN,,28.018957,429,49,-0.3690412345470568,0.30450212955474854,10000,1000000,10000,4.0,6.0,4.0
37718,JG071B,233,FAM,-inf,False,J17,0.0,FAM,JG071B.132,UNKNOWN,,19.23839,428,50,0.5754636114987892,0.8425013422966003,10000,1000000,10000,4.0,6.0,4.0
37719,JG071B,233,HEX,-inf,False,J17,0.0,HEX,JG071B.132,UNKNOWN,,28.018957,429,50,-0.38028419907729144,0.3139438033103943,10000,1000000,10000,4.0,6.0,4.0
45360,JG071B,257,FAM,-inf,False,K17,0.0,FAM,JG071B.133,UNKNOWN,,17.908646,472,1,-0.004438824428174911,-0.00022033086861483753,1000,1000000,10000,3.0,6.0,4.0
45361,JG071B,257,HEX,-inf,False,K17,0.0,HEX,JG071B.133,UNKNOWN,,87.96403,473,1,-0.00019155636095464514,0.07910392433404922,1000,1000000,10000,3.0,6.0,4.0
45362,JG071B,257,FAM,-inf,False,K17,0.0,FAM,JG071B.133,UNKNOWN,,17.908646,472,2,-0.00398720228961091,-0.0007198619423434138,1000,1000000,10000,3.0,6.0,4.0
45363,JG071B,257,HEX,-inf,False,K17,0.0,HEX,JG071B.133,UNKNOWN,,87.96403,473,2,-0.00013240715324753326,0.07169516384601593,1000,1000000,10000,3.0,6.0,4.0
45364,JG071B,257,FAM,-inf,False,K17,0.0,FAM,JG071B.133,UNKNOWN,,17.908646,472,3,-0.002867180550346899,-0.00019292648357804865,1000,1000000,10000,3.0,6.0,4.0
45365,JG071B,257,HEX,-inf,False,K17,0.0,HEX,JG071B.133,UNKNOWN,,87.96403,473,3,0.00019087987198072854,0.06404931843280792,1000,1000000,10000,3.0,6.0,4.0
45366,JG071B,257,FAM,-inf,False,K17,0.0,FAM,JG071B.133,UNKNOWN,,17.908646,472,4,-0.0012656219455252288,0.0010735088726505637,1000,1000000,10000,3.0,6.0,4.0
45367,JG071B,257,HEX,-inf,False,K17,0.0,HEX,JG071B.133,UNKNOWN,,87.96403,473,4,-0.00019686866700748706,0.05704169720411301,1000,1000000,10000,3.0,6.0,4.0
45368,JG071B,257,FAM,-inf,False,K17,0.0,FAM,JG071B.133,UNKNOWN,,17.908646,472,5,-0.0008245082887433005,0.0005578398704528809,1000,1000000,10000,3.0,6.0,4.0
45369,JG071B,257,HEX,-inf,False,K17,0.0,HEX,JG071B.133,UNKNOWN,,87.96403,473,5,-0.00014867609053436168,0.04964277520775795,1000,1000000,10000,3.0,6.0,4.0
45370,JG071B,257,FAM,-inf,False,K17,0.0,FAM,JG071B.133,UNKNOWN,,17.908646,472,6,-5.7360009284141774e-05,0.0005428647855296731,1000,1000000,10000,3.0,6.0,4.0
45371,JG071B,257,HEX,-inf,False,K17,0.0,HEX,JG071B.133,UNKNOWN,,87.96403,473,6,1.681884396807963e-05,0.042138561606407166,1000,1000000,10000,3.0,6.0,4.0
45372,JG071B,257,FAM,-inf,False,K17,0.0,FAM,JG071B.133,UNKNOWN,,17.908646,472,7,0.00047768957744446274,0.00017145391029771417,1000,1000000,10000,3.0,6.0,4.0
45373,JG071B,257,HEX,-inf,False,K17,0.0,HEX,JG071B.133,UNKNOWN,,87.96403,473,7,0.00017369788209106791,0.03464208170771599,1000,1000000,10000,3.0,6.0,4.0
45374,JG071B,257,FAM,-inf,False,K17,0.0,FAM,JG071B.133,UNKNOWN,,17.908646,472,8,0.0012723559126136487,0.00019873850396834314,1000,1000000,10000,3.0,6.0,4.0
45375,JG071B,257,HEX,-inf,False,K17,0.0,HEX,JG071B.133,UNKNOWN,,87.96403,473,8,0.00027061426564260293,0.02719942294061184,1000,1000000,10000,3.0,6.0,4.0
45376,JG071B,257,FAM,-inf,False,K17,0.0,FAM,JG071B.133,UNKNOWN,,17.908646,472,9,0.0016932191525172882,-0.0003480292216408998,1000,1000000,10000,3.0,6.0,4.0
45377,JG071B,257,HEX,-inf,False,K17,0.0,HEX,JG071B.133,UNKNOWN,,87.96403,473,9,0.00018467111428146954,0.019920900464057922,1000,1000000,10000,3.0,6.0,4.0
45378,JG071B,257,FAM,-inf,False,K17,0.0,FAM,JG071B.133,UNKNOWN,,17.908646,472,10,0.0015714061513241704,-0.001728189061395824,1000,1000000,10000,3.0,6.0,4.0
45379,JG071B,257,HEX,-inf,False,K17,0.0,HEX,JG071B.133,UNKNOWN,,87.96403,473,10,-0.0004911372204220998,0.01317184790968895,1000,1000000,10000,3.0,6.0,4.0
45380,JG071B,257,FAM,-inf,False,K17,0.0,FAM,JG071B.133,UNKNOWN,,17.908646,472,11,0.002593300211675803,-0.0013519490603357553,1000,1000000,10000,3.0,6.0,4.0
45381,JG071B,257,HEX,-inf,False,K17,0.0,HEX,JG071B.133,UNKNOWN,,87.96403,473,11,-0.0014726853694231375,0.006697229575365782,1000,1000000,10000,3.0,6.0,4.0
45382,JG071B,257,FAM,-inf,False,K17,0.0,FAM,JG071B.133,UNKNOWN,,17.908646,472,12,0.003452240030985758,-0.001225959276780486,1000,1000000,10000,3.0,6.0,4.0
45383,JG071B,257,HEX,-inf,False,K17,0.0,HEX,JG071B.133,UNKNOWN,,87.96403,473,12,-0.001586252512259049,-0.000556496437638998,1000,1000000,10000,3.0,6.0,4.0
45384,JG071B,257,FAM,-inf,False,K17,0.0,FAM,JG071B.133,UNKNOWN,,17.908646,472,13,0.004096022809634872,-0.001430387725122273,1000,1000000,10000,3.0,6.0,4.0
45385,JG071B,257,HEX,-inf,False,K17,0.0,HEX,JG071B.133,UNKNOWN,,87.96403,473,13,-0.0005500208128265696,-0.008842291310429573,1000,1000000,10000,3.0,6.0,4.0
45386,JG071B,257,FAM,-inf,False,K17,0.0,FAM,JG071B.133,UNKNOWN,,17.908646,472,14,0.005775109364076823,-4.489204002311453e-05,1000,1000000,10000,3.0,6.0,4.0
45387,JG071B,257,HEX,-inf,False,K17,0.0,HEX,JG071B.133,UNKNOWN,,87.96403,473,14,-0.00031608013502454303,-0.01640794239938259,1000,1000000,10000,3.0,6.0,4.0
45388,JG071B,257,FAM,-inf,False,K17,0.0,FAM,JG071B.133,UNKNOWN,,17.908646,472,15,0.009041296870657814,0.0037779270205646753,1000,1000000,10000,3.0,6.0,4.0
45389,JG071B,257,HEX,-inf,False,K17,0.0,HEX,JG071B.133,UNKNOWN,,87.96403,473,15,-0.0017541711863980993,-0.022472765296697617,1000,1000000,10000,3.0,6.0,4.0
45390,JG071B,257,FAM,-inf,False,K17,0.0,FAM,JG071B.133,UNKNOWN,,17.908646,472,16,0.013547174727600055,0.009504548273980618,1000,1000000,10000,3.0,6.0,4.0
45391,JG071B,257,HEX,-inf,False,K17,0.0,HEX,JG071B.133,UNKNOWN,,87.96403,473,16,-0.0032072030985452736,-0.02852417528629303,1000,1000000,10000,3.0,6.0,4.0
45392,JG071B,257,FAM,-inf,False,K17,0.0,FAM,JG071B.133,UNKNOWN,,17.908646,472,17,0.021727081740489953,0.020873405039310455,1000,1000000,10000,3.0,6.0,4.0
45393,JG071B,257,HEX,-inf,False,K17,0.0,HEX,JG071B.133,UNKNOWN,,87.96403,473,17,-0.004745115700843012,-0.0344993956387043,1000,1000000,10000,3.0,6.0,4.0
45394,JG071B,257,FAM,-inf,False,K17,0.0,FAM,JG071B.133,UNKNOWN,,17.908646,472,18,0.036574217764517136,0.04248117655515671,1000,1000000,10000,3.0,6.0,4.0
45395,JG071B,257,HEX,-inf,False,K17,0.0,HEX,JG071B.133,UNKNOWN,,87.96403,473,18,-0.004798886198671622,-0.041806794703006744,1000,1000000,10000,3.0,6.0,4.0
45396,JG071B,257,FAM,-inf,False,K17,0.0,FAM,JG071B.133,UNKNOWN,,17.908646,472,19,0.05901266938416685,0.07574699074029922,1000,1000000,10000,3.0,6.0,4.0
45397,JG071B,257,HEX,-inf,False,K17,0.0,HEX,JG071B.133,UNKNOWN,,87.96403,473,19,-0.0049479295853666685,-0.049028679728507996,1000,1000000,10000,3.0,6.0,4.0
45398,JG071B,257,FAM,-inf,False,K17,0.0,FAM,JG071B.133,UNKNOWN,,17.908646,472,20,0.09087164986683786,0.12347998470067978,1000,1000000,10000,3.0,6.0,4.0
45399,JG071B,257,HEX,-inf,False,K17,0.0,HEX,JG071B.133,UNKNOWN,,87.96403,473,20,-0.007653171639907177,-0.05395609512925148,1000,1000000,10000,3.0,6.0,4.0
45400,JG071B,257,FAM,-inf,False,K17,0.0,FAM,JG071B.133,UNKNOWN,,17.908646,472,21,0.13140593999016012,0.18453572690486908,1000,1000000,10000,3.0,6.0,4.0
45401,JG071B,257,HEX,-inf,False,K17,0.0,HEX,JG071B.133,UNKNOWN,,87.96403,473,21,-0.010778650305140313,-0.058506302535533905,1000,1000000,10000,3.0,6.0,4.0
45402,JG071B,257,FAM,-inf,False,K17,0.0,FAM,JG071B.133,UNKNOWN,,17.908646,472,22,0.17765567982821748,0.25436872243881226,1000,1000000,10000,3.0,6.0,4.0
45403,JG071B,257,HEX,-inf,False,K17,0.0,HEX,JG071B.133,UNKNOWN,,87.96403,473,22,-0.017336708728330093,-0.05997539684176445,1000,1000000,10000,3.0,6.0,4.0
45404,JG071B,257,FAM,-inf,False,K17,0.0,FAM,JG071B.133,UNKNOWN,,17.908646,472,23,0.22622737690584094,0.327767550945282,1000,1000000,10000,3.0,6.0,4.0
45405,JG071B,257,HEX,-inf,False,K17,0.0,HEX,JG071B.133,UNKNOWN,,87.96403,473,23,-0.021759153714451755,-0.06336143612861633,1000,1000000,10000,3.0,6.0,4.0
45406,JG071B,257,FAM,-inf,False,K17,0.0,FAM,JG071B.133,UNKNOWN,,17.908646,472,24,0.2743701959642884,0.40050777792930603,1000,1000000,10000,3.0,6.0,4.0
45407,JG071B,257,HEX,-inf,False,K17,0.0,HEX,JG071B.133,UNKNOWN,,87.96403,473,24,-0.026519494567446993,-0.06644418090581894,1000,1000000,10000,3.0,6.0,4.0
45408,JG071B,257,FAM,-inf,False,K17,0.0,FAM,JG071B.133,UNKNOWN,,17.908646,472,25,0.3219207364188783,0.47233840823173523,1000,1000000,10000,3.0,6.0,4.0
45409,JG071B,257,HEX,-inf,False,K17,0.0,HEX,JG071B.133,UNKNOWN,,87.96403,473,25,-0.033807098621256124,-0.06725842505693436,1000,1000000,10000,3.0,6.0,4.0
45410,JG071B,257,FAM,-inf,False,K17,0.0,FAM,JG071B.133,UNKNOWN,,17.908646,472,26,0.3675311181021948,0.5411895513534546,1000,1000000,10000,3.0,6.0,4.0
45411,JG071B,257,HEX,-inf,False,K17,0.0,HEX,JG071B.133,UNKNOWN,,87.96403,473,26,-0.04515534641707555,-0.06442780792713165,1000,1000000,10000,3.0,6.0,4.0
45412,JG071B,257,FAM,-inf,False,K17,0.0,FAM,JG071B.133,UNKNOWN,,17.908646,472,27,0.40990554720896993,0.6050711870193481,1000,1000000,10000,3.0,6.0,4.0
45413,JG071B,257,HEX,-inf,False,K17,0.0,HEX,JG071B.133,UNKNOWN,,87.96403,473,27,-0.06068588976351535,-0.05784312263131142,1000,1000000,10000,3.0,6.0,4.0
45414,JG071B,257,FAM,-inf,False,K17,0.0,FAM,JG071B.133,UNKNOWN,,17.908646,472,28,0.44880097992417384,0.6636101007461548,1000,1000000,10000,3.0,6.0,4.0
45415,JG071B,257,HEX,-inf,False,K17,0.0,HEX,JG071B.133,UNKNOWN,,87.96403,473,28,-0.07681046513335779,-0.05072522908449173,1000,1000000,10000,3.0,6.0,4.0
45416,JG071B,257,FAM,-inf,False,K17,0.0,FAM,JG071B.133,UNKNOWN,,17.908646,472,29,0.48190729681781946,0.713258683681488,1000,1000000,10000,3.0,6.0,4.0
45417,JG071B,257,HEX,-inf,False,K17,0.0,HEX,JG071B.133,UNKNOWN,,87.96403,473,29,-0.09821474227764283,-0.03886823356151581,1000,1000000,10000,3.0,6.0,4.0
45418,JG071B,257,FAM,-inf,False,K17,0.0,FAM,JG071B.133,UNKNOWN,,17.908646,472,30,0.5097228114544499,0.7547820806503296,1000,1000000,10000,3.0,6.0,4.0
45419,JG071B,257,HEX,-inf,False,K17,0.0,HEX,JG071B.133,UNKNOWN,,87.96403,473,30,-0.12073042025200809,-0.026013629510998726,1000,1000000,10000,3.0,6.0,4.0
45420,JG071B,257,FAM,-inf,False,K17,0.0,FAM,JG071B.133,UNKNOWN,,17.908646,472,31,0.535496556219879,0.7931699156761169,1000,1000000,10000,3.0,6.0,4.0
45421,JG071B,257,HEX,-inf,False,K17,0.0,HEX,JG071B.133,UNKNOWN,,87.96403,473,31,-0.14089068812636887,-0.015273265540599823,1000,1000000,10000,3.0,6.0,4.0
45422,JG071B,257,FAM,-inf,False,K17,0.0,FAM,JG071B.133,UNKNOWN,,17.908646,472,32,0.5582047352417245,0.8268499970436096,1000,1000000,10000,3.0,6.0,4.0
45423,JG071B,257,HEX,-inf,False,K17,0.0,HEX,JG071B.133,UNKNOWN,,87.96403,473,32,-0.1610625102663946,-0.00452252896502614,1000,1000000,10000,3.0,6.0,4.0
45424,JG071B,257,FAM,-inf,False,K17,0.0,FAM,JG071B.133,UNKNOWN,,17.908646,472,33,0.5742802477751546,0.850344181060791,1000,1000000,10000,3.0,6.0,4.0
45425,JG071B,257,HEX,-inf,False,K17,0.0,HEX,JG071B.133,UNKNOWN,,87.96403,473,33,-0.18160818594488906,0.006563781760632992,1000,1000000,10000,3.0,6.0,4.0
45426,JG071B,257,FAM,-inf,False,K17,0.0,FAM,JG071B.133,UNKNOWN,,17.908646,472,34,0.5871640539711258,0.8689368367195129,1000,1000000,10000,3.0,6.0,4.0
45427,JG071B,257,HEX,-inf,False,K17,0.0,HEX,JG071B.133,UNKNOWN,,87.96403,473,34,-0.19564867724637594,0.01181098259985447,1000,1000000,10000,3.0,6.0,4.0
45428,JG071B,257,FAM,-inf,False,K17,0.0,FAM,JG071B.133,UNKNOWN,,17.908646,472,35,0.5991487300139537,0.8861486911773682,1000,1000000,10000,3.0,6.0,4.0
45429,JG071B,257,HEX,-inf,False,K17,0.0,HEX,JG071B.133,UNKNOWN,,87.96403,473,35,-0.21034364465357297,0.01764564774930477,1000,1000000,10000,3.0,6.0,4.0
45430,JG071B,257,FAM,-inf,False,K17,0.0,FAM,JG071B.133,UNKNOWN,,17.908646,472,36,0.6073706903602172,0.8975821733474731,1000,1000000,10000,3.0,6.0,4.0
45431,JG071B,257,HEX,-inf,False,K17,0.0,HEX,JG071B.133,UNKNOWN,,87.96403,473,36,-0.2213154823636357,0.020138397812843323,1000,1000000,10000,3.0,6.0,4.0
45432,JG071B,257,FAM,-inf,False,K17,0.0,FAM,JG071B.133,UNKNOWN,,17.908646,472,37,0.6132796591522023,0.9054635167121887,1000,1000000,10000,3.0,6.0,4.0
45433,JG071B,257,HEX,-inf,False,K17,0.0,HEX,JG071B.133,UNKNOWN,,87.96403,473,37,-0.23301713131962043,0.023286234587430954,1000,1000000,10000,3.0,6.0,4.0
45434,JG071B,257,FAM,-inf,False,K17,0.0,FAM,JG071B.133,UNKNOWN,,17.908646,472,38,0.6175100653583661,0.9107670783996582,1000,1000000,10000,3.0,6.0,4.0
45435,JG071B,257,HEX,-inf,False,K17,0.0,HEX,JG071B.133,UNKNOWN,,87.96403,473,38,-0.24529881769274986,0.026954717934131622,1000,1000000,10000,3.0,6.0,4.0
45436,JG071B,257,FAM,-inf,False,K17,0.0,FAM,JG071B.133,UNKNOWN,,17.908646,472,39,0.6215161353698839,0.9157261252403259,1000,1000000,10000,3.0,6.0,4.0
45437,JG071B,257,HEX,-inf,False,K17,0.0,HEX,JG071B.133,UNKNOWN,,87.96403,473,39,-0.254387476108993,0.027757110074162483,1000,1000000,10000,3.0,6.0,4.0
45438,JG071B,257,FAM,-inf,False,K17,0.0,FAM,JG071B.133,UNKNOWN,,17.908646,472,40,0.6261392463541493,0.9216328263282776,1000,1000000,10000,3.0,6.0,4.0
45439,JG071B,257,HEX,-inf,False,K17,0.0,HEX,JG071B.133,UNKNOWN,,87.96403,473,40,-0.26324491640428616,0.028351960703730583,1000,1000000,10000,3.0,6.0,4.0
45440,JG071B,257,FAM,-inf,False,K17,0.0,FAM,JG071B.133,UNKNOWN,,17.908646,472,41,0.6316413826215187,0.9288893938064575,1000,1000000,10000,3.0,6.0,4.0
45441,JG071B,257,HEX,-inf,False,K17,0.0,HEX,JG071B.133,UNKNOWN,,87.96403,473,41,-0.27219791180470476,0.02903258055448532,1000,1000000,10000,3.0,6.0,4.0
45442,JG071B,257,FAM,-inf,False,K17,0.0,FAM,JG071B.133,UNKNOWN,,17.908646,472,42,0.635007201791016,0.9328652024269104,1000,1000000,10000,3.0,6.0,4.0
45443,JG071B,257,HEX,-inf,False,K17,0.0,HEX,JG071B.133,UNKNOWN,,87.96403,473,42,-0.2824261926769338,0.030857909470796585,1000,1000000,10000,3.0,6.0,4.0
45444,JG071B,257,FAM,-inf,False,K17,0.0,FAM,JG071B.133,UNKNOWN,,17.908646,472,43,0.6386576717652768,0.937278151512146,1000,1000000,10000,3.0,6.0,4.0
45445,JG071B,257,HEX,-inf,False,K17,0.0,HEX,JG071B.133,UNKNOWN,,87.96403,473,43,-0.2920701530852631,0.0321587473154068,1000,1000000,10000,3.0,6.0,4.0
45446,JG071B,257,FAM,-inf,False,K17,0.0,FAM,JG071B.133,UNKNOWN,,17.908646,472,44,0.6403838960893377,0.938736081123352,1000,1000000,10000,3.0,6.0,4.0
45447,JG071B,257,HEX,-inf,False,K17,0.0,HEX,JG071B.133,UNKNOWN,,87.96403,473,44,-0.299623721061799,0.03158323094248772,1000,1000000,10000,3.0,6.0,4.0
45448,JG071B,257,FAM,-inf,False,K17,0.0,FAM,JG071B.133,UNKNOWN,,17.908646,472,45,0.6432659563782005,0.9419689774513245,1000,1000000,10000,3.0,6.0,4.0
45449,JG071B,257,HEX,-inf,False,K17,0.0,HEX,JG071B.133,UNKNOWN,,87.96403,473,45,-0.30800169253391035,0.03174770250916481,1000,1000000,10000,3.0,6.0,4.0
45450,JG071B,257,FAM,-inf,False,K17,0.0,FAM,JG071B.133,UNKNOWN,,17.908646,472,46,0.6452999637513172,0.9438995122909546,1000,1000000,10000,3.0,6.0,4.0
45451,JG071B,257,HEX,-inf,False,K17,0.0,HEX,JG071B.133,UNKNOWN,,87.96403,473,46,-0.31489965553969995,0.030583711341023445,1000,1000000,10000,3.0,6.0,4.0
45452,JG071B,257,FAM,-inf,False,K17,0.0,FAM,JG071B.133,UNKNOWN,,17.908646,472,47,0.6471642829163037,0.9455694556236267,1000,1000000,10000,3.0,6.0,4.0
45453,JG071B,257,HEX,-inf,False,K17,0.0,HEX,JG071B.133,UNKNOWN,,87.96403,473,47,-0.32376340419843086,0.031184222549200058,1000,1000000,10000,3.0,6.0,4.0
45454,JG071B,257,FAM,-inf,False,K17,0.0,FAM,JG071B.133,UNKNOWN,,17.908646,472,48,0.649234851655399,0.94755619764328,1000,1000000,10000,3.0,6.0,4.0
45455,JG071B,257,HEX,-inf,False,K17,0.0,HEX,JG071B.133,UNKNOWN,,87.96403,473,48,-0.330746729322107,0.03009685128927231,1000,1000000,10000,3.0,6.0,4.0
45456,JG071B,257,FAM,-inf,False,K17,0.0,FAM,JG071B.133,UNKNOWN,,17.908646,472,49,0.6508962591204531,0.9489145278930664,1000,1000000,10000,3.0,6.0,4.0
45457,JG071B,257,HEX,-inf,False,K17,0.0,HEX,JG071B.133,UNKNOWN,,87.96403,473,49,-0.3402469586497941,0.03126867488026619,1000,1000000,10000,3.0,6.0,4.0
45458,JG071B,257,FAM,-inf,False,K17,0.0,FAM,JG071B.133,UNKNOWN,,17.908646,472,50,0.6532252414207859,0.9512980580329895,1000,1000000,10000,3.0,6.0,4.0
45459,JG071B,257,HEX,-inf,False,K17,0.0,HEX,JG071B.133,UNKNOWN,,87.96403,473,50,-0.34624601306761715,0.029297811910510063,1000,1000000,10000,3.0,6.0,4.0
53100,JG071B,305,FAM,-inf,False,M17,0.0,FAM,JG071B.134,UNKNOWN,,15.978347,558,1,-0.006059282290052014,-0.0003034109540749341,100,1000000,10000,2.0,6.0,4.0
53101,JG071B,305,HEX,-inf,False,M17,0.0,HEX,JG071B.134,UNKNOWN,,24.64047,559,1,0.0005027516645540359,0.003664102405309677,100,1000000,10000,2.0,6.0,4.0
53102,JG071B,305,FAM,-inf,False,M17,0.0,FAM,JG071B.134,UNKNOWN,,15.978347,558,2,-0.00595251883202048,-0.0017655771225690842,100,1000000,10000,2.0,6.0,4.0
53103,JG071B,305,HEX,-inf,False,M17,0.0,HEX,JG071B.134,UNKNOWN,,24.64047,559,2,-0.0004150488118128986,0.0038363724015653133,100,1000000,10000,2.0,6.0,4.0
53104,JG071B,305,FAM,-inf,False,M17,0.0,FAM,JG071B.134,UNKNOWN,,15.978347,558,3,-0.004342605838635222,-0.0009193447767756879,100,1000000,10000,2.0,6.0,4.0
53105,JG071B,305,HEX,-inf,False,M17,0.0,HEX,JG071B.134,UNKNOWN,,24.64047,559,3,0.000369113965412231,0.0024809455499053,100,1000000,10000,2.0,6.0,4.0
53106,JG071B,305,FAM,-inf,False,M17,0.0,FAM,JG071B.134,UNKNOWN,,15.978347,558,4,-0.0022196984562043265,0.00071469706017524,100,1000000,10000,2.0,6.0,4.0
53107,JG071B,305,HEX,-inf,False,M17,0.0,HEX,JG071B.134,UNKNOWN,,24.64047,559,4,0.00020406725673299827,0.0019775370601564646,100,1000000,10000,2.0,6.0,4.0
53108,JG071B,305,FAM,-inf,False,M17,0.0,FAM,JG071B.134,UNKNOWN,,15.978347,558,5,-0.0011918854910631608,0.0006669938447885215,100,1000000,10000,2.0,6.0,4.0
53109,JG071B,305,HEX,-inf,False,M17,0.0,HEX,JG071B.134,UNKNOWN,,24.64047,559,5,8.085495821989572e-05,0.0014365778770297766,100,1000000,10000,2.0,6.0,4.0
53110,JG071B,305,FAM,-inf,False,M17,0.0,FAM,JG071B.134,UNKNOWN,,15.978347,558,6,-5.434961549569468e-05,0.0007877929601818323,100,1000000,10000,2.0,6.0,4.0
53111,JG071B,305,HEX,-inf,False,M17,0.0,HEX,JG071B.134,UNKNOWN,,24.64047,559,6,0.001145474293122249,-0.00017058929370250553,100,1000000,10000,2.0,6.0,4.0
53112,JG071B,305,FAM,-inf,False,M17,0.0,FAM,JG071B.134,UNKNOWN,,15.978347,558,7,0.0002562279328705085,-0.00036137428833171725,100,1000000,10000,2.0,6.0,4.0
53113,JG071B,305,HEX,-inf,False,M17,0.0,HEX,JG071B.134,UNKNOWN,,24.64047,559,7,0.0008506745091023521,-0.0005575301474891603,100,1000000,10000,2.0,6.0,4.0
53114,JG071B,305,FAM,-inf,False,M17,0.0,FAM,JG071B.134,UNKNOWN,,15.978347,558,8,0.0014721650390927773,-0.00012017379776807502,100,1000000,10000,2.0,6.0,4.0
53115,JG071B,305,HEX,-inf,False,M17,0.0,HEX,JG071B.134,UNKNOWN,,24.64047,559,8,-0.001308777901377893,0.0007292571826837957,100,1000000,10000,2.0,6.0,4.0
53116,JG071B,305,FAM,-inf,False,M17,0.0,FAM,JG071B.134,UNKNOWN,,15.978347,558,9,0.0024959220989847217,-0.00017410570580977947,100,1000000,10000,2.0,6.0,4.0
53117,JG071B,305,HEX,-inf,False,M17,0.0,HEX,JG071B.134,UNKNOWN,,24.64047,559,9,-0.0008477195388604588,-0.0003361484268680215,100,1000000,10000,2.0,6.0,4.0
53118,JG071B,305,FAM,-inf,False,M17,0.0,FAM,JG071B.134,UNKNOWN,,15.978347,558,10,0.0035842243304503975,-0.00012891509686596692,100,1000000,10000,2.0,6.0,4.0
53119,JG071B,305,HEX,-inf,False,M17,0.0,HEX,JG071B.134,UNKNOWN,,24.64047,559,10,-0.0004936875423513743,-0.0013054863084107637,100,1000000,10000,2.0,6.0,4.0
53120,JG071B,305,FAM,-inf,False,M17,0.0,FAM,JG071B.134,UNKNOWN,,15.978347,558,11,0.0036275972884982893,-0.0016884305514395237,100,1000000,10000,2.0,6.0,4.0
53121,JG071B,305,HEX,-inf,False,M17,0.0,HEX,JG071B.134,UNKNOWN,,24.64047,559,11,-0.0010243205132046227,-0.0014807413099333644,100,1000000,10000,2.0,6.0,4.0
53122,JG071B,305,FAM,-inf,False,M17,0.0,FAM,JG071B.134,UNKNOWN,,15.978347,558,12,0.005225798612898356,-0.0008601839072071016,100,1000000,10000,2.0,6.0,4.0
53123,JG071B,305,HEX,-inf,False,M17,0.0,HEX,JG071B.134,UNKNOWN,,24.64047,559,12,-0.0005807097558794913,-0.0025304858572781086,100,1000000,10000,2.0,6.0,4.0
53124,JG071B,305,FAM,-inf,False,M17,0.0,FAM,JG071B.134,UNKNOWN,,15.978347,558,13,0.00820120294122896,0.0020830442663282156,100,1000000,10000,2.0,6.0,4.0
53125,JG071B,305,HEX,-inf,False,M17,0.0,HEX,JG071B.134,UNKNOWN,,24.64047,559,13,-0.0005710812011587152,-0.0031906841322779655,100,1000000,10000,2.0,6.0,4.0
53126,JG071B,305,FAM,-inf,False,M17,0.0,FAM,JG071B.134,UNKNOWN,,15.978347,558,14,0.013330312363141247,0.00833373423665762,100,1000000,10000,2.0,6.0,4.0
53127,JG071B,305,HEX,-inf,False,M17,0.0,HEX,JG071B.134,UNKNOWN,,24.64047,559,14,-0.001927761162272469,-0.002624472137540579,100,1000000,10000,2.0,6.0,4.0
53128,JG071B,305,FAM,-inf,False,M17,0.0,FAM,JG071B.134,UNKNOWN,,15.978347,558,15,0.021863277195165506,0.019811751320958138,100,1000000,10000,2.0,6.0,4.0
53129,JG071B,305,HEX,-inf,False,M17,0.0,HEX,JG071B.134,UNKNOWN,,24.64047,559,15,-0.003937838166929365,-0.001471765455789864,100,1000000,10000,2.0,6.0,4.0
53130,JG071B,305,FAM,-inf,False,M17,0.0,FAM,JG071B.134,UNKNOWN,,15.978347,558,16,0.03636228458634207,0.04045186564326286,100,1000000,10000,2.0,6.0,4.0
53131,JG071B,305,HEX,-inf,False,M17,0.0,HEX,JG071B.134,UNKNOWN,,24.64047,559,16,-0.00475311113647645,-0.0013915251474827528,100,1000000,10000,2.0,6.0,4.0
53132,JG071B,305,FAM,-inf,False,M17,0.0,FAM,JG071B.134,UNKNOWN,,15.978347,558,17,0.05872586691196549,0.07316967099905014,100,1000000,10000,2.0,6.0,4.0
53133,JG071B,305,HEX,-inf,False,M17,0.0,HEX,JG071B.134,UNKNOWN,,24.64047,559,17,-0.008012078092243654,0.0008821958908811212,100,1000000,10000,2.0,6.0,4.0
53134,JG071B,305,FAM,-inf,False,M17,0.0,FAM,JG071B.134,UNKNOWN,,15.978347,558,18,0.09043217846355696,0.12023517489433289,100,1000000,10000,2.0,6.0,4.0
53135,JG071B,305,HEX,-inf,False,M17,0.0,HEX,JG071B.134,UNKNOWN,,24.64047,559,18,-0.008766906979483248,0.000908181129489094,100,1000000,10000,2.0,6.0,4.0
53136,JG071B,305,FAM,-inf,False,M17,0.0,FAM,JG071B.134,UNKNOWN,,15.978347,558,19,0.13019326555891403,0.17967046797275543,100,1000000,10000,2.0,6.0,4.0
53137,JG071B,305,HEX,-inf,False,M17,0.0,HEX,JG071B.134,UNKNOWN,,24.64047,559,19,-0.011139598675115851,0.002386373933404684,100,1000000,10000,2.0,6.0,4.0
53138,JG071B,305,FAM,-inf,False,M17,0.0,FAM,JG071B.134,UNKNOWN,,15.978347,558,20,0.17783833383392955,0.2512132525444031,100,1000000,10000,2.0,6.0,4.0
53139,JG071B,305,HEX,-inf,False,M17,0.0,HEX,JG071B.134,UNKNOWN,,24.64047,559,20,-0.013951003845931122,0.004258359782397747,100,1000000,10000,2.0,6.0,4.0
53140,JG071B,305,FAM,-inf,False,M17,0.0,FAM,JG071B.134,UNKNOWN,,15.978347,558,21,0.22897134477955886,0.32811248302459717,100,1000000,10000,2.0,6.0,4.0
53141,JG071B,305,HEX,-inf,False,M17,0.0,HEX,JG071B.134,UNKNOWN,,24.64047,559,21,-0.02156323960243814,0.010439611971378326,100,1000000,10000,2.0,6.0,4.0
53142,JG071B,305,FAM,-inf,False,M17,0.0,FAM,JG071B.134,UNKNOWN,,15.978347,558,22,0.2783452572217388,0.40231025218963623,100,1000000,10000,2.0,6.0,4.0
53143,JG071B,305,HEX,-inf,False,M17,0.0,HEX,JG071B.134,UNKNOWN,,24.64047,559,22,-0.029862290127751955,0.017237355932593346,100,1000000,10000,2.0,6.0,4.0
53144,JG071B,305,FAM,-inf,False,M17,0.0,FAM,JG071B.134,UNKNOWN,,15.978347,558,23,0.32694214360564694,0.47531476616859436,100,1000000,10000,2.0,6.0,4.0
53145,JG071B,305,HEX,-inf,False,M17,0.0,HEX,JG071B.134,UNKNOWN,,24.64047,559,23,-0.03671504872922314,0.022736895829439163,100,1000000,10000,2.0,6.0,4.0
53146,JG071B,305,FAM,-inf,False,M17,0.0,FAM,JG071B.134,UNKNOWN,,15.978347,558,24,0.3732691591121368,0.5448334217071533,100,1000000,10000,2.0,6.0,4.0
53147,JG071B,305,HEX,-inf,False,M17,0.0,HEX,JG071B.134,UNKNOWN,,24.64047,559,24,-0.0472568220623955,0.031547725200653076,100,1000000,10000,2.0,6.0,4.0
53148,JG071B,305,FAM,-inf,False,M17,0.0,FAM,JG071B.134,UNKNOWN,,15.978347,558,25,0.41724615594848463,0.6107431054115295,100,1000000,10000,2.0,6.0,4.0
53149,JG071B,305,HEX,-inf,False,M17,0.0,HEX,JG071B.134,UNKNOWN,,24.64047,559,25,-0.06354531527588093,0.045516859740018845,100,1000000,10000,2.0,6.0,4.0
53150,JG071B,305,FAM,-inf,False,M17,0.0,FAM,JG071B.134,UNKNOWN,,15.978347,558,26,0.45676643094701114,0.669808566570282,100,1000000,10000,2.0,6.0,4.0
53151,JG071B,305,HEX,-inf,False,M17,0.0,HEX,JG071B.134,UNKNOWN,,24.64047,559,26,-0.08128277316719185,0.06078660115599632,100,1000000,10000,2.0,6.0,4.0
53152,JG071B,305,FAM,-inf,False,M17,0.0,FAM,JG071B.134,UNKNOWN,,15.978347,558,27,0.48945609575596405,0.7183842062950134,100,1000000,10000,2.0,6.0,4.0
53153,JG071B,305,HEX,-inf,False,M17,0.0,HEX,JG071B.134,UNKNOWN,,24.64047,559,27,-0.10387959661651425,0.08041814714670181,100,1000000,10000,2.0,6.0,4.0
53154,JG071B,305,FAM,-inf,False,M17,0.0,FAM,JG071B.134,UNKNOWN,,15.978347,558,28,0.5180925721900254,0.7607353329658508,100,1000000,10000,2.0,6.0,4.0
53155,JG071B,305,HEX,-inf,False,M17,0.0,HEX,JG071B.134,UNKNOWN,,24.64047,559,28,-0.12564952642679897,0.09930747002363205,100,1000000,10000,2.0,6.0,4.0
53156,JG071B,305,FAM,-inf,False,M17,0.0,FAM,JG071B.134,UNKNOWN,,15.978347,558,29,0.5446018136489735,0.7998196482658386,100,1000000,10000,2.0,6.0,4.0
53157,JG071B,305,HEX,-inf,False,M17,0.0,HEX,JG071B.134,UNKNOWN,,24.64047,559,29,-0.14690220363710105,0.11773249506950378,100,1000000,10000,2.0,6.0,4.0
53158,JG071B,305,FAM,-inf,False,M17,0.0,FAM,JG071B.134,UNKNOWN,,15.978347,558,30,0.5678206097948263,0.8338508605957031,100,1000000,10000,2.0,6.0,4.0
53159,JG071B,305,HEX,-inf,False,M17,0.0,HEX,JG071B.134,UNKNOWN,,24.64047,559,30,-0.1653241189614078,0.1336166113615036,100,1000000,10000,2.0,6.0,4.0
53160,JG071B,305,FAM,-inf,False,M17,0.0,FAM,JG071B.134,UNKNOWN,,15.978347,558,31,0.5854124487041088,0.8592406511306763,100,1000000,10000,2.0,6.0,4.0
53161,JG071B,305,HEX,-inf,False,M17,0.0,HEX,JG071B.134,UNKNOWN,,24.64047,559,31,-0.1828315872025435,0.1486799120903015,100,1000000,10000,2.0,6.0,4.0
53162,JG071B,305,FAM,-inf,False,M17,0.0,FAM,JG071B.134,UNKNOWN,,15.978347,558,32,0.596395762494019,0.8744816780090332,100,1000000,10000,2.0,6.0,4.0
53163,JG071B,305,HEX,-inf,False,M17,0.0,HEX,JG071B.134,UNKNOWN,,24.64047,559,32,-0.19889032317924352,0.16244281828403473,100,1000000,10000,2.0,6.0,4.0
53164,JG071B,305,FAM,-inf,False,M17,0.0,FAM,JG071B.134,UNKNOWN,,15.978347,558,33,0.6077391785700754,0.8902757167816162,100,1000000,10000,2.0,6.0,4.0
53165,JG071B,305,HEX,-inf,False,M17,0.0,HEX,JG071B.134,UNKNOWN,,24.64047,559,33,-0.2112239705459523,0.17286205291748047,100,1000000,10000,2.0,6.0,4.0
53166,JG071B,305,FAM,-inf,False,M17,0.0,FAM,JG071B.134,UNKNOWN,,15.978347,558,34,0.6183651069481692,0.9049679040908813,100,1000000,10000,2.0,6.0,4.0
53167,JG071B,305,HEX,-inf,False,M17,0.0,HEX,JG071B.134,UNKNOWN,,24.64047,559,34,-0.2223094252017202,0.182160884141922,100,1000000,10000,2.0,6.0,4.0
53168,JG071B,305,FAM,-inf,False,M17,0.0,FAM,JG071B.134,UNKNOWN,,15.978347,558,35,0.6288376483641104,0.9194245338439941,100,1000000,10000,2.0,6.0,4.0
53169,JG071B,305,HEX,-inf,False,M17,0.0,HEX,JG071B.134,UNKNOWN,,24.64047,559,35,-0.23168979562408998,0.18992923200130463,100,1000000,10000,2.0,6.0,4.0
53170,JG071B,305,FAM,-inf,False,M17,0.0,FAM,JG071B.134,UNKNOWN,,15.978347,558,36,0.633360157373199,0.9247437119483948,100,1000000,10000,2.0,6.0,4.0
53171,JG071B,305,HEX,-inf,False,M17,0.0,HEX,JG071B.134,UNKNOWN,,24.64047,559,36,-0.24081856195103205,0.1974717378616333,100,1000000,10000,2.0,6.0,4.0
53172,JG071B,305,FAM,-inf,False,M17,0.0,FAM,JG071B.134,UNKNOWN,,15.978347,558,37,0.6394163031288687,0.9324180483818054,100,1000000,10000,2.0,6.0,4.0
53173,JG071B,305,HEX,-inf,False,M17,0.0,HEX,JG071B.134,UNKNOWN,,24.64047,559,37,-0.25089640495622717,0.20586614310741425,100,1000000,10000,2.0,6.0,4.0
53174,JG071B,305,FAM,-inf,False,M17,0.0,FAM,JG071B.134,UNKNOWN,,15.978347,558,38,0.6443199507939128,0.9383224844932556,100,1000000,10000,2.0,6.0,4.0
53175,JG071B,305,HEX,-inf,False,M17,0.0,HEX,JG071B.134,UNKNOWN,,24.64047,559,38,-0.256231620328922,0.21000352501869202,100,1000000,10000,2.0,6.0,4.0
53176,JG071B,305,FAM,-inf,False,M17,0.0,FAM,JG071B.134,UNKNOWN,,15.978347,558,39,0.6499136845386808,0.9452866911888123,100,1000000,10000,2.0,6.0,4.0
53177,JG071B,305,HEX,-inf,False,M17,0.0,HEX,JG071B.134,UNKNOWN,,24.64047,559,39,-0.26492703528960343,0.2171570509672165,100,1000000,10000,2.0,6.0,4.0
53178,JG071B,305,FAM,-inf,False,M17,0.0,FAM,JG071B.134,UNKNOWN,,15.978347,558,40,0.6551017501335459,0.9516279101371765,100,1000000,10000,2.0,6.0,4.0
53179,JG071B,305,HEX,-inf,False,M17,0.0,HEX,JG071B.134,UNKNOWN,,24.64047,559,40,-0.2746414169550457,0.22522519528865814,100,1000000,10000,2.0,6.0,4.0
53180,JG071B,305,FAM,-inf,False,M17,0.0,FAM,JG071B.134,UNKNOWN,,15.978347,558,41,0.6580272027867019,0.9544944763183594,100,1000000,10000,2.0,6.0,4.0
53181,JG071B,305,HEX,-inf,False,M17,0.0,HEX,JG071B.134,UNKNOWN,,24.64047,559,41,-0.2791545197641504,0.2286246418952942,100,1000000,10000,2.0,6.0,4.0
53182,JG071B,305,FAM,-inf,False,M17,0.0,FAM,JG071B.134,UNKNOWN,,15.978347,558,42,0.6595657299070763,0.9552310705184937,100,1000000,10000,2.0,6.0,4.0
53183,JG071B,305,HEX,-inf,False,M17,0.0,HEX,JG071B.134,UNKNOWN,,24.64047,559,42,-0.28690441065125166,0.23492945730686188,100,1000000,10000,2.0,6.0,4.0
53184,JG071B,305,FAM,-inf,False,M17,0.0,FAM,JG071B.134,UNKNOWN,,15.978347,558,43,0.6634069244592766,0.9595038890838623,100,1000000,10000,2.0,6.0,4.0
53185,JG071B,305,HEX,-inf,False,M17,0.0,HEX,JG071B.134,UNKNOWN,,24.64047,559,43,-0.29259956796093933,0.23938992619514465,100,1000000,10000,2.0,6.0,4.0
53186,JG071B,305,FAM,-inf,False,M17,0.0,FAM,JG071B.134,UNKNOWN,,15.978347,558,44,0.6660040234434526,0.9618661403656006,100,1000000,10000,2.0,6.0,4.0
53187,JG071B,305,HEX,-inf,False,M17,0.0,HEX,JG071B.134,UNKNOWN,,24.64047,559,44,-0.2976681055697815,0.24328793585300446,100,1000000,10000,2.0,6.0,4.0
53188,JG071B,305,FAM,-inf,False,M17,0.0,FAM,JG071B.134,UNKNOWN,,15.978347,558,45,0.6667839992509965,0.9614378213882446,100,1000000,10000,2.0,6.0,4.0
53189,JG071B,305,HEX,-inf,False,M17,0.0,HEX,JG071B.134,UNKNOWN,,24.64047,559,45,-0.303794024496529,0.2481350600719452,100,1000000,10000,2.0,6.0,4.0
53190,JG071B,305,FAM,-inf,False,M17,0.0,FAM,JG071B.134,UNKNOWN,,15.978347,558,46,0.6680227386953425,0.9617140293121338,100,1000000,10000,2.0,6.0,4.0
53191,JG071B,305,HEX,-inf,False,M17,0.0,HEX,JG071B.134,UNKNOWN,,24.64047,559,46,-0.3122927181236912,0.2551119923591614,100,1000000,10000,2.0,6.0,4.0
53192,JG071B,305,FAM,-inf,False,M17,0.0,FAM,JG071B.134,UNKNOWN,,15.978347,558,47,0.6729889520949487,0.9677146077156067,100,1000000,10000,2.0,6.0,4.0
53193,JG071B,305,HEX,-inf,False,M17,0.0,HEX,JG071B.134,UNKNOWN,,24.64047,559,47,-0.32009254468768916,0.26146164536476135,100,1000000,10000,2.0,6.0,4.0
53194,JG071B,305,FAM,-inf,False,M17,0.0,FAM,JG071B.134,UNKNOWN,,15.978347,558,48,0.6757470452894,0.9703240990638733,100,1000000,10000,2.0,6.0,4.0
53195,JG071B,305,HEX,-inf,False,M17,0.0,HEX,JG071B.134,UNKNOWN,,24.64047,559,48,-0.32690099533648836,0.26692140102386475,100,1000000,10000,2.0,6.0,4.0
53196,JG071B,305,FAM,-inf,False,M17,0.0,FAM,JG071B.134,UNKNOWN,,15.978347,558,49,0.680485041245318,0.9759741425514221,100,1000000,10000,2.0,6.0,4.0
53197,JG071B,305,HEX,-inf,False,M17,0.0,HEX,JG071B.134,UNKNOWN,,24.64047,559,49,-0.3333837684223355,0.27208882570266724,100,1000000,10000,2.0,6.0,4.0
53198,JG071B,305,FAM,-inf,False,M17,0.0,FAM,JG071B.134,UNKNOWN,,15.978347,558,50,0.6833196726708838,0.9787011742591858,100,1000000,10000,2.0,6.0,4.0
53199,JG071B,305,HEX,-inf,False,M17,0.0,HEX,JG071B.134,UNKNOWN,,24.64047,559,50,-0.3404284174790092,0.2777606248855591,100,1000000,10000,2.0,6.0,4.0
53280,JG071B,329,FAM,-inf,False,N17,0.0,FAM,JG071B.134,UNKNOWN,,15.635131,602,1,-0.0045133492613487,0.0026490758173167706,100,1000000,10000,2.0,6.0,4.0
53281,JG071B,329,HEX,-inf,False,N17,0.0,HEX,JG071B.134,UNKNOWN,,88.59123,603,1,0.0012058955491146704,0.05268709361553192,100,1000000,10000,2.0,6.0,4.0
53282,JG071B,329,FAM,-inf,False,N17,0.0,FAM,JG071B.134,UNKNOWN,,15.635131,602,2,-0.0037738160688256263,0.0019912293646484613,100,1000000,10000,2.0,6.0,4.0
53283,JG071B,329,HEX,-inf,False,N17,0.0,HEX,JG071B.134,UNKNOWN,,88.59123,603,2,0.0014778856190201773,0.04573727399110794,100,1000000,10000,2.0,6.0,4.0
53284,JG071B,329,FAM,-inf,False,N17,0.0,FAM,JG071B.134,UNKNOWN,,15.635131,602,3,-0.0027465561816729907,0.0017752471612766385,100,1000000,10000,2.0,6.0,4.0
53285,JG071B,329,HEX,-inf,False,N17,0.0,HEX,JG071B.134,UNKNOWN,,88.59123,603,3,0.0007507305261246077,0.039684295654296875,100,1000000,10000,2.0,6.0,4.0
53286,JG071B,329,FAM,-inf,False,N17,0.0,FAM,JG071B.134,UNKNOWN,,15.635131,602,4,-0.002502891366796332,0.0003558917378541082,100,1000000,10000,2.0,6.0,4.0
53287,JG071B,329,HEX,-inf,False,N17,0.0,HEX,JG071B.134,UNKNOWN,,88.59123,603,4,-4.435568042167824e-05,0.03369229659438133,100,1000000,10000,2.0,6.0,4.0
53288,JG071B,329,FAM,-inf,False,N17,0.0,FAM,JG071B.134,UNKNOWN,,15.635131,602,5,-0.0016921178481015308,-0.00019255036022514105,100,1000000,10000,2.0,6.0,4.0
53289,JG071B,329,HEX,-inf,False,N17,0.0,HEX,JG071B.134,UNKNOWN,,88.59123,603,5,-0.0004974123819470194,0.027393285185098648,100,1000000,10000,2.0,6.0,4.0
53290,JG071B,329,FAM,-inf,False,N17,0.0,FAM,JG071B.134,UNKNOWN,,15.635131,602,6,-0.00026754419960951385,0.00020162516739219427,100,1000000,10000,2.0,6.0,4.0
53291,JG071B,329,HEX,-inf,False,N17,0.0,HEX,JG071B.134,UNKNOWN,,88.59123,603,6,-0.00042048354991930213,0.020618556067347527,100,1000000,10000,2.0,6.0,4.0
53292,JG071B,329,FAM,-inf,False,N17,0.0,FAM,JG071B.134,UNKNOWN,,15.635131,602,7,0.0007832845723525915,2.1837786334799603e-05,100,1000000,10000,2.0,6.0,4.0
53293,JG071B,329,HEX,-inf,False,N17,0.0,HEX,JG071B.134,UNKNOWN,,88.59123,603,7,-0.0005477630827541118,0.01402712520211935,100,1000000,10000,2.0,6.0,4.0
53294,JG071B,329,FAM,-inf,False,N17,0.0,FAM,JG071B.134,UNKNOWN,,15.635131,602,8,0.0010726510947025325,-0.0013273331569507718,100,1000000,10000,2.0,6.0,4.0
53295,JG071B,329,HEX,-inf,False,N17,0.0,HEX,JG071B.134,UNKNOWN,,88.59123,603,8,-0.000775827021985182,0.007526158820837736,100,1000000,10000,2.0,6.0,4.0
53296,JG071B,329,FAM,-inf,False,N17,0.0,FAM,JG071B.134,UNKNOWN,,15.635131,602,9,0.0018246819091418665,-0.0019659867975860834,100,1000000,10000,2.0,6.0,4.0
53297,JG071B,329,HEX,-inf,False,N17,0.0,HEX,JG071B.134,UNKNOWN,,88.59123,603,9,1.6918449706570417e-05,0.00010890597332036123,100,1000000,10000,2.0,6.0,4.0
53298,JG071B,329,FAM,-inf,False,N17,0.0,FAM,JG071B.134,UNKNOWN,,15.635131,602,10,0.003528492019983377,-0.001142985769547522,100,1000000,10000,2.0,6.0,4.0
53299,JG071B,329,HEX,-inf,False,N17,0.0,HEX,JG071B.134,UNKNOWN,,88.59123,603,10,0.0015181927411961154,-0.007944328710436821,100,1000000,10000,2.0,6.0,4.0
53300,JG071B,329,FAM,-inf,False,N17,0.0,FAM,JG071B.134,UNKNOWN,,15.635131,602,11,0.0043299893534670415,-0.0017056732904165983,100,1000000,10000,2.0,6.0,4.0
53301,JG071B,329,HEX,-inf,False,N17,0.0,HEX,JG071B.134,UNKNOWN,,88.59123,603,11,0.0016330215567195768,-0.014753078110516071,100,1000000,10000,2.0,6.0,4.0
53302,JG071B,329,FAM,-inf,False,N17,0.0,FAM,JG071B.134,UNKNOWN,,15.635131,602,12,0.006858234979632309,0.00038341988692991436,100,1000000,10000,2.0,6.0,4.0
53303,JG071B,329,HEX,-inf,False,N17,0.0,HEX,JG071B.134,UNKNOWN,,88.59123,603,12,-0.00035663627154670815,-0.019672822207212448,100,1000000,10000,2.0,6.0,4.0
53304,JG071B,329,FAM,-inf,False,N17,0.0,FAM,JG071B.134,UNKNOWN,,15.635131,602,13,0.010118387143952497,0.0035965077113360167,100,1000000,10000,2.0,6.0,4.0
53305,JG071B,329,HEX,-inf,False,N17,0.0,HEX,JG071B.134,UNKNOWN,,88.59123,603,13,-0.0009118552588507656,-0.025880130007863045,100,1000000,10000,2.0,6.0,4.0
53306,JG071B,329,FAM,-inf,False,N17,0.0,FAM,JG071B.134,UNKNOWN,,15.635131,602,14,0.015335892012803552,0.009815516881644726,100,1000000,10000,2.0,6.0,4.0
53307,JG071B,329,HEX,-inf,False,N17,0.0,HEX,JG071B.134,UNKNOWN,,88.59123,603,14,-0.0016898092783766362,-0.03188750892877579,100,1000000,10000,2.0,6.0,4.0
53308,JG071B,329,FAM,-inf,False,N17,0.0,FAM,JG071B.134,UNKNOWN,,15.635131,602,15,0.02668782743050783,0.02545521967113018,100,1000000,10000,2.0,6.0,4.0
53309,JG071B,329,HEX,-inf,False,N17,0.0,HEX,JG071B.134,UNKNOWN,,88.59123,603,15,-0.0028340966031152035,-0.03756606578826904,100,1000000,10000,2.0,6.0,4.0
53310,JG071B,329,FAM,-inf,False,N17,0.0,FAM,JG071B.134,UNKNOWN,,15.635131,602,16,0.04408581735637178,0.05037989467382431,100,1000000,10000,2.0,6.0,4.0
53311,JG071B,329,HEX,-inf,False,N17,0.0,HEX,JG071B.134,UNKNOWN,,88.59123,603,16,-0.003934740013438391,-0.043283797800540924,100,1000000,10000,2.0,6.0,4.0
53312,JG071B,329,FAM,-inf,False,N17,0.0,FAM,JG071B.134,UNKNOWN,,15.635131,602,17,0.06977861867302342,0.0880429744720459,100,1000000,10000,2.0,6.0,4.0
53313,JG071B,329,HEX,-inf,False,N17,0.0,HEX,JG071B.134,UNKNOWN,,88.59123,603,17,-0.00537633386661554,-0.048695486038923264,100,1000000,10000,2.0,6.0,4.0
53314,JG071B,329,FAM,-inf,False,N17,0.0,FAM,JG071B.134,UNKNOWN,,15.635131,602,18,0.10462709241804864,0.13976649940013885,100,1000000,10000,2.0,6.0,4.0
53315,JG071B,329,HEX,-inf,False,N17,0.0,HEX,JG071B.134,UNKNOWN,,88.59123,603,18,-0.009196462952083418,-0.05197218433022499,100,1000000,10000,2.0,6.0,4.0
53316,JG071B,329,FAM,-inf,False,N17,0.0,FAM,JG071B.134,UNKNOWN,,15.635131,602,19,0.1468945348949723,0.20288339257240295,100,1000000,10000,2.0,6.0,4.0
53317,JG071B,329,HEX,-inf,False,N17,0.0,HEX,JG071B.134,UNKNOWN,,88.59123,603,19,-0.012210200579686307,-0.05597270652651787,100,1000000,10000,2.0,6.0,4.0
53318,JG071B,329,FAM,-inf,False,N17,0.0,FAM,JG071B.134,UNKNOWN,,15.635131,602,20,0.19460643827849652,0.27436137199401855,100,1000000,10000,2.0,6.0,4.0
53319,JG071B,329,HEX,-inf,False,N17,0.0,HEX,JG071B.134,UNKNOWN,,88.59123,603,20,-0.017758389622230836,-0.05769828334450722,100,1000000,10000,2.0,6.0,4.0
53320,JG071B,329,FAM,-inf,False,N17,0.0,FAM,JG071B.134,UNKNOWN,,15.635131,602,21,0.244528965272808,0.3492342233657837,100,1000000,10000,2.0,6.0,4.0
53321,JG071B,329,HEX,-inf,False,N17,0.0,HEX,JG071B.134,UNKNOWN,,88.59123,603,21,-0.02254698530304463,-0.06010567396879196,100,1000000,10000,2.0,6.0,4.0
53322,JG071B,329,FAM,-inf,False,N17,0.0,FAM,JG071B.134,UNKNOWN,,15.635131,602,22,0.29529135574738646,0.4253968894481659,100,1000000,10000,2.0,6.0,4.0
53323,JG071B,329,HEX,-inf,False,N17,0.0,HEX,JG071B.134,UNKNOWN,,88.59123,603,22,-0.03083582624016314,-0.059371218085289,100,1000000,10000,2.0,6.0,4.0
53324,JG071B,329,FAM,-inf,False,N17,0.0,FAM,JG071B.134,UNKNOWN,,15.635131,602,23,0.3434530376761796,0.4975655972957611,100,1000000,10000,2.0,6.0,4.0
53325,JG071B,329,HEX,-inf,False,N17,0.0,HEX,JG071B.134,UNKNOWN,,88.59123,603,23,-0.041714416378042095,-0.05631218105554581,100,1000000,10000,2.0,6.0,4.0
53326,JG071B,329,FAM,-inf,False,N17,0.0,FAM,JG071B.134,UNKNOWN,,15.635131,602,24,0.38888003034224655,0.5655346512794495,100,1000000,10000,2.0,6.0,4.0
53327,JG071B,329,HEX,-inf,False,N17,0.0,HEX,JG071B.134,UNKNOWN,,88.59123,603,24,-0.05815653484219316,-0.04825926944613457,100,1000000,10000,2.0,6.0,4.0
53328,JG071B,329,FAM,-inf,False,N17,0.0,FAM,JG071B.134,UNKNOWN,,15.635131,602,25,0.4288157542382627,0.6250706911087036,100,1000000,10000,2.0,6.0,4.0
53329,JG071B,329,HEX,-inf,False,N17,0.0,HEX,JG071B.134,UNKNOWN,,88.59123,603,25,-0.07407466071805702,-0.040676701813936234,100,1000000,10000,2.0,6.0,4.0
53330,JG071B,329,FAM,-inf,False,N17,0.0,FAM,JG071B.134,UNKNOWN,,15.635131,602,26,0.4628111876625223,0.6754841804504395,100,1000000,10000,2.0,6.0,4.0
53331,JG071B,329,HEX,-inf,False,N17,0.0,HEX,JG071B.134,UNKNOWN,,88.59123,603,26,-0.09218069304369667,-0.031130250543355942,100,1000000,10000,2.0,6.0,4.0
53332,JG071B,329,FAM,-inf,False,N17,0.0,FAM,JG071B.134,UNKNOWN,,15.635131,602,27,0.4941808008596928,0.721865177154541,100,1000000,10000,2.0,6.0,4.0
53333,JG071B,329,HEX,-inf,False,N17,0.0,HEX,JG071B.134,UNKNOWN,,88.59123,603,27,-0.11089033614459048,-0.0210419911891222,100,1000000,10000,2.0,6.0,4.0
53334,JG071B,329,FAM,-inf,False,N17,0.0,FAM,JG071B.134,UNKNOWN,,15.635131,602,28,0.5211185322129128,0.761440098285675,100,1000000,10000,2.0,6.0,4.0
53335,JG071B,329,HEX,-inf,False,N17,0.0,HEX,JG071B.134,UNKNOWN,,88.59123,603,28,-0.13106757019640752,-0.009636410512030125,100,1000000,10000,2.0,6.0,4.0
53336,JG071B,329,FAM,-inf,False,N17,0.0,FAM,JG071B.134,UNKNOWN,,15.635131,602,29,0.5447891057472912,0.795997679233551,100,1000000,10000,2.0,6.0,4.0
53337,JG071B,329,HEX,-inf,False,N17,0.0,HEX,JG071B.134,UNKNOWN,,88.59123,603,29,-0.15298438526905334,0.003330633044242859,100,1000000,10000,2.0,6.0,4.0
53338,JG071B,329,FAM,-inf,False,N17,0.0,FAM,JG071B.134,UNKNOWN,,15.635131,602,30,0.5633884392829783,0.8227672576904297,100,1000000,10000,2.0,6.0,4.0
53339,JG071B,329,HEX,-inf,False,N17,0.0,HEX,JG071B.134,UNKNOWN,,88.59123,603,30,-0.1715357880533981,0.01327685359865427,100,1000000,10000,2.0,6.0,4.0
53340,JG071B,329,FAM,-inf,False,N17,0.0,FAM,JG071B.134,UNKNOWN,,15.635131,602,31,0.5786651131385188,0.8444342017173767,100,1000000,10000,2.0,6.0,4.0
53341,JG071B,329,HEX,-inf,False,N17,0.0,HEX,JG071B.134,UNKNOWN,,88.59123,603,31,-0.1867989397948594,0.020271511748433113,100,1000000,10000,2.0,6.0,4.0
53342,JG071B,329,FAM,-inf,False,N17,0.0,FAM,JG071B.134,UNKNOWN,,15.635131,602,32,0.5910799092002164,0.8617061376571655,100,1000000,10000,2.0,6.0,4.0
53343,JG071B,329,HEX,-inf,False,N17,0.0,HEX,JG071B.134,UNKNOWN,,88.59123,603,32,-0.20382000001303174,0.028844084590673447,100,1000000,10000,2.0,6.0,4.0
53344,JG071B,329,FAM,-inf,False,N17,0.0,FAM,JG071B.134,UNKNOWN,,15.635131,602,33,0.6023963894079191,0.8772913813591003,100,1000000,10000,2.0,6.0,4.0
53345,JG071B,329,HEX,-inf,False,N17,0.0,HEX,JG071B.134,UNKNOWN,,88.59123,603,33,-0.21746867554120872,0.03438957408070564,100,1000000,10000,2.0,6.0,4.0
53346,JG071B,329,FAM,-inf,False,N17,0.0,FAM,JG071B.134,UNKNOWN,,15.635131,602,34,0.6116180042575216,0.8896595239639282,100,1000000,10000,2.0,6.0,4.0
53347,JG071B,329,HEX,-inf,False,N17,0.0,HEX,JG071B.134,UNKNOWN,,88.59123,603,34,-0.2264374086483089,0.035734307020902634,100,1000000,10000,2.0,6.0,4.0
53348,JG071B,329,FAM,-inf,False,N17,0.0,FAM,JG071B.134,UNKNOWN,,15.635131,602,35,0.6190877785393839,0.8993374109268188,100,1000000,10000,2.0,6.0,4.0
53349,JG071B,329,HEX,-inf,False,N17,0.0,HEX,JG071B.134,UNKNOWN,,88.59123,603,35,-0.23376835779931796,0.03560895472764969,100,1000000,10000,2.0,6.0,4.0
53350,JG071B,329,FAM,-inf,False,N17,0.0,FAM,JG071B.134,UNKNOWN,,15.635131,602,36,0.6246727406613164,0.9061207175254822,100,1000000,10000,2.0,6.0,4.0
53351,JG071B,329,HEX,-inf,False,N17,0.0,HEX,JG071B.134,UNKNOWN,,88.59123,603,36,-0.24343270418212498,0.037578076124191284,100,1000000,10000,2.0,6.0,4.0
53352,JG071B,329,FAM,-inf,False,N17,0.0,FAM,JG071B.134,UNKNOWN,,15.635131,602,37,0.6300374030876069,0.9125657081604004,100,1000000,10000,2.0,6.0,4.0
53353,JG071B,329,HEX,-inf,False,N17,0.0,HEX,JG071B.134,UNKNOWN,,88.59123,603,37,-0.2513786855664018,0.03800477832555771,100,1000000,10000,2.0,6.0,4.0
53354,JG071B,329,FAM,-inf,False,N17,0.0,FAM,JG071B.134,UNKNOWN,,15.635131,602,38,0.635061757597867,0.918488085269928,100,1000000,10000,2.0,6.0,4.0
53355,JG071B,329,HEX,-inf,False,N17,0.0,HEX,JG071B.134,UNKNOWN,,88.59123,603,38,-0.2573922492201317,0.03669692948460579,100,1000000,10000,2.0,6.0,4.0
53356,JG071B,329,FAM,-inf,False,N17,0.0,FAM,JG071B.134,UNKNOWN,,15.635131,602,39,0.6394897193802848,0.9234945774078369,100,1000000,10000,2.0,6.0,4.0
53357,JG071B,329,HEX,-inf,False,N17,0.0,HEX,JG071B.134,UNKNOWN,,88.59123,603,39,-0.26637662042817495,0.038055699318647385,100,1000000,10000,2.0,6.0,4.0
53358,JG071B,329,FAM,-inf,False,N17,0.0,FAM,JG071B.134,UNKNOWN,,15.635131,602,40,0.6444774348995854,0.9293606877326965,100,1000000,10000,2.0,6.0,4.0
53359,JG071B,329,HEX,-inf,False,N17,0.0,HEX,JG071B.134,UNKNOWN,,88.59123,603,40,-0.2757298648877624,0.039745572954416275,100,1000000,10000,2.0,6.0,4.0
53360,JG071B,329,FAM,-inf,False,N17,0.0,FAM,JG071B.134,UNKNOWN,,15.635131,602,41,0.6464508171626611,0.930597722530365,100,1000000,10000,2.0,6.0,4.0
53361,JG071B,329,HEX,-inf,False,N17,0.0,HEX,JG071B.134,UNKNOWN,,88.59123,603,41,-0.2815442170645107,0.038258906453847885,100,1000000,10000,2.0,6.0,4.0
53362,JG071B,329,FAM,-inf,False,N17,0.0,FAM,JG071B.134,UNKNOWN,,15.635131,602,42,0.6506829311184035,0.9353034496307373,100,1000000,10000,2.0,6.0,4.0
53363,JG071B,329,HEX,-inf,False,N17,0.0,HEX,JG071B.134,UNKNOWN,,88.59123,603,42,-0.28738456633900517,0.03679557889699936,100,1000000,10000,2.0,6.0,4.0
53364,JG071B,329,FAM,-inf,False,N17,0.0,FAM,JG071B.134,UNKNOWN,,15.635131,602,43,0.6549656565616577,0.9400869011878967,100,1000000,10000,2.0,6.0,4.0
53365,JG071B,329,HEX,-inf,False,N17,0.0,HEX,JG071B.134,UNKNOWN,,88.59123,603,43,-0.29592662166432365,0.03775732219219208,100,1000000,10000,2.0,6.0,4.0
53366,JG071B,329,FAM,-inf,False,N17,0.0,FAM,JG071B.134,UNKNOWN,,15.635131,602,44,0.658096582539114,0.9431015253067017,100,1000000,10000,2.0,6.0,4.0
53367,JG071B,329,HEX,-inf,False,N17,0.0,HEX,JG071B.134,UNKNOWN,,88.59123,603,44,-0.30078240141574947,0.035410232841968536,100,1000000,10000,2.0,6.0,4.0
53368,JG071B,329,FAM,-inf,False,N17,0.0,FAM,JG071B.134,UNKNOWN,,15.635131,602,45,0.6600605721795072,0.9443240761756897,100,1000000,10000,2.0,6.0,4.0
53369,JG071B,329,HEX,-inf,False,N17,0.0,HEX,JG071B.134,UNKNOWN,,88.59123,603,45,-0.3075691380135577,0.03479639068245888,100,1000000,10000,2.0,6.0,4.0
53370,JG071B,329,FAM,-inf,False,N17,0.0,FAM,JG071B.134,UNKNOWN,,15.635131,602,46,0.66369380940802,0.9481101036071777,100,1000000,10000,2.0,6.0,4.0
53371,JG071B,329,HEX,-inf,False,N17,0.0,HEX,JG071B.134,UNKNOWN,,88.59123,603,46,-0.3154174725722007,0.03513544425368309,100,1000000,10000,2.0,6.0,4.0
53372,JG071B,329,FAM,-inf,False,N17,0.0,FAM,JG071B.134,UNKNOWN,,15.635131,602,47,0.6653939517385166,0.9489275217056274,100,1000000,10000,2.0,6.0,4.0
53373,JG071B,329,HEX,-inf,False,N17,0.0,HEX,JG071B.134,UNKNOWN,,88.59123,603,47,-0.3213779131654022,0.03377990797162056,100,1000000,10000,2.0,6.0,4.0
53374,JG071B,329,FAM,-inf,False,N17,0.0,FAM,JG071B.134,UNKNOWN,,15.635131,602,48,0.6682384415366499,0.95150226354599,100,1000000,10000,2.0,6.0,4.0
53375,JG071B,329,HEX,-inf,False,N17,0.0,HEX,JG071B.134,UNKNOWN,,88.59123,603,48,-0.3266823171629905,0.03183550760149956,100,1000000,10000,2.0,6.0,4.0
53376,JG071B,329,FAM,-inf,False,N17,0.0,FAM,JG071B.134,UNKNOWN,,15.635131,602,49,0.6716732693141195,0.9549835920333862,100,1000000,10000,2.0,6.0,4.0
53377,JG071B,329,HEX,-inf,False,N17,0.0,HEX,JG071B.134,UNKNOWN,,88.59123,603,49,-0.3324405581070557,0.03029847890138626,100,1000000,10000,2.0,6.0,4.0
53378,JG071B,329,FAM,-inf,False,N17,0.0,FAM,JG071B.134,UNKNOWN,,15.635131,602,50,0.6764014068974701,0.960451066493988,100,1000000,10000,2.0,6.0,4.0
53379,JG071B,329,HEX,-inf,False,N17,0.0,HEX,JG071B.134,UNKNOWN,,88.59123,603,50,-0.34042631538290313,0.030760884284973145,100,1000000,10000,2.0,6.0,4.0
