,Experiment,Well,Target,lg10_Copies,Outlier,WellPosition,Copies,Reporter,Sample,Task,Comments,CT,Reaction,Cycle,Fluorescence,Corr_Fluorescence,L2_500_like,S037.01.01b,S036.0,lg10 L2_500_like,lg10 S037.01.01b,lg10 S036.0
3600,JG074D,21,FAM,#NAME?,FALSE,A21,0,FAM,JG074D.021,UNKNOWN,,7.635102,40,1,-0.018426705,-0.006733775,100000000,100000000,100,8,8,2
3601,JG074D,21,HEX,#NAME?,FALSE,A21,0,HEX,JG074D.021,UNKNOWN,,10.179634,41,1,0.008083533,0.004661548,100000000,100000000,100,8,8,2
3602,JG074D,21,FAM,#NAME?,FALSE,A21,0,FAM,JG074D.021,UNKNOWN,,7.635102,40,2,-0.018112149,-0.005960792,100000000,100000000,100,8,8,2
3603,JG074D,21,HEX,#NAME?,FALSE,A21,0,HEX,JG074D.021,UNKNOWN,,10.179634,41,2,0.00886886,0.0007393,100000000,100000000,100,8,8,2
3604,JG074D,21,FAM,#NAME?,FALSE,A21,0,FAM,JG074D.021,UNKNOWN,,7.635102,40,3,-0.017208105,-0.003739208,100000000,100000000,100,8,8,2
3605,JG074D,21,HEX,#NAME?,FALSE,A21,0,HEX,JG074D.021,UNKNOWN,,10.179634,41,3,0.00839037,-0.000730246,100000000,100000000,100,8,8,2
3606,JG074D,21,FAM,#NAME?,FALSE,A21,0,FAM,JG074D.021,UNKNOWN,,7.635102,40,4,-0.016118531,-0.001061708,100000000,100000000,100,8,8,2
3607,JG074D,21,HEX,#NAME?,FALSE,A21,0,HEX,JG074D.021,UNKNOWN,,10.179634,41,4,0.006303708,0.000921196,100000000,100000000,100,8,8,2
3608,JG074D,21,FAM,#NAME?,FALSE,A21,0,FAM,JG074D.021,UNKNOWN,,7.635102,40,5,-0.013732813,0.004800916,100000000,100000000,100,8,8,2
3609,JG074D,21,HEX,#NAME?,FALSE,A21,0,HEX,JG074D.021,UNKNOWN,,10.179634,41,5,0.005372064,0.000331086,100000000,100000000,100,8,8,2
3610,JG074D,21,FAM,#NAME?,FALSE,A21,0,FAM,JG074D.021,UNKNOWN,,7.635102,40,6,-0.010384341,0.013029396533966064,100000000,100000000,100,8,8,2
3611,JG074D,21,HEX,#NAME?,FALSE,A21,0,HEX,JG074D.021,UNKNOWN,,10.179634,41,6,0.004567049,-0.000504774,100000000,100000000,100,8,8,2
3612,JG074D,21,FAM,#NAME?,FALSE,A21,0,FAM,JG074D.021,UNKNOWN,,7.635102,40,7,-0.004732182,0.026918917894363403,100000000,100000000,100,8,8,2
3613,JG074D,21,HEX,#NAME?,FALSE,A21,0,HEX,JG074D.021,UNKNOWN,,10.179634,41,7,0.003080133,-1.73E-05,100000000,100000000,100,8,8,2
3614,JG074D,21,FAM,#NAME?,FALSE,A21,0,FAM,JG074D.021,UNKNOWN,,7.635102,40,8,0.00432619,0.049178809,100000000,100000000,100,8,8,2
3615,JG074D,21,HEX,#NAME?,FALSE,A21,0,HEX,JG074D.021,UNKNOWN,,10.179634,41,8,-0.000938475,0.005383521,100000000,100000000,100,8,8,2
3616,JG074D,21,FAM,#NAME?,FALSE,A21,0,FAM,JG074D.021,UNKNOWN,,7.635102,40,9,0.018774932423550657,0.084684908,100000000,100000000,100,8,8,2
3617,JG074D,21,HEX,#NAME?,FALSE,A21,0,HEX,JG074D.021,UNKNOWN,,10.179634,41,9,-0.008007192,0.016703670844435692,100000000,100000000,100,8,8,2
3618,JG074D,21,FAM,#NAME?,FALSE,A21,0,FAM,JG074D.021,UNKNOWN,,7.635102,40,10,0.039074849,0.13456958532333374,100000000,100000000,100,8,8,2
3619,JG074D,21,HEX,#NAME?,FALSE,A21,0,HEX,JG074D.021,UNKNOWN,,10.179634,41,10,-0.018767655,0.035188418,100000000,100000000,100,8,8,2
3620,JG074D,21,FAM,#NAME?,FALSE,A21,0,FAM,JG074D.021,UNKNOWN,,7.635102,40,11,0.063708951,0.19510501623153687,100000000,100000000,100,8,8,2
3621,JG074D,21,HEX,#NAME?,FALSE,A21,0,HEX,JG074D.021,UNKNOWN,,10.179634,41,11,-0.036065564,0.066360429,100000000,100000000,100,8,8,2
3622,JG074D,21,FAM,#NAME?,FALSE,A21,0,FAM,JG074D.021,UNKNOWN,,7.635102,40,12,0.091026153,0.2622338533401489,100000000,100000000,100,8,8,2
3623,JG074D,21,HEX,#NAME?,FALSE,A21,0,HEX,JG074D.021,UNKNOWN,,10.179634,41,12,-0.063642866,0.11748173087835312,100000000,100000000,100,8,8,2
3624,JG074D,21,FAM,#NAME?,FALSE,A21,0,FAM,JG074D.021,UNKNOWN,,7.635102,40,13,0.11754489323204564,0.3274005651473999,100000000,100000000,100,8,8,2
3625,JG074D,21,HEX,#NAME?,FALSE,A21,0,HEX,JG074D.021,UNKNOWN,,10.179634,41,13,-0.10019669,0.18602383136749268,100000000,100000000,100,8,8,2
3626,JG074D,21,FAM,#NAME?,FALSE,A21,0,FAM,JG074D.021,UNKNOWN,,7.635102,40,14,0.1406391936555563,0.3841521143913269,100000000,100000000,100,8,8,2
3627,JG074D,21,HEX,#NAME?,FALSE,A21,0,HEX,JG074D.021,UNKNOWN,,10.179634,41,14,-0.144576548,0.26975396275520325,100000000,100000000,100,8,8,2
3628,JG074D,21,FAM,#NAME?,FALSE,A21,0,FAM,JG074D.021,UNKNOWN,,7.635102,40,15,0.15858551851663363,0.4282531142234802,100000000,100000000,100,8,8,2
3629,JG074D,21,HEX,#NAME?,FALSE,A21,0,HEX,JG074D.021,UNKNOWN,,10.179634,41,15,-0.190149569,0.35579967498779297,100000000,100000000,100,8,8,2
3630,JG074D,21,FAM,#NAME?,FALSE,A21,0,FAM,JG074D.021,UNKNOWN,,7.635102,40,16,0.1717932735357478,0.4607096314430237,100000000,100000000,100,8,8,2
3631,JG074D,21,HEX,#NAME?,FALSE,A21,0,HEX,JG074D.021,UNKNOWN,,10.179634,41,16,-0.233775765,0.4380671977996826,100000000,100000000,100,8,8,2
3632,JG074D,21,FAM,#NAME?,FALSE,A21,0,FAM,JG074D.021,UNKNOWN,,7.635102,40,17,0.18235050307882078,0.48665279150009155,100000000,100000000,100,8,8,2
3633,JG074D,21,HEX,#NAME?,FALSE,A21,0,HEX,JG074D.021,UNKNOWN,,10.179634,41,17,-0.274147135,0.5140179991722107,100000000,100000000,100,8,8,2
3634,JG074D,21,FAM,#NAME?,FALSE,A21,0,FAM,JG074D.021,UNKNOWN,,7.635102,40,18,0.19119506374800316,0.5083872675895691,100000000,100000000,100,8,8,2
3635,JG074D,21,HEX,#NAME?,FALSE,A21,0,HEX,JG074D.021,UNKNOWN,,10.179634,41,18,-0.309497445,0.5802244544029236,100000000,100000000,100,8,8,2
3636,JG074D,21,FAM,#NAME?,FALSE,A21,0,FAM,JG074D.021,UNKNOWN,,7.635102,40,19,0.19767254673126308,0.5243049263954163,100000000,100000000,100,8,8,2
3637,JG074D,21,HEX,#NAME?,FALSE,A21,0,HEX,JG074D.021,UNKNOWN,,10.179634,41,19,-0.341552849,0.6400364637374878,100000000,100000000,100,8,8,2
3638,JG074D,21,FAM,#NAME?,FALSE,A21,0,FAM,JG074D.021,UNKNOWN,,7.635102,40,20,0.20328818931759507,0.5381047129631042,100000000,100000000,100,8,8,2
3639,JG074D,21,HEX,#NAME?,FALSE,A21,0,HEX,JG074D.021,UNKNOWN,,10.179634,41,20,-0.370719863,0.6942428946495056,100000000,100000000,100,8,8,2
3640,JG074D,21,FAM,#NAME?,FALSE,A21,0,FAM,JG074D.021,UNKNOWN,,7.635102,40,21,0.2090692290013787,0.5523109436035156,100000000,100000000,100,8,8,2
3641,JG074D,21,HEX,#NAME?,FALSE,A21,0,HEX,JG074D.021,UNKNOWN,,10.179634,41,21,-0.394986764,0.7389397025108337,100000000,100000000,100,8,8,2
3642,JG074D,21,FAM,#NAME?,FALSE,A21,0,FAM,JG074D.021,UNKNOWN,,7.635102,40,22,0.21618697993909392,0.5698019862174988,100000000,100000000,100,8,8,2
3643,JG074D,21,HEX,#NAME?,FALSE,A21,0,HEX,JG074D.021,UNKNOWN,,10.179634,41,22,-0.417048483,0.779356837,100000000,100000000,100,8,8,2
3644,JG074D,21,FAM,#NAME?,FALSE,A21,0,FAM,JG074D.021,UNKNOWN,,7.635102,40,23,0.22233890787879967,0.5849196314811707,100000000,100000000,100,8,8,2
3645,JG074D,21,HEX,#NAME?,FALSE,A21,0,HEX,JG074D.021,UNKNOWN,,10.179634,41,23,-0.436868163,0.8154228925704956,100000000,100000000,100,8,8,2
3646,JG074D,21,FAM,#NAME?,FALSE,A21,0,FAM,JG074D.021,UNKNOWN,,7.635102,40,24,0.2272953876083571,0.5970996022224426,100000000,100000000,100,8,8,2
3647,JG074D,21,HEX,#NAME?,FALSE,A21,0,HEX,JG074D.021,UNKNOWN,,10.179634,41,24,-0.454693534,0.84761858,100000000,100000000,100,8,8,2
3648,JG074D,21,FAM,#NAME?,FALSE,A21,0,FAM,JG074D.021,UNKNOWN,,7.635102,40,25,0.23206946725390862,0.6088313460350037,100000000,100000000,100,8,8,2
3649,JG074D,21,HEX,#NAME?,FALSE,A21,0,HEX,JG074D.021,UNKNOWN,,10.179634,41,25,-0.469223294,0.873418391,100000000,100000000,100,8,8,2
3650,JG074D,21,FAM,#NAME?,FALSE,A21,0,FAM,JG074D.021,UNKNOWN,,7.635102,40,26,0.23721751558233292,0.6214820742607117,100000000,100000000,100,8,8,2
3651,JG074D,21,HEX,#NAME?,FALSE,A21,0,HEX,JG074D.021,UNKNOWN,,10.179634,41,26,-0.481740931,0.8953133225440979,100000000,100000000,100,8,8,2
3652,JG074D,21,FAM,#NAME?,FALSE,A21,0,FAM,JG074D.021,UNKNOWN,,7.635102,40,27,0.24382068968731072,0.6377086043357849,100000000,100000000,100,8,8,2
3653,JG074D,21,HEX,#NAME?,FALSE,A21,0,HEX,JG074D.021,UNKNOWN,,10.179634,41,27,-0.494838858,0.9183343648910522,100000000,100000000,100,8,8,2
3654,JG074D,21,FAM,#NAME?,FALSE,A21,0,FAM,JG074D.021,UNKNOWN,,7.635102,40,28,0.24898867589725798,0.6504083275794983,100000000,100000000,100,8,8,2
3655,JG074D,21,HEX,#NAME?,FALSE,A21,0,HEX,JG074D.021,UNKNOWN,,10.179634,41,28,-0.508586299,0.9426159858703613,100000000,100000000,100,8,8,2
3656,JG074D,21,FAM,#NAME?,FALSE,A21,0,FAM,JG074D.021,UNKNOWN,,7.635102,40,29,0.25382970025449253,0.6623045802116394,100000000,100000000,100,8,8,2
3657,JG074D,21,HEX,#NAME?,FALSE,A21,0,HEX,JG074D.021,UNKNOWN,,10.179634,41,29,-0.521270462,0.9648340940475464,100000000,100000000,100,8,8,2
3658,JG074D,21,FAM,#NAME?,FALSE,A21,0,FAM,JG074D.021,UNKNOWN,,7.635102,40,30,0.2599467005185376,0.6773363947868347,100000000,100000000,100,8,8,2
3659,JG074D,21,HEX,#NAME?,FALSE,A21,0,HEX,JG074D.021,UNKNOWN,,10.179634,41,30,-0.532162284,0.9835737347602844,100000000,100000000,100,8,8,2
3660,JG074D,21,FAM,#NAME?,FALSE,A21,0,FAM,JG074D.021,UNKNOWN,,7.635102,40,31,0.2648894032204733,0.6894825100898743,100000000,100000000,100,8,8,2
3661,JG074D,21,HEX,#NAME?,FALSE,A21,0,HEX,JG074D.021,UNKNOWN,,10.179634,41,31,-0.542952999,1.0021171569824219,100000000,100000000,100,8,8,2
3662,JG074D,21,FAM,#NAME?,FALSE,A21,0,FAM,JG074D.021,UNKNOWN,,7.635102,40,32,0.26935602229888933,0.7004587054252625,100000000,100000000,100,8,8,2
3663,JG074D,21,HEX,#NAME?,FALSE,A21,0,HEX,JG074D.021,UNKNOWN,,10.179634,41,32,-0.55405846,1.0212714672088623,100000000,100000000,100,8,8,2
3664,JG074D,21,FAM,#NAME?,FALSE,A21,0,FAM,JG074D.021,UNKNOWN,,7.635102,40,33,0.2751493109244845,0.7146950364112854,100000000,100000000,100,8,8,2
3665,JG074D,21,HEX,#NAME?,FALSE,A21,0,HEX,JG074D.021,UNKNOWN,,10.179634,41,33,-0.564136944,1.0384327173233032,100000000,100000000,100,8,8,2
3666,JG074D,21,FAM,#NAME?,FALSE,A21,0,FAM,JG074D.021,UNKNOWN,,7.635102,40,34,0.2799142220551751,0.7264042496681213,100000000,100000000,100,8,8,2
3667,JG074D,21,HEX,#NAME?,FALSE,A21,0,HEX,JG074D.021,UNKNOWN,,10.179634,41,34,-0.574704561,1.056543231010437,100000000,100000000,100,8,8,2
3668,JG074D,21,FAM,#NAME?,FALSE,A21,0,FAM,JG074D.021,UNKNOWN,,7.635102,40,35,0.2857731941152767,0.74080199,100000000,100000000,100,8,8,2
3669,JG074D,21,HEX,#NAME?,FALSE,A21,0,HEX,JG074D.021,UNKNOWN,,10.179634,41,35,-0.586092642,1.0762460231781006,100000000,100000000,100,8,8,2
3670,JG074D,21,FAM,#NAME?,FALSE,A21,0,FAM,JG074D.021,UNKNOWN,,7.635102,40,36,0.2906270737975808,0.7527298331260681,100000000,100000000,100,8,8,2
3671,JG074D,21,HEX,#NAME?,FALSE,A21,0,HEX,JG074D.021,UNKNOWN,,10.179634,41,36,-0.595569891,1.092240333557129,100000000,100000000,100,8,8,2
3672,JG074D,21,FAM,#NAME?,FALSE,A21,0,FAM,JG074D.021,UNKNOWN,,7.635102,40,37,0.2956305118466376,0.7650251984596252,100000000,100000000,100,8,8,2
3673,JG074D,21,HEX,#NAME?,FALSE,A21,0,HEX,JG074D.021,UNKNOWN,,10.179634,41,37,-0.606918721,1.1118669509887695,100000000,100000000,100,8,8,2
3674,JG074D,21,FAM,#NAME?,FALSE,A21,0,FAM,JG074D.021,UNKNOWN,,7.635102,40,38,0.3018152329929359,0.7802234292030334,100000000,100000000,100,8,8,2
3675,JG074D,21,HEX,#NAME?,FALSE,A21,0,HEX,JG074D.021,UNKNOWN,,10.179634,41,38,-0.619201282,1.1333056688308716,100000000,100000000,100,8,8,2
3676,JG074D,21,FAM,#NAME?,FALSE,A21,0,FAM,JG074D.021,UNKNOWN,,7.635102,40,39,0.3069162259805395,0.7927585244178772,100000000,100000000,100,8,8,2
3677,JG074D,21,HEX,#NAME?,FALSE,A21,0,HEX,JG074D.021,UNKNOWN,,10.179634,41,39,-0.631077512,1.1539558172225952,100000000,100000000,100,8,8,2
3678,JG074D,21,FAM,#NAME?,FALSE,A21,0,FAM,JG074D.021,UNKNOWN,,7.635102,40,40,0.3112651096855826,0.8034453988075256,100000000,100000000,100,8,8,2
3679,JG074D,21,HEX,#NAME?,FALSE,A21,0,HEX,JG074D.021,UNKNOWN,,10.179634,41,40,-0.641377928,1.171547770500183,100000000,100000000,100,8,8,2
3680,JG074D,21,FAM,#NAME?,FALSE,A21,0,FAM,JG074D.021,UNKNOWN,,7.635102,40,41,0.3163409256403141,0.8159186244010925,100000000,100000000,100,8,8,2
3681,JG074D,21,HEX,#NAME?,FALSE,A21,0,HEX,JG074D.021,UNKNOWN,,10.179634,41,41,-0.654512587,1.194640040397644,100000000,100000000,100,8,8,2
3682,JG074D,21,FAM,#NAME?,FALSE,A21,0,FAM,JG074D.021,UNKNOWN,,7.635102,40,42,0.3215715391131474,0.828772247,100000000,100000000,100,8,8,2
3683,JG074D,21,HEX,#NAME?,FALSE,A21,0,HEX,JG074D.021,UNKNOWN,,10.179634,41,42,-0.666870702,1.2162253856658936,100000000,100000000,100,8,8,2
3684,JG074D,21,FAM,#NAME?,FALSE,A21,0,FAM,JG074D.021,UNKNOWN,,7.635102,40,43,0.3276844644816987,0.843794048,100000000,100000000,100,8,8,2
3685,JG074D,21,HEX,#NAME?,FALSE,A21,0,HEX,JG074D.021,UNKNOWN,,10.179634,41,43,-0.680170596,1.2396384477615356,100000000,100000000,100,8,8,2
3686,JG074D,21,FAM,#NAME?,FALSE,A21,0,FAM,JG074D.021,UNKNOWN,,7.635102,40,44,0.3329371988157838,0.8567020297050476,100000000,100000000,100,8,8,2
3687,JG074D,21,HEX,#NAME?,FALSE,A21,0,HEX,JG074D.021,UNKNOWN,,10.179634,41,44,-0.693587567,1.2632787227630615,100000000,100000000,100,8,8,2
3688,JG074D,21,FAM,#NAME?,FALSE,A21,0,FAM,JG074D.021,UNKNOWN,,7.635102,40,45,0.3400799569990589,0.8742545247077942,100000000,100000000,100,8,8,2
3689,JG074D,21,HEX,#NAME?,FALSE,A21,0,HEX,JG074D.021,UNKNOWN,,10.179634,41,45,-0.709282265,1.291339397,100000000,100000000,100,8,8,2
3690,JG074D,21,FAM,#NAME?,FALSE,A21,0,FAM,JG074D.021,UNKNOWN,,7.635102,40,46,0.34691821376549753,0.8910587430000305,100000000,100000000,100,8,8,2
3691,JG074D,21,HEX,#NAME?,FALSE,A21,0,HEX,JG074D.021,UNKNOWN,,10.179634,41,46,-0.724845574,1.3191449642181396,100000000,100000000,100,8,8,2
3692,JG074D,21,FAM,#NAME?,FALSE,A21,0,FAM,JG074D.021,UNKNOWN,,7.635102,40,47,0.3524372231158349,0.9046210646629333,100000000,100000000,100,8,8,2
3693,JG074D,21,HEX,#NAME?,FALSE,A21,0,HEX,JG074D.021,UNKNOWN,,10.179634,41,47,-0.738915685,1.344052791595459,100000000,100000000,100,8,8,2
3694,JG074D,21,FAM,#NAME?,FALSE,A21,0,FAM,JG074D.021,UNKNOWN,,7.635102,40,48,0.35832001391031065,0.9190773367881775,100000000,100000000,100,8,8,2
3695,JG074D,21,HEX,#NAME?,FALSE,A21,0,HEX,JG074D.021,UNKNOWN,,10.179634,41,48,-0.752683335,1.3683736324310303,100000000,100000000,100,8,8,2
3696,JG074D,21,FAM,#NAME?,FALSE,A21,0,FAM,JG074D.021,UNKNOWN,,7.635102,40,49,0.36360835506930544,0.9320728182792664,100000000,100000000,100,8,8,2
3697,JG074D,21,HEX,#NAME?,FALSE,A21,0,HEX,JG074D.021,UNKNOWN,,10.179634,41,49,-0.768428833,1.3965328931808472,100000000,100000000,100,8,8,2
3698,JG074D,21,FAM,#NAME?,FALSE,A21,0,FAM,JG074D.021,UNKNOWN,,7.635102,40,50,0.37059830467156496,0.949249804,100000000,100000000,100,8,8,2
3699,JG074D,21,HEX,#NAME?,FALSE,A21,0,HEX,JG074D.021,UNKNOWN,,10.179634,41,50,-0.78461856,1.4255542755126953,100000000,100000000,100,8,8,2
7920,JG074D,45,FAM,#NAME?,FALSE,B21,0,FAM,JG074D.045,UNKNOWN,,7.564008,88,1,-0.019601171,-0.008685966,31622776,100000000,100,7.499999991736717,8,2
7921,JG074D,45,HEX,#NAME?,FALSE,B21,0,HEX,JG074D.045,UNKNOWN,,11.705969,89,1,0.004232567,0.003948212,31622776,100000000,100,7.499999991736717,8,2
7922,JG074D,45,FAM,#NAME?,FALSE,B21,0,FAM,JG074D.045,UNKNOWN,,7.564008,88,2,-0.019250475,-0.007824172,31622776,100000000,100,7.499999991736717,8,2
7923,JG074D,45,HEX,#NAME?,FALSE,B21,0,HEX,JG074D.045,UNKNOWN,,11.705969,89,2,0.004843461,0.000917212,31622776,100000000,100,7.499999991736717,8,2
7924,JG074D,45,FAM,#NAME?,FALSE,B21,0,FAM,JG074D.045,UNKNOWN,,7.564008,88,3,-0.01776315,-0.004169246,31622776,100000000,100,7.499999991736717,8,2
7925,JG074D,45,HEX,#NAME?,FALSE,B21,0,HEX,JG074D.045,UNKNOWN,,11.705969,89,3,0.004356171,1.746557973092422e-05,31622776,100000000,100,7.499999991736717,8,2
7926,JG074D,45,FAM,#NAME?,FALSE,B21,0,FAM,JG074D.045,UNKNOWN,,7.564008,88,4,-0.016451482,-0.000945975,31622776,100000000,100,7.499999991736717,8,2
7927,JG074D,45,HEX,#NAME?,FALSE,B21,0,HEX,JG074D.045,UNKNOWN,,11.705969,89,4,0.003080774,0.000647204,31622776,100000000,100,7.499999991736717,8,2
7928,JG074D,45,FAM,#NAME?,FALSE,B21,0,FAM,JG074D.045,UNKNOWN,,7.564008,88,5,-0.013984958,0.005115221,31622776,100000000,100,7.499999991736717,8,2
7929,JG074D,45,HEX,#NAME?,FALSE,B21,0,HEX,JG074D.045,UNKNOWN,,11.705969,89,5,0.002747985,-0.000552384,31622776,100000000,100,7.499999991736717,8,2
7930,JG074D,45,FAM,#NAME?,FALSE,B21,0,FAM,JG074D.045,UNKNOWN,,7.564008,88,6,-0.010320802,0.014119456522166729,31622776,100000000,100,7.499999991736717,8,2
7931,JG074D,45,HEX,#NAME?,FALSE,B21,0,HEX,JG074D.045,UNKNOWN,,11.705969,89,6,0.001723527,-0.000409645,31622776,100000000,100,7.499999991736717,8,2
7932,JG074D,45,FAM,#NAME?,FALSE,B21,0,FAM,JG074D.045,UNKNOWN,,7.564008,88,7,-0.004647286,0.028061458840966225,31622776,100000000,100,7.499999991736717,8,2
7933,JG074D,45,HEX,#NAME?,FALSE,B21,0,HEX,JG074D.045,UNKNOWN,,11.705969,89,7,0.00066444,-0.000199702,31622776,100000000,100,7.499999991736717,8,2
7934,JG074D,45,FAM,#NAME?,FALSE,B21,0,FAM,JG074D.045,UNKNOWN,,7.564008,88,8,0.004718449,0.051076662,31622776,100000000,100,7.499999991736717,8,2
7935,JG074D,45,HEX,#NAME?,FALSE,B21,0,HEX,JG074D.045,UNKNOWN,,11.705969,89,8,-0.000645494,0.000497062,31622776,100000000,100,7.499999991736717,8,2
7936,JG074D,45,FAM,#NAME?,FALSE,B21,0,FAM,JG074D.045,UNKNOWN,,7.564008,88,9,0.019195303069283597,0.086651839,31622776,100000000,100,7.499999991736717,8,2
7937,JG074D,45,HEX,#NAME?,FALSE,B21,0,HEX,JG074D.045,UNKNOWN,,11.705969,89,9,-0.003607058,0.004399155,31622776,100000000,100,7.499999991736717,8,2
7938,JG074D,45,FAM,#NAME?,FALSE,B21,0,FAM,JG074D.045,UNKNOWN,,7.564008,88,10,0.039253927626602785,0.13594357669353485,31622776,100000000,100,7.499999991736717,8,2
7939,JG074D,45,HEX,#NAME?,FALSE,B21,0,HEX,JG074D.045,UNKNOWN,,11.705969,89,10,-0.008320344,0.011700828559696674,31622776,100000000,100,7.499999991736717,8,2
7940,JG074D,45,FAM,#NAME?,FALSE,B21,0,FAM,JG074D.045,UNKNOWN,,7.564008,88,11,0.064671622,0.19840459525585175,31622776,100000000,100,7.499999991736717,8,2
7941,JG074D,45,HEX,#NAME?,FALSE,B21,0,HEX,JG074D.045,UNKNOWN,,11.705969,89,11,-0.016634651,0.025991028174757957,31622776,100000000,100,7.499999991736717,8,2
7942,JG074D,45,FAM,#NAME?,FALSE,B21,0,FAM,JG074D.045,UNKNOWN,,7.564008,88,12,0.093277704,0.2687006890773773,31622776,100000000,100,7.499999991736717,8,2
7943,JG074D,45,HEX,#NAME?,FALSE,B21,0,HEX,JG074D.045,UNKNOWN,,11.705969,89,12,-0.02869906,0.047559071,31622776,100000000,100,7.499999991736717,8,2
7944,JG074D,45,FAM,#NAME?,FALSE,B21,0,FAM,JG074D.045,UNKNOWN,,7.564008,88,13,0.12390854746607224,0.34397241473197937,31622776,100000000,100,7.499999991736717,8,2
7945,JG074D,45,HEX,#NAME?,FALSE,B21,0,HEX,JG074D.045,UNKNOWN,,11.705969,89,13,-0.047285188,0.081783868,31622776,100000000,100,7.499999991736717,8,2
7946,JG074D,45,FAM,#NAME?,FALSE,B21,0,FAM,JG074D.045,UNKNOWN,,7.564008,88,14,0.1512293877084922,0.41111019253730774,31622776,100000000,100,7.499999991736717,8,2
7947,JG074D,45,HEX,#NAME?,FALSE,B21,0,HEX,JG074D.045,UNKNOWN,,11.705969,89,14,-0.073989431,0.1317635327577591,31622776,100000000,100,7.499999991736717,8,2
7948,JG074D,45,FAM,#NAME?,FALSE,B21,0,FAM,JG074D.045,UNKNOWN,,7.564008,88,15,0.17523003706006787,0.47008898854255676,31622776,100000000,100,7.499999991736717,8,2
7949,JG074D,45,HEX,#NAME?,FALSE,B21,0,HEX,JG074D.045,UNKNOWN,,11.705969,89,15,-0.107387816,0.1947345733642578,31622776,100000000,100,7.499999991736717,8,2
7950,JG074D,45,FAM,#NAME?,FALSE,B21,0,FAM,JG074D.045,UNKNOWN,,7.564008,88,16,0.19431095350752078,0.5169781446456909,31622776,100000000,100,7.499999991736717,8,2
7951,JG074D,45,HEX,#NAME?,FALSE,B21,0,HEX,JG074D.045,UNKNOWN,,11.705969,89,16,-0.145828392,0.26749104261398315,31622776,100000000,100,7.499999991736717,8,2
7952,JG074D,45,FAM,#NAME?,FALSE,B21,0,FAM,JG074D.045,UNKNOWN,,7.564008,88,17,0.20819157564504032,0.5510881543159485,31622776,100000000,100,7.499999991736717,8,2
7953,JG074D,45,HEX,#NAME?,FALSE,B21,0,HEX,JG074D.045,UNKNOWN,,11.705969,89,17,-0.185456388,0.34255191683769226,31622776,100000000,100,7.499999991736717,8,2
7954,JG074D,45,FAM,#NAME?,FALSE,B21,0,FAM,JG074D.045,UNKNOWN,,7.564008,88,18,0.21831691477643653,0.5759699940681458,31622776,100000000,100,7.499999991736717,8,2
7955,JG074D,45,HEX,#NAME?,FALSE,B21,0,HEX,JG074D.045,UNKNOWN,,11.705969,89,18,-0.222327844,0.4122631847858429,31622776,100000000,100,7.499999991736717,8,2
7956,JG074D,45,FAM,#NAME?,FALSE,B21,0,FAM,JG074D.045,UNKNOWN,,7.564008,88,19,0.22629328015214714,0.595570982,31622776,100000000,100,7.499999991736717,8,2
7957,JG074D,45,HEX,#NAME?,FALSE,B21,0,HEX,JG074D.045,UNKNOWN,,11.705969,89,19,-0.258003987,0.4796546697616577,31622776,100000000,100,7.499999991736717,8,2
7958,JG074D,45,FAM,#NAME?,FALSE,B21,0,FAM,JG074D.045,UNKNOWN,,7.564008,88,20,0.23272074864428735,0.6113657355308533,31622776,100000000,100,7.499999991736717,8,2
7959,JG074D,45,HEX,#NAME?,FALSE,B21,0,HEX,JG074D.045,UNKNOWN,,11.705969,89,20,-0.29086112,0.5415753126144409,31622776,100000000,100,7.499999991736717,8,2
7960,JG074D,45,FAM,#NAME?,FALSE,B21,0,FAM,JG074D.045,UNKNOWN,,7.564008,88,21,0.24001694604716634,0.62929529,31622776,100000000,100,7.499999991736717,8,2
7961,JG074D,45,HEX,#NAME?,FALSE,B21,0,HEX,JG074D.045,UNKNOWN,,11.705969,89,21,-0.31964192,0.5955849885940552,31622776,100000000,100,7.499999991736717,8,2
7962,JG074D,45,FAM,#NAME?,FALSE,B21,0,FAM,JG074D.045,UNKNOWN,,7.564008,88,22,0.2468731032473811,0.6461434960365295,31622776,100000000,100,7.499999991736717,8,2
7963,JG074D,45,HEX,#NAME?,FALSE,B21,0,HEX,JG074D.045,UNKNOWN,,11.705969,89,22,-0.346617111,0.6460904479026794,31622776,100000000,100,7.499999991736717,8,2
7964,JG074D,45,FAM,#NAME?,FALSE,B21,0,FAM,JG074D.045,UNKNOWN,,7.564008,88,23,0.2534896662946955,0.6624029278755188,31622776,100000000,100,7.499999991736717,8,2
7965,JG074D,45,HEX,#NAME?,FALSE,B21,0,HEX,JG074D.045,UNKNOWN,,11.705969,89,23,-0.369919383,0.6894679069519043,31622776,100000000,100,7.499999991736717,8,2
7966,JG074D,45,FAM,#NAME?,FALSE,B21,0,FAM,JG074D.045,UNKNOWN,,7.564008,88,24,0.2586954423092812,0.6751955151557922,31622776,100000000,100,7.499999991736717,8,2
7967,JG074D,45,HEX,#NAME?,FALSE,B21,0,HEX,JG074D.045,UNKNOWN,,11.705969,89,24,-0.388466383,0.7236167788505554,31622776,100000000,100,7.499999991736717,8,2
7968,JG074D,45,FAM,#NAME?,FALSE,B21,0,FAM,JG074D.045,UNKNOWN,,7.564008,88,25,0.26512509378115023,0.6909956336021423,31622776,100000000,100,7.499999991736717,8,2
7969,JG074D,45,HEX,#NAME?,FALSE,B21,0,HEX,JG074D.045,UNKNOWN,,11.705969,89,25,-0.406453612,0.7566792964935303,31622776,100000000,100,7.499999991736717,8,2
7970,JG074D,45,FAM,#NAME?,FALSE,B21,0,FAM,JG074D.045,UNKNOWN,,7.564008,88,26,0.2703720068359586,0.7038893103599548,31622776,100000000,100,7.499999991736717,8,2
7971,JG074D,45,HEX,#NAME?,FALSE,B21,0,HEX,JG074D.045,UNKNOWN,,11.705969,89,26,-0.421034355,0.7831307649612427,31622776,100000000,100,7.499999991736717,8,2
7972,JG074D,45,FAM,#NAME?,FALSE,B21,0,FAM,JG074D.045,UNKNOWN,,7.564008,88,27,0.27663531525249346,0.7192806601524353,31622776,100000000,100,7.499999991736717,8,2
7973,JG074D,45,HEX,#NAME?,FALSE,B21,0,HEX,JG074D.045,UNKNOWN,,11.705969,89,27,-0.434530135,0.8074766993522644,31622776,100000000,100,7.499999991736717,8,2
7974,JG074D,45,FAM,#NAME?,FALSE,B21,0,FAM,JG074D.045,UNKNOWN,,7.564008,88,28,0.2820006428299237,0.7324653267860413,31622776,100000000,100,7.499999991736717,8,2
7975,JG074D,45,HEX,#NAME?,FALSE,B21,0,HEX,JG074D.045,UNKNOWN,,11.705969,89,28,-0.447382481,0.8305739164352417,31622776,100000000,100,7.499999991736717,8,2
7976,JG074D,45,FAM,#NAME?,FALSE,B21,0,FAM,JG074D.045,UNKNOWN,,7.564008,88,29,0.28725366822797266,0.7453740239143372,31622776,100000000,100,7.499999991736717,8,2
7977,JG074D,45,HEX,#NAME?,FALSE,B21,0,HEX,JG074D.045,UNKNOWN,,11.705969,89,29,-0.459478923,0.8522041440010071,31622776,100000000,100,7.499999991736717,8,2
7978,JG074D,45,FAM,#NAME?,FALSE,B21,0,FAM,JG074D.045,UNKNOWN,,7.564008,88,30,0.29354685921146173,0.7608388066291809,31622776,100000000,100,7.499999991736717,8,2
7979,JG074D,45,HEX,#NAME?,FALSE,B21,0,HEX,JG074D.045,UNKNOWN,,11.705969,89,30,-0.469365943,0.8695464730262756,31622776,100000000,100,7.499999991736717,8,2
7980,JG074D,45,FAM,#NAME?,FALSE,B21,0,FAM,JG074D.045,UNKNOWN,,7.564008,88,31,0.299685107,0.7759228348731995,31622776,100000000,100,7.499999991736717,8,2
7981,JG074D,45,HEX,#NAME?,FALSE,B21,0,HEX,JG074D.045,UNKNOWN,,11.705969,89,31,-0.479250937,0.8868849277496338,31622776,100000000,100,7.499999991736717,8,2
7982,JG074D,45,FAM,#NAME?,FALSE,B21,0,FAM,JG074D.045,UNKNOWN,,7.564008,88,32,0.3053105973953089,0.7897468209266663,31622776,100000000,100,7.499999991736717,8,2
7983,JG074D,45,HEX,#NAME?,FALSE,B21,0,HEX,JG074D.045,UNKNOWN,,11.705969,89,32,-0.490146567,0.906184733,31622776,100000000,100,7.499999991736717,8,2
7984,JG074D,45,FAM,#NAME?,FALSE,B21,0,FAM,JG074D.045,UNKNOWN,,7.564008,88,33,0.31137467252859585,0.8046485781669617,31622776,100000000,100,7.499999991736717,8,2
7985,JG074D,45,HEX,#NAME?,FALSE,B21,0,HEX,JG074D.045,UNKNOWN,,11.705969,89,33,-0.499856927,0.9231842756271362,31622776,100000000,100,7.499999991736717,8,2
7986,JG074D,45,FAM,#NAME?,FALSE,B21,0,FAM,JG074D.045,UNKNOWN,,7.564008,88,34,0.31628763819555933,0.8167216181755066,31622776,100000000,100,7.499999991736717,8,2
7987,JG074D,45,HEX,#NAME?,FALSE,B21,0,HEX,JG074D.045,UNKNOWN,,11.705969,89,34,-0.509307518,0.9396796226501465,31622776,100000000,100,7.499999991736717,8,2
7988,JG074D,45,FAM,#NAME?,FALSE,B21,0,FAM,JG074D.045,UNKNOWN,,7.564008,88,35,0.32047013033460764,0.8269996047019958,31622776,100000000,100,7.499999991736717,8,2
7989,JG074D,45,HEX,#NAME?,FALSE,B21,0,HEX,JG074D.045,UNKNOWN,,11.705969,89,35,-0.518673402,0.95601064,31622776,100000000,100,7.499999991736717,8,2
7990,JG074D,45,FAM,#NAME?,FALSE,B21,0,FAM,JG074D.045,UNKNOWN,,7.564008,88,36,0.3259847737254874,0.8405511975288391,31622776,100000000,100,7.499999991736717,8,2
7991,JG074D,45,HEX,#NAME?,FALSE,B21,0,HEX,JG074D.045,UNKNOWN,,11.705969,89,36,-0.527726876,0.9717353582382202,31622776,100000000,100,7.499999991736717,8,2
7992,JG074D,45,FAM,#NAME?,FALSE,B21,0,FAM,JG074D.045,UNKNOWN,,7.564008,88,37,0.3310125156155248,0.8529062867164612,31622776,100000000,100,7.499999991736717,8,2
7993,JG074D,45,HEX,#NAME?,FALSE,B21,0,HEX,JG074D.045,UNKNOWN,,11.705969,89,37,-0.537235514,0.9883434176445007,31622776,100000000,100,7.499999991736717,8,2
7994,JG074D,45,FAM,#NAME?,FALSE,B21,0,FAM,JG074D.045,UNKNOWN,,7.564008,88,38,0.3363098797573986,0.8659239411354065,31622776,100000000,100,7.499999991736717,8,2
7995,JG074D,45,HEX,#NAME?,FALSE,B21,0,HEX,JG074D.045,UNKNOWN,,11.705969,89,38,-0.547424564,1.0062719583511353,31622776,100000000,100,7.499999991736717,8,2
7996,JG074D,45,FAM,#NAME?,FALSE,B21,0,FAM,JG074D.045,UNKNOWN,,7.564008,88,39,0.34245045620251463,0.8810136914253235,31622776,100000000,100,7.499999991736717,8,2
7997,JG074D,45,HEX,#NAME?,FALSE,B21,0,HEX,JG074D.045,UNKNOWN,,11.705969,89,39,-0.556812378,1.0226454734802246,31622776,100000000,100,7.499999991736717,8,2
7998,JG074D,45,FAM,#NAME?,FALSE,B21,0,FAM,JG074D.045,UNKNOWN,,7.564008,88,40,0.3476967386187346,0.8939058184623718,31622776,100000000,100,7.499999991736717,8,2
7999,JG074D,45,HEX,#NAME?,FALSE,B21,0,HEX,JG074D.045,UNKNOWN,,11.705969,89,40,-0.566784719,1.0401535034179688,31622776,100000000,100,7.499999991736717,8,2
8000,JG074D,45,FAM,#NAME?,FALSE,B21,0,FAM,JG074D.045,UNKNOWN,,7.564008,88,41,0.3536377422059782,0.9085051417350769,31622776,100000000,100,7.499999991736717,8,2
8001,JG074D,45,HEX,#NAME?,FALSE,B21,0,HEX,JG074D.045,UNKNOWN,,11.705969,89,41,-0.578475566,1.0609965324401855,31622776,100000000,100,7.499999991736717,8,2
8002,JG074D,45,FAM,#NAME?,FALSE,B21,0,FAM,JG074D.045,UNKNOWN,,7.564008,88,42,0.3593406069601407,0.9225192666053772,31622776,100000000,100,7.499999991736717,8,2
8003,JG074D,45,HEX,#NAME?,FALSE,B21,0,HEX,JG074D.045,UNKNOWN,,11.705969,89,42,-0.590861937,1.0831893682479858,31622776,100000000,100,7.499999991736717,8,2
8004,JG074D,45,FAM,#NAME?,FALSE,B21,0,FAM,JG074D.045,UNKNOWN,,7.564008,88,43,0.36601771131193367,0.9389274716377258,31622776,100000000,100,7.499999991736717,8,2
8005,JG074D,45,HEX,#NAME?,FALSE,B21,0,HEX,JG074D.045,UNKNOWN,,11.705969,89,43,-0.603871349,1.1065914630889893,31622776,100000000,100,7.499999991736717,8,2
8006,JG074D,45,FAM,#NAME?,FALSE,B21,0,FAM,JG074D.045,UNKNOWN,,7.564008,88,44,0.37373439912123907,0.9578903317451477,31622776,100000000,100,7.499999991736717,8,2
8007,JG074D,45,HEX,#NAME?,FALSE,B21,0,HEX,JG074D.045,UNKNOWN,,11.705969,89,44,-0.617922848,1.1320158243179321,31622776,100000000,100,7.499999991736717,8,2
8008,JG074D,45,FAM,#NAME?,FALSE,B21,0,FAM,JG074D.045,UNKNOWN,,7.564008,88,45,0.3807078065882204,0.9750266671180725,31622776,100000000,100,7.499999991736717,8,2
8009,JG074D,45,HEX,#NAME?,FALSE,B21,0,HEX,JG074D.045,UNKNOWN,,11.705969,89,45,-0.63197275,1.1574370861053467,31622776,100000000,100,7.499999991736717,8,2
8010,JG074D,45,FAM,#NAME?,FALSE,B21,0,FAM,JG074D.045,UNKNOWN,,7.564008,88,46,0.3873423185799716,0.9913302063941956,31622776,100000000,100,7.499999991736717,8,2
8011,JG074D,45,HEX,#NAME?,FALSE,B21,0,HEX,JG074D.045,UNKNOWN,,11.705969,89,46,-0.645968659,1.1827536821365356,31622776,100000000,100,7.499999991736717,8,2
8012,JG074D,45,FAM,#NAME?,FALSE,B21,0,FAM,JG074D.045,UNKNOWN,,7.564008,88,47,0.39238684515859035,1.0037264823913574,31622776,100000000,100,7.499999991736717,8,2
8013,JG074D,45,HEX,#NAME?,FALSE,B21,0,HEX,JG074D.045,UNKNOWN,,11.705969,89,47,-0.659901975,1.2079486846923828,31622776,100000000,100,7.499999991736717,8,2
8014,JG074D,45,FAM,#NAME?,FALSE,B21,0,FAM,JG074D.045,UNKNOWN,,7.564008,88,48,0.39703678602356446,1.015153169631958,31622776,100000000,100,7.499999991736717,8,2
8015,JG074D,45,HEX,#NAME?,FALSE,B21,0,HEX,JG074D.045,UNKNOWN,,11.705969,89,48,-0.675149002,1.235693335533142,31622776,100000000,100,7.499999991736717,8,2
8016,JG074D,45,FAM,#NAME?,FALSE,B21,0,FAM,JG074D.045,UNKNOWN,,7.564008,88,49,0.4029348576761418,1.0296469926834106,31622776,100000000,100,7.499999991736717,8,2
8017,JG074D,45,HEX,#NAME?,FALSE,B21,0,HEX,JG074D.045,UNKNOWN,,11.705969,89,49,-0.69280146,1.2681061029434204,31622776,100000000,100,7.499999991736717,8,2
8018,JG074D,45,FAM,#NAME?,FALSE,B21,0,FAM,JG074D.045,UNKNOWN,,7.564008,88,50,0.4080444370506786,1.0422031879425049,31622776,100000000,100,7.499999991736717,8,2
8019,JG074D,45,HEX,#NAME?,FALSE,B21,0,HEX,JG074D.045,UNKNOWN,,11.705969,89,50,-0.710986172,1.3015518188476562,31622776,100000000,100,7.499999991736717,8,2
12240,JG074D,69,FAM,#NAME?,FALSE,C21,0,FAM,JG074D.069,UNKNOWN,,7.63666,136,1,-0.018220909,-0.006177048,10000000,100000000,100,7,8,2
12241,JG074D,69,HEX,#NAME?,FALSE,C21,0,HEX,JG074D.069,UNKNOWN,,13.212065,137,1,0.003182913,0.001997988,10000000,100000000,100,7,8,2
12242,JG074D,69,FAM,#NAME?,FALSE,C21,0,FAM,JG074D.069,UNKNOWN,,7.63666,136,2,-0.018137919,-0.00597311,10000000,100000000,100,7,8,2
12243,JG074D,69,HEX,#NAME?,FALSE,C21,0,HEX,JG074D.069,UNKNOWN,,13.212065,137,2,0.003041388,0.000786266,10000000,100000000,100,7,8,2
12244,JG074D,69,FAM,#NAME?,FALSE,C21,0,FAM,JG074D.069,UNKNOWN,,7.63666,136,3,-0.017322601,-0.00396956,10000000,100000000,100,7,8,2
12245,JG074D,69,HEX,#NAME?,FALSE,C21,0,HEX,JG074D.069,UNKNOWN,,13.212065,137,3,0.002159822,0.001010748,10000000,100000000,100,7,8,2
12246,JG074D,69,FAM,#NAME?,FALSE,C21,0,FAM,JG074D.069,UNKNOWN,,7.63666,136,4,-0.015861435,-0.000378917,10000000,100000000,100,7,8,2
12247,JG074D,69,HEX,#NAME?,FALSE,C21,0,HEX,JG074D.069,UNKNOWN,,13.212065,137,4,0.001284982,0.001222177,10000000,100000000,100,7,8,2
12248,JG074D,69,FAM,#NAME?,FALSE,C21,0,FAM,JG074D.069,UNKNOWN,,7.63666,136,5,-0.013937684,0.004348477,10000000,100000000,100,7,8,2
12249,JG074D,69,HEX,#NAME?,FALSE,C21,0,HEX,JG074D.069,UNKNOWN,,13.212065,137,5,0.001214711,-0.000127827,10000000,100000000,100,7,8,2
12250,JG074D,69,FAM,#NAME?,FALSE,C21,0,FAM,JG074D.069,UNKNOWN,,7.63666,136,6,-0.01103671,0.011477281339466572,10000000,100000000,100,7,8,2
12251,JG074D,69,HEX,#NAME?,FALSE,C21,0,HEX,JG074D.069,UNKNOWN,,13.212065,137,6,0.001142228,-0.00147354,10000000,100000000,100,7,8,2
12252,JG074D,69,FAM,#NAME?,FALSE,C21,0,FAM,JG074D.069,UNKNOWN,,7.63666,136,7,-0.004819329,0.026755770668387413,10000000,100000000,100,7,8,2
12253,JG074D,69,HEX,#NAME?,FALSE,C21,0,HEX,JG074D.069,UNKNOWN,,13.212065,137,7,0.000643636,-0.001992298,10000000,100000000,100,7,8,2
12254,JG074D,69,FAM,#NAME?,FALSE,C21,0,FAM,JG074D.069,UNKNOWN,,7.63666,136,8,0.00444446,0.049520451575517654,10000000,100000000,100,7,8,2
12255,JG074D,69,HEX,#NAME?,FALSE,C21,0,HEX,JG074D.069,UNKNOWN,,13.212065,137,8,-0.000700865,-0.000869396,10000000,100000000,100,7,8,2
12256,JG074D,69,FAM,#NAME?,FALSE,C21,0,FAM,JG074D.069,UNKNOWN,,7.63666,136,9,0.019039802146602496,0.085386805,10000000,100000000,100,7,8,2
12257,JG074D,69,HEX,#NAME?,FALSE,C21,0,HEX,JG074D.069,UNKNOWN,,13.212065,137,9,-0.001832649,-0.000159314,10000000,100000000,100,7,8,2
12258,JG074D,69,FAM,#NAME?,FALSE,C21,0,FAM,JG074D.069,UNKNOWN,,7.63666,136,10,0.039493497524172784,0.13564936816692352,10000000,100000000,100,7,8,2
12259,JG074D,69,HEX,#NAME?,FALSE,C21,0,HEX,JG074D.069,UNKNOWN,,13.212065,137,10,-0.003911864,0.002389451,10000000,100000000,100,7,8,2
12260,JG074D,69,FAM,#NAME?,FALSE,C21,0,FAM,JG074D.069,UNKNOWN,,7.63666,136,11,0.065192554,0.19880180060863495,10000000,100000000,100,7,8,2
12261,JG074D,69,HEX,#NAME?,FALSE,C21,0,HEX,JG074D.069,UNKNOWN,,13.212065,137,11,-0.008277895,0.009376259,10000000,100000000,100,7,8,2
12262,JG074D,69,FAM,#NAME?,FALSE,C21,0,FAM,JG074D.069,UNKNOWN,,7.63666,136,12,0.095069081,0.2722198963165283,10000000,100000000,100,7,8,2
12263,JG074D,69,HEX,#NAME?,FALSE,C21,0,HEX,JG074D.069,UNKNOWN,,13.212065,137,12,-0.014491919,0.019949477165937424,10000000,100000000,100,7,8,2
12264,JG074D,69,FAM,#NAME?,FALSE,C21,0,FAM,JG074D.069,UNKNOWN,,7.63666,136,13,0.12588089390636809,0.34793633222579956,10000000,100000000,100,7,8,2
12265,JG074D,69,HEX,#NAME?,FALSE,C21,0,HEX,JG074D.069,UNKNOWN,,13.212065,137,13,-0.023177545,0.035319351,10000000,100000000,100,7,8,2
12266,JG074D,69,FAM,#NAME?,FALSE,C21,0,FAM,JG074D.069,UNKNOWN,,7.63666,136,14,0.15617196913377632,0.42237311601638794,10000000,100000000,100,7,8,2
12267,JG074D,69,HEX,#NAME?,FALSE,C21,0,HEX,JG074D.069,UNKNOWN,,13.212065,137,14,-0.036335761,0.05936921,10000000,100000000,100,7,8,2
12268,JG074D,69,FAM,#NAME?,FALSE,C21,0,FAM,JG074D.069,UNKNOWN,,7.63666,136,15,0.18445436343606947,0.4918738007545471,10000000,100000000,100,7,8,2
12269,JG074D,69,HEX,#NAME?,FALSE,C21,0,HEX,JG074D.069,UNKNOWN,,13.212065,137,15,-0.055480434,0.095037028,10000000,100000000,100,7,8,2
12270,JG074D,69,FAM,#NAME?,FALSE,C21,0,FAM,JG074D.069,UNKNOWN,,7.63666,136,16,0.20600859591624615,0.5448408126831055,10000000,100000000,100,7,8,2
12271,JG074D,69,HEX,#NAME?,FALSE,C21,0,HEX,JG074D.069,UNKNOWN,,13.212065,137,16,-0.080244438,0.14161032438278198,10000000,100000000,100,7,8,2
12272,JG074D,69,FAM,#NAME?,FALSE,C21,0,FAM,JG074D.069,UNKNOWN,,7.63666,136,17,0.2245171835894699,0.5903235077857971,10000000,100000000,100,7,8,2
12273,JG074D,69,HEX,#NAME?,FALSE,C21,0,HEX,JG074D.069,UNKNOWN,,13.212065,137,17,-0.109624691,0.19714240729808807,10000000,100000000,100,7,8,2
12274,JG074D,69,FAM,#NAME?,FALSE,C21,0,FAM,JG074D.069,UNKNOWN,,7.63666,136,18,0.23889118340102722,0.6256459355354309,10000000,100000000,100,7,8,2
12275,JG074D,69,HEX,#NAME?,FALSE,C21,0,HEX,JG074D.069,UNKNOWN,,13.212065,137,18,-0.144191117,0.2627393305301666,10000000,100000000,100,7,8,2
12276,JG074D,69,FAM,#NAME?,FALSE,C21,0,FAM,JG074D.069,UNKNOWN,,7.63666,136,19,0.249044465,0.6505964398384094,10000000,100000000,100,7,8,2
12277,JG074D,69,HEX,#NAME?,FALSE,C21,0,HEX,JG074D.069,UNKNOWN,,13.212065,137,19,-0.178509874,0.32785558700561523,10000000,100000000,100,7,8,2
12278,JG074D,69,FAM,#NAME?,FALSE,C21,0,FAM,JG074D.069,UNKNOWN,,7.63666,136,20,0.2584178885644302,0.6736305356025696,10000000,100000000,100,7,8,2
12279,JG074D,69,HEX,#NAME?,FALSE,C21,0,HEX,JG074D.069,UNKNOWN,,13.212065,137,20,-0.213061896,0.39342454075813293,10000000,100000000,100,7,8,2
12280,JG074D,69,FAM,#NAME?,FALSE,C21,0,FAM,JG074D.069,UNKNOWN,,7.63666,136,21,0.265411573,0.6908167004585266,10000000,100000000,100,7,8,2
12281,JG074D,69,HEX,#NAME?,FALSE,C21,0,HEX,JG074D.069,UNKNOWN,,13.212065,137,21,-0.247184613,0.4581603705883026,10000000,100000000,100,7,8,2
12282,JG074D,69,FAM,#NAME?,FALSE,C21,0,FAM,JG074D.069,UNKNOWN,,7.63666,136,22,0.27145318818496966,0.705663264,10000000,100000000,100,7,8,2
12283,JG074D,69,HEX,#NAME?,FALSE,C21,0,HEX,JG074D.069,UNKNOWN,,13.212065,137,22,-0.27612297,0.5128348469734192,10000000,100000000,100,7,8,2
12284,JG074D,69,FAM,#NAME?,FALSE,C21,0,FAM,JG074D.069,UNKNOWN,,7.63666,136,23,0.27756625908550286,0.7206854224205017,10000000,100000000,100,7,8,2
12285,JG074D,69,HEX,#NAME?,FALSE,C21,0,HEX,JG074D.069,UNKNOWN,,13.212065,137,23,-0.305698833,0.5687465667724609,10000000,100000000,100,7,8,2
12286,JG074D,69,FAM,#NAME?,FALSE,C21,0,FAM,JG074D.069,UNKNOWN,,7.63666,136,24,0.28429265,0.7372147440910339,10000000,100000000,100,7,8,2
12287,JG074D,69,HEX,#NAME?,FALSE,C21,0,HEX,JG074D.069,UNKNOWN,,13.212065,137,24,-0.3292848,0.6130335927009583,10000000,100000000,100,7,8,2
12288,JG074D,69,FAM,#NAME?,FALSE,C21,0,FAM,JG074D.069,UNKNOWN,,7.63666,136,25,0.2909744116437204,0.7536343932151794,10000000,100000000,100,7,8,2
12289,JG074D,69,HEX,#NAME?,FALSE,C21,0,HEX,JG074D.069,UNKNOWN,,13.212065,137,25,-0.350295401,0.6523226499557495,10000000,100000000,100,7,8,2
12290,JG074D,69,FAM,#NAME?,FALSE,C21,0,FAM,JG074D.069,UNKNOWN,,7.63666,136,26,0.2973717065049426,0.7693549990653992,10000000,100000000,100,7,8,2
12291,JG074D,69,HEX,#NAME?,FALSE,C21,0,HEX,JG074D.069,UNKNOWN,,13.212065,137,26,-0.368438528,0.6860467791557312,10000000,100000000,100,7,8,2
12292,JG074D,69,FAM,#NAME?,FALSE,C21,0,FAM,JG074D.069,UNKNOWN,,7.63666,136,27,0.30336156032745054,0.7840743660926819,10000000,100000000,100,7,8,2
12293,JG074D,69,HEX,#NAME?,FALSE,C21,0,HEX,JG074D.069,UNKNOWN,,13.212065,137,27,-0.385378448,0.7174357771873474,10000000,100000000,100,7,8,2
12294,JG074D,69,FAM,#NAME?,FALSE,C21,0,FAM,JG074D.069,UNKNOWN,,7.63666,136,28,0.30897395269951966,0.797866166,10000000,100000000,100,7,8,2
12295,JG074D,69,HEX,#NAME?,FALSE,C21,0,HEX,JG074D.069,UNKNOWN,,13.212065,137,28,-0.399324049,0.7430137395858765,10000000,100000000,100,7,8,2
12296,JG074D,69,FAM,#NAME?,FALSE,C21,0,FAM,JG074D.069,UNKNOWN,,7.63666,136,29,0.31514295639177065,0.8130257725715637,10000000,100000000,100,7,8,2
12297,JG074D,69,HEX,#NAME?,FALSE,C21,0,HEX,JG074D.069,UNKNOWN,,13.212065,137,29,-0.41090304,0.763998806,10000000,100000000,100,7,8,2
12298,JG074D,69,FAM,#NAME?,FALSE,C21,0,FAM,JG074D.069,UNKNOWN,,7.63666,136,30,0.32153113124879257,0.8287239670753479,10000000,100000000,100,7,8,2
12299,JG074D,69,HEX,#NAME?,FALSE,C21,0,HEX,JG074D.069,UNKNOWN,,13.212065,137,30,-0.422983204,0.7859565019607544,10000000,100000000,100,7,8,2
12300,JG074D,69,FAM,#NAME?,FALSE,C21,0,FAM,JG074D.069,UNKNOWN,,7.63666,136,31,0.3279245452571636,0.8444350361824036,10000000,100000000,100,7,8,2
12301,JG074D,69,HEX,#NAME?,FALSE,C21,0,HEX,JG074D.069,UNKNOWN,,13.212065,137,31,-0.434723745,0.8072550296783447,10000000,100000000,100,7,8,2
12302,JG074D,69,FAM,#NAME?,FALSE,C21,0,FAM,JG074D.069,UNKNOWN,,7.63666,136,32,0.33428322563251645,0.8600607514381409,10000000,100000000,100,7,8,2
12303,JG074D,69,HEX,#NAME?,FALSE,C21,0,HEX,JG074D.069,UNKNOWN,,13.212065,137,32,-0.444179926,0.8241203427314758,10000000,100000000,100,7,8,2
12304,JG074D,69,FAM,#NAME?,FALSE,C21,0,FAM,JG074D.069,UNKNOWN,,7.63666,136,33,0.33925813941311705,0.8722860217094421,10000000,100000000,100,7,8,2
12305,JG074D,69,HEX,#NAME?,FALSE,C21,0,HEX,JG074D.069,UNKNOWN,,13.212065,137,33,-0.453358646,0.840447187,10000000,100000000,100,7,8,2
12306,JG074D,69,FAM,#NAME?,FALSE,C21,0,FAM,JG074D.069,UNKNOWN,,7.63666,136,34,0.3457019559978929,0.8881209492683411,10000000,100000000,100,7,8,2
12307,JG074D,69,HEX,#NAME?,FALSE,C21,0,HEX,JG074D.069,UNKNOWN,,13.212065,137,34,-0.463277731,0.8582108020782471,10000000,100000000,100,7,8,2
12308,JG074D,69,FAM,#NAME?,FALSE,C21,0,FAM,JG074D.069,UNKNOWN,,7.63666,136,35,0.35147550078460765,0.9023087620735168,10000000,100000000,100,7,8,2
12309,JG074D,69,HEX,#NAME?,FALSE,C21,0,HEX,JG074D.069,UNKNOWN,,13.212065,137,35,-0.470230138,0.8702170252799988,10000000,100000000,100,7,8,2
12310,JG074D,69,FAM,#NAME?,FALSE,C21,0,FAM,JG074D.069,UNKNOWN,,7.63666,136,36,0.35649596607554906,0.9146459698677063,10000000,100000000,100,7,8,2
12311,JG074D,69,HEX,#NAME?,FALSE,C21,0,HEX,JG074D.069,UNKNOWN,,13.212065,137,36,-0.478564808,0.8849058151245117,10000000,100000000,100,7,8,2
12312,JG074D,69,FAM,#NAME?,FALSE,C21,0,FAM,JG074D.069,UNKNOWN,,7.63666,136,37,0.362039279,0.9282680153846741,10000000,100000000,100,7,8,2
12313,JG074D,69,HEX,#NAME?,FALSE,C21,0,HEX,JG074D.069,UNKNOWN,,13.212065,137,37,-0.487700592,0.9011492729187012,10000000,100000000,100,7,8,2
12314,JG074D,69,FAM,#NAME?,FALSE,C21,0,FAM,JG074D.069,UNKNOWN,,7.63666,136,38,0.3674246417471415,0.9415019154548645,10000000,100000000,100,7,8,2
12315,JG074D,69,HEX,#NAME?,FALSE,C21,0,HEX,JG074D.069,UNKNOWN,,13.212065,137,38,-0.495442565,0.9146878123283386,10000000,100000000,100,7,8,2
12316,JG074D,69,FAM,#NAME?,FALSE,C21,0,FAM,JG074D.069,UNKNOWN,,7.63666,136,39,0.37382572043989365,0.9572318196296692,10000000,100000000,100,7,8,2
12317,JG074D,69,HEX,#NAME?,FALSE,C21,0,HEX,JG074D.069,UNKNOWN,,13.212065,137,39,-0.503477846,0.928795576,10000000,100000000,100,7,8,2
12318,JG074D,69,FAM,#NAME?,FALSE,C21,0,FAM,JG074D.069,UNKNOWN,,7.63666,136,40,0.37951102433490447,0.9712027907371521,10000000,100000000,100,7,8,2
12319,JG074D,69,HEX,#NAME?,FALSE,C21,0,HEX,JG074D.069,UNKNOWN,,13.212065,137,40,-0.512098329,0.944038987,10000000,100000000,100,7,8,2
12320,JG074D,69,FAM,#NAME?,FALSE,C21,0,FAM,JG074D.069,UNKNOWN,,7.63666,136,41,0.38626201042285196,0.9877925515174866,10000000,100000000,100,7,8,2
12321,JG074D,69,HEX,#NAME?,FALSE,C21,0,HEX,JG074D.069,UNKNOWN,,13.212065,137,41,-0.523964179,0.9655807614326477,10000000,100000000,100,7,8,2
12322,JG074D,69,FAM,#NAME?,FALSE,C21,0,FAM,JG074D.069,UNKNOWN,,7.63666,136,42,0.39288400666415807,1.0040652751922607,10000000,100000000,100,7,8,2
12323,JG074D,69,HEX,#NAME?,FALSE,C21,0,HEX,JG074D.069,UNKNOWN,,13.212065,137,42,-0.534622645,0.9847793579101562,10000000,100000000,100,7,8,2
12324,JG074D,69,FAM,#NAME?,FALSE,C21,0,FAM,JG074D.069,UNKNOWN,,7.63666,136,43,0.4004841718666065,1.0227417945861816,10000000,100000000,100,7,8,2
12325,JG074D,69,HEX,#NAME?,FALSE,C21,0,HEX,JG074D.069,UNKNOWN,,13.212065,137,43,-0.548504916,1.0102343559265137,10000000,100000000,100,7,8,2
12326,JG074D,69,FAM,#NAME?,FALSE,C21,0,FAM,JG074D.069,UNKNOWN,,7.63666,136,44,0.40829836610379805,1.0419442653656006,10000000,100000000,100,7,8,2
12327,JG074D,69,HEX,#NAME?,FALSE,C21,0,HEX,JG074D.069,UNKNOWN,,13.212065,137,44,-0.562176005,1.035279631614685,10000000,100000000,100,7,8,2
12328,JG074D,69,FAM,#NAME?,FALSE,C21,0,FAM,JG074D.069,UNKNOWN,,7.63666,136,45,0.4140148623536003,1.0559918880462646,10000000,100000000,100,7,8,2
12329,JG074D,69,HEX,#NAME?,FALSE,C21,0,HEX,JG074D.069,UNKNOWN,,13.212065,137,45,-0.575388552,1.0594348907470703,10000000,100000000,100,7,8,2
12330,JG074D,69,FAM,#NAME?,FALSE,C21,0,FAM,JG074D.069,UNKNOWN,,7.63666,136,46,0.4211913354460201,1.073627233505249,10000000,100000000,100,7,8,2
12331,JG074D,69,HEX,#NAME?,FALSE,C21,0,HEX,JG074D.069,UNKNOWN,,13.212065,137,46,-0.591092095,1.0884244441986084,10000000,100000000,100,7,8,2
12332,JG074D,69,FAM,#NAME?,FALSE,C21,0,FAM,JG074D.069,UNKNOWN,,7.63666,136,47,0.42873382147296774,1.092162013053894,10000000,100000000,100,7,8,2
12333,JG074D,69,HEX,#NAME?,FALSE,C21,0,HEX,JG074D.069,UNKNOWN,,13.212065,137,47,-0.607508546,1.1187976598739624,10000000,100000000,100,7,8,2
12334,JG074D,69,FAM,#NAME?,FALSE,C21,0,FAM,JG074D.069,UNKNOWN,,7.63666,136,48,0.4360583491016604,1.1101611852645874,10000000,100000000,100,7,8,2
12335,JG074D,69,HEX,#NAME?,FALSE,C21,0,HEX,JG074D.069,UNKNOWN,,13.212065,137,48,-0.625054922,1.1513636112213135,10000000,100000000,100,7,8,2
12336,JG074D,69,FAM,#NAME?,FALSE,C21,0,FAM,JG074D.069,UNKNOWN,,7.63666,136,49,0.44166448359850696,1.1239376068115234,10000000,100000000,100,7,8,2
12337,JG074D,69,HEX,#NAME?,FALSE,C21,0,HEX,JG074D.069,UNKNOWN,,13.212065,137,49,-0.642026906,1.1828148365020752,10000000,100000000,100,7,8,2
12338,JG074D,69,FAM,#NAME?,FALSE,C21,0,FAM,JG074D.069,UNKNOWN,,7.63666,136,50,0.44757987355693274,1.1384739875793457,10000000,100000000,100,7,8,2
12339,JG074D,69,HEX,#NAME?,FALSE,C21,0,HEX,JG074D.069,UNKNOWN,,13.212065,137,50,-0.660612298,1.2173973321914673,10000000,100000000,100,7,8,2
16560,JG074D,93,FAM,#NAME?,FALSE,D21,0,FAM,JG074D.093,UNKNOWN,,7.600862,184,1,-0.018608591,-0.006201675,3162277,100000000,100,6.4999999093351235,8,2
16561,JG074D,93,HEX,#NAME?,FALSE,D21,0,HEX,JG074D.093,UNKNOWN,,15.387228,185,1,0.002270999,0.005490783,3162277,100000000,100,6.4999999093351235,8,2
16562,JG074D,93,FAM,#NAME?,FALSE,D21,0,FAM,JG074D.093,UNKNOWN,,7.600862,184,2,-0.018151657,-0.005078813,3162277,100000000,100,6.4999999093351235,8,2
16563,JG074D,93,HEX,#NAME?,FALSE,D21,0,HEX,JG074D.093,UNKNOWN,,15.387228,185,2,0.00209354,0.003948774,3162277,100000000,100,6.4999999093351235,8,2
16564,JG074D,93,FAM,#NAME?,FALSE,D21,0,FAM,JG074D.093,UNKNOWN,,7.600862,184,3,-0.017320693,-0.003036817,3162277,100000000,100,6.4999999093351235,8,2
16565,JG074D,93,HEX,#NAME?,FALSE,D21,0,HEX,JG074D.093,UNKNOWN,,15.387228,185,3,0.001740833,0.002746869,3162277,100000000,100,6.4999999093351235,8,2
16566,JG074D,93,FAM,#NAME?,FALSE,D21,0,FAM,JG074D.093,UNKNOWN,,7.600862,184,4,-0.016525228,-0.001082053,3162277,100000000,100,6.4999999093351235,8,2
16567,JG074D,93,HEX,#NAME?,FALSE,D21,0,HEX,JG074D.093,UNKNOWN,,15.387228,185,4,0.001600337,0.001133125,3162277,100000000,100,6.4999999093351235,8,2
16568,JG074D,93,FAM,#NAME?,FALSE,D21,0,FAM,JG074D.093,UNKNOWN,,7.600862,184,5,-0.01440878,0.00411887,3162277,100000000,100,6.4999999093351235,8,2
16569,JG074D,93,HEX,#NAME?,FALSE,D21,0,HEX,JG074D.093,UNKNOWN,,15.387228,185,5,0.001323338,-0.000215706,3162277,100000000,100,6.4999999093351235,8,2
16570,JG074D,93,FAM,#NAME?,FALSE,D21,0,FAM,JG074D.093,UNKNOWN,,7.600862,184,6,-0.010480132,0.013773064129054546,3162277,100000000,100,6.4999999093351235,8,2
16571,JG074D,93,HEX,#NAME?,FALSE,D21,0,HEX,JG074D.093,UNKNOWN,,15.387228,185,6,0.000668202,-0.000830684,3162277,100000000,100,6.4999999093351235,8,2
16572,JG074D,93,FAM,#NAME?,FALSE,D21,0,FAM,JG074D.093,UNKNOWN,,7.600862,184,7,-0.004796478,0.027739981189370155,3162277,100000000,100,6.4999999093351235,8,2
16573,JG074D,93,HEX,#NAME?,FALSE,D21,0,HEX,JG074D.093,UNKNOWN,,15.387228,185,7,0.000362164,-0.002123158,3162277,100000000,100,6.4999999093351235,8,2
16574,JG074D,93,FAM,#NAME?,FALSE,D21,0,FAM,JG074D.093,UNKNOWN,,7.600862,184,8,0.004266284,0.050010663,3162277,100000000,100,6.4999999093351235,8,2
16575,JG074D,93,HEX,#NAME?,FALSE,D21,0,HEX,JG074D.093,UNKNOWN,,15.387228,185,8,6.739551761299888e-06,-0.003319789,3162277,100000000,100,6.4999999093351235,8,2
16576,JG074D,93,FAM,#NAME?,FALSE,D21,0,FAM,JG074D.093,UNKNOWN,,7.600862,184,9,0.019118902,0.086509235,3162277,100000000,100,6.4999999093351235,8,2
16577,JG074D,93,HEX,#NAME?,FALSE,D21,0,HEX,JG074D.093,UNKNOWN,,15.387228,185,9,-0.001821796,-0.001657542,3162277,100000000,100,6.4999999093351235,8,2
16578,JG074D,93,FAM,#NAME?,FALSE,D21,0,FAM,JG074D.093,UNKNOWN,,7.600862,184,10,0.040146126601342404,0.1381811946630478,3162277,100000000,100,6.4999999093351235,8,2
16579,JG074D,93,HEX,#NAME?,FALSE,D21,0,HEX,JG074D.093,UNKNOWN,,15.387228,185,10,-0.003879818,0.000450071,3162277,100000000,100,6.4999999093351235,8,2
16580,JG074D,93,FAM,#NAME?,FALSE,D21,0,FAM,JG074D.093,UNKNOWN,,7.600862,184,11,0.065403202,0.20024751126766205,3162277,100000000,100,6.4999999093351235,8,2
16581,JG074D,93,HEX,#NAME?,FALSE,D21,0,HEX,JG074D.093,UNKNOWN,,15.387228,185,11,-0.00496756,0.000674654,3162277,100000000,100,6.4999999093351235,8,2
16582,JG074D,93,FAM,#NAME?,FALSE,D21,0,FAM,JG074D.093,UNKNOWN,,7.600862,184,12,0.09531359,0.2737487852573395,3162277,100000000,100,6.4999999093351235,8,2
16583,JG074D,93,HEX,#NAME?,FALSE,D21,0,HEX,JG074D.093,UNKNOWN,,15.387228,185,12,-0.007211027,0.00314216,3162277,100000000,100,6.4999999093351235,8,2
16584,JG074D,93,FAM,#NAME?,FALSE,D21,0,FAM,JG074D.093,UNKNOWN,,7.600862,184,13,0.1279349717140932,0.35391202569007874,3162277,100000000,100,6.4999999093351235,8,2
16585,JG074D,93,HEX,#NAME?,FALSE,D21,0,HEX,JG074D.093,UNKNOWN,,15.387228,185,13,-0.010769756,0.008162204,3162277,100000000,100,6.4999999093351235,8,2
16586,JG074D,93,FAM,#NAME?,FALSE,D21,0,FAM,JG074D.093,UNKNOWN,,7.600862,184,14,0.15978794468212335,0.4321869909763336,3162277,100000000,100,6.4999999093351235,8,2
16587,JG074D,93,HEX,#NAME?,FALSE,D21,0,HEX,JG074D.093,UNKNOWN,,15.387228,185,14,-0.01706844,0.018499698489904404,3162277,100000000,100,6.4999999093351235,8,2
16588,JG074D,93,FAM,#NAME?,FALSE,D21,0,FAM,JG074D.093,UNKNOWN,,7.600862,184,15,0.18840110892398945,0.5025005340576172,3162277,100000000,100,6.4999999093351235,8,2
16589,JG074D,93,HEX,#NAME?,FALSE,D21,0,HEX,JG074D.093,UNKNOWN,,15.387228,185,15,-0.025895514,0.033744056,3162277,100000000,100,6.4999999093351235,8,2
16590,JG074D,93,FAM,#NAME?,FALSE,D21,0,FAM,JG074D.093,UNKNOWN,,7.600862,184,16,0.21376105124202457,0.5648196339607239,3162277,100000000,100,6.4999999093351235,8,2
16591,JG074D,93,HEX,#NAME?,FALSE,D21,0,HEX,JG074D.093,UNKNOWN,,15.387228,185,16,-0.036880288,0.053175877779722214,3162277,100000000,100,6.4999999093351235,8,2
16592,JG074D,93,FAM,#NAME?,FALSE,D21,0,FAM,JG074D.093,UNKNOWN,,7.600862,184,17,0.23604672746332925,0.6195840835571289,3162277,100000000,100,6.4999999093351235,8,2
16593,JG074D,93,HEX,#NAME?,FALSE,D21,0,HEX,JG074D.093,UNKNOWN,,15.387228,185,17,-0.052752599,0.082092978,3162277,100000000,100,6.4999999093351235,8,2
16594,JG074D,93,FAM,#NAME?,FALSE,D21,0,FAM,JG074D.093,UNKNOWN,,7.600862,184,18,0.2534603567599202,0.6623760461807251,3162277,100000000,100,6.4999999093351235,8,2
16595,JG074D,93,HEX,#NAME?,FALSE,D21,0,HEX,JG074D.093,UNKNOWN,,15.387228,185,18,-0.073829432,0.12111052870750427,3162277,100000000,100,6.4999999093351235,8,2
16596,JG074D,93,FAM,#NAME?,FALSE,D21,0,FAM,JG074D.093,UNKNOWN,,7.600862,184,19,0.2662003234784841,0.6936830282211304,3162277,100000000,100,6.4999999093351235,8,2
16597,JG074D,93,HEX,#NAME?,FALSE,D21,0,HEX,JG074D.093,UNKNOWN,,15.387228,185,19,-0.099100613,0.16826806962490082,3162277,100000000,100,6.4999999093351235,8,2
16598,JG074D,93,FAM,#NAME?,FALSE,D21,0,FAM,JG074D.093,UNKNOWN,,7.600862,184,20,0.27630858685733506,0.7185229063034058,3162277,100000000,100,6.4999999093351235,8,2
16599,JG074D,93,HEX,#NAME?,FALSE,D21,0,HEX,JG074D.093,UNKNOWN,,15.387228,185,20,-0.130768913,0.22784055769443512,3162277,100000000,100,6.4999999093351235,8,2
16600,JG074D,93,FAM,#NAME?,FALSE,D21,0,FAM,JG074D.093,UNKNOWN,,7.600862,184,21,0.28552153748341663,0.7411626577377319,3162277,100000000,100,6.4999999093351235,8,2
16601,JG074D,93,HEX,#NAME?,FALSE,D21,0,HEX,JG074D.093,UNKNOWN,,15.387228,185,21,-0.163408813,0.2892986238002777,3162277,100000000,100,6.4999999093351235,8,2
16602,JG074D,93,FAM,#NAME?,FALSE,D21,0,FAM,JG074D.093,UNKNOWN,,7.600862,184,22,0.2923043950754045,0.7578307390213013,3162277,100000000,100,6.4999999093351235,8,2
16603,JG074D,93,HEX,#NAME?,FALSE,D21,0,HEX,JG074D.093,UNKNOWN,,15.387228,185,22,-0.194821029,0.3483741283416748,3162277,100000000,100,6.4999999093351235,8,2
16604,JG074D,93,FAM,#NAME?,FALSE,D21,0,FAM,JG074D.093,UNKNOWN,,7.600862,184,23,0.3005265154579167,0.7780356407165527,3162277,100000000,100,6.4999999093351235,8,2
16605,JG074D,93,HEX,#NAME?,FALSE,D21,0,HEX,JG074D.093,UNKNOWN,,15.387228,185,23,-0.227264674,0.40945133566856384,3162277,100000000,100,6.4999999093351235,8,2
16606,JG074D,93,FAM,#NAME?,FALSE,D21,0,FAM,JG074D.093,UNKNOWN,,7.600862,184,24,0.3079353546148015,0.7962419986724854,3162277,100000000,100,6.4999999093351235,8,2
16607,JG074D,93,HEX,#NAME?,FALSE,D21,0,HEX,JG074D.093,UNKNOWN,,15.387228,185,24,-0.257424758,0.46609678864479065,3162277,100000000,100,6.4999999093351235,8,2
16608,JG074D,93,FAM,#NAME?,FALSE,D21,0,FAM,JG074D.093,UNKNOWN,,7.600862,184,25,0.31319798512365715,0.8091742992401123,3162277,100000000,100,6.4999999093351235,8,2
16609,JG074D,93,HEX,#NAME?,FALSE,D21,0,HEX,JG074D.093,UNKNOWN,,15.387228,185,25,-0.282984394,0.5138141512870789,3162277,100000000,100,6.4999999093351235,8,2
16610,JG074D,93,FAM,#NAME?,FALSE,D21,0,FAM,JG074D.093,UNKNOWN,,7.600862,184,26,0.318204382,0.821476936,3162277,100000000,100,6.4999999093351235,8,2
16611,JG074D,93,HEX,#NAME?,FALSE,D21,0,HEX,JG074D.093,UNKNOWN,,15.387228,185,26,-0.304906491,0.5544720888137817,3162277,100000000,100,6.4999999093351235,8,2
16612,JG074D,93,FAM,#NAME?,FALSE,D21,0,FAM,JG074D.093,UNKNOWN,,7.600862,184,27,0.32370670400609025,0.8349982500076294,3162277,100000000,100,6.4999999093351235,8,2
16613,JG074D,93,HEX,#NAME?,FALSE,D21,0,HEX,JG074D.093,UNKNOWN,,15.387228,185,27,-0.323757058,0.5891691446304321,3162277,100000000,100,6.4999999093351235,8,2
16614,JG074D,93,FAM,#NAME?,FALSE,D21,0,FAM,JG074D.093,UNKNOWN,,7.600862,184,28,0.3309328035043446,0.8527555465698242,3162277,100000000,100,6.4999999093351235,8,2
16615,JG074D,93,HEX,#NAME?,FALSE,D21,0,HEX,JG074D.093,UNKNOWN,,15.387228,185,28,-0.340536903,0.6198474764823914,3162277,100000000,100,6.4999999093351235,8,2
16616,JG074D,93,FAM,#NAME?,FALSE,D21,0,FAM,JG074D.093,UNKNOWN,,7.600862,184,29,0.3369240641360111,0.8674783706665039,3162277,100000000,100,6.4999999093351235,8,2
16617,JG074D,93,HEX,#NAME?,FALSE,D21,0,HEX,JG074D.093,UNKNOWN,,15.387228,185,29,-0.354803392,0.645648181,3162277,100000000,100,6.4999999093351235,8,2
16618,JG074D,93,FAM,#NAME?,FALSE,D21,0,FAM,JG074D.093,UNKNOWN,,7.600862,184,30,0.34269853062527805,0.8816684484481812,3162277,100000000,100,6.4999999093351235,8,2
16619,JG074D,93,HEX,#NAME?,FALSE,D21,0,HEX,JG074D.093,UNKNOWN,,15.387228,185,30,-0.3687829,0.6708918809890747,3162277,100000000,100,6.4999999093351235,8,2
16620,JG074D,93,FAM,#NAME?,FALSE,D21,0,FAM,JG074D.093,UNKNOWN,,7.600862,184,31,0.34878812236606155,0.8966329097747803,3162277,100000000,100,6.4999999093351235,8,2
16621,JG074D,93,HEX,#NAME?,FALSE,D21,0,HEX,JG074D.093,UNKNOWN,,15.387228,185,31,-0.380826146,0.6923778653144836,3162277,100000000,100,6.4999999093351235,8,2
16622,JG074D,93,FAM,#NAME?,FALSE,D21,0,FAM,JG074D.093,UNKNOWN,,7.600862,184,32,0.35570748895709003,0.9136364459991455,3162277,100000000,100,6.4999999093351235,8,2
16623,JG074D,93,HEX,#NAME?,FALSE,D21,0,HEX,JG074D.093,UNKNOWN,,15.387228,185,32,-0.391937197,0.7120547890663147,3162277,100000000,100,6.4999999093351235,8,2
16624,JG074D,93,FAM,#NAME?,FALSE,D21,0,FAM,JG074D.093,UNKNOWN,,7.600862,184,33,0.36263122150757615,0.9306507110595703,3162277,100000000,100,6.4999999093351235,8,2
16625,JG074D,93,HEX,#NAME?,FALSE,D21,0,HEX,JG074D.093,UNKNOWN,,15.387228,185,33,-0.401234039,0.7282108068466187,3162277,100000000,100,6.4999999093351235,8,2
16626,JG074D,93,FAM,#NAME?,FALSE,D21,0,FAM,JG074D.093,UNKNOWN,,7.600862,184,34,0.36859526765862366,0.945306659,3162277,100000000,100,6.4999999093351235,8,2
16627,JG074D,93,HEX,#NAME?,FALSE,D21,0,HEX,JG074D.093,UNKNOWN,,15.387228,185,34,-0.410394885,0.7441028952598572,3162277,100000000,100,6.4999999093351235,8,2
16628,JG074D,93,FAM,#NAME?,FALSE,D21,0,FAM,JG074D.093,UNKNOWN,,7.600862,184,35,0.37354466483172766,0.9574692249298096,3162277,100000000,100,6.4999999093351235,8,2
16629,JG074D,93,HEX,#NAME?,FALSE,D21,0,HEX,JG074D.093,UNKNOWN,,15.387228,185,35,-0.417773279,0.7565358281135559,3162277,100000000,100,6.4999999093351235,8,2
16630,JG074D,93,FAM,#NAME?,FALSE,D21,0,FAM,JG074D.093,UNKNOWN,,7.600862,184,36,0.38015118617228966,0.9737039804458618,3162277,100000000,100,6.4999999093351235,8,2
16631,JG074D,93,HEX,#NAME?,FALSE,D21,0,HEX,JG074D.093,UNKNOWN,,15.387228,185,36,-0.424928821,0.7685362100601196,3162277,100000000,100,6.4999999093351235,8,2
16632,JG074D,93,FAM,#NAME?,FALSE,D21,0,FAM,JG074D.093,UNKNOWN,,7.600862,184,37,0.3859434560740114,0.9879378080368042,3162277,100000000,100,6.4999999093351235,8,2
16633,JG074D,93,HEX,#NAME?,FALSE,D21,0,HEX,JG074D.093,UNKNOWN,,15.387228,185,37,-0.432886399,0.7820931673049927,3162277,100000000,100,6.4999999093351235,8,2
16634,JG074D,93,FAM,#NAME?,FALSE,D21,0,FAM,JG074D.093,UNKNOWN,,7.600862,184,38,0.39206511336147787,1.0029810667037964,3162277,100000000,100,6.4999999093351235,8,2
16635,JG074D,93,HEX,#NAME?,FALSE,D21,0,HEX,JG074D.093,UNKNOWN,,15.387228,185,38,-0.441309583,0.7965536713600159,3162277,100000000,100,6.4999999093351235,8,2
16636,JG074D,93,FAM,#NAME?,FALSE,D21,0,FAM,JG074D.093,UNKNOWN,,7.600862,184,39,0.3982481851453144,1.0181752443313599,3162277,100000000,100,6.4999999093351235,8,2
16637,JG074D,93,HEX,#NAME?,FALSE,D21,0,HEX,JG074D.093,UNKNOWN,,15.387228,185,39,-0.449140746,0.8098652362823486,3162277,100000000,100,6.4999999093351235,8,2
16638,JG074D,93,FAM,#NAME?,FALSE,D21,0,FAM,JG074D.093,UNKNOWN,,7.600862,184,40,0.4047915456057233,1.034254789352417,3162277,100000000,100,6.4999999093351235,8,2
16639,JG074D,93,HEX,#NAME?,FALSE,D21,0,HEX,JG074D.093,UNKNOWN,,15.387228,185,40,-0.457533832,0.8242673873901367,3162277,100000000,100,6.4999999093351235,8,2
16640,JG074D,93,FAM,#NAME?,FALSE,D21,0,FAM,JG074D.093,UNKNOWN,,7.600862,184,41,0.41215313537914483,1.0523450374603271,3162277,100000000,100,6.4999999093351235,8,2
16641,JG074D,93,HEX,#NAME?,FALSE,D21,0,HEX,JG074D.093,UNKNOWN,,15.387228,185,41,-0.466870294,0.8405002951622009,3162277,100000000,100,6.4999999093351235,8,2
16642,JG074D,93,FAM,#NAME?,FALSE,D21,0,FAM,JG074D.093,UNKNOWN,,7.600862,184,42,0.4179666044395662,1.0666309595108032,3162277,100000000,100,6.4999999093351235,8,2
16643,JG074D,93,HEX,#NAME?,FALSE,D21,0,HEX,JG074D.093,UNKNOWN,,15.387228,185,42,-0.476983053,0.8582397699356079,3162277,100000000,100,6.4999999093351235,8,2
16644,JG074D,93,FAM,#NAME?,FALSE,D21,0,FAM,JG074D.093,UNKNOWN,,7.600862,184,43,0.4254793534315416,1.0850926637649536,3162277,100000000,100,6.4999999093351235,8,2
16645,JG074D,93,HEX,#NAME?,FALSE,D21,0,HEX,JG074D.093,UNKNOWN,,15.387228,185,43,-0.489286684,0.8802311420440674,3162277,100000000,100,6.4999999093351235,8,2
16646,JG074D,93,FAM,#NAME?,FALSE,D21,0,FAM,JG074D.093,UNKNOWN,,7.600862,184,44,0.4343722792293819,1.1069459915161133,3162277,100000000,100,6.4999999093351235,8,2
16647,JG074D,93,HEX,#NAME?,FALSE,D21,0,HEX,JG074D.093,UNKNOWN,,15.387228,185,44,-0.503406058,0.9057462811470032,3162277,100000000,100,6.4999999093351235,8,2
16648,JG074D,93,FAM,#NAME?,FALSE,D21,0,FAM,JG074D.093,UNKNOWN,,7.600862,184,45,0.44144552163596007,1.1243276596069336,3162277,100000000,100,6.4999999093351235,8,2
16649,JG074D,93,HEX,#NAME?,FALSE,D21,0,HEX,JG074D.093,UNKNOWN,,15.387228,185,45,-0.517596748,0.9313998818397522,3162277,100000000,100,6.4999999093351235,8,2
16650,JG074D,93,FAM,#NAME?,FALSE,D21,0,FAM,JG074D.093,UNKNOWN,,7.600862,184,46,0.44824385412869205,1.1410337686538696,3162277,100000000,100,6.4999999093351235,8,2
16651,JG074D,93,HEX,#NAME?,FALSE,D21,0,HEX,JG074D.093,UNKNOWN,,15.387228,185,46,-0.532560419,0.9585535526275635,3162277,100000000,100,6.4999999093351235,8,2
16652,JG074D,93,FAM,#NAME?,FALSE,D21,0,FAM,JG074D.093,UNKNOWN,,7.600862,184,47,0.4550114308625784,1.1576642990112305,3162277,100000000,100,6.4999999093351235,8,2
16653,JG074D,93,HEX,#NAME?,FALSE,D21,0,HEX,JG074D.093,UNKNOWN,,15.387228,185,47,-0.549628657,0.9897915720939636,3162277,100000000,100,6.4999999093351235,8,2
16654,JG074D,93,FAM,#NAME?,FALSE,D21,0,FAM,JG074D.093,UNKNOWN,,7.600862,184,48,0.46186744253081125,1.1745121479034424,3162277,100000000,100,6.4999999093351235,8,2
16655,JG074D,93,HEX,#NAME?,FALSE,D21,0,HEX,JG074D.093,UNKNOWN,,15.387228,185,48,-0.567313794,1.0222268104553223,3162277,100000000,100,6.4999999093351235,8,2
16656,JG074D,93,FAM,#NAME?,FALSE,D21,0,FAM,JG074D.093,UNKNOWN,,7.600862,184,49,0.46703484661283085,1.1872104406356812,3162277,100000000,100,6.4999999093351235,8,2
16657,JG074D,93,HEX,#NAME?,FALSE,D21,0,HEX,JG074D.093,UNKNOWN,,15.387228,185,49,-0.585359745,1.055362343788147,3162277,100000000,100,6.4999999093351235,8,2
16658,JG074D,93,FAM,#NAME?,FALSE,D21,0,FAM,JG074D.093,UNKNOWN,,7.600862,184,50,0.4693829566304431,1.1929806470870972,3162277,100000000,100,6.4999999093351235,8,2
16659,JG074D,93,HEX,#NAME?,FALSE,D21,0,HEX,JG074D.093,UNKNOWN,,15.387228,185,50,-0.601625395,1.0850428342819214,3162277,100000000,100,6.4999999093351235,8,2
20880,JG074D,117,FAM,#NAME?,FALSE,E21,0,FAM,JG074D.117,UNKNOWN,,7.564247,232,1,-0.01850342,-0.00584953,1000000,100000000,100,6,8,2
20881,JG074D,117,HEX,#NAME?,FALSE,E21,0,HEX,JG074D.117,UNKNOWN,,17.770823,233,1,0.003152669,0.008007577,1000000,100000000,100,6,8,2
20882,JG074D,117,FAM,#NAME?,FALSE,E21,0,FAM,JG074D.117,UNKNOWN,,7.564247,232,2,-0.017862157,-0.004273703,1000000,100000000,100,6,8,2
20883,JG074D,117,HEX,#NAME?,FALSE,E21,0,HEX,JG074D.117,UNKNOWN,,17.770823,233,2,0.002654537,0.006329542,1000000,100000000,100,6,8,2
20884,JG074D,117,FAM,#NAME?,FALSE,E21,0,FAM,JG074D.117,UNKNOWN,,7.564247,232,3,-0.017258115,-0.002789338,1000000,100000000,100,6,8,2
20885,JG074D,117,HEX,#NAME?,FALSE,E21,0,HEX,JG074D.117,UNKNOWN,,17.770823,233,3,0.001672386,0.005590847,1000000,100000000,100,6,8,2
20886,JG074D,117,FAM,#NAME?,FALSE,E21,0,FAM,JG074D.117,UNKNOWN,,7.564247,232,4,-0.016491101,-0.000904491,1000000,100000000,100,6,8,2
20887,JG074D,117,HEX,#NAME?,FALSE,E21,0,HEX,JG074D.117,UNKNOWN,,17.770823,233,4,0.001626762,0.003034628,1000000,100000000,100,6,8,2
20888,JG074D,117,FAM,#NAME?,FALSE,E21,0,FAM,JG074D.117,UNKNOWN,,7.564247,232,5,-0.014619875,0.003693829,1000000,100000000,100,6,8,2
20889,JG074D,117,HEX,#NAME?,FALSE,E21,0,HEX,JG074D.117,UNKNOWN,,17.770823,233,5,0.001823708,7.651009582332335e-06,1000000,100000000,100,6,8,2
20890,JG074D,117,FAM,#NAME?,FALSE,E21,0,FAM,JG074D.117,UNKNOWN,,7.564247,232,6,-0.010439481,0.013966660015285015,1000000,100000000,100,6,8,2
20891,JG074D,117,HEX,#NAME?,FALSE,E21,0,HEX,JG074D.117,UNKNOWN,,17.770823,233,6,0.001540367,-0.002087228,1000000,100000000,100,6,8,2
20892,JG074D,117,FAM,#NAME?,FALSE,E21,0,FAM,JG074D.117,UNKNOWN,,7.564247,232,7,-0.004754189,0.027937600389122963,1000000,100000000,100,6,8,2
20893,JG074D,117,HEX,#NAME?,FALSE,E21,0,HEX,JG074D.117,UNKNOWN,,17.770823,233,7,0.000295529,-0.002316125,1000000,100000000,100,6,8,2
20894,JG074D,117,FAM,#NAME?,FALSE,E21,0,FAM,JG074D.117,UNKNOWN,,7.564247,232,8,0.004810476,0.051441650837659836,1000000,100000000,100,6,8,2
20895,JG074D,117,HEX,#NAME?,FALSE,E21,0,HEX,JG074D.117,UNKNOWN,,17.770823,233,8,-0.001213824,-0.002031676,1000000,100000000,100,6,8,2
20896,JG074D,117,FAM,#NAME?,FALSE,E21,0,FAM,JG074D.117,UNKNOWN,,7.564247,232,9,0.019171062898545112,0.086731113,1000000,100000000,100,6,8,2
20897,JG074D,117,HEX,#NAME?,FALSE,E21,0,HEX,JG074D.117,UNKNOWN,,17.770823,233,9,-0.002183889,-0.002793826,1000000,100000000,100,6,8,2
20898,JG074D,117,FAM,#NAME?,FALSE,E21,0,FAM,JG074D.117,UNKNOWN,,7.564247,232,10,0.03958122,0.13688670098781586,1000000,100000000,100,6,8,2
20899,JG074D,117,HEX,#NAME?,FALSE,E21,0,HEX,JG074D.117,UNKNOWN,,17.770823,233,10,-0.003561038,-0.002765945,1000000,100000000,100,6,8,2
20900,JG074D,117,FAM,#NAME?,FALSE,E21,0,FAM,JG074D.117,UNKNOWN,,7.564247,232,11,0.065465053,0.2004932016134262,1000000,100000000,100,6,8,2
20901,JG074D,117,HEX,#NAME?,FALSE,E21,0,HEX,JG074D.117,UNKNOWN,,17.770823,233,11,-0.004193124,-0.004184014,1000000,100000000,100,6,8,2
20902,JG074D,117,FAM,#NAME?,FALSE,E21,0,FAM,JG074D.117,UNKNOWN,,7.564247,232,12,0.09562384,0.2746048867702484,1000000,100000000,100,6,8,2
20903,JG074D,117,HEX,#NAME?,FALSE,E21,0,HEX,JG074D.117,UNKNOWN,,17.770823,233,12,-0.006768443,-0.001830837,1000000,100000000,100,6,8,2
20904,JG074D,117,FAM,#NAME?,FALSE,E21,0,FAM,JG074D.117,UNKNOWN,,7.564247,232,13,0.12824233525990744,0.3547610342502594,1000000,100000000,100,6,8,2
20905,JG074D,117,HEX,#NAME?,FALSE,E21,0,HEX,JG074D.117,UNKNOWN,,17.770823,233,13,-0.00930425,0.000445658,1000000,100000000,100,6,8,2
20906,JG074D,117,FAM,#NAME?,FALSE,E21,0,FAM,JG074D.117,UNKNOWN,,7.564247,232,14,0.1594587755943515,0.4314717948436737,1000000,100000000,100,6,8,2
20907,JG074D,117,HEX,#NAME?,FALSE,E21,0,HEX,JG074D.117,UNKNOWN,,17.770823,233,14,-0.01194104,0.002918134,1000000,100000000,100,6,8,2
20908,JG074D,117,FAM,#NAME?,FALSE,E21,0,FAM,JG074D.117,UNKNOWN,,7.564247,232,15,0.18913849522104578,0.5044062733650208,1000000,100000000,100,6,8,2
20909,JG074D,117,HEX,#NAME?,FALSE,E21,0,HEX,JG074D.117,UNKNOWN,,17.770823,233,15,-0.014898396,0.006012733,1000000,100000000,100,6,8,2
20910,JG074D,117,FAM,#NAME?,FALSE,E21,0,FAM,JG074D.117,UNKNOWN,,7.564247,232,16,0.21685205351667583,0.5725091099739075,1000000,100000000,100,6,8,2
20911,JG074D,117,HEX,#NAME?,FALSE,E21,0,HEX,JG074D.117,UNKNOWN,,17.770823,233,16,-0.019447338,0.012196133844554424,1000000,100000000,100,6,8,2
20912,JG074D,117,FAM,#NAME?,FALSE,E21,0,FAM,JG074D.117,UNKNOWN,,7.564247,232,17,0.24119290813131888,0.6323239207267761,1000000,100000000,100,6,8,2
20913,JG074D,117,HEX,#NAME?,FALSE,E21,0,HEX,JG074D.117,UNKNOWN,,17.770823,233,17,-0.028412697,0.026950504630804062,1000000,100000000,100,6,8,2
20914,JG074D,117,FAM,#NAME?,FALSE,E21,0,FAM,JG074D.117,UNKNOWN,,7.564247,232,18,0.2612664254614545,0.6816522479057312,1000000,100000000,100,6,8,2
20915,JG074D,117,HEX,#NAME?,FALSE,E21,0,HEX,JG074D.117,UNKNOWN,,17.770823,233,18,-0.03924833,0.045334529131650925,1000000,100000000,100,6,8,2
20916,JG074D,117,FAM,#NAME?,FALSE,E21,0,FAM,JG074D.117,UNKNOWN,,7.564247,232,19,0.2768001696369292,0.7198246121406555,1000000,100000000,100,6,8,2
20917,JG074D,117,HEX,#NAME?,FALSE,E21,0,HEX,JG074D.117,UNKNOWN,,17.770823,233,19,-0.053969031,0.071258336,1000000,100000000,100,6,8,2
20918,JG074D,117,FAM,#NAME?,FALSE,E21,0,FAM,JG074D.117,UNKNOWN,,7.564247,232,20,0.28858627123533137,0.7487875819206238,1000000,100000000,100,6,8,2
20919,JG074D,117,HEX,#NAME?,FALSE,E21,0,HEX,JG074D.117,UNKNOWN,,17.770823,233,20,-0.074713613,0.10887272655963898,1000000,100000000,100,6,8,2
20920,JG074D,117,FAM,#NAME?,FALSE,E21,0,FAM,JG074D.117,UNKNOWN,,7.564247,232,21,0.2991758573890511,0.774810255,1000000,100000000,100,6,8,2
20921,JG074D,117,HEX,#NAME?,FALSE,E21,0,HEX,JG074D.117,UNKNOWN,,17.770823,233,21,-0.101799156,0.15879306197166443,1000000,100000000,100,6,8,2
20922,JG074D,117,FAM,#NAME?,FALSE,E21,0,FAM,JG074D.117,UNKNOWN,,7.564247,232,22,0.3081496504581781,0.7968623042106628,1000000,100000000,100,6,8,2
20923,JG074D,117,HEX,#NAME?,FALSE,E21,0,HEX,JG074D.117,UNKNOWN,,17.770823,233,22,-0.131468878,0.21372853219509125,1000000,100000000,100,6,8,2
20924,JG074D,117,FAM,#NAME?,FALSE,E21,0,FAM,JG074D.117,UNKNOWN,,7.564247,232,23,0.31595239617945864,0.8160366415977478,1000000,100000000,100,6,8,2
20925,JG074D,117,HEX,#NAME?,FALSE,E21,0,HEX,JG074D.117,UNKNOWN,,17.770823,233,23,-0.162641257,0.27158021926879883,1000000,100000000,100,6,8,2
20926,JG074D,117,FAM,#NAME?,FALSE,E21,0,FAM,JG074D.117,UNKNOWN,,7.564247,232,24,0.3226796120436926,0.8325679898262024,1000000,100000000,100,6,8,2
20927,JG074D,117,HEX,#NAME?,FALSE,E21,0,HEX,JG074D.117,UNKNOWN,,17.770823,233,24,-0.194485019,0.33073484897613525,1000000,100000000,100,6,8,2
20928,JG074D,117,FAM,#NAME?,FALSE,E21,0,FAM,JG074D.117,UNKNOWN,,7.564247,232,25,0.32853577048547705,0.8469588160514832,1000000,100000000,100,6,8,2
20929,JG074D,117,HEX,#NAME?,FALSE,E21,0,HEX,JG074D.117,UNKNOWN,,17.770823,233,25,-0.223677494,0.38474413752555847,1000000,100000000,100,6,8,2
20930,JG074D,117,FAM,#NAME?,FALSE,E21,0,FAM,JG074D.117,UNKNOWN,,7.564247,232,26,0.33500908155192194,0.862866223,1000000,100000000,100,6,8,2
20931,JG074D,117,HEX,#NAME?,FALSE,E21,0,HEX,JG074D.117,UNKNOWN,,17.770823,233,26,-0.250901705,0.4349335730075836,1000000,100000000,100,6,8,2
20932,JG074D,117,FAM,#NAME?,FALSE,E21,0,FAM,JG074D.117,UNKNOWN,,7.564247,232,27,0.34172062847276924,0.8793590664863586,1000000,100000000,100,6,8,2
20933,JG074D,117,HEX,#NAME?,FALSE,E21,0,HEX,JG074D.117,UNKNOWN,,17.770823,233,27,-0.275742599,0.48049771785736084,1000000,100000000,100,6,8,2
20934,JG074D,117,FAM,#NAME?,FALSE,E21,0,FAM,JG074D.117,UNKNOWN,,7.564247,232,28,0.34806199054227366,0.8949422240257263,1000000,100000000,100,6,8,2
20935,JG074D,117,HEX,#NAME?,FALSE,E21,0,HEX,JG074D.117,UNKNOWN,,17.770823,233,28,-0.297695778,0.5204576253890991,1000000,100000000,100,6,8,2
20936,JG074D,117,FAM,#NAME?,FALSE,E21,0,FAM,JG074D.117,UNKNOWN,,7.564247,232,29,0.35591251926428447,0.9142339825630188,1000000,100000000,100,6,8,2
20937,JG074D,117,HEX,#NAME?,FALSE,E21,0,HEX,JG074D.117,UNKNOWN,,17.770823,233,29,-0.315507236,0.5523796677589417,1000000,100000000,100,6,8,2
20938,JG074D,117,FAM,#NAME?,FALSE,E21,0,FAM,JG074D.117,UNKNOWN,,7.564247,232,30,0.36331136522507745,0.932415783,1000000,100000000,100,6,8,2
20939,JG074D,117,HEX,#NAME?,FALSE,E21,0,HEX,JG074D.117,UNKNOWN,,17.770823,233,30,-0.332319053,0.5823617577552795,1000000,100000000,100,6,8,2
20940,JG074D,117,FAM,#NAME?,FALSE,E21,0,FAM,JG074D.117,UNKNOWN,,7.564247,232,31,0.3694426761340112,0.9474827647209167,1000000,100000000,100,6,8,2
20941,JG074D,117,HEX,#NAME?,FALSE,E21,0,HEX,JG074D.117,UNKNOWN,,17.770823,233,31,-0.345658198,0.605604351,1000000,100000000,100,6,8,2
20942,JG074D,117,FAM,#NAME?,FALSE,E21,0,FAM,JG074D.117,UNKNOWN,,7.564247,232,32,0.3762296571321535,0.9641609787940979,1000000,100000000,100,6,8,2
20943,JG074D,117,HEX,#NAME?,FALSE,E21,0,HEX,JG074D.117,UNKNOWN,,17.770823,233,32,-0.358091191,0.6270883679389954,1000000,100000000,100,6,8,2
20944,JG074D,117,FAM,#NAME?,FALSE,E21,0,FAM,JG074D.117,UNKNOWN,,7.564247,232,33,0.3830118355748925,0.9808273911476135,1000000,100000000,100,6,8,2
20945,JG074D,117,HEX,#NAME?,FALSE,E21,0,HEX,JG074D.117,UNKNOWN,,17.770823,233,33,-0.368400574,0.6444511413574219,1000000,100000000,100,6,8,2
20946,JG074D,117,FAM,#NAME?,FALSE,E21,0,FAM,JG074D.117,UNKNOWN,,7.564247,232,34,0.3888632884825949,0.9952066540718079,1000000,100000000,100,6,8,2
20947,JG074D,117,HEX,#NAME?,FALSE,E21,0,HEX,JG074D.117,UNKNOWN,,17.770823,233,34,-0.376369454,0.6572716236114502,1000000,100000000,100,6,8,2
20948,JG074D,117,FAM,#NAME?,FALSE,E21,0,FAM,JG074D.117,UNKNOWN,,7.564247,232,35,0.39540402936732916,1.0112797021865845,1000000,100000000,100,6,8,2
20949,JG074D,117,HEX,#NAME?,FALSE,E21,0,HEX,JG074D.117,UNKNOWN,,17.770823,233,35,-0.386174533,0.673655629,1000000,100000000,100,6,8,2
20950,JG074D,117,FAM,#NAME?,FALSE,E21,0,FAM,JG074D.117,UNKNOWN,,7.564247,232,36,0.40264967866182144,1.0290850400924683,1000000,100000000,100,6,8,2
20951,JG074D,117,HEX,#NAME?,FALSE,E21,0,HEX,JG074D.117,UNKNOWN,,17.770823,233,36,-0.395051039,0.6882375478744507,1000000,100000000,100,6,8,2
20952,JG074D,117,FAM,#NAME?,FALSE,E21,0,FAM,JG074D.117,UNKNOWN,,7.564247,232,37,0.4084263766414778,1.0432806015014648,1000000,100000000,100,6,8,2
20953,JG074D,117,HEX,#NAME?,FALSE,E21,0,HEX,JG074D.117,UNKNOWN,,17.770823,233,37,-0.402818995,0.7006681561470032,1000000,100000000,100,6,8,2
20954,JG074D,117,FAM,#NAME?,FALSE,E21,0,FAM,JG074D.117,UNKNOWN,,7.564247,232,38,0.41535399004481505,1.0603044033050537,1000000,100000000,100,6,8,2
20955,JG074D,117,HEX,#NAME?,FALSE,E21,0,HEX,JG074D.117,UNKNOWN,,17.770823,233,38,-0.410527798,0.7129839062690735,1000000,100000000,100,6,8,2
20956,JG074D,117,FAM,#NAME?,FALSE,E21,0,FAM,JG074D.117,UNKNOWN,,7.564247,232,39,0.422220626,1.0771783590316772,1000000,100000000,100,6,8,2
20957,JG074D,117,HEX,#NAME?,FALSE,E21,0,HEX,JG074D.117,UNKNOWN,,17.770823,233,39,-0.418802394,0.726397693,1000000,100000000,100,6,8,2
20958,JG074D,117,FAM,#NAME?,FALSE,E21,0,FAM,JG074D.117,UNKNOWN,,7.564247,232,40,0.4280131865134136,1.091412901878357,1000000,100000000,100,6,8,2
20959,JG074D,117,HEX,#NAME?,FALSE,E21,0,HEX,JG074D.117,UNKNOWN,,17.770823,233,40,-0.426987431,0.7396376729011536,1000000,100000000,100,6,8,2
20960,JG074D,117,FAM,#NAME?,FALSE,E21,0,FAM,JG074D.117,UNKNOWN,,7.564247,232,41,0.4345015843953175,1.107357382774353,1000000,100000000,100,6,8,2
20961,JG074D,117,HEX,#NAME?,FALSE,E21,0,HEX,JG074D.117,UNKNOWN,,17.770823,233,41,-0.43368615,0.7499932050704956,1000000,100000000,100,6,8,2
20962,JG074D,117,FAM,#NAME?,FALSE,E21,0,FAM,JG074D.117,UNKNOWN,,7.564247,232,42,0.44163774512874554,1.1248936653137207,1000000,100000000,100,6,8,2
20963,JG074D,117,HEX,#NAME?,FALSE,E21,0,HEX,JG074D.117,UNKNOWN,,17.770823,233,42,-0.443004921,0.7654334306716919,1000000,100000000,100,6,8,2
20964,JG074D,117,FAM,#NAME?,FALSE,E21,0,FAM,JG074D.117,UNKNOWN,,7.564247,232,43,0.44980048846263454,1.144952654838562,1000000,100000000,100,6,8,2
20965,JG074D,117,HEX,#NAME?,FALSE,E21,0,HEX,JG074D.117,UNKNOWN,,17.770823,233,43,-0.454464009,0.7850273847579956,1000000,100000000,100,6,8,2
20966,JG074D,117,FAM,#NAME?,FALSE,E21,0,FAM,JG074D.117,UNKNOWN,,7.564247,232,44,0.4585121299216637,1.1663604974746704,1000000,100000000,100,6,8,2
20967,JG074D,117,HEX,#NAME?,FALSE,E21,0,HEX,JG074D.117,UNKNOWN,,17.770823,233,44,-0.466814446,0.8063511848449707,1000000,100000000,100,6,8,2
20968,JG074D,117,FAM,#NAME?,FALSE,E21,0,FAM,JG074D.117,UNKNOWN,,7.564247,232,45,0.4675500055734959,1.1885700225830078,1000000,100000000,100,6,8,2
20969,JG074D,117,HEX,#NAME?,FALSE,E21,0,HEX,JG074D.117,UNKNOWN,,17.770823,233,45,-0.481913131,0.8330085873603821,1000000,100000000,100,6,8,2
20970,JG074D,117,FAM,#NAME?,FALSE,E21,0,FAM,JG074D.117,UNKNOWN,,7.564247,232,46,0.4754829053972732,1.2080641984939575,1000000,100000000,100,6,8,2
20971,JG074D,117,HEX,#NAME?,FALSE,E21,0,HEX,JG074D.117,UNKNOWN,,17.770823,233,46,-0.4964252,0.8585274815559387,1000000,100000000,100,6,8,2
20972,JG074D,117,FAM,#NAME?,FALSE,E21,0,FAM,JG074D.117,UNKNOWN,,7.564247,232,47,0.4825040473543242,1.2253178358078003,1000000,100000000,100,6,8,2
20973,JG074D,117,HEX,#NAME?,FALSE,E21,0,HEX,JG074D.117,UNKNOWN,,17.770823,233,47,-0.512115843,0.8863336443901062,1000000,100000000,100,6,8,2
20974,JG074D,117,FAM,#NAME?,FALSE,E21,0,FAM,JG074D.117,UNKNOWN,,7.564247,232,48,0.4868919336305217,1.2361005544662476,1000000,100000000,100,6,8,2
20975,JG074D,117,HEX,#NAME?,FALSE,E21,0,HEX,JG074D.117,UNKNOWN,,17.770823,233,48,-0.526069737,0.9107692837715149,1000000,100000000,100,6,8,2
20976,JG074D,117,FAM,#NAME?,FALSE,E21,0,FAM,JG074D.117,UNKNOWN,,7.564247,232,49,0.4918476857001695,1.2482787370681763,1000000,100000000,100,6,8,2
20977,JG074D,117,HEX,#NAME?,FALSE,E21,0,HEX,JG074D.117,UNKNOWN,,17.770823,233,49,-0.544240321,0.9433883428573608,1000000,100000000,100,6,8,2
20978,JG074D,117,FAM,#NAME?,FALSE,E21,0,FAM,JG074D.117,UNKNOWN,,7.564247,232,50,0.49629679243009456,1.2592118978500366,1000000,100000000,100,6,8,2
20979,JG074D,117,HEX,#NAME?,FALSE,E21,0,HEX,JG074D.117,UNKNOWN,,17.770823,233,50,-0.561193325,0.9736443758010864,1000000,100000000,100,6,8,2
25200,JG074D,141,FAM,#NAME?,FALSE,F21,0,FAM,JG074D.141,UNKNOWN,,7.5610447,280,1,-0.020201291,-0.010170956,316227,100000000,100,5.499998947982042,8,2
25201,JG074D,141,HEX,#NAME?,FALSE,F21,0,HEX,JG074D.141,UNKNOWN,,20.091934,281,1,0.002218537,0.011671680957078934,316227,100000000,100,5.499998947982042,8,2
25202,JG074D,141,FAM,#NAME?,FALSE,F21,0,FAM,JG074D.141,UNKNOWN,,7.5610447,280,2,-0.019370522,-0.008129437,316227,100000000,100,5.499998947982042,8,2
25203,JG074D,141,HEX,#NAME?,FALSE,F21,0,HEX,JG074D.141,UNKNOWN,,20.091934,281,2,0.002180238,0.008806485,316227,100000000,100,5.499998947982042,8,2
25204,JG074D,141,FAM,#NAME?,FALSE,F21,0,FAM,JG074D.141,UNKNOWN,,7.5610447,280,3,-0.017909927,-0.004540195,316227,100000000,100,5.499998947982042,8,2
25205,JG074D,141,HEX,#NAME?,FALSE,F21,0,HEX,JG074D.141,UNKNOWN,,20.091934,281,3,0.001879022,0.006451534,316227,100000000,100,5.499998947982042,8,2
25206,JG074D,141,FAM,#NAME?,FALSE,F21,0,FAM,JG074D.141,UNKNOWN,,7.5610447,280,4,-0.016443049,-0.000935515,316227,100000000,100,5.499998947982042,8,2
25207,JG074D,141,HEX,#NAME?,FALSE,F21,0,HEX,JG074D.141,UNKNOWN,,20.091934,281,4,0.001550041,0.004150465,316227,100000000,100,5.499998947982042,8,2
25208,JG074D,141,FAM,#NAME?,FALSE,F21,0,FAM,JG074D.141,UNKNOWN,,7.5610447,280,5,-0.013834085,0.00547571,316227,100000000,100,5.499998947982042,8,2
25209,JG074D,141,HEX,#NAME?,FALSE,F21,0,HEX,JG074D.141,UNKNOWN,,20.091934,281,5,0.001423673,0.001456185,316227,100000000,100,5.499998947982042,8,2
25210,JG074D,141,FAM,#NAME?,FALSE,F21,0,FAM,JG074D.141,UNKNOWN,,7.5610447,280,6,-0.010249366,0.014284740202128887,316227,100000000,100,5.499998947982042,8,2
25211,JG074D,141,HEX,#NAME?,FALSE,F21,0,HEX,JG074D.141,UNKNOWN,,20.091934,281,6,0.00075937,-0.00019412,316227,100000000,100,5.499998947982042,8,2
25212,JG074D,141,FAM,#NAME?,FALSE,F21,0,FAM,JG074D.141,UNKNOWN,,7.5610447,280,7,-0.004413849,0.028624841943383217,316227,100000000,100,5.499998947982042,8,2
25213,JG074D,141,HEX,#NAME?,FALSE,F21,0,HEX,JG074D.141,UNKNOWN,,20.091934,281,7,0.000347188,-0.002333719,316227,100000000,100,5.499998947982042,8,2
25214,JG074D,141,FAM,#NAME?,FALSE,F21,0,FAM,JG074D.141,UNKNOWN,,7.5610447,280,8,0.00466309,0.050930362194776535,316227,100000000,100,5.499998947982042,8,2
25215,JG074D,141,HEX,#NAME?,FALSE,F21,0,HEX,JG074D.141,UNKNOWN,,20.091934,281,8,-0.000556431,-0.003519584,316227,100000000,100,5.499998947982042,8,2
25216,JG074D,141,FAM,#NAME?,FALSE,F21,0,FAM,JG074D.141,UNKNOWN,,7.5610447,280,9,0.019044682015871235,0.086271442,316227,100000000,100,5.499998947982042,8,2
25217,JG074D,141,HEX,#NAME?,FALSE,F21,0,HEX,JG074D.141,UNKNOWN,,20.091934,281,9,-0.001788216,-0.004068574,316227,100000000,100,5.499998947982042,8,2
25218,JG074D,141,FAM,#NAME?,FALSE,F21,0,FAM,JG074D.141,UNKNOWN,,7.5610447,280,10,0.039142503,0.13565950095653534,316227,100000000,100,5.499998947982042,8,2
25219,JG074D,141,HEX,#NAME?,FALSE,F21,0,HEX,JG074D.141,UNKNOWN,,20.091934,281,10,-0.003614648,-0.003463529,316227,100000000,100,5.499998947982042,8,2
25220,JG074D,141,FAM,#NAME?,FALSE,F21,0,FAM,JG074D.141,UNKNOWN,,7.5610447,280,11,0.066363872,0.20255284011363983,316227,100000000,100,5.499998947982042,8,2
25221,JG074D,141,HEX,#NAME?,FALSE,F21,0,HEX,JG074D.141,UNKNOWN,,20.091934,281,11,-0.004964477,-0.003783428,316227,100000000,100,5.499998947982042,8,2
25222,JG074D,141,FAM,#NAME?,FALSE,F21,0,FAM,JG074D.141,UNKNOWN,,7.5610447,280,12,0.097405893,0.2788349688053131,316227,100000000,100,5.499998947982042,8,2
25223,JG074D,141,HEX,#NAME?,FALSE,F21,0,HEX,JG074D.141,UNKNOWN,,20.091934,281,12,-0.006395282,-0.00394618,316227,100000000,100,5.499998947982042,8,2
25224,JG074D,141,FAM,#NAME?,FALSE,F21,0,FAM,JG074D.141,UNKNOWN,,7.5610447,280,13,0.12990429988172236,0.35869601368904114,316227,100000000,100,5.499998947982042,8,2
25225,JG074D,141,HEX,#NAME?,FALSE,F21,0,HEX,JG074D.141,UNKNOWN,,20.091934,281,13,-0.008540851,-0.002721782,316227,100000000,100,5.499998947982042,8,2
25226,JG074D,141,FAM,#NAME?,FALSE,F21,0,FAM,JG074D.141,UNKNOWN,,7.5610447,280,14,0.1629349419027763,0.43986496329307556,316227,100000000,100,5.499998947982042,8,2
25227,JG074D,141,HEX,#NAME?,FALSE,F21,0,HEX,JG074D.141,UNKNOWN,,20.091934,281,14,-0.011055543,-0.000781026,316227,100000000,100,5.499998947982042,8,2
25228,JG074D,141,FAM,#NAME?,FALSE,F21,0,FAM,JG074D.141,UNKNOWN,,7.5610447,280,15,0.1932338758572082,0.5143210887908936,316227,100000000,100,5.499998947982042,8,2
25229,JG074D,141,HEX,#NAME?,FALSE,F21,0,HEX,JG074D.141,UNKNOWN,,20.091934,281,15,-0.013851119,0.001704844,316227,100000000,100,5.499998947982042,8,2
25230,JG074D,141,FAM,#NAME?,FALSE,F21,0,FAM,JG074D.141,UNKNOWN,,7.5610447,280,16,0.22144920417116673,0.5836569666862488,316227,100000000,100,5.499998947982042,8,2
25231,JG074D,141,HEX,#NAME?,FALSE,F21,0,HEX,JG074D.141,UNKNOWN,,20.091934,281,16,-0.016776334,0.004442305,316227,100000000,100,5.499998947982042,8,2
25232,JG074D,141,FAM,#NAME?,FALSE,F21,0,FAM,JG074D.141,UNKNOWN,,7.5610447,280,17,0.24624115941909994,0.6445803046226501,316227,100000000,100,5.499998947982042,8,2
25233,JG074D,141,HEX,#NAME?,FALSE,F21,0,HEX,JG074D.141,UNKNOWN,,20.091934,281,17,-0.019406214,0.006606608,316227,100000000,100,5.499998947982042,8,2
25234,JG074D,141,FAM,#NAME?,FALSE,F21,0,FAM,JG074D.141,UNKNOWN,,7.5610447,280,18,0.26688079615890287,0.6952998042106628,316227,100000000,100,5.499998947982042,8,2
25235,JG074D,141,HEX,#NAME?,FALSE,F21,0,HEX,JG074D.141,UNKNOWN,,20.091934,281,18,-0.022613173,0.009890852,316227,100000000,100,5.499998947982042,8,2
25236,JG074D,141,FAM,#NAME?,FALSE,F21,0,FAM,JG074D.141,UNKNOWN,,7.5610447,280,19,0.2838875665447072,0.7370919585227966,316227,100000000,100,5.499998947982042,8,2
25237,JG074D,141,HEX,#NAME?,FALSE,F21,0,HEX,JG074D.141,UNKNOWN,,20.091934,281,19,-0.029380536,0.020084796473383904,316227,100000000,100,5.499998947982042,8,2
25238,JG074D,141,FAM,#NAME?,FALSE,F21,0,FAM,JG074D.141,UNKNOWN,,7.5610447,280,20,0.2988720245097566,0.7739145159721375,316227,100000000,100,5.499998947982042,8,2
25239,JG074D,141,HEX,#NAME?,FALSE,F21,0,HEX,JG074D.141,UNKNOWN,,20.091934,281,20,-0.040338313,0.038411106914281845,316227,100000000,100,5.499998947982042,8,2
25240,JG074D,141,FAM,#NAME?,FALSE,F21,0,FAM,JG074D.141,UNKNOWN,,7.5610447,280,21,0.3109374019814625,0.8035637736320496,316227,100000000,100,5.499998947982042,8,2
25241,JG074D,141,HEX,#NAME?,FALSE,F21,0,HEX,JG074D.141,UNKNOWN,,20.091934,281,21,-0.055427615,0.064755492,316227,100000000,100,5.499998947982042,8,2
25242,JG074D,141,FAM,#NAME?,FALSE,F21,0,FAM,JG074D.141,UNKNOWN,,7.5610447,280,22,0.32027546160133424,0.8265109658241272,316227,100000000,100,5.499998947982042,8,2
25243,JG074D,141,HEX,#NAME?,FALSE,F21,0,HEX,JG074D.141,UNKNOWN,,20.091934,281,22,-0.075272679,0.10032942146062851,316227,100000000,100,5.499998947982042,8,2
25244,JG074D,141,FAM,#NAME?,FALSE,F21,0,FAM,JG074D.141,UNKNOWN,,7.5610447,280,23,0.3295033050002322,0.8491873145103455,316227,100000000,100,5.499998947982042,8,2
25245,JG074D,141,HEX,#NAME?,FALSE,F21,0,HEX,JG074D.141,UNKNOWN,,20.091934,281,23,-0.10196737,0.14919647574424744,316227,100000000,100,5.499998947982042,8,2
25246,JG074D,141,FAM,#NAME?,FALSE,F21,0,FAM,JG074D.141,UNKNOWN,,7.5610447,280,24,0.33803215828997035,0.8701459765434265,316227,100000000,100,5.499998947982042,8,2
25247,JG074D,141,HEX,#NAME?,FALSE,F21,0,HEX,JG074D.141,UNKNOWN,,20.091934,281,24,-0.132993832,0.20647020637989044,316227,100000000,100,5.499998947982042,8,2
25248,JG074D,141,FAM,#NAME?,FALSE,F21,0,FAM,JG074D.141,UNKNOWN,,7.5610447,280,25,0.3434098075752031,0.8833609223365784,316227,100000000,100,5.499998947982042,8,2
25249,JG074D,141,HEX,#NAME?,FALSE,F21,0,HEX,JG074D.141,UNKNOWN,,20.091934,281,25,-0.163818941,0.2633531987667084,316227,100000000,100,5.499998947982042,8,2
25250,JG074D,141,FAM,#NAME?,FALSE,F21,0,FAM,JG074D.141,UNKNOWN,,7.5610447,280,26,0.3482583510848369,0.8952756524085999,316227,100000000,100,5.499998947982042,8,2
25251,JG074D,141,HEX,#NAME?,FALSE,F21,0,HEX,JG074D.141,UNKNOWN,,20.091934,281,26,-0.194654953,0.3202573359012604,316227,100000000,100,5.499998947982042,8,2
25252,JG074D,141,FAM,#NAME?,FALSE,F21,0,FAM,JG074D.141,UNKNOWN,,7.5610447,280,27,0.3541025273934433,0.9096370339393616,316227,100000000,100,5.499998947982042,8,2
25253,JG074D,141,HEX,#NAME?,FALSE,F21,0,HEX,JG074D.141,UNKNOWN,,20.091934,281,27,-0.225015284,0.37623831629753113,316227,100000000,100,5.499998947982042,8,2
25254,JG074D,141,FAM,#NAME?,FALSE,F21,0,FAM,JG074D.141,UNKNOWN,,7.5610447,280,28,0.36067790488987445,0.9257952570915222,316227,100000000,100,5.499998947982042,8,2
25255,JG074D,141,HEX,#NAME?,FALSE,F21,0,HEX,JG074D.141,UNKNOWN,,20.091934,281,28,-0.252915362,0.4274446666240692,316227,100000000,100,5.499998947982042,8,2
25256,JG074D,141,FAM,#NAME?,FALSE,F21,0,FAM,JG074D.141,UNKNOWN,,7.5610447,280,29,0.3677076817445193,0.943070114,316227,100000000,100,5.499998947982042,8,2
25257,JG074D,141,HEX,#NAME?,FALSE,F21,0,HEX,JG074D.141,UNKNOWN,,20.091934,281,29,-0.277151858,0.47154107689857483,316227,100000000,100,5.499998947982042,8,2
25258,JG074D,141,FAM,#NAME?,FALSE,F21,0,FAM,JG074D.141,UNKNOWN,,7.5610447,280,30,0.3751218570740744,0.9612895846366882,316227,100000000,100,5.499998947982042,8,2
25259,JG074D,141,HEX,#NAME?,FALSE,F21,0,HEX,JG074D.141,UNKNOWN,,20.091934,281,30,-0.300002835,0.5129485726356506,316227,100000000,100,5.499998947982042,8,2
25260,JG074D,141,FAM,#NAME?,FALSE,F21,0,FAM,JG074D.141,UNKNOWN,,7.5610447,280,31,0.3830994837269617,0.9808936715126038,316227,100000000,100,5.499998947982042,8,2
25261,JG074D,141,HEX,#NAME?,FALSE,F21,0,HEX,JG074D.141,UNKNOWN,,20.091934,281,31,-0.319155954,0.547179639,316227,100000000,100,5.499998947982042,8,2
25262,JG074D,141,FAM,#NAME?,FALSE,F21,0,FAM,JG074D.141,UNKNOWN,,7.5610447,280,32,0.38829783761046954,0.9936680197715759,316227,100000000,100,5.499998947982042,8,2
25263,JG074D,141,HEX,#NAME?,FALSE,F21,0,HEX,JG074D.141,UNKNOWN,,20.091934,281,32,-0.33288936,0.5708926320075989,316227,100000000,100,5.499998947982042,8,2
25264,JG074D,141,FAM,#NAME?,FALSE,F21,0,FAM,JG074D.141,UNKNOWN,,7.5610447,280,33,0.3932641164934762,1.0058720111846924,316227,100000000,100,5.499998947982042,8,2
25265,JG074D,141,HEX,#NAME?,FALSE,F21,0,HEX,JG074D.141,UNKNOWN,,20.091934,281,33,-0.344811168,0.5910898447036743,316227,100000000,100,5.499998947982042,8,2
25266,JG074D,141,FAM,#NAME?,FALSE,F21,0,FAM,JG074D.141,UNKNOWN,,7.5610447,280,34,0.40019439798314865,1.0229023694992065,316227,100000000,100,5.499998947982042,8,2
25267,JG074D,141,HEX,#NAME?,FALSE,F21,0,HEX,JG074D.141,UNKNOWN,,20.091934,281,34,-0.35677364,0.6113659739494324,316227,100000000,100,5.499998947982042,8,2
25268,JG074D,141,FAM,#NAME?,FALSE,F21,0,FAM,JG074D.141,UNKNOWN,,7.5610447,280,35,0.40627486971973187,1.0378444194793701,316227,100000000,100,5.499998947982042,8,2
25269,JG074D,141,HEX,#NAME?,FALSE,F21,0,HEX,JG074D.141,UNKNOWN,,20.091934,281,35,-0.36722934,0.6287178993225098,316227,100000000,100,5.499998947982042,8,2
25270,JG074D,141,FAM,#NAME?,FALSE,F21,0,FAM,JG074D.141,UNKNOWN,,7.5610447,280,36,0.4140572894742043,1.0569688081741333,316227,100000000,100,5.499998947982042,8,2
25271,JG074D,141,HEX,#NAME?,FALSE,F21,0,HEX,JG074D.141,UNKNOWN,,20.091934,281,36,-0.376186743,0.6431620717048645,316227,100000000,100,5.499998947982042,8,2
25272,JG074D,141,FAM,#NAME?,FALSE,F21,0,FAM,JG074D.141,UNKNOWN,,7.5610447,280,37,0.42257910871814963,1.0779101848602295,316227,100000000,100,5.499998947982042,8,2
25273,JG074D,141,HEX,#NAME?,FALSE,F21,0,HEX,JG074D.141,UNKNOWN,,20.091934,281,37,-0.385948885,0.659168005,316227,100000000,100,5.499998947982042,8,2
25274,JG074D,141,FAM,#NAME?,FALSE,F21,0,FAM,JG074D.141,UNKNOWN,,7.5610447,280,38,0.4302190041516621,1.0966843366622925,316227,100000000,100,5.499998947982042,8,2
25275,JG074D,141,HEX,#NAME?,FALSE,F21,0,HEX,JG074D.141,UNKNOWN,,20.091934,281,38,-0.396184988,0.6760937571525574,316227,100000000,100,5.499998947982042,8,2
25276,JG074D,141,FAM,#NAME?,FALSE,F21,0,FAM,JG074D.141,UNKNOWN,,7.5610447,280,39,0.4370374685685597,1.113439917564392,316227,100000000,100,5.499998947982042,8,2
25277,JG074D,141,HEX,#NAME?,FALSE,F21,0,HEX,JG074D.141,UNKNOWN,,20.091934,281,39,-0.403230271,0.6868270635604858,316227,100000000,100,5.499998947982042,8,2
25278,JG074D,141,FAM,#NAME?,FALSE,F21,0,FAM,JG074D.141,UNKNOWN,,7.5610447,280,40,0.4420215023533605,1.125687599182129,316227,100000000,100,5.499998947982042,8,2
25279,JG074D,141,HEX,#NAME?,FALSE,F21,0,HEX,JG074D.141,UNKNOWN,,20.091934,281,40,-0.410376169,0.6977556347846985,316227,100000000,100,5.499998947982042,8,2
25280,JG074D,141,FAM,#NAME?,FALSE,F21,0,FAM,JG074D.141,UNKNOWN,,7.5610447,280,41,0.4492986835772687,1.1435704231262207,316227,100000000,100,5.499998947982042,8,2
25281,JG074D,141,HEX,#NAME?,FALSE,F21,0,HEX,JG074D.141,UNKNOWN,,20.091934,281,41,-0.419519201,0.7125600576400757,316227,100000000,100,5.499998947982042,8,2
25282,JG074D,141,FAM,#NAME?,FALSE,F21,0,FAM,JG074D.141,UNKNOWN,,7.5610447,280,42,0.4577737385443572,1.164396882,316227,100000000,100,5.499998947982042,8,2
25283,JG074D,141,HEX,#NAME?,FALSE,F21,0,HEX,JG074D.141,UNKNOWN,,20.091934,281,42,-0.427930039,0.7259435057640076,316227,100000000,100,5.499998947982042,8,2
25284,JG074D,141,FAM,#NAME?,FALSE,F21,0,FAM,JG074D.141,UNKNOWN,,7.5610447,280,43,0.4655808987357559,1.183582067489624,316227,100000000,100,5.499998947982042,8,2
25285,JG074D,141,HEX,#NAME?,FALSE,F21,0,HEX,JG074D.141,UNKNOWN,,20.091934,281,43,-0.436967665,0.7405433654785156,316227,100000000,100,5.499998947982042,8,2
25286,JG074D,141,FAM,#NAME?,FALSE,F21,0,FAM,JG074D.141,UNKNOWN,,7.5610447,280,44,0.4733127703818416,1.2025822401046753,316227,100000000,100,5.499998947982042,8,2
25287,JG074D,141,HEX,#NAME?,FALSE,F21,0,HEX,JG074D.141,UNKNOWN,,20.091934,281,44,-0.448557037,0.7600954174995422,316227,100000000,100,5.499998947982042,8,2
25288,JG074D,141,FAM,#NAME?,FALSE,F21,0,FAM,JG074D.141,UNKNOWN,,7.5610447,280,45,0.4823504519910313,1.2247912883758545,316227,100000000,100,5.499998947982042,8,2
25289,JG074D,141,HEX,#NAME?,FALSE,F21,0,HEX,JG074D.141,UNKNOWN,,20.091934,281,45,-0.46211197,0.7834620475769043,316227,100000000,100,5.499998947982042,8,2
25290,JG074D,141,FAM,#NAME?,FALSE,F21,0,FAM,JG074D.141,UNKNOWN,,7.5610447,280,46,0.4904384889075349,1.2446666955947876,316227,100000000,100,5.499998947982042,8,2
25291,JG074D,141,HEX,#NAME?,FALSE,F21,0,HEX,JG074D.141,UNKNOWN,,20.091934,281,46,-0.476507269,0.8084595799446106,316227,100000000,100,5.499998947982042,8,2
25292,JG074D,141,FAM,#NAME?,FALSE,F21,0,FAM,JG074D.141,UNKNOWN,,7.5610447,280,47,0.4978953051077925,1.262990951538086,316227,100000000,100,5.499998947982042,8,2
25293,JG074D,141,HEX,#NAME?,FALSE,F21,0,HEX,JG074D.141,UNKNOWN,,20.091934,281,47,-0.492023771,0.8356330394744873,316227,100000000,100,5.499998947982042,8,2
25294,JG074D,141,FAM,#NAME?,FALSE,F21,0,FAM,JG074D.141,UNKNOWN,,7.5610447,280,48,0.5030904087770375,1.2757573127746582,316227,100000000,100,5.499998947982042,8,2
25295,JG074D,141,HEX,#NAME?,FALSE,F21,0,HEX,JG074D.141,UNKNOWN,,20.091934,281,48,-0.508327444,0.8643341660499573,316227,100000000,100,5.499998947982042,8,2
25296,JG074D,141,FAM,#NAME?,FALSE,F21,0,FAM,JG074D.141,UNKNOWN,,7.5610447,280,49,0.5095929717718481,1.2917366027832031,316227,100000000,100,5.499998947982042,8,2
25297,JG074D,141,HEX,#NAME?,FALSE,F21,0,HEX,JG074D.141,UNKNOWN,,20.091934,281,49,-0.527430839,0.8984687328338623,316227,100000000,100,5.499998947982042,8,2
25298,JG074D,141,FAM,#NAME?,FALSE,F21,0,FAM,JG074D.141,UNKNOWN,,7.5610447,280,50,0.5140795287317872,1.3027617931365967,316227,100000000,100,5.499998947982042,8,2
25299,JG074D,141,HEX,#NAME?,FALSE,F21,0,HEX,JG074D.141,UNKNOWN,,20.091934,281,50,-0.544622235,0.9288926720619202,316227,100000000,100,5.499998947982042,8,2
29520,JG074D,165,FAM,#NAME?,FALSE,G21,0,FAM,JG074D.165,UNKNOWN,,7.547202,328,1,-0.019802105,-0.009341587,100000,100000000,100,5,8,2
29521,JG074D,165,HEX,#NAME?,FALSE,G21,0,HEX,JG074D.165,UNKNOWN,,21.992643,329,1,0.001453657,0.011585218831896782,100000,100000000,100,5,8,2
29522,JG074D,165,FAM,#NAME?,FALSE,G21,0,FAM,JG074D.165,UNKNOWN,,7.547202,328,2,-0.018552046,-0.006269713,100000,100000000,100,5,8,2
29523,JG074D,165,HEX,#NAME?,FALSE,G21,0,HEX,JG074D.165,UNKNOWN,,21.992643,329,2,0.001388223,0.009084904,100000,100000000,100,5,8,2
29524,JG074D,165,FAM,#NAME?,FALSE,G21,0,FAM,JG074D.165,UNKNOWN,,7.547202,328,3,-0.017225934,-0.003010948,100000,100000000,100,5,8,2
29525,JG074D,165,HEX,#NAME?,FALSE,G21,0,HEX,JG074D.165,UNKNOWN,,21.992643,329,3,0.001389989,0.006454174,100000,100000000,100,5,8,2
29526,JG074D,165,FAM,#NAME?,FALSE,G21,0,FAM,JG074D.165,UNKNOWN,,7.547202,328,4,-0.016607484,-0.001491179,100000,100000000,100,5,8,2
29527,JG074D,165,HEX,#NAME?,FALSE,G21,0,HEX,JG074D.165,UNKNOWN,,21.992643,329,4,0.001508771,0.00359635,100000,100000000,100,5,8,2
29528,JG074D,165,FAM,#NAME?,FALSE,G21,0,FAM,JG074D.165,UNKNOWN,,7.547202,328,5,-0.014168586,0.004502127,100000,100000000,100,5,8,2
29529,JG074D,165,HEX,#NAME?,FALSE,G21,0,HEX,JG074D.165,UNKNOWN,,21.992643,329,5,0.001317568,0.001340116,100000,100000000,100,5,8,2
29530,JG074D,165,FAM,#NAME?,FALSE,G21,0,FAM,JG074D.165,UNKNOWN,,7.547202,328,6,-0.010445841,0.013650338165462017,100000,100000000,100,5,8,2
29531,JG074D,165,HEX,#NAME?,FALSE,G21,0,HEX,JG074D.165,UNKNOWN,,21.992643,329,6,0.000293079,0.000701046,100000,100000000,100,5,8,2
29532,JG074D,165,FAM,#NAME?,FALSE,G21,0,FAM,JG074D.165,UNKNOWN,,7.547202,328,7,-0.004398466,0.028511056676506996,100000,100000000,100,5,8,2
29533,JG074D,165,HEX,#NAME?,FALSE,G21,0,HEX,JG074D.165,UNKNOWN,,21.992643,329,7,-0.000273419,-0.000826849,100000,100000000,100,5,8,2
29534,JG074D,165,FAM,#NAME?,FALSE,G21,0,FAM,JG074D.165,UNKNOWN,,7.547202,328,8,0.005280757,0.05229662,100000,100000000,100,5,8,2
29535,JG074D,165,HEX,#NAME?,FALSE,G21,0,HEX,JG074D.165,UNKNOWN,,21.992643,329,8,-0.000966439,-0.002109203,100000,100000000,100,5,8,2
29536,JG074D,165,FAM,#NAME?,FALSE,G21,0,FAM,JG074D.165,UNKNOWN,,7.547202,328,9,0.018780752,0.08547128,100000,100000000,100,5,8,2
29537,JG074D,165,HEX,#NAME?,FALSE,G21,0,HEX,JG074D.165,UNKNOWN,,21.992643,329,9,-0.001089798,-0.004497104,100000,100000000,100,5,8,2
29538,JG074D,165,FAM,#NAME?,FALSE,G21,0,FAM,JG074D.165,UNKNOWN,,7.547202,328,10,0.038784802250968635,0.13462890684604645,100000,100000000,100,5,8,2
29539,JG074D,165,HEX,#NAME?,FALSE,G21,0,HEX,JG074D.165,UNKNOWN,,21.992643,329,10,-0.002179751,-0.005009127,100000,100000000,100,5,8,2
29540,JG074D,165,FAM,#NAME?,FALSE,G21,0,FAM,JG074D.165,UNKNOWN,,7.547202,328,11,0.064807133,0.19857574999332428,100000,100000000,100,5,8,2
29541,JG074D,165,HEX,#NAME?,FALSE,G21,0,HEX,JG074D.165,UNKNOWN,,21.992643,329,11,-0.004891435,-0.002373846,100000,100000000,100,5,8,2
29542,JG074D,165,FAM,#NAME?,FALSE,G21,0,FAM,JG074D.165,UNKNOWN,,7.547202,328,12,0.095119553,0.2730649709701538,100000,100000000,100,5,8,2
29543,JG074D,165,HEX,#NAME?,FALSE,G21,0,HEX,JG074D.165,UNKNOWN,,21.992643,329,12,-0.006049294,-0.002754084,100000,100000000,100,5,8,2
29544,JG074D,165,FAM,#NAME?,FALSE,G21,0,FAM,JG074D.165,UNKNOWN,,7.547202,328,13,0.1277811747283671,0.35332709550857544,100000,100000000,100,5,8,2
29545,JG074D,165,HEX,#NAME?,FALSE,G21,0,HEX,JG074D.165,UNKNOWN,,21.992643,329,13,-0.007186207,-0.003174971,100000,100000000,100,5,8,2
29546,JG074D,165,FAM,#NAME?,FALSE,G21,0,FAM,JG074D.165,UNKNOWN,,7.547202,328,14,0.16050362852237593,0.43373870849609375,100000,100000000,100,5,8,2
29547,JG074D,165,HEX,#NAME?,FALSE,G21,0,HEX,JG074D.165,UNKNOWN,,21.992643,329,14,-0.009717714,-0.000889361,100000,100000000,100,5,8,2
29548,JG074D,165,FAM,#NAME?,FALSE,G21,0,FAM,JG074D.165,UNKNOWN,,7.547202,328,15,0.19061785813642151,0.5077409148216248,100000,100000000,100,5,8,2
29549,JG074D,165,HEX,#NAME?,FALSE,G21,0,HEX,JG074D.165,UNKNOWN,,21.992643,329,15,-0.010938166,-0.001148124,100000,100000000,100,5,8,2
29550,JG074D,165,FAM,#NAME?,FALSE,G21,0,FAM,JG074D.165,UNKNOWN,,7.547202,328,16,0.21911161338712257,0.5777609944343567,100000,100000000,100,5,8,2
29551,JG074D,165,HEX,#NAME?,FALSE,G21,0,HEX,JG074D.165,UNKNOWN,,21.992643,329,16,-0.013029803,0.000283828,100000,100000000,100,5,8,2
29552,JG074D,165,FAM,#NAME?,FALSE,G21,0,FAM,JG074D.165,UNKNOWN,,7.547202,328,17,0.2433861054180103,0.6374127268791199,100000,100000000,100,5,8,2
29553,JG074D,165,HEX,#NAME?,FALSE,G21,0,HEX,JG074D.165,UNKNOWN,,21.992643,329,17,-0.014393546,0.000303151,100000,100000000,100,5,8,2
29554,JG074D,165,FAM,#NAME?,FALSE,G21,0,FAM,JG074D.165,UNKNOWN,,7.547202,328,18,0.2643707984869446,0.6889801621437073,100000,100000000,100,5,8,2
29555,JG074D,165,HEX,#NAME?,FALSE,G21,0,HEX,JG074D.165,UNKNOWN,,21.992643,329,18,-0.017131827,0.002990049,100000,100000000,100,5,8,2
29556,JG074D,165,FAM,#NAME?,FALSE,G21,0,FAM,JG074D.165,UNKNOWN,,7.547202,328,19,0.2824828842754284,0.7334885001182556,100000,100000000,100,5,8,2
29557,JG074D,165,HEX,#NAME?,FALSE,G21,0,HEX,JG074D.165,UNKNOWN,,21.992643,329,19,-0.020610565,0.007113956,100000,100000000,100,5,8,2
29558,JG074D,165,FAM,#NAME?,FALSE,G21,0,FAM,JG074D.165,UNKNOWN,,7.547202,328,20,0.2975557771748243,0.7705283761024475,100000,100000000,100,5,8,2
29559,JG074D,165,HEX,#NAME?,FALSE,G21,0,HEX,JG074D.165,UNKNOWN,,21.992643,329,20,-0.024746281,0.012512865476310253,100000,100000000,100,5,8,2
29560,JG074D,165,FAM,#NAME?,FALSE,G21,0,FAM,JG074D.165,UNKNOWN,,7.547202,328,21,0.31126052391219394,0.8042061924934387,100000,100000000,100,5,8,2
29561,JG074D,165,HEX,#NAME?,FALSE,G21,0,HEX,JG074D.165,UNKNOWN,,21.992643,329,21,-0.03098681,0.021996600553393364,100000,100000000,100,5,8,2
29562,JG074D,165,FAM,#NAME?,FALSE,G21,0,FAM,JG074D.165,UNKNOWN,,7.547202,328,22,0.32293495396980315,0.8328947424888611,100000,100000000,100,5,8,2
29563,JG074D,165,HEX,#NAME?,FALSE,G21,0,HEX,JG074D.165,UNKNOWN,,21.992643,329,22,-0.041843174,0.040438317,100000,100000000,100,5,8,2
29564,JG074D,165,FAM,#NAME?,FALSE,G21,0,FAM,JG074D.165,UNKNOWN,,7.547202,328,23,0.3330507850117139,0.8577532172203064,100000,100000000,100,5,8,2
29565,JG074D,165,HEX,#NAME?,FALSE,G21,0,HEX,JG074D.165,UNKNOWN,,21.992643,329,23,-0.057379071,0.067961641,100000,100000000,100,5,8,2
29566,JG074D,165,FAM,#NAME?,FALSE,G21,0,FAM,JG074D.165,UNKNOWN,,7.547202,328,24,0.3420156521192832,0.8797833323478699,100000,100000000,100,5,8,2
29567,JG074D,165,HEX,#NAME?,FALSE,G21,0,HEX,JG074D.165,UNKNOWN,,21.992643,329,24,-0.079415835,0.10810123383998871,100000,100000000,100,5,8,2
29568,JG074D,165,FAM,#NAME?,FALSE,G21,0,FAM,JG074D.165,UNKNOWN,,7.547202,328,25,0.3480772532088775,0.8946790099143982,100000,100000000,100,5,8,2
29569,JG074D,165,HEX,#NAME?,FALSE,G21,0,HEX,JG074D.165,UNKNOWN,,21.992643,329,25,-0.105106339,0.15533167123794556,100000,100000000,100,5,8,2
29570,JG074D,165,FAM,#NAME?,FALSE,G21,0,FAM,JG074D.165,UNKNOWN,,7.547202,328,26,0.35591900150131245,0.913949192,100000,100000000,100,5,8,2
29571,JG074D,165,HEX,#NAME?,FALSE,G21,0,HEX,JG074D.165,UNKNOWN,,21.992643,329,26,-0.134608522,0.20995944738388062,100000,100000000,100,5,8,2
29572,JG074D,165,FAM,#NAME?,FALSE,G21,0,FAM,JG074D.165,UNKNOWN,,7.547202,328,27,0.363364515,0.932245672,100000,100000000,100,5,8,2
29573,JG074D,165,HEX,#NAME?,FALSE,G21,0,HEX,JG074D.165,UNKNOWN,,21.992643,329,27,-0.166979409,0.27015456557273865,100000,100000000,100,5,8,2
29574,JG074D,165,FAM,#NAME?,FALSE,G21,0,FAM,JG074D.165,UNKNOWN,,7.547202,328,28,0.3702916915250325,0.9492684006690979,100000,100000000,100,5,8,2
29575,JG074D,165,HEX,#NAME?,FALSE,G21,0,HEX,JG074D.165,UNKNOWN,,21.992643,329,28,-0.197801723,0.3273443281650543,100000,100000000,100,5,8,2
29576,JG074D,165,FAM,#NAME?,FALSE,G21,0,FAM,JG074D.165,UNKNOWN,,7.547202,328,29,0.37617981849217863,0.9637377858161926,100000,100000000,100,5,8,2
29577,JG074D,165,HEX,#NAME?,FALSE,G21,0,HEX,JG074D.165,UNKNOWN,,21.992643,329,29,-0.223499474,0.37458881735801697,100000,100000000,100,5,8,2
29578,JG074D,165,FAM,#NAME?,FALSE,G21,0,FAM,JG074D.165,UNKNOWN,,7.547202,328,30,0.3833820992560589,0.981436551,100000,100000000,100,5,8,2
29579,JG074D,165,HEX,#NAME?,FALSE,G21,0,HEX,JG074D.165,UNKNOWN,,21.992643,329,30,-0.251213556,0.42574644088745117,100000,100000000,100,5,8,2
29580,JG074D,165,FAM,#NAME?,FALSE,G21,0,FAM,JG074D.165,UNKNOWN,,7.547202,328,31,0.39088732909563506,0.999879777,100000,100000000,100,5,8,2
29581,JG074D,165,HEX,#NAME?,FALSE,G21,0,HEX,JG074D.165,UNKNOWN,,21.992643,329,31,-0.27410879,0.4675520658493042,100000,100000000,100,5,8,2
29582,JG074D,165,FAM,#NAME?,FALSE,G21,0,FAM,JG074D.165,UNKNOWN,,7.547202,328,32,0.3973961499656683,1.0158745050430298,100000,100000000,100,5,8,2
29583,JG074D,165,HEX,#NAME?,FALSE,G21,0,HEX,JG074D.165,UNKNOWN,,21.992643,329,32,-0.293016544,0.5016191601753235,100000,100000000,100,5,8,2
29584,JG074D,165,FAM,#NAME?,FALSE,G21,0,FAM,JG074D.165,UNKNOWN,,7.547202,328,33,0.40480785125153085,1.034087896347046,100000,100000000,100,5,8,2
29585,JG074D,165,HEX,#NAME?,FALSE,G21,0,HEX,JG074D.165,UNKNOWN,,21.992643,329,33,-0.31100067,0.5338937640190125,100000,100000000,100,5,8,2
29586,JG074D,165,FAM,#NAME?,FALSE,G21,0,FAM,JG074D.165,UNKNOWN,,7.547202,328,34,0.41332918538886976,1.0550280809402466,100000,100000000,100,5,8,2
29587,JG074D,165,HEX,#NAME?,FALSE,G21,0,HEX,JG074D.165,UNKNOWN,,21.992643,329,34,-0.325690014,0.5597742199897766,100000,100000000,100,5,8,2
29588,JG074D,165,FAM,#NAME?,FALSE,G21,0,FAM,JG074D.165,UNKNOWN,,7.547202,328,35,0.4205716329797598,1.072825551,100000,100000000,100,5,8,2
29589,JG074D,165,HEX,#NAME?,FALSE,G21,0,HEX,JG074D.165,UNKNOWN,,21.992643,329,35,-0.339313898,0.5835868716239929,100000,100000000,100,5,8,2
29590,JG074D,165,FAM,#NAME?,FALSE,G21,0,FAM,JG074D.165,UNKNOWN,,7.547202,328,36,0.4270370368085204,1.088713526725769,100000,100000000,100,5,8,2
29591,JG074D,165,HEX,#NAME?,FALSE,G21,0,HEX,JG074D.165,UNKNOWN,,21.992643,329,36,-0.349919169,0.601541281,100000,100000000,100,5,8,2
29592,JG074D,165,FAM,#NAME?,FALSE,G21,0,FAM,JG074D.165,UNKNOWN,,7.547202,328,37,0.43470400119066993,1.1075541973114014,100000,100000000,100,5,8,2
29593,JG074D,165,HEX,#NAME?,FALSE,G21,0,HEX,JG074D.165,UNKNOWN,,21.992643,329,37,-0.359222153,0.6169683337211609,100000,100000000,100,5,8,2
29594,JG074D,165,FAM,#NAME?,FALSE,G21,0,FAM,JG074D.165,UNKNOWN,,7.547202,328,38,0.4409542602394927,1.1229134798049927,100000,100000000,100,5,8,2
29595,JG074D,165,HEX,#NAME?,FALSE,G21,0,HEX,JG074D.165,UNKNOWN,,21.992643,329,38,-0.367739626,0.6308709383010864,100000,100000000,100,5,8,2
29596,JG074D,165,FAM,#NAME?,FALSE,G21,0,FAM,JG074D.165,UNKNOWN,,7.547202,328,39,0.4492300819233332,1.1432503461837769,100000,100000000,100,5,8,2
29597,JG074D,165,HEX,#NAME?,FALSE,G21,0,HEX,JG074D.165,UNKNOWN,,21.992643,329,39,-0.375567657,0.643435538,100000,100000000,100,5,8,2
29598,JG074D,165,FAM,#NAME?,FALSE,G21,0,FAM,JG074D.165,UNKNOWN,,7.547202,328,40,0.4559410467162528,1.159741759300232,100000,100000000,100,5,8,2
29599,JG074D,165,HEX,#NAME?,FALSE,G21,0,HEX,JG074D.165,UNKNOWN,,21.992643,329,40,-0.38438931,0.6579285264015198,100000,100000000,100,5,8,2
29600,JG074D,165,FAM,#NAME?,FALSE,G21,0,FAM,JG074D.165,UNKNOWN,,7.547202,328,41,0.4641472070914145,1.1799074411392212,100000,100000000,100,5,8,2
29601,JG074D,165,HEX,#NAME?,FALSE,G21,0,HEX,JG074D.165,UNKNOWN,,21.992643,329,41,-0.392709422,0.6714481115341187,100000,100000000,100,5,8,2
29602,JG074D,165,FAM,#NAME?,FALSE,G21,0,FAM,JG074D.165,UNKNOWN,,7.547202,328,42,0.47180980551410645,1.198737382888794,100000,100000000,100,5,8,2
29603,JG074D,165,HEX,#NAME?,FALSE,G21,0,HEX,JG074D.165,UNKNOWN,,21.992643,329,42,-0.40145116,0.6857859492301941,100000,100000000,100,5,8,2
29604,JG074D,165,FAM,#NAME?,FALSE,G21,0,FAM,JG074D.165,UNKNOWN,,7.547202,328,43,0.4797843759953734,1.2183339595794678,100000,100000000,100,5,8,2
29605,JG074D,165,HEX,#NAME?,FALSE,G21,0,HEX,JG074D.165,UNKNOWN,,21.992643,329,43,-0.411104578,0.7018930912017822,100000,100000000,100,5,8,2
29606,JG074D,165,FAM,#NAME?,FALSE,G21,0,FAM,JG074D.165,UNKNOWN,,7.547202,328,44,0.4889401810632212,1.2408332824707031,100000,100000000,100,5,8,2
29607,JG074D,165,HEX,#NAME?,FALSE,G21,0,HEX,JG074D.165,UNKNOWN,,21.992643,329,44,-0.421154684,0.7187700867652893,100000,100000000,100,5,8,2
29608,JG074D,165,FAM,#NAME?,FALSE,G21,0,FAM,JG074D.165,UNKNOWN,,7.547202,328,45,0.4976847127501641,1.262321949005127,100000,100000000,100,5,8,2
29609,JG074D,165,HEX,#NAME?,FALSE,G21,0,HEX,JG074D.165,UNKNOWN,,21.992643,329,45,-0.431427457,0.736079216,100000,100000000,100,5,8,2
29610,JG074D,165,FAM,#NAME?,FALSE,G21,0,FAM,JG074D.165,UNKNOWN,,7.547202,328,46,0.5074890568401063,1.2864149808883667,100000,100000000,100,5,8,2
29611,JG074D,165,HEX,#NAME?,FALSE,G21,0,HEX,JG074D.165,UNKNOWN,,21.992643,329,46,-0.444742646,0.7592928409576416,100000,100000000,100,5,8,2
29612,JG074D,165,FAM,#NAME?,FALSE,G21,0,FAM,JG074D.165,UNKNOWN,,7.547202,328,47,0.5154621234908934,1.3060078620910645,100000,100000000,100,5,8,2
29613,JG074D,165,HEX,#NAME?,FALSE,G21,0,HEX,JG074D.165,UNKNOWN,,21.992643,329,47,-0.459862031,0.786007822,100000,100000000,100,5,8,2
29614,JG074D,165,FAM,#NAME?,FALSE,G21,0,FAM,JG074D.165,UNKNOWN,,7.547202,328,48,0.522851316,1.324165940284729,100000,100000000,100,5,8,2
29615,JG074D,165,HEX,#NAME?,FALSE,G21,0,HEX,JG074D.165,UNKNOWN,,21.992643,329,48,-0.475799791,0.8143110275268555,100000,100000000,100,5,8,2
29616,JG074D,165,FAM,#NAME?,FALSE,G21,0,FAM,JG074D.165,UNKNOWN,,7.547202,328,49,0.5314722423538516,1.3453508615493774,100000,100000000,100,5,8,2
29617,JG074D,165,HEX,#NAME?,FALSE,G21,0,HEX,JG074D.165,UNKNOWN,,21.992643,329,49,-0.492546343,0.8441838622093201,100000,100000000,100,5,8,2
29618,JG074D,165,FAM,#NAME?,FALSE,G21,0,FAM,JG074D.165,UNKNOWN,,7.547202,328,50,0.5362035355967187,1.3569774627685547,100000,100000000,100,5,8,2
29619,JG074D,165,HEX,#NAME?,FALSE,G21,0,HEX,JG074D.165,UNKNOWN,,21.992643,329,50,-0.508658183,0.8728249073028564,100000,100000000,100,5,8,2
37800,JG074D,213,FAM,#NAME?,FALSE,I21,0,FAM,JG074D.213,UNKNOWN,,7.6160283,420,1,-0.019419463,-0.008608798,10000,100000000,100,4,8,2
37801,JG074D,213,HEX,#NAME?,FALSE,I21,0,HEX,JG074D.213,UNKNOWN,,25.928898,421,1,0.002728359,0.008684266,10000,100000000,100,4,8,2
37802,JG074D,213,FAM,#NAME?,FALSE,I21,0,FAM,JG074D.213,UNKNOWN,,7.6160283,420,2,-0.018543373,-0.006455908,10000,100000000,100,4,8,2
37803,JG074D,213,HEX,#NAME?,FALSE,I21,0,HEX,JG074D.213,UNKNOWN,,25.928898,421,2,0.002462401,0.006739788,10000,100000000,100,4,8,2
37804,JG074D,213,FAM,#NAME?,FALSE,I21,0,FAM,JG074D.213,UNKNOWN,,7.6160283,420,3,-0.017309165,-0.003422986,10000,100000000,100,4,8,2
37805,JG074D,213,HEX,#NAME?,FALSE,I21,0,HEX,JG074D.213,UNKNOWN,,25.928898,421,3,0.002257546,0.004676727,10000,100000000,100,4,8,2
37806,JG074D,213,FAM,#NAME?,FALSE,I21,0,FAM,JG074D.213,UNKNOWN,,7.6160283,420,4,-0.016379434,-0.00113828,10000,100000000,100,4,8,2
37807,JG074D,213,HEX,#NAME?,FALSE,I21,0,HEX,JG074D.213,UNKNOWN,,25.928898,421,4,0.002000833,0.002714308,10000,100000000,100,4,8,2
37808,JG074D,213,FAM,#NAME?,FALSE,I21,0,FAM,JG074D.213,UNKNOWN,,7.6160283,420,5,-0.014060078,0.004561265,10000,100000000,100,4,8,2
37809,JG074D,213,HEX,#NAME?,FALSE,I21,0,HEX,JG074D.213,UNKNOWN,,25.928898,421,5,0.001078941,0.002042807,10000,100000000,100,4,8,2
37810,JG074D,213,FAM,#NAME?,FALSE,I21,0,FAM,JG074D.213,UNKNOWN,,7.6160283,420,6,-0.010729676,0.01274534,10000,100000000,100,4,8,2
37811,JG074D,213,HEX,#NAME?,FALSE,I21,0,HEX,JG074D.213,UNKNOWN,,25.928898,421,6,0.00026783,0.001156311,10000,100000000,100,4,8,2
37812,JG074D,213,FAM,#NAME?,FALSE,I21,0,FAM,JG074D.213,UNKNOWN,,7.6160283,420,7,-0.005220684,0.026283046,10000,100000000,100,4,8,2
37813,JG074D,213,HEX,#NAME?,FALSE,I21,0,HEX,JG074D.213,UNKNOWN,,25.928898,421,7,-0.000696293,0.000566766,10000,100000000,100,4,8,2
37814,JG074D,213,FAM,#NAME?,FALSE,I21,0,FAM,JG074D.213,UNKNOWN,,7.6160283,420,8,0.004448534,0.050044018775224686,10000,100000000,100,4,8,2
37815,JG074D,213,HEX,#NAME?,FALSE,I21,0,HEX,JG074D.213,UNKNOWN,,25.928898,421,8,-0.00119788,-0.000920425,10000,100000000,100,4,8,2
37816,JG074D,213,FAM,#NAME?,FALSE,I21,0,FAM,JG074D.213,UNKNOWN,,7.6160283,420,9,0.019403315266149215,0.086793654,10000,100000000,100,4,8,2
37817,JG074D,213,HEX,#NAME?,FALSE,I21,0,HEX,JG074D.213,UNKNOWN,,25.928898,421,9,-0.001324939,-0.003134464,10000,100000000,100,4,8,2
37818,JG074D,213,FAM,#NAME?,FALSE,I21,0,FAM,JG074D.213,UNKNOWN,,7.6160283,420,10,0.039847187,0.13703207671642303,10000,100000000,100,4,8,2
37819,JG074D,213,HEX,#NAME?,FALSE,I21,0,HEX,JG074D.213,UNKNOWN,,25.928898,421,10,-0.002386037,-0.003535808,10000,100000000,100,4,8,2
37820,JG074D,213,FAM,#NAME?,FALSE,I21,0,FAM,JG074D.213,UNKNOWN,,7.6160283,420,11,0.066302573,0.2020431011915207,10000,100000000,100,4,8,2
37821,JG074D,213,HEX,#NAME?,FALSE,I21,0,HEX,JG074D.213,UNKNOWN,,25.928898,421,11,-0.004417923,-0.002053138,10000,100000000,100,4,8,2
37822,JG074D,213,FAM,#NAME?,FALSE,I21,0,FAM,JG074D.213,UNKNOWN,,7.6160283,420,12,0.097060588,0.2776273488998413,10000,100000000,100,4,8,2
37823,JG074D,213,HEX,#NAME?,FALSE,I21,0,HEX,JG074D.213,UNKNOWN,,25.928898,421,12,-0.005499031,-0.002415649,10000,100000000,100,4,8,2
37824,JG074D,213,FAM,#NAME?,FALSE,I21,0,FAM,JG074D.213,UNKNOWN,,7.6160283,420,13,0.12921202243522853,0.3566357493400574,10000,100000000,100,4,8,2
37825,JG074D,213,HEX,#NAME?,FALSE,I21,0,HEX,JG074D.213,UNKNOWN,,25.928898,421,13,-0.005947485,-0.004005956,10000,100000000,100,4,8,2
37826,JG074D,213,FAM,#NAME?,FALSE,I21,0,FAM,JG074D.213,UNKNOWN,,7.6160283,420,14,0.16145565175339152,0.4358707070350647,10000,100000000,100,4,8,2
37827,JG074D,213,HEX,#NAME?,FALSE,I21,0,HEX,JG074D.213,UNKNOWN,,25.928898,421,14,-0.008092148,-0.002304418,10000,100000000,100,4,8,2
37828,JG074D,213,FAM,#NAME?,FALSE,I21,0,FAM,JG074D.213,UNKNOWN,,7.6160283,420,15,0.19222196166775826,0.5114753246307373,10000,100000000,100,4,8,2
37829,JG074D,213,HEX,#NAME?,FALSE,I21,0,HEX,JG074D.213,UNKNOWN,,25.928898,421,15,-0.010413164,-0.000260629,10000,100000000,100,4,8,2
37830,JG074D,213,FAM,#NAME?,FALSE,I21,0,FAM,JG074D.213,UNKNOWN,,7.6160283,420,16,0.22136706955887084,0.5830960273742676,10000,100000000,100,4,8,2
37831,JG074D,213,HEX,#NAME?,FALSE,I21,0,HEX,JG074D.213,UNKNOWN,,25.928898,421,16,-0.011804856,-2.04E-05,10000,100000000,100,4,8,2
37832,JG074D,213,FAM,#NAME?,FALSE,I21,0,FAM,JG074D.213,UNKNOWN,,7.6160283,420,17,0.24616683502316708,0.6440385580062866,10000,100000000,100,4,8,2
37833,JG074D,213,HEX,#NAME?,FALSE,I21,0,HEX,JG074D.213,UNKNOWN,,25.928898,421,17,-0.01353445,0.000875623,10000,100000000,100,4,8,2
37834,JG074D,213,FAM,#NAME?,FALSE,I21,0,FAM,JG074D.213,UNKNOWN,,7.6160283,420,18,0.2681071395960462,0.6979542970657349,10000,100000000,100,4,8,2
37835,JG074D,213,HEX,#NAME?,FALSE,I21,0,HEX,JG074D.213,UNKNOWN,,25.928898,421,18,-0.014321636,-5.73E-05,10000,100000000,100,4,8,2
37836,JG074D,213,FAM,#NAME?,FALSE,I21,0,FAM,JG074D.213,UNKNOWN,,7.6160283,420,19,0.28555613316424355,0.7408331632614136,10000,100000000,100,4,8,2
37837,JG074D,213,HEX,#NAME?,FALSE,I21,0,HEX,JG074D.213,UNKNOWN,,25.928898,421,19,-0.015597079,-4.27E-05,10000,100000000,100,4,8,2
37838,JG074D,213,FAM,#NAME?,FALSE,I21,0,FAM,JG074D.213,UNKNOWN,,7.6160283,420,20,0.3009662236657472,0.778701663,10000,100000000,100,4,8,2
37839,JG074D,213,HEX,#NAME?,FALSE,I21,0,HEX,JG074D.213,UNKNOWN,,25.928898,421,20,-0.016615395,-0.00052704,10000,100000000,100,4,8,2
37840,JG074D,213,FAM,#NAME?,FALSE,I21,0,FAM,JG074D.213,UNKNOWN,,7.6160283,420,21,0.31640522652099223,0.8166412115097046,10000,100000000,100,4,8,2
37841,JG074D,213,HEX,#NAME?,FALSE,I21,0,HEX,JG074D.213,UNKNOWN,,25.928898,421,21,-0.018758184,0.001170863,10000,100000000,100,4,8,2
37842,JG074D,213,FAM,#NAME?,FALSE,I21,0,FAM,JG074D.213,UNKNOWN,,7.6160283,420,22,0.32861215810044525,0.8466383218765259,10000,100000000,100,4,8,2
37843,JG074D,213,HEX,#NAME?,FALSE,I21,0,HEX,JG074D.213,UNKNOWN,,25.928898,421,22,-0.020315019,0.001731598,10000,100000000,100,4,8,2
37844,JG074D,213,FAM,#NAME?,FALSE,I21,0,FAM,JG074D.213,UNKNOWN,,7.6160283,420,23,0.33896850499780856,0.872087836,10000,100000000,100,4,8,2
37845,JG074D,213,HEX,#NAME?,FALSE,I21,0,HEX,JG074D.213,UNKNOWN,,25.928898,421,23,-0.022928452,0.004342882,10000,100000000,100,4,8,2
37846,JG074D,213,FAM,#NAME?,FALSE,I21,0,FAM,JG074D.213,UNKNOWN,,7.6160283,420,24,0.3491254245692813,0.8970472812652588,10000,100000000,100,4,8,2
37847,JG074D,213,HEX,#NAME?,FALSE,I21,0,HEX,JG074D.213,UNKNOWN,,25.928898,421,24,-0.026714072,0.009229037,10000,100000000,100,4,8,2
37848,JG074D,213,FAM,#NAME?,FALSE,I21,0,FAM,JG074D.213,UNKNOWN,,7.6160283,420,25,0.35929165818759695,0.9220296144485474,10000,100000000,100,4,8,2
37849,JG074D,213,HEX,#NAME?,FALSE,I21,0,HEX,JG074D.213,UNKNOWN,,25.928898,421,25,-0.034621112,0.022113658487796783,10000,100000000,100,4,8,2
37850,JG074D,213,FAM,#NAME?,FALSE,I21,0,FAM,JG074D.213,UNKNOWN,,7.6160283,420,26,0.36884660897118954,0.9455097913742065,10000,100000000,100,4,8,2
37851,JG074D,213,HEX,#NAME?,FALSE,I21,0,HEX,JG074D.213,UNKNOWN,,25.928898,421,26,-0.046842033,0.043370258,10000,100000000,100,4,8,2
37852,JG074D,213,FAM,#NAME?,FALSE,I21,0,FAM,JG074D.213,UNKNOWN,,7.6160283,420,27,0.3781065179167705,0.9682649374008179,10000,100000000,100,4,8,2
37853,JG074D,213,HEX,#NAME?,FALSE,I21,0,HEX,JG074D.213,UNKNOWN,,25.928898,421,27,-0.061148034,0.068673387,10000,100000000,100,4,8,2
37854,JG074D,213,FAM,#NAME?,FALSE,I21,0,FAM,JG074D.213,UNKNOWN,,7.6160283,420,28,0.3870304420267597,0.9901944398880005,10000,100000000,100,4,8,2
37855,JG074D,213,HEX,#NAME?,FALSE,I21,0,HEX,JG074D.213,UNKNOWN,,25.928898,421,28,-0.083828017,0.11022796481847763,10000,100000000,100,4,8,2
37856,JG074D,213,FAM,#NAME?,FALSE,I21,0,FAM,JG074D.213,UNKNOWN,,7.6160283,420,29,0.3970810262301099,1.014892578,10000,100000000,100,4,8,2
37857,JG074D,213,HEX,#NAME?,FALSE,I21,0,HEX,JG074D.213,UNKNOWN,,25.928898,421,29,-0.110985397,0.1604718565940857,10000,100000000,100,4,8,2
37858,JG074D,213,FAM,#NAME?,FALSE,I21,0,FAM,JG074D.213,UNKNOWN,,7.6160283,420,30,0.4058311366430264,1.0363949537277222,10000,100000000,100,4,8,2
37859,JG074D,213,HEX,#NAME?,FALSE,I21,0,HEX,JG074D.213,UNKNOWN,,25.928898,421,30,-0.140718971,0.21571537852287292,10000,100000000,100,4,8,2
37860,JG074D,213,FAM,#NAME?,FALSE,I21,0,FAM,JG074D.213,UNKNOWN,,7.6160283,420,31,0.4152484141717231,1.0595368146896362,10000,100000000,100,4,8,2
37861,JG074D,213,HEX,#NAME?,FALSE,I21,0,HEX,JG074D.213,UNKNOWN,,25.928898,421,31,-0.169650479,0.26940232515335083,10000,100000000,100,4,8,2
37862,JG074D,213,FAM,#NAME?,FALSE,I21,0,FAM,JG074D.213,UNKNOWN,,7.6160283,420,32,0.4230098773207991,1.0786097049713135,10000,100000000,100,4,8,2
37863,JG074D,213,HEX,#NAME?,FALSE,I21,0,HEX,JG074D.213,UNKNOWN,,25.928898,421,32,-0.1983443,0.322627991,10000,100000000,100,4,8,2
37864,JG074D,213,FAM,#NAME?,FALSE,I21,0,FAM,JG074D.213,UNKNOWN,,7.6160283,420,33,0.43235079906964863,1.1015639305114746,10000,100000000,100,4,8,2
37865,JG074D,213,HEX,#NAME?,FALSE,I21,0,HEX,JG074D.213,UNKNOWN,,25.928898,421,33,-0.225735282,0.3733252286911011,10000,100000000,100,4,8,2
37866,JG074D,213,FAM,#NAME?,FALSE,I21,0,FAM,JG074D.213,UNKNOWN,,7.6160283,420,34,0.4415792731071349,1.124241828918457,10000,100000000,100,4,8,2
37867,JG074D,213,HEX,#NAME?,FALSE,I21,0,HEX,JG074D.213,UNKNOWN,,25.928898,421,34,-0.251652845,0.42116302251815796,10000,100000000,100,4,8,2
37868,JG074D,213,FAM,#NAME?,FALSE,I21,0,FAM,JG074D.213,UNKNOWN,,7.6160283,420,35,0.450455802,1.1460548639297485,10000,100000000,100,4,8,2
37869,JG074D,213,HEX,#NAME?,FALSE,I21,0,HEX,JG074D.213,UNKNOWN,,25.928898,421,35,-0.273664317,0.4614202082157135,10000,100000000,100,4,8,2
37870,JG074D,213,FAM,#NAME?,FALSE,I21,0,FAM,JG074D.213,UNKNOWN,,7.6160283,420,36,0.4601066586613566,1.1697707176208496,10000,100000000,100,4,8,2
37871,JG074D,213,HEX,#NAME?,FALSE,I21,0,HEX,JG074D.213,UNKNOWN,,25.928898,421,36,-0.291951794,0.4944502115249634,10000,100000000,100,4,8,2
37872,JG074D,213,FAM,#NAME?,FALSE,I21,0,FAM,JG074D.213,UNKNOWN,,7.6160283,420,37,0.4700364513197135,1.1941720247268677,10000,100000000,100,4,8,2
37873,JG074D,213,HEX,#NAME?,FALSE,I21,0,HEX,JG074D.213,UNKNOWN,,25.928898,421,37,-0.308558142,0.5242176651954651,10000,100000000,100,4,8,2
37874,JG074D,213,FAM,#NAME?,FALSE,I21,0,FAM,JG074D.213,UNKNOWN,,7.6160283,420,38,0.47921922831487707,1.2167376279830933,10000,100000000,100,4,8,2
37875,JG074D,213,HEX,#NAME?,FALSE,I21,0,HEX,JG074D.213,UNKNOWN,,25.928898,421,38,-0.324903431,0.5534784197807312,10000,100000000,100,4,8,2
37876,JG074D,213,FAM,#NAME?,FALSE,I21,0,FAM,JG074D.213,UNKNOWN,,7.6160283,420,39,0.489463952,1.241912841796875,10000,100000000,100,4,8,2
37877,JG074D,213,HEX,#NAME?,FALSE,I21,0,HEX,JG074D.213,UNKNOWN,,25.928898,421,39,-0.33863008,0.5776572227478027,10000,100000000,100,4,8,2
37878,JG074D,213,FAM,#NAME?,FALSE,I21,0,FAM,JG074D.213,UNKNOWN,,7.6160283,420,40,0.4992337566816746,1.2659209966659546,10000,100000000,100,4,8,2
37879,JG074D,213,HEX,#NAME?,FALSE,I21,0,HEX,JG074D.213,UNKNOWN,,25.928898,421,40,-0.352153379,0.6014413237571716,10000,100000000,100,4,8,2
37880,JG074D,213,FAM,#NAME?,FALSE,I21,0,FAM,JG074D.213,UNKNOWN,,7.6160283,420,41,0.5090771518534318,1.2901099920272827,10000,100000000,100,4,8,2
37881,JG074D,213,HEX,#NAME?,FALSE,I21,0,HEX,JG074D.213,UNKNOWN,,25.928898,421,41,-0.363788759,0.621561587,10000,100000000,100,4,8,2
37882,JG074D,213,FAM,#NAME?,FALSE,I21,0,FAM,JG074D.213,UNKNOWN,,7.6160283,420,42,0.5193960485207811,1.3154674768447876,10000,100000000,100,4,8,2
37883,JG074D,213,HEX,#NAME?,FALSE,I21,0,HEX,JG074D.213,UNKNOWN,,25.928898,421,42,-0.374478429,0.6398464441299438,10000,100000000,100,4,8,2
37884,JG074D,213,FAM,#NAME?,FALSE,I21,0,FAM,JG074D.213,UNKNOWN,,7.6160283,420,43,0.5298365129036939,1.3411237001419067,10000,100000000,100,4,8,2
37885,JG074D,213,HEX,#NAME?,FALSE,I21,0,HEX,JG074D.213,UNKNOWN,,25.928898,421,43,-0.386896189,0.6614850759506226,10000,100000000,100,4,8,2
37886,JG074D,213,FAM,#NAME?,FALSE,I21,0,FAM,JG074D.213,UNKNOWN,,7.6160283,420,44,0.5414613650661292,1.3696904182434082,10000,100000000,100,4,8,2
37887,JG074D,213,HEX,#NAME?,FALSE,I21,0,HEX,JG074D.213,UNKNOWN,,25.928898,421,44,-0.400623483,0.6856651306152344,10000,100000000,100,4,8,2
37888,JG074D,213,FAM,#NAME?,FALSE,I21,0,FAM,JG074D.213,UNKNOWN,,7.6160283,420,45,0.5515783118532347,1.3945516347885132,10000,100000000,100,4,8,2
37889,JG074D,213,HEX,#NAME?,FALSE,I21,0,HEX,JG074D.213,UNKNOWN,,25.928898,421,45,-0.414547892,0.7102276682853699,10000,100000000,100,4,8,2
37890,JG074D,213,FAM,#NAME?,FALSE,I21,0,FAM,JG074D.213,UNKNOWN,,7.6160283,420,46,0.5629011851531868,1.422376275062561,10000,100000000,100,4,8,2
37891,JG074D,213,HEX,#NAME?,FALSE,I21,0,HEX,JG074D.213,UNKNOWN,,25.928898,421,46,-0.431199603,0.7400831580162048,10000,100000000,100,4,8,2
37892,JG074D,213,FAM,#NAME?,FALSE,I21,0,FAM,JG074D.213,UNKNOWN,,7.6160283,420,47,0.5734527874596256,1.448305606842041,10000,100000000,100,4,8,2
37893,JG074D,213,HEX,#NAME?,FALSE,I21,0,HEX,JG074D.213,UNKNOWN,,25.928898,421,47,-0.449174914,0.7725073099136353,10000,100000000,100,4,8,2
37894,JG074D,213,FAM,#NAME?,FALSE,I21,0,FAM,JG074D.213,UNKNOWN,,7.6160283,420,48,0.5834206124759241,1.472800374031067,10000,100000000,100,4,8,2
37895,JG074D,213,HEX,#NAME?,FALSE,I21,0,HEX,JG074D.213,UNKNOWN,,25.928898,421,48,-0.466610294,0.8038836717605591,10000,100000000,100,4,8,2
37896,JG074D,213,FAM,#NAME?,FALSE,I21,0,FAM,JG074D.213,UNKNOWN,,7.6160283,420,49,0.5915512417524695,1.4927804470062256,10000,100000000,100,4,8,2
37897,JG074D,213,HEX,#NAME?,FALSE,I21,0,HEX,JG074D.213,UNKNOWN,,25.928898,421,49,-0.481535267,0.8303880095481873,10000,100000000,100,4,8,2
37898,JG074D,213,FAM,#NAME?,FALSE,I21,0,FAM,JG074D.213,UNKNOWN,,7.6160283,420,50,0.5984210304483241,1.509662151,10000,100000000,100,4,8,2
37899,JG074D,213,HEX,#NAME?,FALSE,I21,0,HEX,JG074D.213,UNKNOWN,,25.928898,421,50,-0.497267189,0.8584584593772888,10000,100000000,100,4,8,2
42120,JG074D,237,FAM,#NAME?,FALSE,J21,0,FAM,JG074D.237,UNKNOWN,,7.582932,468,1,-0.019284162,-0.008288304,3162,100000000,100,3.499961866,8,2
42121,JG074D,237,HEX,#NAME?,FALSE,J21,0,HEX,JG074D.237,UNKNOWN,,27.89343,469,1,0.002627233,0.007732145,3162,100000000,100,3.499961866,8,2
42122,JG074D,237,FAM,#NAME?,FALSE,J21,0,FAM,JG074D.237,UNKNOWN,,7.582932,468,2,-0.018847579,-0.00721545,3162,100000000,100,3.499961866,8,2
42123,JG074D,237,HEX,#NAME?,FALSE,J21,0,HEX,JG074D.237,UNKNOWN,,27.89343,469,2,0.002175432,0.006270028,3162,100000000,100,3.499961866,8,2
42124,JG074D,237,FAM,#NAME?,FALSE,J21,0,FAM,JG074D.237,UNKNOWN,,7.582932,468,3,-0.017577388,-0.004094104,3162,100000000,100,3.499961866,8,2
42125,JG074D,237,HEX,#NAME?,FALSE,J21,0,HEX,JG074D.237,UNKNOWN,,27.89343,469,3,0.001056394,0.006102822,3162,100000000,100,3.499961866,8,2
42126,JG074D,237,FAM,#NAME?,FALSE,J21,0,FAM,JG074D.237,UNKNOWN,,7.582932,468,4,-0.016347824,-0.001072595,3162,100000000,100,3.499961866,8,2
42127,JG074D,237,HEX,#NAME?,FALSE,J21,0,HEX,JG074D.237,UNKNOWN,,27.89343,469,4,0.000786612,0.004287458,3162,100000000,100,3.499961866,8,2
42128,JG074D,237,FAM,#NAME?,FALSE,J21,0,FAM,JG074D.237,UNKNOWN,,7.582932,468,5,-0.013808825,0.0051667,3162,100000000,100,3.499961866,8,2
42129,JG074D,237,HEX,#NAME?,FALSE,J21,0,HEX,JG074D.237,UNKNOWN,,27.89343,469,5,0.000819014,0.001885644,3162,100000000,100,3.499961866,8,2
42130,JG074D,237,FAM,#NAME?,FALSE,J21,0,FAM,JG074D.237,UNKNOWN,,7.582932,468,6,-0.01010392,0.014271070249378681,3162,100000000,100,3.499961866,8,2
42131,JG074D,237,HEX,#NAME?,FALSE,J21,0,HEX,JG074D.237,UNKNOWN,,27.89343,469,6,0.000736427,-0.00029301,3162,100000000,100,3.499961866,8,2
42132,JG074D,237,FAM,#NAME?,FALSE,J21,0,FAM,JG074D.237,UNKNOWN,,7.582932,468,7,-0.004281076,0.02858003,3162,100000000,100,3.499961866,8,2
42133,JG074D,237,HEX,#NAME?,FALSE,J21,0,HEX,JG074D.237,UNKNOWN,,27.89343,469,7,0.000337667,-0.001858064,3162,100000000,100,3.499961866,8,2
42134,JG074D,237,FAM,#NAME?,FALSE,J21,0,FAM,JG074D.237,UNKNOWN,,7.582932,468,8,0.004437769,0.050005574,3162,100000000,100,3.499961866,8,2
42135,JG074D,237,HEX,#NAME?,FALSE,J21,0,HEX,JG074D.237,UNKNOWN,,27.89343,469,8,-0.000520558,-0.002531433,3162,100000000,100,3.499961866,8,2
42136,JG074D,237,FAM,#NAME?,FALSE,J21,0,FAM,JG074D.237,UNKNOWN,,7.582932,468,9,0.018830384656536466,0.085373752,3162,100000000,100,3.499961866,8,2
42137,JG074D,237,HEX,#NAME?,FALSE,J21,0,HEX,JG074D.237,UNKNOWN,,27.89343,469,9,-0.001003548,-0.003933021,3162,100000000,100,3.499961866,8,2
42138,JG074D,237,FAM,#NAME?,FALSE,J21,0,FAM,JG074D.237,UNKNOWN,,7.582932,468,10,0.03885088,0.13457177579402924,3162,100000000,100,3.499961866,8,2
42139,JG074D,237,HEX,#NAME?,FALSE,J21,0,HEX,JG074D.237,UNKNOWN,,27.89343,469,10,-0.002212007,-0.003926688,3162,100000000,100,3.499961866,8,2
42140,JG074D,237,FAM,#NAME?,FALSE,J21,0,FAM,JG074D.237,UNKNOWN,,7.582932,468,11,0.064753996,0.19822566211223602,3162,100000000,100,3.499961866,8,2
42141,JG074D,237,HEX,#NAME?,FALSE,J21,0,HEX,JG074D.237,UNKNOWN,,27.89343,469,11,-0.002958252,-0.004817375,3162,100000000,100,3.499961866,8,2
42142,JG074D,237,FAM,#NAME?,FALSE,J21,0,FAM,JG074D.237,UNKNOWN,,7.582932,468,12,0.093843511,0.2697097659111023,3162,100000000,100,3.499961866,8,2
42143,JG074D,237,HEX,#NAME?,FALSE,J21,0,HEX,JG074D.237,UNKNOWN,,27.89343,469,12,-0.004966243,-0.003259384,3162,100000000,100,3.499961866,8,2
42144,JG074D,237,FAM,#NAME?,FALSE,J21,0,FAM,JG074D.237,UNKNOWN,,7.582932,468,13,0.1256910262125399,0.3479713201522827,3162,100000000,100,3.499961866,8,2
42145,JG074D,237,HEX,#NAME?,FALSE,J21,0,HEX,JG074D.237,UNKNOWN,,27.89343,469,13,-0.007736911,-0.000221261,3162,100000000,100,3.499961866,8,2
42146,JG074D,237,FAM,#NAME?,FALSE,J21,0,FAM,JG074D.237,UNKNOWN,,7.582932,468,14,0.1581490241400705,0.42773306369781494,3162,100000000,100,3.499961866,8,2
42147,JG074D,237,HEX,#NAME?,FALSE,J21,0,HEX,JG074D.237,UNKNOWN,,27.89343,469,14,-0.009687592,0.001225507,3162,100000000,100,3.499961866,8,2
42148,JG074D,237,FAM,#NAME?,FALSE,J21,0,FAM,JG074D.237,UNKNOWN,,7.582932,468,15,0.18871884162351543,0.5028548240661621,3162,100000000,100,3.499961866,8,2
42149,JG074D,237,HEX,#NAME?,FALSE,J21,0,HEX,JG074D.237,UNKNOWN,,27.89343,469,15,-0.010422812,0.000313422,3162,100000000,100,3.499961866,8,2
42150,JG074D,237,FAM,#NAME?,FALSE,J21,0,FAM,JG074D.237,UNKNOWN,,7.582932,468,16,0.21728313137478686,0.5730482339859009,3162,100000000,100,3.499961866,8,2
42151,JG074D,237,HEX,#NAME?,FALSE,J21,0,HEX,JG074D.237,UNKNOWN,,27.89343,469,16,-0.011374695,-0.000178182,3162,100000000,100,3.499961866,8,2
42152,JG074D,237,FAM,#NAME?,FALSE,J21,0,FAM,JG074D.237,UNKNOWN,,7.582932,468,17,0.2412164479293944,0.6318615674972534,3162,100000000,100,3.499961866,8,2
42153,JG074D,237,HEX,#NAME?,FALSE,J21,0,HEX,JG074D.237,UNKNOWN,,27.89343,469,17,-0.013017833,0.000671735,3162,100000000,100,3.499961866,8,2
42154,JG074D,237,FAM,#NAME?,FALSE,J21,0,FAM,JG074D.237,UNKNOWN,,7.582932,468,18,0.26245174707119423,0.6840448379516602,3162,100000000,100,3.499961866,8,2
42155,JG074D,237,HEX,#NAME?,FALSE,J21,0,HEX,JG074D.237,UNKNOWN,,27.89343,469,18,-0.014762185,0.00171808,3162,100000000,100,3.499961866,8,2
42156,JG074D,237,FAM,#NAME?,FALSE,J21,0,FAM,JG074D.237,UNKNOWN,,7.582932,468,19,0.28064111034207734,0.7287430763244629,3162,100000000,100,3.499961866,8,2
42157,JG074D,237,HEX,#NAME?,FALSE,J21,0,HEX,JG074D.237,UNKNOWN,,27.89343,469,19,-0.016192805,0.002155563,3162,100000000,100,3.499961866,8,2
42158,JG074D,237,FAM,#NAME?,FALSE,J21,0,FAM,JG074D.237,UNKNOWN,,7.582932,468,20,0.2960853038380108,0.7666953802108765,3162,100000000,100,3.499961866,8,2
42159,JG074D,237,HEX,#NAME?,FALSE,J21,0,HEX,JG074D.237,UNKNOWN,,27.89343,469,20,-0.017114958,0.001606261,3162,100000000,100,3.499961866,8,2
42160,JG074D,237,FAM,#NAME?,FALSE,J21,0,FAM,JG074D.237,UNKNOWN,,7.582932,468,21,0.30906180853785475,0.7985836267471313,3162,100000000,100,3.499961866,8,2
42161,JG074D,237,HEX,#NAME?,FALSE,J21,0,HEX,JG074D.237,UNKNOWN,,27.89343,469,21,-0.017649147,0.000304034,3162,100000000,100,3.499961866,8,2
42162,JG074D,237,FAM,#NAME?,FALSE,J21,0,FAM,JG074D.237,UNKNOWN,,7.582932,468,22,0.32061433130527595,0.8269726037979126,3162,100000000,100,3.499961866,8,2
42163,JG074D,237,HEX,#NAME?,FALSE,J21,0,HEX,JG074D.237,UNKNOWN,,27.89343,469,22,-0.018363344,-0.000648851,3162,100000000,100,3.499961866,8,2
42164,JG074D,237,FAM,#NAME?,FALSE,J21,0,FAM,JG074D.237,UNKNOWN,,7.582932,468,23,0.33113580849145735,0.8528279066085815,3162,100000000,100,3.499961866,8,2
42165,JG074D,237,HEX,#NAME?,FALSE,J21,0,HEX,JG074D.237,UNKNOWN,,27.89343,469,23,-0.020053088,0.000291517,3162,100000000,100,3.499961866,8,2
42166,JG074D,237,FAM,#NAME?,FALSE,J21,0,FAM,JG074D.237,UNKNOWN,,7.582932,468,24,0.34036845444575864,0.8755160570144653,3162,100000000,100,3.499961866,8,2
42167,JG074D,237,HEX,#NAME?,FALSE,J21,0,HEX,JG074D.237,UNKNOWN,,27.89343,469,24,-0.021677568,0.001105224,3162,100000000,100,3.499961866,8,2
42168,JG074D,237,FAM,#NAME?,FALSE,J21,0,FAM,JG074D.237,UNKNOWN,,7.582932,468,25,0.35133550204991726,0.9024662971496582,3162,100000000,100,3.499961866,8,2
42169,JG074D,237,HEX,#NAME?,FALSE,J21,0,HEX,JG074D.237,UNKNOWN,,27.89343,469,25,-0.025028893,0.005270233,3162,100000000,100,3.499961866,8,2
42170,JG074D,237,FAM,#NAME?,FALSE,J21,0,FAM,JG074D.237,UNKNOWN,,7.582932,468,26,0.3617279893894572,0.9280046224594116,3162,100000000,100,3.499961866,8,2
42171,JG074D,237,HEX,#NAME?,FALSE,J21,0,HEX,JG074D.237,UNKNOWN,,27.89343,469,26,-0.029339089,0.011296129,3162,100000000,100,3.499961866,8,2
42172,JG074D,237,FAM,#NAME?,FALSE,J21,0,FAM,JG074D.237,UNKNOWN,,7.582932,468,27,0.3724962888169743,0.9544664621353149,3162,100000000,100,3.499961866,8,2
42173,JG074D,237,HEX,#NAME?,FALSE,J21,0,HEX,JG074D.237,UNKNOWN,,27.89343,469,27,-0.036234262,0.022338708862662315,3162,100000000,100,3.499961866,8,2
42174,JG074D,237,FAM,#NAME?,FALSE,J21,0,FAM,JG074D.237,UNKNOWN,,7.582932,468,28,0.3828851863676269,0.9799959659576416,3162,100000000,100,3.499961866,8,2
42175,JG074D,237,HEX,#NAME?,FALSE,J21,0,HEX,JG074D.237,UNKNOWN,,27.89343,469,28,-0.047935906,0.042709235,3162,100000000,100,3.499961866,8,2
42176,JG074D,237,FAM,#NAME?,FALSE,J21,0,FAM,JG074D.237,UNKNOWN,,7.582932,468,29,0.3933169673422852,1.0056308507919312,3162,100000000,100,3.499961866,8,2
42177,JG074D,237,HEX,#NAME?,FALSE,J21,0,HEX,JG074D.237,UNKNOWN,,27.89343,469,29,-0.063935367,0.071420573,3162,100000000,100,3.499961866,8,2
42178,JG074D,237,FAM,#NAME?,FALSE,J21,0,FAM,JG074D.237,UNKNOWN,,7.582932,468,30,0.40540747333620253,1.0353418588638306,3162,100000000,100,3.499961866,8,2
42179,JG074D,237,HEX,#NAME?,FALSE,J21,0,HEX,JG074D.237,UNKNOWN,,27.89343,469,30,-0.085237019,0.11042190343141556,3162,100000000,100,3.499961866,8,2
42180,JG074D,237,FAM,#NAME?,FALSE,J21,0,FAM,JG074D.237,UNKNOWN,,7.582932,468,31,0.41746542867683056,1.0649728775024414,3162,100000000,100,3.499961866,8,2
42181,JG074D,237,HEX,#NAME?,FALSE,J21,0,HEX,JG074D.237,UNKNOWN,,27.89343,469,31,-0.110269039,0.15666277706623077,3162,100000000,100,3.499961866,8,2
42182,JG074D,237,FAM,#NAME?,FALSE,J21,0,FAM,JG074D.237,UNKNOWN,,7.582932,468,32,0.4293470477660326,1.0941705703735352,3162,100000000,100,3.499961866,8,2
42183,JG074D,237,HEX,#NAME?,FALSE,J21,0,HEX,JG074D.237,UNKNOWN,,27.89343,469,32,-0.138129067,0.20839199423789978,3162,100000000,100,3.499961866,8,2
42184,JG074D,237,FAM,#NAME?,FALSE,J21,0,FAM,JG074D.237,UNKNOWN,,7.582932,468,33,0.4416400857681214,1.124379277229309,3162,100000000,100,3.499961866,8,2
42185,JG074D,237,HEX,#NAME?,FALSE,J21,0,HEX,JG074D.237,UNKNOWN,,27.89343,469,33,-0.167533123,0.2631177306175232,3162,100000000,100,3.499961866,8,2
42186,JG074D,237,FAM,#NAME?,FALSE,J21,0,FAM,JG074D.237,UNKNOWN,,7.582932,468,34,0.4532590681406192,1.152931571006775,3162,100000000,100,3.499961866,8,2
42187,JG074D,237,HEX,#NAME?,FALSE,J21,0,HEX,JG074D.237,UNKNOWN,,27.89343,469,34,-0.194785498,0.3136676549911499,3162,100000000,100,3.499961866,8,2
42188,JG074D,237,FAM,#NAME?,FALSE,J21,0,FAM,JG074D.237,UNKNOWN,,7.582932,468,35,0.4661592655712766,1.1846323013305664,3162,100000000,100,3.499961866,8,2
42189,JG074D,237,HEX,#NAME?,FALSE,J21,0,HEX,JG074D.237,UNKNOWN,,27.89343,469,35,-0.218518487,0.357387513,3162,100000000,100,3.499961866,8,2
42190,JG074D,237,FAM,#NAME?,FALSE,J21,0,FAM,JG074D.237,UNKNOWN,,7.582932,468,36,0.47886658461522996,1.215859055519104,3162,100000000,100,3.499961866,8,2
42191,JG074D,237,HEX,#NAME?,FALSE,J21,0,HEX,JG074D.237,UNKNOWN,,27.89343,469,36,-0.243298846,0.40313997864723206,3162,100000000,100,3.499961866,8,2
42192,JG074D,237,FAM,#NAME?,FALSE,J21,0,FAM,JG074D.237,UNKNOWN,,7.582932,468,37,0.4892350106670925,1.2413382530212402,3162,100000000,100,3.499961866,8,2
42193,JG074D,237,HEX,#NAME?,FALSE,J21,0,HEX,JG074D.237,UNKNOWN,,27.89343,469,37,-0.264742253,0.4424164295196533,3162,100000000,100,3.499961866,8,2
42194,JG074D,237,FAM,#NAME?,FALSE,J21,0,FAM,JG074D.237,UNKNOWN,,7.582932,468,38,0.5008834390105987,1.2699629068374634,3162,100000000,100,3.499961866,8,2
42195,JG074D,237,HEX,#NAME?,FALSE,J21,0,HEX,JG074D.237,UNKNOWN,,27.89343,469,38,-0.284167211,0.4777756333351135,3162,100000000,100,3.499961866,8,2
42196,JG074D,237,FAM,#NAME?,FALSE,J21,0,FAM,JG074D.237,UNKNOWN,,7.582932,468,39,0.5141355812841985,1.3025285005569458,3162,100000000,100,3.499961866,8,2
42197,JG074D,237,HEX,#NAME?,FALSE,J21,0,HEX,JG074D.237,UNKNOWN,,27.89343,469,39,-0.302379779,0.5107819437980652,3162,100000000,100,3.499961866,8,2
42198,JG074D,237,FAM,#NAME?,FALSE,J21,0,FAM,JG074D.237,UNKNOWN,,7.582932,468,40,0.5263324226462384,1.3325008153915405,3162,100000000,100,3.499961866,8,2
42199,JG074D,237,HEX,#NAME?,FALSE,J21,0,HEX,JG074D.237,UNKNOWN,,27.89343,469,40,-0.317648982,0.5380761027336121,3162,100000000,100,3.499961866,8,2
42200,JG074D,237,FAM,#NAME?,FALSE,J21,0,FAM,JG074D.237,UNKNOWN,,7.582932,468,41,0.5384384035408999,1.3622498512268066,3162,100000000,100,3.499961866,8,2
42201,JG074D,237,HEX,#NAME?,FALSE,J21,0,HEX,JG074D.237,UNKNOWN,,27.89343,469,41,-0.331194087,0.5620242357254028,3162,100000000,100,3.499961866,8,2
42202,JG074D,237,FAM,#NAME?,FALSE,J21,0,FAM,JG074D.237,UNKNOWN,,7.582932,468,42,0.5508724135228081,1.3928049802780151,3162,100000000,100,3.499961866,8,2
42203,JG074D,237,HEX,#NAME?,FALSE,J21,0,HEX,JG074D.237,UNKNOWN,,27.89343,469,42,-0.345015793,0.5865091681480408,3162,100000000,100,3.499961866,8,2
42204,JG074D,237,FAM,#NAME?,FALSE,J21,0,FAM,JG074D.237,UNKNOWN,,7.582932,468,43,0.5652718329205407,1.4281898736953735,3162,100000000,100,3.499961866,8,2
42205,JG074D,237,HEX,#NAME?,FALSE,J21,0,HEX,JG074D.237,UNKNOWN,,27.89343,469,43,-0.36100214,0.6151950359344482,3162,100000000,100,3.499961866,8,2
42206,JG074D,237,FAM,#NAME?,FALSE,J21,0,FAM,JG074D.237,UNKNOWN,,7.582932,468,44,0.5797553698038228,1.463781476020813,3162,100000000,100,3.499961866,8,2
42207,JG074D,237,HEX,#NAME?,FALSE,J21,0,HEX,JG074D.237,UNKNOWN,,27.89343,469,44,-0.377327004,0.6445379257202148,3162,100000000,100,3.499961866,8,2
42208,JG074D,237,FAM,#NAME?,FALSE,J21,0,FAM,JG074D.237,UNKNOWN,,7.582932,468,45,0.5906756531311246,1.490616798400879,3162,100000000,100,3.499961866,8,2
42209,JG074D,237,HEX,#NAME?,FALSE,J21,0,HEX,JG074D.237,UNKNOWN,,27.89343,469,45,-0.38857528,0.6640285849571228,3162,100000000,100,3.499961866,8,2
42210,JG074D,237,FAM,#NAME?,FALSE,J21,0,FAM,JG074D.237,UNKNOWN,,7.582932,468,46,0.6033075866084435,1.5216583013534546,3162,100000000,100,3.499961866,8,2
42211,JG074D,237,HEX,#NAME?,FALSE,J21,0,HEX,JG074D.237,UNKNOWN,,27.89343,469,46,-0.40428085,0.6921695470809937,3162,100000000,100,3.499961866,8,2
42212,JG074D,237,FAM,#NAME?,FALSE,J21,0,FAM,JG074D.237,UNKNOWN,,7.582932,468,47,0.6152592065809489,1.5510280132293701,3162,100000000,100,3.499961866,8,2
42213,JG074D,237,HEX,#NAME?,FALSE,J21,0,HEX,JG074D.237,UNKNOWN,,27.89343,469,47,-0.422989278,0.726138175,3162,100000000,100,3.499961866,8,2
42214,JG074D,237,FAM,#NAME?,FALSE,J21,0,FAM,JG074D.237,UNKNOWN,,7.582932,468,48,0.629410979,1.5858043432235718,3162,100000000,100,3.499961866,8,2
42215,JG074D,237,HEX,#NAME?,FALSE,J21,0,HEX,JG074D.237,UNKNOWN,,27.89343,469,48,-0.440997943,0.7587488293647766,3162,100000000,100,3.499961866,8,2
42216,JG074D,237,FAM,#NAME?,FALSE,J21,0,FAM,JG074D.237,UNKNOWN,,7.582932,468,49,0.6401779201851342,1.6122628450393677,3162,100000000,100,3.499961866,8,2
42217,JG074D,237,HEX,#NAME?,FALSE,J21,0,HEX,JG074D.237,UNKNOWN,,27.89343,469,49,-0.459005442,0.79135716,3162,100000000,100,3.499961866,8,2
42218,JG074D,237,FAM,#NAME?,FALSE,J21,0,FAM,JG074D.237,UNKNOWN,,7.582932,468,50,0.649573756,1.6353520154953003,3162,100000000,100,3.499961866,8,2
42219,JG074D,237,HEX,#NAME?,FALSE,J21,0,HEX,JG074D.237,UNKNOWN,,27.89343,469,50,-0.476588919,0.8231425881385803,3162,100000000,100,3.499961866,8,2
46440,JG074D,261,FAM,#NAME?,FALSE,K21,0,FAM,JG074D.261,UNKNOWN,,7.577499,516,1,-0.019284948,-0.008097331,1000,100000000,100,3,8,2
46441,JG074D,261,HEX,#NAME?,FALSE,K21,0,HEX,JG074D.261,UNKNOWN,,29.793024,517,1,0.001406434,0.009812447,1000,100000000,100,3,8,2
46442,JG074D,261,FAM,#NAME?,FALSE,K21,0,FAM,JG074D.261,UNKNOWN,,7.577499,516,2,-0.018562782,-0.006322692,1000,100000000,100,3,8,2
46443,JG074D,261,HEX,#NAME?,FALSE,K21,0,HEX,JG074D.261,UNKNOWN,,29.793024,517,2,0.001190399,0.007966265,1000,100000000,100,3,8,2
46444,JG074D,261,FAM,#NAME?,FALSE,K21,0,FAM,JG074D.261,UNKNOWN,,7.577499,516,3,-0.017270712,-0.003147582,1000,100000000,100,3,8,2
46445,JG074D,261,HEX,#NAME?,FALSE,K21,0,HEX,JG074D.261,UNKNOWN,,29.793024,517,3,0.00165593,0.004797367,1000,100000000,100,3,8,2
46446,JG074D,261,FAM,#NAME?,FALSE,K21,0,FAM,JG074D.261,UNKNOWN,,7.577499,516,4,-0.016165773,-0.000432322,1000,100000000,100,3,8,2
46447,JG074D,261,HEX,#NAME?,FALSE,K21,0,HEX,JG074D.261,UNKNOWN,,29.793024,517,4,0.001923331,0.002012979,1000,100000000,100,3,8,2
46448,JG074D,261,FAM,#NAME?,FALSE,K21,0,FAM,JG074D.261,UNKNOWN,,7.577499,516,5,-0.01453305,0.003579905,1000,100000000,100,3,8,2
46449,JG074D,261,HEX,#NAME?,FALSE,K21,0,HEX,JG074D.261,UNKNOWN,,29.793024,517,5,0.001565603,0.000441783,1000,100000000,100,3,8,2
46450,JG074D,261,FAM,#NAME?,FALSE,K21,0,FAM,JG074D.261,UNKNOWN,,7.577499,516,6,-0.01072164,0.012945999391376972,1000,100000000,100,3,8,2
46451,JG074D,261,HEX,#NAME?,FALSE,K21,0,HEX,JG074D.261,UNKNOWN,,29.793024,517,6,0.000633161,-1.41E-05,1000,100000000,100,3,8,2
46452,JG074D,261,FAM,#NAME?,FALSE,K21,0,FAM,JG074D.261,UNKNOWN,,7.577499,516,7,-0.004857562,0.027356287464499474,1000,100000000,100,3,8,2
46453,JG074D,261,HEX,#NAME?,FALSE,K21,0,HEX,JG074D.261,UNKNOWN,,29.793024,517,7,-0.000379549,-0.000314128,1000,100000000,100,3,8,2
46454,JG074D,261,FAM,#NAME?,FALSE,K21,0,FAM,JG074D.261,UNKNOWN,,7.577499,516,8,0.004818059,0.051132996,1000,100000000,100,3,8,2
46455,JG074D,261,HEX,#NAME?,FALSE,K21,0,HEX,JG074D.261,UNKNOWN,,29.793024,517,8,-0.000890596,-0.001587777,1000,100000000,100,3,8,2
46456,JG074D,261,FAM,#NAME?,FALSE,K21,0,FAM,JG074D.261,UNKNOWN,,7.577499,516,9,0.019369002,0.086890243,1000,100000000,100,3,8,2
46457,JG074D,261,HEX,#NAME?,FALSE,K21,0,HEX,JG074D.261,UNKNOWN,,29.793024,517,9,-0.001565741,-0.002542959,1000,100000000,100,3,8,2
46458,JG074D,261,FAM,#NAME?,FALSE,K21,0,FAM,JG074D.261,UNKNOWN,,7.577499,516,10,0.039361675867716515,0.13601990044116974,1000,100000000,100,3,8,2
46459,JG074D,261,HEX,#NAME?,FALSE,K21,0,HEX,JG074D.261,UNKNOWN,,29.793024,517,10,-0.002942138,-0.002137217,1000,100000000,100,3,8,2
46460,JG074D,261,FAM,#NAME?,FALSE,K21,0,FAM,JG074D.261,UNKNOWN,,7.577499,516,11,0.065522505,0.20030708611011505,1000,100000000,100,3,8,2
46461,JG074D,261,HEX,#NAME?,FALSE,K21,0,HEX,JG074D.261,UNKNOWN,,29.793024,517,11,-0.004327671,-0.001713743,1000,100000000,100,3,8,2
46462,JG074D,261,FAM,#NAME?,FALSE,K21,0,FAM,JG074D.261,UNKNOWN,,7.577499,516,12,0.095031419,0.2728218138217926,1000,100000000,100,3,8,2
46463,JG074D,261,HEX,#NAME?,FALSE,K21,0,HEX,JG074D.261,UNKNOWN,,29.793024,517,12,-0.004882422,-0.002902575,1000,100000000,100,3,8,2
46464,JG074D,261,FAM,#NAME?,FALSE,K21,0,FAM,JG074D.261,UNKNOWN,,7.577499,516,13,0.1273245772308432,0.3521784842014313,1000,100000000,100,3,8,2
46465,JG074D,261,HEX,#NAME?,FALSE,K21,0,HEX,JG074D.261,UNKNOWN,,29.793024,517,13,-0.006280011,-0.002455707,1000,100000000,100,3,8,2
46466,JG074D,261,FAM,#NAME?,FALSE,K21,0,FAM,JG074D.261,UNKNOWN,,7.577499,516,14,0.16050104229778056,0.43370577692985535,1000,100000000,100,3,8,2
46467,JG074D,261,HEX,#NAME?,FALSE,K21,0,HEX,JG074D.261,UNKNOWN,,29.793024,517,14,-0.00827435,-0.00085072,1000,100000000,100,3,8,2
46468,JG074D,261,FAM,#NAME?,FALSE,K21,0,FAM,JG074D.261,UNKNOWN,,7.577499,516,15,0.19106777935427488,0.5088199377059937,1000,100000000,100,3,8,2
46469,JG074D,261,HEX,#NAME?,FALSE,K21,0,HEX,JG074D.261,UNKNOWN,,29.793024,517,15,-0.009643728,-0.000458598,1000,100000000,100,3,8,2
46470,JG074D,261,FAM,#NAME?,FALSE,K21,0,FAM,JG074D.261,UNKNOWN,,7.577499,516,16,0.21908045438341034,0.5776578187942505,1000,100000000,100,3,8,2
46471,JG074D,261,HEX,#NAME?,FALSE,K21,0,HEX,JG074D.261,UNKNOWN,,29.793024,517,16,-0.012292082,0.00241564,1000,100000000,100,3,8,2
46472,JG074D,261,FAM,#NAME?,FALSE,K21,0,FAM,JG074D.261,UNKNOWN,,7.577499,516,17,0.24290098365203017,0.6361939907073975,1000,100000000,100,3,8,2
46473,JG074D,261,HEX,#NAME?,FALSE,K21,0,HEX,JG074D.261,UNKNOWN,,29.793024,517,17,-0.013052057,0.001625086,1000,100000000,100,3,8,2
46474,JG074D,261,FAM,#NAME?,FALSE,K21,0,FAM,JG074D.261,UNKNOWN,,7.577499,516,18,0.26383726308164585,0.6876424551010132,1000,100000000,100,3,8,2
46475,JG074D,261,HEX,#NAME?,FALSE,K21,0,HEX,JG074D.261,UNKNOWN,,29.793024,517,18,-0.013696412,0.000610151,1000,100000000,100,3,8,2
46476,JG074D,261,FAM,#NAME?,FALSE,K21,0,FAM,JG074D.261,UNKNOWN,,7.577499,516,19,0.2823375311765699,0.7331047058105469,1000,100000000,100,3,8,2
46477,JG074D,261,HEX,#NAME?,FALSE,K21,0,HEX,JG074D.261,UNKNOWN,,29.793024,517,19,-0.015589,0.002017668,1000,100000000,100,3,8,2
46478,JG074D,261,FAM,#NAME?,FALSE,K21,0,FAM,JG074D.261,UNKNOWN,,7.577499,516,20,0.29805289926548023,0.7717233896255493,1000,100000000,100,3,8,2
46479,JG074D,261,HEX,#NAME?,FALSE,K21,0,HEX,JG074D.261,UNKNOWN,,29.793024,517,20,-0.016800023,0.002102468,1000,100000000,100,3,8,2
46480,JG074D,261,FAM,#NAME?,FALSE,K21,0,FAM,JG074D.261,UNKNOWN,,7.577499,516,21,0.31077739108330005,0.8029923439025879,1000,100000000,100,3,8,2
46481,JG074D,261,HEX,#NAME?,FALSE,K21,0,HEX,JG074D.261,UNKNOWN,,29.793024,517,21,-0.016806826,-0.00014977,1000,100000000,100,3,8,2
46482,JG074D,261,FAM,#NAME?,FALSE,K21,0,FAM,JG074D.261,UNKNOWN,,7.577499,516,22,0.3229743779773219,0.8329650163650513,1000,100000000,100,3,8,2
46483,JG074D,261,HEX,#NAME?,FALSE,K21,0,HEX,JG074D.261,UNKNOWN,,29.793024,517,22,-0.016785373,-0.002456845,1000,100000000,100,3,8,2
46484,JG074D,261,FAM,#NAME?,FALSE,K21,0,FAM,JG074D.261,UNKNOWN,,7.577499,516,23,0.33252045131001745,0.8564233779907227,1000,100000000,100,3,8,2
46485,JG074D,261,HEX,#NAME?,FALSE,K21,0,HEX,JG074D.261,UNKNOWN,,29.793024,517,23,-0.019302936,0.000163567,1000,100000000,100,3,8,2
46486,JG074D,261,FAM,#NAME?,FALSE,K21,0,FAM,JG074D.261,UNKNOWN,,7.577499,516,24,0.3429178867369427,0.8819738626480103,1000,100000000,100,3,8,2
46487,JG074D,261,HEX,#NAME?,FALSE,K21,0,HEX,JG074D.261,UNKNOWN,,29.793024,517,24,-0.020521515,0.00026303,1000,100000000,100,3,8,2
46488,JG074D,261,FAM,#NAME?,FALSE,K21,0,FAM,JG074D.261,UNKNOWN,,7.577499,516,25,0.3533410813246677,0.9075876474380493,1000,100000000,100,3,8,2
46489,JG074D,261,HEX,#NAME?,FALSE,K21,0,HEX,JG074D.261,UNKNOWN,,29.793024,517,25,-0.022084154,0.001030214,1000,100000000,100,3,8,2
46490,JG074D,261,FAM,#NAME?,FALSE,K21,0,FAM,JG074D.261,UNKNOWN,,7.577499,516,26,0.3647375452968104,0.9355931282043457,1000,100000000,100,3,8,2
46491,JG074D,261,HEX,#NAME?,FALSE,K21,0,HEX,JG074D.261,UNKNOWN,,29.793024,517,26,-0.022774303,0.000104149,1000,100000000,100,3,8,2
46492,JG074D,261,FAM,#NAME?,FALSE,K21,0,FAM,JG074D.261,UNKNOWN,,7.577499,516,27,0.37560403030146255,0.9622962474822998,1000,100000000,100,3,8,2
46493,JG074D,261,HEX,#NAME?,FALSE,K21,0,HEX,JG074D.261,UNKNOWN,,29.793024,517,27,-0.026131033,0.004353138,1000,100000000,100,3,8,2
46494,JG074D,261,FAM,#NAME?,FALSE,K21,0,FAM,JG074D.261,UNKNOWN,,7.577499,516,28,0.38766712777211837,0.991939902,1000,100000000,100,3,8,2
46495,JG074D,261,HEX,#NAME?,FALSE,K21,0,HEX,JG074D.261,UNKNOWN,,29.793024,517,28,-0.031099405,0.011729851365089417,1000,100000000,100,3,8,2
46496,JG074D,261,FAM,#NAME?,FALSE,K21,0,FAM,JG074D.261,UNKNOWN,,7.577499,516,29,0.4007775218953284,1.024157166481018,1000,100000000,100,3,8,2
46497,JG074D,261,HEX,#NAME?,FALSE,K21,0,HEX,JG074D.261,UNKNOWN,,29.793024,517,29,-0.038985483,0.024768976494669914,1000,100000000,100,3,8,2
46498,JG074D,261,FAM,#NAME?,FALSE,K21,0,FAM,JG074D.261,UNKNOWN,,7.577499,516,30,0.41518936002218476,1.0595725774765015,1000,100000000,100,3,8,2
46499,JG074D,261,HEX,#NAME?,FALSE,K21,0,HEX,JG074D.261,UNKNOWN,,29.793024,517,30,-0.050261692,0.044387352,1000,100000000,100,3,8,2
46500,JG074D,261,FAM,#NAME?,FALSE,K21,0,FAM,JG074D.261,UNKNOWN,,7.577499,516,31,0.43210488185532553,1.1011404991149902,1000,100000000,100,3,8,2
46501,JG074D,261,HEX,#NAME?,FALSE,K21,0,HEX,JG074D.261,UNKNOWN,,29.793024,517,31,-0.065623371,0.071934424,1000,100000000,100,3,8,2
46502,JG074D,261,FAM,#NAME?,FALSE,K21,0,FAM,JG074D.261,UNKNOWN,,7.577499,516,32,0.45069392445922046,1.1468209028244019,1000,100000000,100,3,8,2
46503,JG074D,261,HEX,#NAME?,FALSE,K21,0,HEX,JG074D.261,UNKNOWN,,29.793024,517,32,-0.084386329,0.10608238726854324,1000,100000000,100,3,8,2
46504,JG074D,261,FAM,#NAME?,FALSE,K21,0,FAM,JG074D.261,UNKNOWN,,7.577499,516,33,0.47057592170114987,1.1956785917282104,1000,100000000,100,3,8,2
46505,JG074D,261,HEX,#NAME?,FALSE,K21,0,HEX,JG074D.261,UNKNOWN,,29.793024,517,33,-0.10516468,0.14414162933826447,1000,100000000,100,3,8,2
46506,JG074D,261,FAM,#NAME?,FALSE,K21,0,FAM,JG074D.261,UNKNOWN,,7.577499,516,34,0.4896351781386271,1.2425144910812378,1000,100000000,100,3,8,2
46507,JG074D,261,HEX,#NAME?,FALSE,K21,0,HEX,JG074D.261,UNKNOWN,,29.793024,517,34,-0.127620628,0.18545660376548767,1000,100000000,100,3,8,2
46508,JG074D,261,FAM,#NAME?,FALSE,K21,0,FAM,JG074D.261,UNKNOWN,,7.577499,516,35,0.5094227251242908,1.291140079498291,1000,100000000,100,3,8,2
46509,JG074D,261,HEX,#NAME?,FALSE,K21,0,HEX,JG074D.261,UNKNOWN,,29.793024,517,35,-0.151764801,0.23004792630672455,1000,100000000,100,3,8,2
46510,JG074D,261,FAM,#NAME?,FALSE,K21,0,FAM,JG074D.261,UNKNOWN,,7.577499,516,36,0.5271501213739003,1.3347030878067017,1000,100000000,100,3,8,2
46511,JG074D,261,HEX,#NAME?,FALSE,K21,0,HEX,JG074D.261,UNKNOWN,,29.793024,517,36,-0.175535444,0.2739143371582031,1000,100000000,100,3,8,2
46512,JG074D,261,FAM,#NAME?,FALSE,K21,0,FAM,JG074D.261,UNKNOWN,,7.577499,516,37,0.5449285993491637,1.3783916234970093,1000,100000000,100,3,8,2
46513,JG074D,261,HEX,#NAME?,FALSE,K21,0,HEX,JG074D.261,UNKNOWN,,29.793024,517,37,-0.197989334,0.3152253031730652,1000,100000000,100,3,8,2
46514,JG074D,261,FAM,#NAME?,FALSE,K21,0,FAM,JG074D.261,UNKNOWN,,7.577499,516,38,0.5636172343393523,1.4243167638778687,1000,100000000,100,3,8,2
46515,JG074D,261,HEX,#NAME?,FALSE,K21,0,HEX,JG074D.261,UNKNOWN,,29.793024,517,38,-0.219366279,0.35444626212120056,1000,100000000,100,3,8,2
46516,JG074D,261,FAM,#NAME?,FALSE,K21,0,FAM,JG074D.261,UNKNOWN,,7.577499,516,39,0.5815230042881347,1.4683181047439575,1000,100000000,100,3,8,2
46517,JG074D,261,HEX,#NAME?,FALSE,K21,0,HEX,JG074D.261,UNKNOWN,,29.793024,517,39,-0.238555147,0.3894207775592804,1000,100000000,100,3,8,2
46518,JG074D,261,FAM,#NAME?,FALSE,K21,0,FAM,JG074D.261,UNKNOWN,,7.577499,516,40,0.5969467262852781,1.5062201023101807,1000,100000000,100,3,8,2
46519,JG074D,261,HEX,#NAME?,FALSE,K21,0,HEX,JG074D.261,UNKNOWN,,29.793024,517,40,-0.256240714,0.4214778542518616,1000,100000000,100,3,8,2
46520,JG074D,261,FAM,#NAME?,FALSE,K21,0,FAM,JG074D.261,UNKNOWN,,7.577499,516,41,0.6132009022819156,1.5461628437042236,1000,100000000,100,3,8,2
46521,JG074D,261,HEX,#NAME?,FALSE,K21,0,HEX,JG074D.261,UNKNOWN,,29.793024,517,41,-0.273728429,0.4531509280204773,1000,100000000,100,3,8,2
46522,JG074D,261,FAM,#NAME?,FALSE,K21,0,FAM,JG074D.261,UNKNOWN,,7.577499,516,42,0.6304297059614685,1.5885006189346313,1000,100000000,100,3,8,2
46523,JG074D,261,HEX,#NAME?,FALSE,K21,0,HEX,JG074D.261,UNKNOWN,,29.793024,517,42,-0.290564324,0.4835590124130249,1000,100000000,100,3,8,2
46524,JG074D,261,FAM,#NAME?,FALSE,K21,0,FAM,JG074D.261,UNKNOWN,,7.577499,516,43,0.6490489707069421,1.634255290031433,1000,100000000,100,3,8,2
46525,JG074D,261,HEX,#NAME?,FALSE,K21,0,HEX,JG074D.261,UNKNOWN,,29.793024,517,43,-0.308221297,0.5155605673789978,1000,100000000,100,3,8,2
46526,JG074D,261,FAM,#NAME?,FALSE,K21,0,FAM,JG074D.261,UNKNOWN,,7.577499,516,44,0.6658123145976557,1.675449252128601,1000,100000000,100,3,8,2
46527,JG074D,261,HEX,#NAME?,FALSE,K21,0,HEX,JG074D.261,UNKNOWN,,29.793024,517,44,-0.323636723,0.5432119965553284,1000,100000000,100,3,8,2
46528,JG074D,261,FAM,#NAME?,FALSE,K21,0,FAM,JG074D.261,UNKNOWN,,7.577499,516,45,0.6819299815952524,1.7150565385818481,1000,100000000,100,3,8,2
46529,JG074D,261,HEX,#NAME?,FALSE,K21,0,HEX,JG074D.261,UNKNOWN,,29.793024,517,45,-0.339186395,0.5711238980293274,1000,100000000,100,3,8,2
46530,JG074D,261,FAM,#NAME?,FALSE,K21,0,FAM,JG074D.261,UNKNOWN,,7.577499,516,46,0.6988405068303473,1.7566121816635132,1000,100000000,100,3,8,2
46531,JG074D,261,HEX,#NAME?,FALSE,K21,0,HEX,JG074D.261,UNKNOWN,,29.793024,517,46,-0.355785157,0.6010717749595642,1000,100000000,100,3,8,2
46532,JG074D,261,FAM,#NAME?,FALSE,K21,0,FAM,JG074D.261,UNKNOWN,,7.577499,516,47,0.7167463738004509,1.8006137609481812,1000,100000000,100,3,8,2
46533,JG074D,261,HEX,#NAME?,FALSE,K21,0,HEX,JG074D.261,UNKNOWN,,29.793024,517,47,-0.373389641,0.632971466,1000,100000000,100,3,8,2
46534,JG074D,261,FAM,#NAME?,FALSE,K21,0,FAM,JG074D.261,UNKNOWN,,7.577499,516,48,0.7319355467534007,1.8379393815994263,1000,100000000,100,3,8,2
46535,JG074D,261,HEX,#NAME?,FALSE,K21,0,HEX,JG074D.261,UNKNOWN,,29.793024,517,48,-0.38925584,0.6614976525306702,1000,100000000,100,3,8,2
46536,JG074D,261,FAM,#NAME?,FALSE,K21,0,FAM,JG074D.261,UNKNOWN,,7.577499,516,49,0.7466804590762104,1.8741732835769653,1000,100000000,100,3,8,2
46537,JG074D,261,HEX,#NAME?,FALSE,K21,0,HEX,JG074D.261,UNKNOWN,,29.793024,517,49,-0.405413442,0.690589428,1000,100000000,100,3,8,2
46538,JG074D,261,FAM,#NAME?,FALSE,K21,0,FAM,JG074D.261,UNKNOWN,,7.577499,516,50,0.7606560893425931,1.908516764640808,1000,100000000,100,3,8,2
46539,JG074D,261,HEX,#NAME?,FALSE,K21,0,HEX,JG074D.261,UNKNOWN,,29.793024,517,50,-0.423934398,0.7242677211761475,1000,100000000,100,3,8,2
50400,JG074D,285,FAM,#NAME?,FALSE,L21,0,FAM,JG074D.285,UNKNOWN,,7.7022614,560,1,-0.017647031,-0.005767375,316,100000000,100,2.499687082618404,8,2
50401,JG074D,285,HEX,#NAME?,FALSE,L21,0,HEX,JG074D.285,UNKNOWN,,31.714643,561,1,0.001465205,0.00750979,316,100000000,100,2.499687082618404,8,2
50402,JG074D,285,FAM,#NAME?,FALSE,L21,0,FAM,JG074D.285,UNKNOWN,,7.7022614,560,2,-0.017671432,-0.005827338,316,100000000,100,2.499687082618404,8,2
50403,JG074D,285,HEX,#NAME?,FALSE,L21,0,HEX,JG074D.285,UNKNOWN,,31.714643,561,2,0.001417508,0.005622087,316,100000000,100,2.499687082618404,8,2
50404,JG074D,285,FAM,#NAME?,FALSE,L21,0,FAM,JG074D.285,UNKNOWN,,7.7022614,560,3,-0.017103602,-0.004431963,316,100000000,100,2.499687082618404,8,2
50405,JG074D,285,HEX,#NAME?,FALSE,L21,0,HEX,JG074D.285,UNKNOWN,,31.714643,561,3,0.001001487,0.004449191,316,100000000,100,2.499687082618404,8,2
50406,JG074D,285,FAM,#NAME?,FALSE,L21,0,FAM,JG074D.285,UNKNOWN,,7.7022614,560,4,-0.015734073,-0.001066506,316,100000000,100,2.499687082618404,8,2
50407,JG074D,285,HEX,#NAME?,FALSE,L21,0,HEX,JG074D.285,UNKNOWN,,31.714643,561,4,0.000811912,0.00283683,316,100000000,100,2.499687082618404,8,2
50408,JG074D,285,FAM,#NAME?,FALSE,L21,0,FAM,JG074D.285,UNKNOWN,,7.7022614,560,5,-0.013062543,0.005498469,316,100000000,100,2.499687082618404,8,2
50409,JG074D,285,HEX,#NAME?,FALSE,L21,0,HEX,JG074D.285,UNKNOWN,,31.714643,561,5,0.000573242,0.001319748,316,100000000,100,2.499687082618404,8,2
50410,JG074D,285,FAM,#NAME?,FALSE,L21,0,FAM,JG074D.285,UNKNOWN,,7.7022614,560,6,-0.009766777,0.013597428798675537,316,100000000,100,2.499687082618404,8,2
50411,JG074D,285,HEX,#NAME?,FALSE,L21,0,HEX,JG074D.285,UNKNOWN,,31.714643,561,6,-0.000201643,0.000843303,316,100000000,100,2.499687082618404,8,2
50412,JG074D,285,FAM,#NAME?,FALSE,L21,0,FAM,JG074D.285,UNKNOWN,,7.7022614,560,7,-0.004946236,0.025443345308303833,316,100000000,100,2.499687082618404,8,2
50413,JG074D,285,HEX,#NAME?,FALSE,L21,0,HEX,JG074D.285,UNKNOWN,,31.714643,561,7,-0.000233953,-0.001074263,316,100000000,100,2.499687082618404,8,2
50414,JG074D,285,FAM,#NAME?,FALSE,L21,0,FAM,JG074D.285,UNKNOWN,,7.7022614,560,8,0.004021529,0.047480583,316,100000000,100,2.499687082618404,8,2
50415,JG074D,285,HEX,#NAME?,FALSE,L21,0,HEX,JG074D.285,UNKNOWN,,31.714643,561,8,0.000132789,-0.003766272,316,100000000,100,2.499687082618404,8,2
50416,JG074D,285,FAM,#NAME?,FALSE,L21,0,FAM,JG074D.285,UNKNOWN,,7.7022614,560,9,0.018141624,0.08217907,316,100000000,100,2.499687082618404,8,2
50417,JG074D,285,HEX,#NAME?,FALSE,L21,0,HEX,JG074D.285,UNKNOWN,,31.714643,561,9,-0.000208753,-0.005083709,316,100000000,100,2.499687082618404,8,2
50418,JG074D,285,FAM,#NAME?,FALSE,L21,0,FAM,JG074D.285,UNKNOWN,,7.7022614,560,10,0.038450079,0.13208472728729248,316,100000000,100,2.499687082618404,8,2
50419,JG074D,285,HEX,#NAME?,FALSE,L21,0,HEX,JG074D.285,UNKNOWN,,31.714643,561,10,-0.001875079,-0.003830129,316,100000000,100,2.499687082618404,8,2
50420,JG074D,285,FAM,#NAME?,FALSE,L21,0,FAM,JG074D.285,UNKNOWN,,7.7022614,560,11,0.064895981,0.19707244634628296,316,100000000,100,2.499687082618404,8,2
50421,JG074D,285,HEX,#NAME?,FALSE,L21,0,HEX,JG074D.285,UNKNOWN,,31.714643,561,11,-0.004283428,-0.001136501,316,100000000,100,2.499687082618404,8,2
50422,JG074D,285,FAM,#NAME?,FALSE,L21,0,FAM,JG074D.285,UNKNOWN,,7.7022614,560,12,0.095219364,0.27158862352371216,316,100000000,100,2.499687082618404,8,2
50423,JG074D,285,HEX,#NAME?,FALSE,L21,0,HEX,JG074D.285,UNKNOWN,,31.714643,561,12,-0.006435953,0.00106065,316,100000000,100,2.499687082618404,8,2
50424,JG074D,285,FAM,#NAME?,FALSE,L21,0,FAM,JG074D.285,UNKNOWN,,7.7022614,560,13,0.12742981201335252,0.35074204206466675,316,100000000,100,2.499687082618404,8,2
50425,JG074D,285,HEX,#NAME?,FALSE,L21,0,HEX,JG074D.285,UNKNOWN,,31.714643,561,13,-0.00641705,-0.000956307,316,100000000,100,2.499687082618404,8,2
50426,JG074D,285,FAM,#NAME?,FALSE,L21,0,FAM,JG074D.285,UNKNOWN,,7.7022614,560,14,0.15897360228579444,0.4282572269439697,316,100000000,100,2.499687082618404,8,2
50427,JG074D,285,HEX,#NAME?,FALSE,L21,0,HEX,JG074D.285,UNKNOWN,,31.714643,561,14,-0.00748148,-0.000870829,316,100000000,100,2.499687082618404,8,2
50428,JG074D,285,FAM,#NAME?,FALSE,L21,0,FAM,JG074D.285,UNKNOWN,,7.7022614,560,15,0.1882004506400852,0.5000787973403931,316,100000000,100,2.499687082618404,8,2
50429,JG074D,285,HEX,#NAME?,FALSE,L21,0,HEX,JG074D.285,UNKNOWN,,31.714643,561,15,-0.009052934,0.000198632,316,100000000,100,2.499687082618404,8,2
50430,JG074D,285,FAM,#NAME?,FALSE,L21,0,FAM,JG074D.285,UNKNOWN,,7.7022614,560,16,0.21670281653304985,0.5701200366020203,316,100000000,100,2.499687082618404,8,2
50431,JG074D,285,HEX,#NAME?,FALSE,L21,0,HEX,JG074D.285,UNKNOWN,,31.714643,561,16,-0.010489543,0.001006399,316,100000000,100,2.499687082618404,8,2
50432,JG074D,285,FAM,#NAME?,FALSE,L21,0,FAM,JG074D.285,UNKNOWN,,7.7022614,560,17,0.2419428162426529,0.6321443915367126,316,100000000,100,2.499687082618404,8,2
50433,JG074D,285,HEX,#NAME?,FALSE,L21,0,HEX,JG074D.285,UNKNOWN,,31.714643,561,17,-0.01226447,0.002470741,316,100000000,100,2.499687082618404,8,2
50434,JG074D,285,FAM,#NAME?,FALSE,L21,0,FAM,JG074D.285,UNKNOWN,,7.7022614,560,18,0.2612041195816952,0.679476798,316,100000000,100,2.499687082618404,8,2
50435,JG074D,285,HEX,#NAME?,FALSE,L21,0,HEX,JG074D.285,UNKNOWN,,31.714643,561,18,-0.013349324,0.002595856,316,100000000,100,2.499687082618404,8,2
50436,JG074D,285,FAM,#NAME?,FALSE,L21,0,FAM,JG074D.285,UNKNOWN,,7.7022614,560,19,0.2788477379203797,0.7228339314460754,316,100000000,100,2.499687082618404,8,2
50437,JG074D,285,HEX,#NAME?,FALSE,L21,0,HEX,JG074D.285,UNKNOWN,,31.714643,561,19,-0.013066843,6.737223156960681e-05,316,100000000,100,2.499687082618404,8,2
50438,JG074D,285,FAM,#NAME?,FALSE,L21,0,FAM,JG074D.285,UNKNOWN,,7.7022614,560,20,0.2943891467802355,0.7610251307487488,316,100000000,100,2.499687082618404,8,2
50439,JG074D,285,HEX,#NAME?,FALSE,L21,0,HEX,JG074D.285,UNKNOWN,,31.714643,561,20,-0.013690544,-0.000702477,316,100000000,100,2.499687082618404,8,2
50440,JG074D,285,FAM,#NAME?,FALSE,L21,0,FAM,JG074D.285,UNKNOWN,,7.7022614,560,21,0.30731030081628935,0.7927773594856262,316,100000000,100,2.499687082618404,8,2
50441,JG074D,285,HEX,#NAME?,FALSE,L21,0,HEX,JG074D.285,UNKNOWN,,31.714643,561,21,-0.016099307,0.001991956,316,100000000,100,2.499687082618404,8,2
50442,JG074D,285,FAM,#NAME?,FALSE,L21,0,FAM,JG074D.285,UNKNOWN,,7.7022614,560,22,0.3185493476946557,0.8203960061073303,316,100000000,100,2.499687082618404,8,2
50443,JG074D,285,HEX,#NAME?,FALSE,L21,0,HEX,JG074D.285,UNKNOWN,,31.714643,561,22,-0.016179468,0.000167254,316,100000000,100,2.499687082618404,8,2
50444,JG074D,285,FAM,#NAME?,FALSE,L21,0,FAM,JG074D.285,UNKNOWN,,7.7022614,560,23,0.32960652810628316,0.8475677371025085,316,100000000,100,2.499687082618404,8,2
50445,JG074D,285,HEX,#NAME?,FALSE,L21,0,HEX,JG074D.285,UNKNOWN,,31.714643,561,23,-0.01682476,-0.000560693,316,100000000,100,2.499687082618404,8,2
50446,JG074D,285,FAM,#NAME?,FALSE,L21,0,FAM,JG074D.285,UNKNOWN,,7.7022614,560,24,0.3397609736340633,0.8725211024284363,316,100000000,100,2.499687082618404,8,2
50447,JG074D,285,HEX,#NAME?,FALSE,L21,0,HEX,JG074D.285,UNKNOWN,,31.714643,561,24,-0.017676366,-0.000888245,316,100000000,100,2.499687082618404,8,2
50448,JG074D,285,FAM,#NAME?,FALSE,L21,0,FAM,JG074D.285,UNKNOWN,,7.7022614,560,25,0.35024990016695534,0.8982964158058167,316,100000000,100,2.499687082618404,8,2
50449,JG074D,285,HEX,#NAME?,FALSE,L21,0,HEX,JG074D.285,UNKNOWN,,31.714643,561,25,-0.018461525,-0.001344752,316,100000000,100,2.499687082618404,8,2
50450,JG074D,285,FAM,#NAME?,FALSE,L21,0,FAM,JG074D.285,UNKNOWN,,7.7022614,560,26,0.361310428,0.9254763722419739,316,100000000,100,2.499687082618404,8,2
50451,JG074D,285,HEX,#NAME?,FALSE,L21,0,HEX,JG074D.285,UNKNOWN,,31.714643,561,26,-0.019440758,-0.001424618,316,100000000,100,2.499687082618404,8,2
50452,JG074D,285,FAM,#NAME?,FALSE,L21,0,FAM,JG074D.285,UNKNOWN,,7.7022614,560,27,0.37247976487319384,0.9529237151145935,316,100000000,100,2.499687082618404,8,2
50453,JG074D,285,HEX,#NAME?,FALSE,L21,0,HEX,JG074D.285,UNKNOWN,,31.714643,561,27,-0.020985983,-0.000406059,316,100000000,100,2.499687082618404,8,2
50454,JG074D,285,FAM,#NAME?,FALSE,L21,0,FAM,JG074D.285,UNKNOWN,,7.7022614,560,28,0.38476494414825896,0.9831131100654602,316,100000000,100,2.499687082618404,8,2
50455,JG074D,285,HEX,#NAME?,FALSE,L21,0,HEX,JG074D.285,UNKNOWN,,31.714643,561,28,-0.023780454,0.003036919,316,100000000,100,2.499687082618404,8,2
50456,JG074D,285,FAM,#NAME?,FALSE,L21,0,FAM,JG074D.285,UNKNOWN,,7.7022614,560,29,0.39908713457425293,1.018308162689209,316,100000000,100,2.499687082618404,8,2
50457,JG074D,285,HEX,#NAME?,FALSE,L21,0,HEX,JG074D.285,UNKNOWN,,31.714643,561,29,-0.027329109,0.007943548,316,100000000,100,2.499687082618404,8,2
50458,JG074D,285,FAM,#NAME?,FALSE,L21,0,FAM,JG074D.285,UNKNOWN,,7.7022614,560,30,0.4149332388935877,1.0572481155395508,316,100000000,100,2.499687082618404,8,2
50459,JG074D,285,HEX,#NAME?,FALSE,L21,0,HEX,JG074D.285,UNKNOWN,,31.714643,561,30,-0.031968408,0.014966798014938831,316,100000000,100,2.499687082618404,8,2
50460,JG074D,285,FAM,#NAME?,FALSE,L21,0,FAM,JG074D.285,UNKNOWN,,7.7022614,560,31,0.4340980060179567,1.1043434143066406,316,100000000,100,2.499687082618404,8,2
50461,JG074D,285,HEX,#NAME?,FALSE,L21,0,HEX,JG074D.285,UNKNOWN,,31.714643,561,31,-0.039798143,0.028181748,316,100000000,100,2.499687082618404,8,2
50462,JG074D,285,FAM,#NAME?,FALSE,L21,0,FAM,JG074D.285,UNKNOWN,,7.7022614,560,32,0.4561672519268165,1.1585760116577148,316,100000000,100,2.499687082618404,8,2
50463,JG074D,285,HEX,#NAME?,FALSE,L21,0,HEX,JG074D.285,UNKNOWN,,31.714643,561,32,-0.049907033,0.045819871,316,100000000,100,2.499687082618404,8,2
50464,JG074D,285,FAM,#NAME?,FALSE,L21,0,FAM,JG074D.285,UNKNOWN,,7.7022614,560,33,0.48128214264262936,1.2202928066253662,316,100000000,100,2.499687082618404,8,2
50465,JG074D,285,HEX,#NAME?,FALSE,L21,0,HEX,JG074D.285,UNKNOWN,,31.714643,561,33,-0.062445924,0.068173915,316,100000000,100,2.499687082618404,8,2
50466,JG074D,285,FAM,#NAME?,FALSE,L21,0,FAM,JG074D.285,UNKNOWN,,7.7022614,560,34,0.5081713592820061,1.286370038986206,316,100000000,100,2.499687082618404,8,2
50467,JG074D,285,HEX,#NAME?,FALSE,L21,0,HEX,JG074D.285,UNKNOWN,,31.714643,561,34,-0.078499272,0.097348481,316,100000000,100,2.499687082618404,8,2
50468,JG074D,285,FAM,#NAME?,FALSE,L21,0,FAM,JG074D.285,UNKNOWN,,7.7022614,560,35,0.53426243,1.3504858016967773,316,100000000,100,2.499687082618404,8,2
50469,JG074D,285,HEX,#NAME?,FALSE,L21,0,HEX,JG074D.285,UNKNOWN,,31.714643,561,35,-0.094576498,0.12656939029693604,316,100000000,100,2.499687082618404,8,2
50470,JG074D,285,FAM,#NAME?,FALSE,L21,0,FAM,JG074D.285,UNKNOWN,,7.7022614,560,36,0.5602945603090665,1.4144566059112549,316,100000000,100,2.499687082618404,8,2
50471,JG074D,285,HEX,#NAME?,FALSE,L21,0,HEX,JG074D.285,UNKNOWN,,31.714643,561,36,-0.110951763,0.15636871755123138,316,100000000,100,2.499687082618404,8,2
50472,JG074D,285,FAM,#NAME?,FALSE,L21,0,FAM,JG074D.285,UNKNOWN,,7.7022614,560,37,0.5854442331685581,1.4762589931488037,316,100000000,100,2.499687082618404,8,2
50473,JG074D,285,HEX,#NAME?,FALSE,L21,0,HEX,JG074D.285,UNKNOWN,,31.714643,561,37,-0.128354802,0.1881626397371292,316,100000000,100,2.499687082618404,8,2
50474,JG074D,285,FAM,#NAME?,FALSE,L21,0,FAM,JG074D.285,UNKNOWN,,7.7022614,560,38,0.6078495609343311,1.5313174724578857,316,100000000,100,2.499687082618404,8,2
50475,JG074D,285,HEX,#NAME?,FALSE,L21,0,HEX,JG074D.285,UNKNOWN,,31.714643,561,38,-0.144299717,0.2171267718076706,316,100000000,100,2.499687082618404,8,2
50476,JG074D,285,FAM,#NAME?,FALSE,L21,0,FAM,JG074D.285,UNKNOWN,,7.7022614,560,39,0.6304982181738735,1.5869739055633545,316,100000000,100,2.499687082618404,8,2
50477,JG074D,285,HEX,#NAME?,FALSE,L21,0,HEX,JG074D.285,UNKNOWN,,31.714643,561,39,-0.160595773,0.2467723786830902,316,100000000,100,2.499687082618404,8,2
50478,JG074D,285,FAM,#NAME?,FALSE,L21,0,FAM,JG074D.285,UNKNOWN,,7.7022614,560,40,0.6510127944305468,1.6373860836029053,316,100000000,100,2.499687082618404,8,2
50479,JG074D,285,HEX,#NAME?,FALSE,L21,0,HEX,JG074D.285,UNKNOWN,,31.714643,561,40,-0.17721803,0.27705103158950806,316,100000000,100,2.499687082618404,8,2
50480,JG074D,285,FAM,#NAME?,FALSE,L21,0,FAM,JG074D.285,UNKNOWN,,7.7022614,560,41,0.667331393,1.6774871349334717,316,100000000,100,2.499687082618404,8,2
50481,JG074D,285,HEX,#NAME?,FALSE,L21,0,HEX,JG074D.285,UNKNOWN,,31.714643,561,41,-0.190887891,0.3015999495983124,316,100000000,100,2.499687082618404,8,2
50482,JG074D,285,FAM,#NAME?,FALSE,L21,0,FAM,JG074D.285,UNKNOWN,,7.7022614,560,42,0.6852092203927678,1.7214198112487793,316,100000000,100,2.499687082618404,8,2
50483,JG074D,285,HEX,#NAME?,FALSE,L21,0,HEX,JG074D.285,UNKNOWN,,31.714643,561,42,-0.205798951,0.32855767011642456,316,100000000,100,2.499687082618404,8,2
50484,JG074D,285,FAM,#NAME?,FALSE,L21,0,FAM,JG074D.285,UNKNOWN,,7.7022614,560,43,0.7050466848482299,1.7701680660247803,316,100000000,100,2.499687082618404,8,2
50485,JG074D,285,HEX,#NAME?,FALSE,L21,0,HEX,JG074D.285,UNKNOWN,,31.714643,561,43,-0.221157036,0.35638293623924255,316,100000000,100,2.499687082618404,8,2
50486,JG074D,285,FAM,#NAME?,FALSE,L21,0,FAM,JG074D.285,UNKNOWN,,7.7022614,560,44,0.7279419702864655,1.8264305591583252,316,100000000,100,2.499687082618404,8,2
50487,JG074D,285,HEX,#NAME?,FALSE,L21,0,HEX,JG074D.285,UNKNOWN,,31.714643,561,44,-0.236583273,0.3843404948711395,316,100000000,100,2.499687082618404,8,2
50488,JG074D,285,FAM,#NAME?,FALSE,L21,0,FAM,JG074D.285,UNKNOWN,,7.7022614,560,45,0.7487081228292171,1.8774609565734863,316,100000000,100,2.499687082618404,8,2
50489,JG074D,285,HEX,#NAME?,FALSE,L21,0,HEX,JG074D.285,UNKNOWN,,31.714643,561,45,-0.251441168,0.4111950397491455,316,100000000,100,2.499687082618404,8,2
50490,JG074D,285,FAM,#NAME?,FALSE,L21,0,FAM,JG074D.285,UNKNOWN,,7.7022614,560,46,0.7701998008124987,1.930274248123169,316,100000000,100,2.499687082618404,8,2
50491,JG074D,285,HEX,#NAME?,FALSE,L21,0,HEX,JG074D.285,UNKNOWN,,31.714643,561,46,-0.26652594,0.4384898841381073,316,100000000,100,2.499687082618404,8,2
50492,JG074D,285,FAM,#NAME?,FALSE,L21,0,FAM,JG074D.285,UNKNOWN,,7.7022614,560,47,0.7874040095871073,1.9725515842437744,316,100000000,100,2.499687082618404,8,2
50493,JG074D,285,HEX,#NAME?,FALSE,L21,0,HEX,JG074D.285,UNKNOWN,,31.714643,561,47,-0.278072806,0.4589186906814575,316,100000000,100,2.499687082618404,8,2
50494,JG074D,285,FAM,#NAME?,FALSE,L21,0,FAM,JG074D.285,UNKNOWN,,7.7022614,560,48,0.8068953019682432,2.020449161529541,316,100000000,100,2.499687082618404,8,2
50495,JG074D,285,HEX,#NAME?,FALSE,L21,0,HEX,JG074D.285,UNKNOWN,,31.714643,561,48,-0.292620839,0.4851718842983246,316,100000000,100,2.499687082618404,8,2
50496,JG074D,285,FAM,#NAME?,FALSE,L21,0,FAM,JG074D.285,UNKNOWN,,7.7022614,560,49,0.8247410157191535,2.064302921295166,316,100000000,100,2.499687082618404,8,2
50497,JG074D,285,HEX,#NAME?,FALSE,L21,0,HEX,JG074D.285,UNKNOWN,,31.714643,561,49,-0.306346229,0.5098285675048828,316,100000000,100,2.499687082618404,8,2
50498,JG074D,285,FAM,#NAME?,FALSE,L21,0,FAM,JG074D.285,UNKNOWN,,7.7022614,560,50,0.8426393150261973,2.108285903930664,316,100000000,100,2.499687082618404,8,2
50499,JG074D,285,HEX,#NAME?,FALSE,L21,0,HEX,JG074D.285,UNKNOWN,,31.714643,561,50,-0.320635077,0.5355787873268127,316,100000000,100,2.499687082618404,8,2
54720,JG074D,309,FAM,#NAME?,FALSE,M21,0,FAM,JG074D.309,UNKNOWN,,7.6188374,608,1,-0.019823133,-0.009518932,100,100000000,100,2,8,2
54721,JG074D,309,HEX,#NAME?,FALSE,M21,0,HEX,JG074D.309,UNKNOWN,,34.282288,609,1,0.002708818,0.005667819,100,100000000,100,2,8,2
54722,JG074D,309,FAM,#NAME?,FALSE,M21,0,FAM,JG074D.309,UNKNOWN,,7.6188374,608,2,-0.019236918,-0.008078377,100,100000000,100,2,8,2
54723,JG074D,309,HEX,#NAME?,FALSE,M21,0,HEX,JG074D.309,UNKNOWN,,34.282288,609,2,0.002489298,0.004028353,100,100000000,100,2,8,2
54724,JG074D,309,FAM,#NAME?,FALSE,M21,0,FAM,JG074D.309,UNKNOWN,,7.6188374,608,3,-0.017541385,-0.003911803,100,100000000,100,2,8,2
54725,JG074D,309,HEX,#NAME?,FALSE,M21,0,HEX,JG074D.309,UNKNOWN,,34.282288,609,3,0.002072002,0.002772711,100,100000000,100,2,8,2
54726,JG074D,309,FAM,#NAME?,FALSE,M21,0,FAM,JG074D.309,UNKNOWN,,7.6188374,608,4,-0.01625333,-0.000746558,100,100000000,100,2,8,2
54727,JG074D,309,HEX,#NAME?,FALSE,M21,0,HEX,JG074D.309,UNKNOWN,,34.282288,609,4,0.001697551,0.001433921,100,100000000,100,2,8,2
54728,JG074D,309,FAM,#NAME?,FALSE,M21,0,FAM,JG074D.309,UNKNOWN,,7.6188374,608,5,-0.014053869,0.004658361,100,100000000,100,2,8,2
54729,JG074D,309,HEX,#NAME?,FALSE,M21,0,HEX,JG074D.309,UNKNOWN,,34.282288,609,5,0.000271415,0.002136143,100,100000000,100,2,8,2
54730,JG074D,309,FAM,#NAME?,FALSE,M21,0,FAM,JG074D.309,UNKNOWN,,7.6188374,608,6,-0.010553049,0.013261218555271626,100,100000000,100,2,8,2
54731,JG074D,309,HEX,#NAME?,FALSE,M21,0,HEX,JG074D.309,UNKNOWN,,34.282288,609,6,-0.000651383,0.001861534,100,100000000,100,2,8,2
54732,JG074D,309,FAM,#NAME?,FALSE,M21,0,FAM,JG074D.309,UNKNOWN,,7.6188374,608,7,-0.005406407,0.025908490642905235,100,100000000,100,2,8,2
54733,JG074D,309,HEX,#NAME?,FALSE,M21,0,HEX,JG074D.309,UNKNOWN,,34.282288,609,7,-0.000290261,-0.000904788,100,100000000,100,2,8,2
54734,JG074D,309,FAM,#NAME?,FALSE,M21,0,FAM,JG074D.309,UNKNOWN,,7.6188374,608,8,0.004715318,0.050781447,100,100000000,100,2,8,2
54735,JG074D,309,HEX,#NAME?,FALSE,M21,0,HEX,JG074D.309,UNKNOWN,,34.282288,609,8,-0.000455573,-0.002649456,100,100000000,100,2,8,2
54736,JG074D,309,FAM,#NAME?,FALSE,M21,0,FAM,JG074D.309,UNKNOWN,,7.6188374,608,9,0.019043184,0.085990511,100,100000000,100,2,8,2
54737,JG074D,309,HEX,#NAME?,FALSE,M21,0,HEX,JG074D.309,UNKNOWN,,34.282288,609,9,-0.000716279,-0.004208992,100,100000000,100,2,8,2
54738,JG074D,309,FAM,#NAME?,FALSE,M21,0,FAM,JG074D.309,UNKNOWN,,7.6188374,608,10,0.040049537,0.13761116564273834,100,100000000,100,2,8,2
54739,JG074D,309,HEX,#NAME?,FALSE,M21,0,HEX,JG074D.309,UNKNOWN,,34.282288,609,10,-0.001927471,-0.003923913,100,100000000,100,2,8,2
54740,JG074D,309,FAM,#NAME?,FALSE,M21,0,FAM,JG074D.309,UNKNOWN,,7.6188374,608,11,0.066018288,0.20142634212970734,100,100000000,100,2,8,2
54741,JG074D,309,HEX,#NAME?,FALSE,M21,0,HEX,JG074D.309,UNKNOWN,,34.282288,609,11,-0.003545824,-0.002848656,100,100000000,100,2,8,2
54742,JG074D,309,FAM,#NAME?,FALSE,M21,0,FAM,JG074D.309,UNKNOWN,,7.6188374,608,12,0.096255299,0.27573028206825256,100,100000000,100,2,8,2
54743,JG074D,309,HEX,#NAME?,FALSE,M21,0,HEX,JG074D.309,UNKNOWN,,34.282288,609,12,-0.004624812,-0.002820145,100,100000000,100,2,8,2
54744,JG074D,309,FAM,#NAME?,FALSE,M21,0,FAM,JG074D.309,UNKNOWN,,7.6188374,608,13,0.12991478424825317,0.35844454169273376,100,100000000,100,2,8,2
54745,JG074D,309,HEX,#NAME?,FALSE,M21,0,HEX,JG074D.309,UNKNOWN,,34.282288,609,13,-0.006836399,-0.000593594,100,100000000,100,2,8,2
54746,JG074D,309,FAM,#NAME?,FALSE,M21,0,FAM,JG074D.309,UNKNOWN,,7.6188374,608,14,0.16258778142373964,0.43873462080955505,100,100000000,100,2,8,2
54747,JG074D,309,HEX,#NAME?,FALSE,M21,0,HEX,JG074D.309,UNKNOWN,,34.282288,609,14,-0.008800363,0.001152394,100,100000000,100,2,8,2
54748,JG074D,309,FAM,#NAME?,FALSE,M21,0,FAM,JG074D.309,UNKNOWN,,7.6188374,608,15,0.1928766979267494,0.51316607,100,100000000,100,2,8,2
54749,JG074D,309,HEX,#NAME?,FALSE,M21,0,HEX,JG074D.309,UNKNOWN,,34.282288,609,15,-0.009900974,0.001222866,100,100000000,100,2,8,2
54750,JG074D,309,FAM,#NAME?,FALSE,M21,0,FAM,JG074D.309,UNKNOWN,,7.6188374,608,16,0.2223998493962285,0.5857157707214355,100,100000000,100,2,8,2
54751,JG074D,309,HEX,#NAME?,FALSE,M21,0,HEX,JG074D.309,UNKNOWN,,34.282288,609,16,-0.010970748,0.001233496,100,100000000,100,2,8,2
54752,JG074D,309,FAM,#NAME?,FALSE,M21,0,FAM,JG074D.309,UNKNOWN,,7.6188374,608,17,0.24725341318317437,0.6467905044555664,100,100000000,100,2,8,2
54753,JG074D,309,HEX,#NAME?,FALSE,M21,0,HEX,JG074D.309,UNKNOWN,,34.282288,609,17,-0.012520365,0.002175358,100,100000000,100,2,8,2
54754,JG074D,309,FAM,#NAME?,FALSE,M21,0,FAM,JG074D.309,UNKNOWN,,7.6188374,608,18,0.2687408707389803,0.6995934247970581,100,100000000,100,2,8,2
54755,JG074D,309,HEX,#NAME?,FALSE,M21,0,HEX,JG074D.309,UNKNOWN,,34.282288,609,18,-0.013918338,0.002822922,100,100000000,100,2,8,2
54756,JG074D,309,FAM,#NAME?,FALSE,M21,0,FAM,JG074D.309,UNKNOWN,,7.6188374,608,19,0.2874517721224026,0.7455732822418213,100,100000000,100,2,8,2
54757,JG074D,309,HEX,#NAME?,FALSE,M21,0,HEX,JG074D.309,UNKNOWN,,34.282288,609,19,-0.014936177,0.00273276,100,100000000,100,2,8,2
54758,JG074D,309,FAM,#NAME?,FALSE,M21,0,FAM,JG074D.309,UNKNOWN,,7.6188374,608,20,0.30239305559948254,0.7822897434234619,100,100000000,100,2,8,2
54759,JG074D,309,HEX,#NAME?,FALSE,M21,0,HEX,JG074D.309,UNKNOWN,,34.282288,609,20,-0.015795768,0.002335485,100,100000000,100,2,8,2
54760,JG074D,309,FAM,#NAME?,FALSE,M21,0,FAM,JG074D.309,UNKNOWN,,7.6188374,608,21,0.3154875867366633,0.8144680261611938,100,100000000,100,2,8,2
54761,JG074D,309,HEX,#NAME?,FALSE,M21,0,HEX,JG074D.309,UNKNOWN,,34.282288,609,21,-0.016663468,0.001953945,100,100000000,100,2,8,2
54762,JG074D,309,FAM,#NAME?,FALSE,M21,0,FAM,JG074D.309,UNKNOWN,,7.6188374,608,22,0.3274309113861993,0.8438173532485962,100,100000000,100,2,8,2
54763,JG074D,309,HEX,#NAME?,FALSE,M21,0,HEX,JG074D.309,UNKNOWN,,34.282288,609,22,-0.016997117,0.00053597,100,100000000,100,2,8,2
54764,JG074D,309,FAM,#NAME?,FALSE,M21,0,FAM,JG074D.309,UNKNOWN,,7.6188374,608,23,0.3385273369222844,0.871085525,100,100000000,100,2,8,2
54765,JG074D,309,HEX,#NAME?,FALSE,M21,0,HEX,JG074D.309,UNKNOWN,,34.282288,609,23,-0.017533962,-0.000487661,100,100000000,100,2,8,2
54766,JG074D,309,FAM,#NAME?,FALSE,M21,0,FAM,JG074D.309,UNKNOWN,,7.6188374,608,24,0.3489094914911081,0.8965984582901001,100,100000000,100,2,8,2
54767,JG074D,309,HEX,#NAME?,FALSE,M21,0,HEX,JG074D.309,UNKNOWN,,34.282288,609,24,-0.017741581,-0.002150223,100,100000000,100,2,8,2
54768,JG074D,309,FAM,#NAME?,FALSE,M21,0,FAM,JG074D.309,UNKNOWN,,7.6188374,608,25,0.35871859,0.9207031726837158,100,100000000,100,2,8,2
54769,JG074D,309,HEX,#NAME?,FALSE,M21,0,HEX,JG074D.309,UNKNOWN,,34.282288,609,25,-0.019160269,-0.001462456,100,100000000,100,2,8,2
54770,JG074D,309,FAM,#NAME?,FALSE,M21,0,FAM,JG074D.309,UNKNOWN,,7.6188374,608,26,0.3699392994744375,0.9482767581939697,100,100000000,100,2,8,2
54771,JG074D,309,HEX,#NAME?,FALSE,M21,0,HEX,JG074D.309,UNKNOWN,,34.282288,609,26,-0.020107684,-0.001689292,100,100000000,100,2,8,2
54772,JG074D,309,FAM,#NAME?,FALSE,M21,0,FAM,JG074D.309,UNKNOWN,,7.6188374,608,27,0.38186385049830585,0.9775799512863159,100,100000000,100,2,8,2
54773,JG074D,309,HEX,#NAME?,FALSE,M21,0,HEX,JG074D.309,UNKNOWN,,34.282288,609,27,-0.020752485,-0.002503412,100,100000000,100,2,8,2
54774,JG074D,309,FAM,#NAME?,FALSE,M21,0,FAM,JG074D.309,UNKNOWN,,7.6188374,608,28,0.3943455949702837,1.0082523822784424,100,100000000,100,2,8,2
54775,JG074D,309,HEX,#NAME?,FALSE,M21,0,HEX,JG074D.309,UNKNOWN,,34.282288,609,28,-0.022135792,-0.001884309,100,100000000,100,2,8,2
54776,JG074D,309,FAM,#NAME?,FALSE,M21,0,FAM,JG074D.309,UNKNOWN,,7.6188374,608,29,0.40736081117731826,1.0402357578277588,100,100000000,100,2,8,2
54777,JG074D,309,HEX,#NAME?,FALSE,M21,0,HEX,JG074D.309,UNKNOWN,,34.282288,609,29,-0.024628447,0.000887714,100,100000000,100,2,8,2
54778,JG074D,309,FAM,#NAME?,FALSE,M21,0,FAM,JG074D.309,UNKNOWN,,7.6188374,608,30,0.42451282248107836,1.0823848247528076,100,100000000,100,2,8,2
54779,JG074D,309,HEX,#NAME?,FALSE,M21,0,HEX,JG074D.309,UNKNOWN,,34.282288,609,30,-0.026714003,0.002869677,100,100000000,100,2,8,2
54780,JG074D,309,FAM,#NAME?,FALSE,M21,0,FAM,JG074D.309,UNKNOWN,,7.6188374,608,31,0.4467034420628592,1.136915683746338,100,100000000,100,2,8,2
54781,JG074D,309,HEX,#NAME?,FALSE,M21,0,HEX,JG074D.309,UNKNOWN,,34.282288,609,31,-0.029406369,0.006029279,100,100000000,100,2,8,2
54782,JG074D,309,FAM,#NAME?,FALSE,M21,0,FAM,JG074D.309,UNKNOWN,,7.6188374,608,32,0.47172038975484015,1.1983919143676758,100,100000000,100,2,8,2
54783,JG074D,309,HEX,#NAME?,FALSE,M21,0,HEX,JG074D.309,UNKNOWN,,34.282288,609,32,-0.034884743,0.014595708,100,100000000,100,2,8,2
54784,JG074D,309,FAM,#NAME?,FALSE,M21,0,FAM,JG074D.309,UNKNOWN,,7.6188374,608,33,0.5012421829258213,1.2709382772445679,100,100000000,100,2,8,2
54785,JG074D,309,HEX,#NAME?,FALSE,M21,0,HEX,JG074D.309,UNKNOWN,,34.282288,609,33,-0.04165034,0.025660257786512375,100,100000000,100,2,8,2
54786,JG074D,309,FAM,#NAME?,FALSE,M21,0,FAM,JG074D.309,UNKNOWN,,7.6188374,608,34,0.5310163770641118,1.3441048860549927,100,100000000,100,2,8,2
54787,JG074D,309,HEX,#NAME?,FALSE,M21,0,HEX,JG074D.309,UNKNOWN,,34.282288,609,34,-0.04828513,0.03647095,100,100000000,100,2,8,2
54788,JG074D,309,FAM,#NAME?,FALSE,M21,0,FAM,JG074D.309,UNKNOWN,,7.6188374,608,35,0.5644413865008375,1.4262429475784302,100,100000000,100,2,8,2
54789,JG074D,309,HEX,#NAME?,FALSE,M21,0,HEX,JG074D.309,UNKNOWN,,34.282288,609,35,-0.055802116,0.048993725,100,100000000,100,2,8,2
54790,JG074D,309,FAM,#NAME?,FALSE,M21,0,FAM,JG074D.309,UNKNOWN,,7.6188374,608,36,0.5974016638086334,1.5072389841079712,100,100000000,100,2,8,2
54791,JG074D,309,HEX,#NAME?,FALSE,M21,0,HEX,JG074D.309,UNKNOWN,,34.282288,609,36,-0.065400144,0.065555193,100,100000000,100,2,8,2
54792,JG074D,309,FAM,#NAME?,FALSE,M21,0,FAM,JG074D.309,UNKNOWN,,7.6188374,608,37,0.6268534560963112,1.5796133279800415,100,100000000,100,2,8,2
54793,JG074D,309,HEX,#NAME?,FALSE,M21,0,HEX,JG074D.309,UNKNOWN,,34.282288,609,37,-0.07533953,0.082779139,100,100000000,100,2,8,2
54794,JG074D,309,FAM,#NAME?,FALSE,M21,0,FAM,JG074D.309,UNKNOWN,,7.6188374,608,38,0.6551133414520673,1.6490586996078491,100,100000000,100,2,8,2
54795,JG074D,309,HEX,#NAME?,FALSE,M21,0,HEX,JG074D.309,UNKNOWN,,34.282288,609,38,-0.085093625,0.099643484,100,100000000,100,2,8,2
54796,JG074D,309,FAM,#NAME?,FALSE,M21,0,FAM,JG074D.309,UNKNOWN,,7.6188374,608,39,0.6785098390360341,1.7065528631210327,100,100000000,100,2,8,2
54797,JG074D,309,HEX,#NAME?,FALSE,M21,0,HEX,JG074D.309,UNKNOWN,,34.282288,609,39,-0.09530872,0.11740250140428543,100,100000000,100,2,8,2
54798,JG074D,309,FAM,#NAME?,FALSE,M21,0,FAM,JG074D.309,UNKNOWN,,7.6188374,608,40,0.7040474031380022,1.7693084478378296,100,100000000,100,2,8,2
54799,JG074D,309,HEX,#NAME?,FALSE,M21,0,HEX,JG074D.309,UNKNOWN,,34.282288,609,40,-0.105123411,0.13438445329666138,100,100000000,100,2,8,2
54800,JG074D,309,FAM,#NAME?,FALSE,M21,0,FAM,JG074D.309,UNKNOWN,,7.6188374,608,41,0.726882438,1.8254228830337524,100,100000000,100,2,8,2
54801,JG074D,309,HEX,#NAME?,FALSE,M21,0,HEX,JG074D.309,UNKNOWN,,34.282288,609,41,-0.114818845,0.15113495290279388,100,100000000,100,2,8,2
54802,JG074D,309,FAM,#NAME?,FALSE,M21,0,FAM,JG074D.309,UNKNOWN,,7.6188374,608,42,0.7495593287797578,1.8811486959457397,100,100000000,100,2,8,2
54803,JG074D,309,HEX,#NAME?,FALSE,M21,0,HEX,JG074D.309,UNKNOWN,,34.282288,609,42,-0.123454101,0.16582795977592468,100,100000000,100,2,8,2
54804,JG074D,309,FAM,#NAME?,FALSE,M21,0,FAM,JG074D.309,UNKNOWN,,7.6188374,608,43,0.7692750314770138,1.9295977354049683,100,100000000,100,2,8,2
54805,JG074D,309,HEX,#NAME?,FALSE,M21,0,HEX,JG074D.309,UNKNOWN,,34.282288,609,43,-0.132904324,0.18210259079933167,100,100000000,100,2,8,2
54806,JG074D,309,FAM,#NAME?,FALSE,M21,0,FAM,JG074D.309,UNKNOWN,,7.6188374,608,44,0.788778549,1.9775253534317017,100,100000000,100,2,8,2
54807,JG074D,309,HEX,#NAME?,FALSE,M21,0,HEX,JG074D.309,UNKNOWN,,34.282288,609,44,-0.143406,0.20041777193546295,100,100000000,100,2,8,2
54808,JG074D,309,FAM,#NAME?,FALSE,M21,0,FAM,JG074D.309,UNKNOWN,,7.6188374,608,45,0.8111320669248405,2.032456636428833,100,100000000,100,2,8,2
54809,JG074D,309,HEX,#NAME?,FALSE,M21,0,HEX,JG074D.309,UNKNOWN,,34.282288,609,45,-0.153553036,0.2180446982383728,100,100000000,100,2,8,2
54810,JG074D,309,FAM,#NAME?,FALSE,M21,0,FAM,JG074D.309,UNKNOWN,,7.6188374,608,46,0.8353922483108395,2.0920732021331787,100,100000000,100,2,8,2
54811,JG074D,309,HEX,#NAME?,FALSE,M21,0,HEX,JG074D.309,UNKNOWN,,34.282288,609,46,-0.1639439,0.23614484071731567,100,100000000,100,2,8,2
54812,JG074D,309,FAM,#NAME?,FALSE,M21,0,FAM,JG074D.309,UNKNOWN,,7.6188374,608,47,0.8552533859686937,2.1408796310424805,100,100000000,100,2,8,2
54813,JG074D,309,HEX,#NAME?,FALSE,M21,0,HEX,JG074D.309,UNKNOWN,,34.282288,609,47,-0.171454452,0.24865512549877167,100,100000000,100,2,8,2
54814,JG074D,309,FAM,#NAME?,FALSE,M21,0,FAM,JG074D.309,UNKNOWN,,7.6188374,608,48,0.8755094004041566,2.1906564235687256,100,100000000,100,2,8,2
54815,JG074D,309,HEX,#NAME?,FALSE,M21,0,HEX,JG074D.309,UNKNOWN,,34.282288,609,48,-0.182689367,0.26839330792427063,100,100000000,100,2,8,2
54816,JG074D,309,FAM,#NAME?,FALSE,M21,0,FAM,JG074D.309,UNKNOWN,,7.6188374,608,49,0.8924658167242167,2.2323248386383057,100,100000000,100,2,8,2
54817,JG074D,309,HEX,#NAME?,FALSE,M21,0,HEX,JG074D.309,UNKNOWN,,34.282288,609,49,-0.191964711,0.28432855010032654,100,100000000,100,2,8,2
54818,JG074D,309,FAM,#NAME?,FALSE,M21,0,FAM,JG074D.309,UNKNOWN,,7.6188374,608,50,0.9138223440069556,2.284806013,100,100000000,100,2,8,2
54819,JG074D,309,HEX,#NAME?,FALSE,M21,0,HEX,JG074D.309,UNKNOWN,,34.282288,609,50,-0.201298009,0.3003762364387512,100,100000000,100,2,8,2
59040,JG074D,333,FAM,#NAME?,FALSE,N21,0,FAM,JG074D.333,UNKNOWN,,7.6047034,656,1,-0.018648418,-0.006500652,31,100000000,100,1.4913616938342726,8,2
59041,JG074D,333,HEX,#NAME?,FALSE,N21,0,HEX,JG074D.333,UNKNOWN,,38.594143,657,1,0.001337215,0.007950897,31,100000000,100,1.4913616938342726,8,2
59042,JG074D,333,FAM,#NAME?,FALSE,N21,0,FAM,JG074D.333,UNKNOWN,,7.6047034,656,2,-0.018343941,-0.005752434,31,100000000,100,1.4913616938342726,8,2
59043,JG074D,333,HEX,#NAME?,FALSE,N21,0,HEX,JG074D.333,UNKNOWN,,38.594143,657,2,0.001269861,0.006037749,31,100000000,100,1.4913616938342726,8,2
59044,JG074D,333,FAM,#NAME?,FALSE,N21,0,FAM,JG074D.333,UNKNOWN,,7.6047034,656,3,-0.017634036,-0.004007926,31,100000000,100,1.4913616938342726,8,2
59045,JG074D,333,HEX,#NAME?,FALSE,N21,0,HEX,JG074D.333,UNKNOWN,,38.594143,657,3,0.00218684,0.002214303,31,100000000,100,1.4913616938342726,8,2
59046,JG074D,333,FAM,#NAME?,FALSE,N21,0,FAM,JG074D.333,UNKNOWN,,7.6047034,656,4,-0.016359236,-0.000875254,31,100000000,100,1.4913616938342726,8,2
59047,JG074D,333,HEX,#NAME?,FALSE,N21,0,HEX,JG074D.333,UNKNOWN,,38.594143,657,4,0.002256066,3.609339182730764e-05,31,100000000,100,1.4913616938342726,8,2
59048,JG074D,333,FAM,#NAME?,FALSE,N21,0,FAM,JG074D.333,UNKNOWN,,7.6047034,656,5,-0.014015917,0.00488318,31,100000000,100,1.4913616938342726,8,2
59049,JG074D,333,HEX,#NAME?,FALSE,N21,0,HEX,JG074D.333,UNKNOWN,,38.594143,657,5,0.000365721,0.001660839,31,100000000,100,1.4913616938342726,8,2
59050,JG074D,333,FAM,#NAME?,FALSE,N21,0,FAM,JG074D.333,UNKNOWN,,7.6047034,656,6,-0.010174212,0.014323721639811993,31,100000000,100,1.4913616938342726,8,2
59051,JG074D,333,HEX,#NAME?,FALSE,N21,0,HEX,JG074D.333,UNKNOWN,,38.594143,657,6,-0.000146861,0.00061175,31,100000000,100,1.4913616938342726,8,2
59052,JG074D,333,FAM,#NAME?,FALSE,N21,0,FAM,JG074D.333,UNKNOWN,,7.6047034,656,7,-0.005005134,0.027026126,31,100000000,100,1.4913616938342726,8,2
59053,JG074D,333,HEX,#NAME?,FALSE,N21,0,HEX,JG074D.333,UNKNOWN,,38.594143,657,7,-0.000739911,-0.000281174,31,100000000,100,1.4913616938342726,8,2
59054,JG074D,333,FAM,#NAME?,FALSE,N21,0,FAM,JG074D.333,UNKNOWN,,7.6047034,656,8,0.004483915,0.050344359,31,100000000,100,1.4913616938342726,8,2
59055,JG074D,333,HEX,#NAME?,FALSE,N21,0,HEX,JG074D.333,UNKNOWN,,38.594143,657,8,-0.000680512,-0.00244031,31,100000000,100,1.4913616938342726,8,2
59056,JG074D,333,FAM,#NAME?,FALSE,N21,0,FAM,JG074D.333,UNKNOWN,,7.6047034,656,9,0.018928934063626363,0.085841306,31,100000000,100,1.4913616938342726,8,2
59057,JG074D,333,HEX,#NAME?,FALSE,N21,0,HEX,JG074D.333,UNKNOWN,,38.594143,657,9,-0.000912195,-0.004034543,31,100000000,100,1.4913616938342726,8,2
59058,JG074D,333,FAM,#NAME?,FALSE,N21,0,FAM,JG074D.333,UNKNOWN,,7.6047034,656,10,0.039775687069031194,0.13706977665424347,31,100000000,100,1.4913616938342726,8,2
59059,JG074D,333,HEX,#NAME?,FALSE,N21,0,HEX,JG074D.333,UNKNOWN,,38.594143,657,10,-0.002329148,-0.003328514,31,100000000,100,1.4913616938342726,8,2
59060,JG074D,333,FAM,#NAME?,FALSE,N21,0,FAM,JG074D.333,UNKNOWN,,7.6047034,656,11,0.065936686,0.2013573795557022,31,100000000,100,1.4913616938342726,8,2
59061,JG074D,333,HEX,#NAME?,FALSE,N21,0,HEX,JG074D.333,UNKNOWN,,38.594143,657,11,-0.004176295,-0.001787602,31,100000000,100,1.4913616938342726,8,2
59062,JG074D,333,FAM,#NAME?,FALSE,N21,0,FAM,JG074D.333,UNKNOWN,,7.6047034,656,12,0.096645414,0.27682048082351685,31,100000000,100,1.4913616938342726,8,2
59063,JG074D,333,HEX,#NAME?,FALSE,N21,0,HEX,JG074D.333,UNKNOWN,,38.594143,657,12,-0.00520685,-0.001831458,31,100000000,100,1.4913616938342726,8,2
59064,JG074D,333,FAM,#NAME?,FALSE,N21,0,FAM,JG074D.333,UNKNOWN,,7.6047034,656,13,0.12955000075578094,0.35767966508865356,31,100000000,100,1.4913616938342726,8,2
59065,JG074D,333,HEX,#NAME?,FALSE,N21,0,HEX,JG074D.333,UNKNOWN,,38.594143,657,13,-0.006971365,-0.000450913,31,100000000,100,1.4913616938342726,8,2
59066,JG074D,333,FAM,#NAME?,FALSE,N21,0,FAM,JG074D.333,UNKNOWN,,7.6047034,656,14,0.1621258553333361,0.4377310276031494,31,100000000,100,1.4913616938342726,8,2
59067,JG074D,333,HEX,#NAME?,FALSE,N21,0,HEX,JG074D.333,UNKNOWN,,38.594143,657,14,-0.007629756,-0.001217028,31,100000000,100,1.4913616938342726,8,2
59068,JG074D,333,FAM,#NAME?,FALSE,N21,0,FAM,JG074D.333,UNKNOWN,,7.6047034,656,15,0.19314609430082222,0.5139596462249756,31,100000000,100,1.4913616938342726,8,2
59069,JG074D,333,HEX,#NAME?,FALSE,N21,0,HEX,JG074D.333,UNKNOWN,,38.594143,657,15,-0.00958701,0.000537566,31,100000000,100,1.4913616938342726,8,2
59070,JG074D,333,FAM,#NAME?,FALSE,N21,0,FAM,JG074D.333,UNKNOWN,,7.6047034,656,16,0.22219185235894434,0.5853362083435059,31,100000000,100,1.4913616938342726,8,2
59071,JG074D,333,HEX,#NAME?,FALSE,N21,0,HEX,JG074D.333,UNKNOWN,,38.594143,657,16,-0.012066105,0.003304903,31,100000000,100,1.4913616938342726,8,2
59072,JG074D,333,FAM,#NAME?,FALSE,N21,0,FAM,JG074D.333,UNKNOWN,,7.6047034,656,17,0.24720884856158593,0.6468125581741333,31,100000000,100,1.4913616938342726,8,2
59073,JG074D,333,HEX,#NAME?,FALSE,N21,0,HEX,JG074D.333,UNKNOWN,,38.594143,657,17,-0.012952294,0.002980875,31,100000000,100,1.4913616938342726,8,2
59074,JG074D,333,FAM,#NAME?,FALSE,N21,0,FAM,JG074D.333,UNKNOWN,,7.6047034,656,18,0.2670804645221384,0.695644736,31,100000000,100,1.4913616938342726,8,2
59075,JG074D,333,HEX,#NAME?,FALSE,N21,0,HEX,JG074D.333,UNKNOWN,,38.594143,657,18,-0.014206161,0.003370404,31,100000000,100,1.4913616938342726,8,2
59076,JG074D,333,FAM,#NAME?,FALSE,N21,0,FAM,JG074D.333,UNKNOWN,,7.6047034,656,19,0.28496964382498197,0.7396053075790405,31,100000000,100,1.4913616938342726,8,2
59077,JG074D,333,HEX,#NAME?,FALSE,N21,0,HEX,JG074D.333,UNKNOWN,,38.594143,657,19,-0.014679247,0.002244664,31,100000000,100,1.4913616938342726,8,2
59078,JG074D,333,FAM,#NAME?,FALSE,N21,0,FAM,JG074D.333,UNKNOWN,,7.6047034,656,20,0.3000132362853514,0.7765731811523438,31,100000000,100,1.4913616938342726,8,2
59079,JG074D,333,HEX,#NAME?,FALSE,N21,0,HEX,JG074D.333,UNKNOWN,,38.594143,657,20,-0.015857945,0.00248831,31,100000000,100,1.4913616938342726,8,2
59080,JG074D,333,FAM,#NAME?,FALSE,N21,0,FAM,JG074D.333,UNKNOWN,,7.6047034,656,21,0.31462814003764633,0.8124876022338867,31,100000000,100,1.4913616938342726,8,2
59081,JG074D,333,HEX,#NAME?,FALSE,N21,0,HEX,JG074D.333,UNKNOWN,,38.594143,657,21,-0.01728104,0.003206261,31,100000000,100,1.4913616938342726,8,2
59082,JG074D,333,FAM,#NAME?,FALSE,N21,0,FAM,JG074D.333,UNKNOWN,,7.6047034,656,22,0.32734453057513924,0.8437366485595703,31,100000000,100,1.4913616938342726,8,2
59083,JG074D,333,HEX,#NAME?,FALSE,N21,0,HEX,JG074D.333,UNKNOWN,,38.594143,657,22,-0.017494433,0.001576533,31,100000000,100,1.4913616938342726,8,2
59084,JG074D,333,FAM,#NAME?,FALSE,N21,0,FAM,JG074D.333,UNKNOWN,,7.6047034,656,23,0.3377729643142134,0.8693633079528809,31,100000000,100,1.4913616938342726,8,2
59085,JG074D,333,HEX,#NAME?,FALSE,N21,0,HEX,JG074D.333,UNKNOWN,,38.594143,657,23,-0.017026354,-0.001375732,31,100000000,100,1.4913616938342726,8,2
59086,JG074D,333,FAM,#NAME?,FALSE,N21,0,FAM,JG074D.333,UNKNOWN,,7.6047034,656,24,0.3468965097927356,0.8917833566665649,31,100000000,100,1.4913616938342726,8,2
59087,JG074D,333,HEX,#NAME?,FALSE,N21,0,HEX,JG074D.333,UNKNOWN,,38.594143,657,24,-0.017838079,-0.001844271,31,100000000,100,1.4913616938342726,8,2
59088,JG074D,333,FAM,#NAME?,FALSE,N21,0,FAM,JG074D.333,UNKNOWN,,7.6047034,656,25,0.35715302175050206,0.9169875383377075,31,100000000,100,1.4913616938342726,8,2
59089,JG074D,333,HEX,#NAME?,FALSE,N21,0,HEX,JG074D.333,UNKNOWN,,38.594143,657,25,-0.019251423,-0.001145246,31,100000000,100,1.4913616938342726,8,2
59090,JG074D,333,FAM,#NAME?,FALSE,N21,0,FAM,JG074D.333,UNKNOWN,,7.6047034,656,26,0.36721762553477716,0.9417201280593872,31,100000000,100,1.4913616938342726,8,2
59091,JG074D,333,HEX,#NAME?,FALSE,N21,0,HEX,JG074D.333,UNKNOWN,,38.594143,657,26,-0.020277647,-0.001197506,31,100000000,100,1.4913616938342726,8,2
59092,JG074D,333,FAM,#NAME?,FALSE,N21,0,FAM,JG074D.333,UNKNOWN,,7.6047034,656,27,0.3795205597116365,0.9719531536102295,31,100000000,100,1.4913616938342726,8,2
59093,JG074D,333,HEX,#NAME?,FALSE,N21,0,HEX,JG074D.333,UNKNOWN,,38.594143,657,27,-0.0218917,-0.000108964,31,100000000,100,1.4913616938342726,8,2
59094,JG074D,333,FAM,#NAME?,FALSE,N21,0,FAM,JG074D.333,UNKNOWN,,7.6047034,656,28,0.393498907,1.006303310394287,31,100000000,100,1.4913616938342726,8,2
59095,JG074D,333,HEX,#NAME?,FALSE,N21,0,HEX,JG074D.333,UNKNOWN,,38.594143,657,28,-0.022355525,-0.001252675,31,100000000,100,1.4913616938342726,8,2
59096,JG074D,333,FAM,#NAME?,FALSE,N21,0,FAM,JG074D.333,UNKNOWN,,7.6047034,656,29,0.40681993398672334,1.0390381813049316,31,100000000,100,1.4913616938342726,8,2
59097,JG074D,333,HEX,#NAME?,FALSE,N21,0,HEX,JG074D.333,UNKNOWN,,38.594143,657,29,-0.023056285,-0.001936566,31,100000000,100,1.4913616938342726,8,2
59098,JG074D,333,FAM,#NAME?,FALSE,N21,0,FAM,JG074D.333,UNKNOWN,,7.6047034,656,30,0.4254868362009453,1.0849099159240723,31,100000000,100,1.4913616938342726,8,2
59099,JG074D,333,HEX,#NAME?,FALSE,N21,0,HEX,JG074D.333,UNKNOWN,,38.594143,657,30,-0.024115633,-0.001924543,31,100000000,100,1.4913616938342726,8,2
59100,JG074D,333,FAM,#NAME?,FALSE,N21,0,FAM,JG074D.333,UNKNOWN,,7.6047034,656,31,0.4478727111918016,1.1399205923080444,31,100000000,100,1.4913616938342726,8,2
59101,JG074D,333,HEX,#NAME?,FALSE,N21,0,HEX,JG074D.333,UNKNOWN,,38.594143,657,31,-0.026123301,-7.21E-05,31,100000000,100,1.4913616938342726,8,2
59102,JG074D,333,FAM,#NAME?,FALSE,N21,0,FAM,JG074D.333,UNKNOWN,,7.6047034,656,32,0.4767880240834631,1.2109766006469727,31,100000000,100,1.4913616938342726,8,2
59103,JG074D,333,HEX,#NAME?,FALSE,N21,0,HEX,JG074D.333,UNKNOWN,,38.594143,657,32,-0.029671112,0.004769292,31,100000000,100,1.4913616938342726,8,2
59104,JG074D,333,FAM,#NAME?,FALSE,N21,0,FAM,JG074D.333,UNKNOWN,,7.6047034,656,33,0.5080915167984255,1.2879012823104858,31,100000000,100,1.4913616938342726,8,2
59105,JG074D,333,HEX,#NAME?,FALSE,N21,0,HEX,JG074D.333,UNKNOWN,,38.594143,657,33,-0.032791768,0.008781711,31,100000000,100,1.4913616938342726,8,2
59106,JG074D,333,FAM,#NAME?,FALSE,N21,0,FAM,JG074D.333,UNKNOWN,,7.6047034,656,34,0.5417771255041086,1.3706797361373901,31,100000000,100,1.4913616938342726,8,2
59107,JG074D,333,HEX,#NAME?,FALSE,N21,0,HEX,JG074D.333,UNKNOWN,,38.594143,657,34,-0.034850174,0.010732612572610378,31,100000000,100,1.4913616938342726,8,2
59108,JG074D,333,FAM,#NAME?,FALSE,N21,0,FAM,JG074D.333,UNKNOWN,,7.6047034,656,35,0.5772557852483626,1.4578644037246704,31,100000000,100,1.4913616938342726,8,2
59109,JG074D,333,HEX,#NAME?,FALSE,N21,0,HEX,JG074D.333,UNKNOWN,,38.594143,657,35,-0.038648233,0.016059670597314835,31,100000000,100,1.4913616938342726,8,2
59110,JG074D,333,FAM,#NAME?,FALSE,N21,0,FAM,JG074D.333,UNKNOWN,,7.6047034,656,36,0.6125733895992922,1.544653296470642,31,100000000,100,1.4913616938342726,8,2
59111,JG074D,333,HEX,#NAME?,FALSE,N21,0,HEX,JG074D.333,UNKNOWN,,38.594143,657,36,-0.043271454,0.022988127544522285,31,100000000,100,1.4913616938342726,8,2
59112,JG074D,333,FAM,#NAME?,FALSE,N21,0,FAM,JG074D.333,UNKNOWN,,7.6047034,656,37,0.6456448533412746,1.6259225606918335,31,100000000,100,1.4913616938342726,8,2
59113,JG074D,333,HEX,#NAME?,FALSE,N21,0,HEX,JG074D.333,UNKNOWN,,38.594143,657,37,-0.047995521,0.030112296,31,100000000,100,1.4913616938342726,8,2
59114,JG074D,333,FAM,#NAME?,FALSE,N21,0,FAM,JG074D.333,UNKNOWN,,7.6047034,656,38,0.675919483,1.7003189325332642,31,100000000,100,1.4913616938342726,8,2
59115,JG074D,333,HEX,#NAME?,FALSE,N21,0,HEX,JG074D.333,UNKNOWN,,38.594143,657,38,-0.052776345,0.037346613,31,100000000,100,1.4913616938342726,8,2
59116,JG074D,333,FAM,#NAME?,FALSE,N21,0,FAM,JG074D.333,UNKNOWN,,7.6047034,656,39,0.7015865710206024,1.7633928060531616,31,100000000,100,1.4913616938342726,8,2
59117,JG074D,333,HEX,#NAME?,FALSE,N21,0,HEX,JG074D.333,UNKNOWN,,38.594143,657,39,-0.056350231,0.042238619178533554,31,100000000,100,1.4913616938342726,8,2
59118,JG074D,333,FAM,#NAME?,FALSE,N21,0,FAM,JG074D.333,UNKNOWN,,7.6047034,656,40,0.7265791663609421,1.824809193611145,31,100000000,100,1.4913616938342726,8,2
59119,JG074D,333,HEX,#NAME?,FALSE,N21,0,HEX,JG074D.333,UNKNOWN,,38.594143,657,40,-0.060733032,0.048700489,31,100000000,100,1.4913616938342726,8,2
59120,JG074D,333,FAM,#NAME?,FALSE,N21,0,FAM,JG074D.333,UNKNOWN,,7.6047034,656,41,0.7481119813844463,1.8777235746383667,31,100000000,100,1.4913616938342726,8,2
59121,JG074D,333,HEX,#NAME?,FALSE,N21,0,HEX,JG074D.333,UNKNOWN,,38.594143,657,41,-0.066120082,0.057111311703920364,31,100000000,100,1.4913616938342726,8,2
59122,JG074D,333,FAM,#NAME?,FALSE,N21,0,FAM,JG074D.333,UNKNOWN,,7.6047034,656,42,0.7704470657136127,1.9326094388961792,31,100000000,100,1.4913616938342726,8,2
59123,JG074D,333,HEX,#NAME?,FALSE,N21,0,HEX,JG074D.333,UNKNOWN,,38.594143,657,42,-0.070369067,0.063313484,31,100000000,100,1.4913616938342726,8,2
59124,JG074D,333,FAM,#NAME?,FALSE,N21,0,FAM,JG074D.333,UNKNOWN,,7.6047034,656,43,0.7910802020248898,1.983312964439392,31,100000000,100,1.4913616938342726,8,2
59125,JG074D,333,HEX,#NAME?,FALSE,N21,0,HEX,JG074D.333,UNKNOWN,,38.594143,657,43,-0.074032865,0.068379983,31,100000000,100,1.4913616938342726,8,2
59126,JG074D,333,FAM,#NAME?,FALSE,N21,0,FAM,JG074D.333,UNKNOWN,,7.6047034,656,44,0.8124942629511477,2.035935640335083,31,100000000,100,1.4913616938342726,8,2
59127,JG074D,333,HEX,#NAME?,FALSE,N21,0,HEX,JG074D.333,UNKNOWN,,38.594143,657,44,-0.078664732,0.075325221,31,100000000,100,1.4913616938342726,8,2
59128,JG074D,333,FAM,#NAME?,FALSE,N21,0,FAM,JG074D.333,UNKNOWN,,7.6047034,656,45,0.8353771296602595,2.092167615890503,31,100000000,100,1.4913616938342726,8,2
59129,JG074D,333,HEX,#NAME?,FALSE,N21,0,HEX,JG074D.333,UNKNOWN,,38.594143,657,45,-0.085356172,0.086267479,31,100000000,100,1.4913616938342726,8,2
59130,JG074D,333,FAM,#NAME?,FALSE,N21,0,FAM,JG074D.333,UNKNOWN,,7.6047034,656,46,0.8601071853052161,2.1529388427734375,31,100000000,100,1.4913616938342726,8,2
59131,JG074D,333,HEX,#NAME?,FALSE,N21,0,HEX,JG074D.333,UNKNOWN,,38.594143,657,46,-0.090007388,0.093250267,31,100000000,100,1.4913616938342726,8,2
59132,JG074D,333,FAM,#NAME?,FALSE,N21,0,FAM,JG074D.333,UNKNOWN,,7.6047034,656,47,0.8823739666242016,2.2076568603515625,31,100000000,100,1.4913616938342726,8,2
59133,JG074D,333,HEX,#NAME?,FALSE,N21,0,HEX,JG074D.333,UNKNOWN,,38.594143,657,47,-0.092427653,0.095903434,31,100000000,100,1.4913616938342726,8,2
59134,JG074D,333,FAM,#NAME?,FALSE,N21,0,FAM,JG074D.333,UNKNOWN,,7.6047034,656,48,0.9030088493192618,2.258364677429199,31,100000000,100,1.4913616938342726,8,2
59135,JG074D,333,HEX,#NAME?,FALSE,N21,0,HEX,JG074D.333,UNKNOWN,,38.594143,657,48,-0.097616804,0.10393019765615463,31,100000000,100,1.4913616938342726,8,2
59136,JG074D,333,FAM,#NAME?,FALSE,N21,0,FAM,JG074D.333,UNKNOWN,,7.6047034,656,49,0.9241090462711796,2.310215950012207,31,100000000,100,1.4913616938342726,8,2
59137,JG074D,333,HEX,#NAME?,FALSE,N21,0,HEX,JG074D.333,UNKNOWN,,38.594143,657,49,-0.102529909,0.11142122745513916,31,100000000,100,1.4913616938342726,8,2
59138,JG074D,333,FAM,#NAME?,FALSE,N21,0,FAM,JG074D.333,UNKNOWN,,7.6047034,656,50,0.9374818830684513,2.343078136444092,31,100000000,100,1.4913616938342726,8,2
59139,JG074D,333,HEX,#NAME?,FALSE,N21,0,HEX,JG074D.333,UNKNOWN,,38.594143,657,50,-0.106945987,0.11794768273830414,31,100000000,100,1.4913616938342726,8,2
63360,JG074D,357,FAM,#NAME?,FALSE,O21,0,FAM,JG074D.357,UNKNOWN,,7.4913583,704,1,-0.018697482,-0.005116016,10,100000000,100,1,8,2
63361,JG074D,357,HEX,#NAME?,FALSE,O21,0,HEX,JG074D.357,UNKNOWN,,inf,705,1,0.001725177,0.049045976251363754,10,100000000,100,1,8,2
63362,JG074D,357,FAM,#NAME?,FALSE,O21,0,FAM,JG074D.357,UNKNOWN,,7.4913583,704,2,-0.018662118,-0.005029112,10,100000000,100,1,8,2
63363,JG074D,357,HEX,#NAME?,FALSE,O21,0,HEX,JG074D.357,UNKNOWN,,inf,705,2,0.001689074,0.044596594,10,100000000,100,1,8,2
63364,JG074D,357,FAM,#NAME?,FALSE,O21,0,FAM,JG074D.357,UNKNOWN,,7.4913583,704,3,-0.018229791,-0.003966719,10,100000000,100,1,8,2
63365,JG074D,357,HEX,#NAME?,FALSE,O21,0,HEX,JG074D.357,UNKNOWN,,inf,705,3,0.001436676,0.040566980838775635,10,100000000,100,1,8,2
63366,JG074D,357,FAM,#NAME?,FALSE,O21,0,FAM,JG074D.357,UNKNOWN,,7.4913583,704,4,-0.017046943,-0.001060009,10,100000000,100,1,8,2
63367,JG074D,357,HEX,#NAME?,FALSE,O21,0,HEX,JG074D.357,UNKNOWN,,inf,705,4,0.001396243,0.036126003,10,100000000,100,1,8,2
63368,JG074D,357,FAM,#NAME?,FALSE,O21,0,FAM,JG074D.357,UNKNOWN,,7.4913583,704,5,-0.014570025,0.005026728,10,100000000,100,1,8,2
63369,JG074D,357,HEX,#NAME?,FALSE,O21,0,HEX,JG074D.357,UNKNOWN,,inf,705,5,0.001256806,0.031877164,10,100000000,100,1,8,2
63370,JG074D,357,FAM,#NAME?,FALSE,O21,0,FAM,JG074D.357,UNKNOWN,,7.4913583,704,6,-0.010361628,0.015368372201919556,10,100000000,100,1,8,2
63371,JG074D,357,HEX,#NAME?,FALSE,O21,0,HEX,JG074D.357,UNKNOWN,,inf,705,6,0.000792228,0.028259326,10,100000000,100,1,8,2
63372,JG074D,357,FAM,#NAME?,FALSE,O21,0,FAM,JG074D.357,UNKNOWN,,7.4913583,704,7,-0.00427029,0.030337125062942505,10,100000000,100,1,8,2
63373,JG074D,357,HEX,#NAME?,FALSE,O21,0,HEX,JG074D.357,UNKNOWN,,inf,705,7,-0.000300228,0.025860017,10,100000000,100,1,8,2
63374,JG074D,357,FAM,#NAME?,FALSE,O21,0,FAM,JG074D.357,UNKNOWN,,7.4913583,704,8,0.004719984,0.052429676,10,100000000,100,1,8,2
63375,JG074D,357,HEX,#NAME?,FALSE,O21,0,HEX,JG074D.357,UNKNOWN,,inf,705,8,-0.000935477,0.022573404014110565,10,100000000,100,1,8,2
63376,JG074D,357,FAM,#NAME?,FALSE,O21,0,FAM,JG074D.357,UNKNOWN,,7.4913583,704,9,0.019620664249229862,0.089046359,10,100000000,100,1,8,2
63377,JG074D,357,HEX,#NAME?,FALSE,O21,0,HEX,JG074D.357,UNKNOWN,,inf,705,9,-0.001251743,0.018667737022042274,10,100000000,100,1,8,2
63378,JG074D,357,FAM,#NAME?,FALSE,O21,0,FAM,JG074D.357,UNKNOWN,,7.4913583,704,10,0.04013803,0.13946539163589478,10,100000000,100,1,8,2
63379,JG074D,357,HEX,#NAME?,FALSE,O21,0,HEX,JG074D.357,UNKNOWN,,inf,705,10,-0.002394506,0.016366060823202133,10,100000000,100,1,8,2
63380,JG074D,357,FAM,#NAME?,FALSE,O21,0,FAM,JG074D.357,UNKNOWN,,7.4913583,704,11,0.066535834,0.20433491468429565,10,100000000,100,1,8,2
63381,JG074D,357,HEX,#NAME?,FALSE,O21,0,HEX,JG074D.357,UNKNOWN,,inf,705,11,-0.004936963,0.016780776903033257,10,100000000,100,1,8,2
63382,JG074D,357,FAM,#NAME?,FALSE,O21,0,FAM,JG074D.357,UNKNOWN,,7.4913583,704,12,0.096205875,0.27724558115005493,10,100000000,100,1,8,2
63383,JG074D,357,HEX,#NAME?,FALSE,O21,0,HEX,JG074D.357,UNKNOWN,,inf,705,12,-0.006387531,0.015076458,10,100000000,100,1,8,2
63384,JG074D,357,FAM,#NAME?,FALSE,O21,0,FAM,JG074D.357,UNKNOWN,,7.4913583,704,13,0.1284606377806613,0.35650789737701416,10,100000000,100,1,8,2
63385,JG074D,357,HEX,#NAME?,FALSE,O21,0,HEX,JG074D.357,UNKNOWN,,inf,705,13,-0.007361666,0.012447522021830082,10,100000000,100,1,8,2
63386,JG074D,357,FAM,#NAME?,FALSE,O21,0,FAM,JG074D.357,UNKNOWN,,7.4913583,704,14,0.16124079500550126,0.4370613098144531,10,100000000,100,1,8,2
63387,JG074D,357,HEX,#NAME?,FALSE,O21,0,HEX,JG074D.357,UNKNOWN,,inf,705,14,-0.009563316,0.012200835160911083,10,100000000,100,1,8,2
63388,JG074D,357,FAM,#NAME?,FALSE,O21,0,FAM,JG074D.357,UNKNOWN,,7.4913583,704,15,0.19252359792370066,0.5139351487159729,10,100000000,100,1,8,2
63389,JG074D,357,HEX,#NAME?,FALSE,O21,0,HEX,JG074D.357,UNKNOWN,,inf,705,15,-0.011819559,0.012060095556080341,10,100000000,100,1,8,2
63390,JG074D,357,FAM,#NAME?,FALSE,O21,0,FAM,JG074D.357,UNKNOWN,,7.4913583,704,16,0.22055126274697387,0.5828098654747009,10,100000000,100,1,8,2
63391,JG074D,357,HEX,#NAME?,FALSE,O21,0,HEX,JG074D.357,UNKNOWN,,inf,705,16,-0.013273383,0.010362095199525356,10,100000000,100,1,8,2
63392,JG074D,357,FAM,#NAME?,FALSE,O21,0,FAM,JG074D.357,UNKNOWN,,7.4913583,704,17,0.24480659306690883,0.6424145102500916,10,100000000,100,1,8,2
63393,JG074D,357,HEX,#NAME?,FALSE,O21,0,HEX,JG074D.357,UNKNOWN,,inf,705,17,-0.014920821,0.009039843,10,100000000,100,1,8,2
63394,JG074D,357,FAM,#NAME?,FALSE,O21,0,FAM,JG074D.357,UNKNOWN,,7.4913583,704,18,0.2651311045551952,0.6923596262931824,10,100000000,100,1,8,2
63395,JG074D,357,HEX,#NAME?,FALSE,O21,0,HEX,JG074D.357,UNKNOWN,,inf,705,18,-0.016700646,0.007974516,10,100000000,100,1,8,2
63396,JG074D,357,FAM,#NAME?,FALSE,O21,0,FAM,JG074D.357,UNKNOWN,,7.4913583,704,19,0.28219574815914283,0.7342939972877502,10,100000000,100,1,8,2
63397,JG074D,357,HEX,#NAME?,FALSE,O21,0,HEX,JG074D.357,UNKNOWN,,inf,705,19,-0.017831554,0.005649832,10,100000000,100,1,8,2
63398,JG074D,357,FAM,#NAME?,FALSE,O21,0,FAM,JG074D.357,UNKNOWN,,7.4913583,704,20,0.2972336648722174,0.771247923,10,100000000,100,1,8,2
63399,JG074D,357,HEX,#NAME?,FALSE,O21,0,HEX,JG074D.357,UNKNOWN,,inf,705,20,-0.017846266,0.001158937,10,100000000,100,1,8,2
63400,JG074D,357,FAM,#NAME?,FALSE,O21,0,FAM,JG074D.357,UNKNOWN,,7.4913583,704,21,0.31055173313362666,0.803975523,10,100000000,100,1,8,2
63401,JG074D,357,HEX,#NAME?,FALSE,O21,0,HEX,JG074D.357,UNKNOWN,,inf,705,21,-0.018099432,-0.002869188,10,100000000,100,1,8,2
63402,JG074D,357,FAM,#NAME?,FALSE,O21,0,FAM,JG074D.357,UNKNOWN,,7.4913583,704,22,0.3234456241784009,0.8356607556343079,10,100000000,100,1,8,2
63403,JG074D,357,HEX,#NAME?,FALSE,O21,0,HEX,JG074D.357,UNKNOWN,,inf,705,22,-0.018425203,-0.006756408,10,100000000,100,1,8,2
63404,JG074D,357,FAM,#NAME?,FALSE,O21,0,FAM,JG074D.357,UNKNOWN,,7.4913583,704,23,0.3348667800768093,0.8637269139289856,10,100000000,100,1,8,2
63405,JG074D,357,HEX,#NAME?,FALSE,O21,0,HEX,JG074D.357,UNKNOWN,,inf,705,23,-0.021236197,-0.005820538,10,100000000,100,1,8,2
63406,JG074D,357,FAM,#NAME?,FALSE,O21,0,FAM,JG074D.357,UNKNOWN,,7.4913583,704,24,0.34410878858861416,0.8864380717277527,10,100000000,100,1,8,2
63407,JG074D,357,HEX,#NAME?,FALSE,O21,0,HEX,JG074D.357,UNKNOWN,,inf,705,24,-0.021027995,-0.010744045,10,100000000,100,1,8,2
63408,JG074D,357,FAM,#NAME?,FALSE,O21,0,FAM,JG074D.357,UNKNOWN,,7.4913583,704,25,0.3531338574260375,0.9086161255836487,10,100000000,100,1,8,2
63409,JG074D,357,HEX,#NAME?,FALSE,O21,0,HEX,JG074D.357,UNKNOWN,,inf,705,25,-0.021844404,-0.01367908,10,100000000,100,1,8,2
63410,JG074D,357,FAM,#NAME?,FALSE,O21,0,FAM,JG074D.357,UNKNOWN,,7.4913583,704,26,0.36312739309247516,0.9331740736961365,10,100000000,100,1,8,2
63411,JG074D,357,HEX,#NAME?,FALSE,O21,0,HEX,JG074D.357,UNKNOWN,,inf,705,26,-0.021780275,-0.01832298,10,100000000,100,1,8,2
63412,JG074D,357,FAM,#NAME?,FALSE,O21,0,FAM,JG074D.357,UNKNOWN,,7.4913583,704,27,0.37489962064193433,0.9621029496192932,10,100000000,100,1,8,2
63413,JG074D,357,HEX,#NAME?,FALSE,O21,0,HEX,JG074D.357,UNKNOWN,,inf,705,27,-0.022826524,-0.020811964,10,100000000,100,1,8,2
63414,JG074D,357,FAM,#NAME?,FALSE,O21,0,FAM,JG074D.357,UNKNOWN,,7.4913583,704,28,0.38710267136853616,0.9920905232429504,10,100000000,100,1,8,2
63415,JG074D,357,HEX,#NAME?,FALSE,O21,0,HEX,JG074D.357,UNKNOWN,,inf,705,28,-0.024276432,-0.022517564,10,100000000,100,1,8,2
63416,JG074D,357,FAM,#NAME?,FALSE,O21,0,FAM,JG074D.357,UNKNOWN,,7.4913583,704,29,0.4017277623595654,1.0280299186706543,10,100000000,100,1,8,2
63417,JG074D,357,HEX,#NAME?,FALSE,O21,0,HEX,JG074D.357,UNKNOWN,,inf,705,29,-0.02569793,-0.024278298,10,100000000,100,1,8,2
63418,JG074D,357,FAM,#NAME?,FALSE,O21,0,FAM,JG074D.357,UNKNOWN,,7.4913583,704,30,0.4200200652523263,1.0729811191558838,10,100000000,100,1,8,2
63419,JG074D,357,HEX,#NAME?,FALSE,O21,0,HEX,JG074D.357,UNKNOWN,,inf,705,30,-0.026793212,-0.026672123,10,100000000,100,1,8,2
63420,JG074D,357,FAM,#NAME?,FALSE,O21,0,FAM,JG074D.357,UNKNOWN,,7.4913583,704,31,0.4410294502475263,1.1246092319488525,10,100000000,100,1,8,2
63421,JG074D,357,HEX,#NAME?,FALSE,O21,0,HEX,JG074D.357,UNKNOWN,,inf,705,31,-0.02819745,-0.028466355,10,100000000,100,1,8,2
63422,JG074D,357,FAM,#NAME?,FALSE,O21,0,FAM,JG074D.357,UNKNOWN,,7.4913583,704,32,0.4666022330891189,1.1874513626098633,10,100000000,100,1,8,2
63423,JG074D,357,HEX,#NAME?,FALSE,O21,0,HEX,JG074D.357,UNKNOWN,,inf,705,32,-0.029667797,-0.030132288,10,100000000,100,1,8,2
63424,JG074D,357,FAM,#NAME?,FALSE,O21,0,FAM,JG074D.357,UNKNOWN,,7.4913583,704,33,0.49798018966816343,1.264559030532837,10,100000000,100,1,8,2
63425,JG074D,357,HEX,#NAME?,FALSE,O21,0,HEX,JG074D.357,UNKNOWN,,inf,705,33,-0.031393782,-0.031302102,10,100000000,100,1,8,2
63426,JG074D,357,FAM,#NAME?,FALSE,O21,0,FAM,JG074D.357,UNKNOWN,,7.4913583,704,34,0.5316310647408284,1.3472521305084229,10,100000000,100,1,8,2
63427,JG074D,357,HEX,#NAME?,FALSE,O21,0,HEX,JG074D.357,UNKNOWN,,inf,705,34,-0.034594031,-0.029610803,10,100000000,100,1,8,2
63428,JG074D,357,FAM,#NAME?,FALSE,O21,0,FAM,JG074D.357,UNKNOWN,,7.4913583,704,35,0.5669875261309306,1.4341366291046143,10,100000000,100,1,8,2
63429,JG074D,357,HEX,#NAME?,FALSE,O21,0,HEX,JG074D.357,UNKNOWN,,inf,705,35,-0.037607192,-0.028282586,10,100000000,100,1,8,2
63430,JG074D,357,FAM,#NAME?,FALSE,O21,0,FAM,JG074D.357,UNKNOWN,,7.4913583,704,36,0.6027582685628973,1.5220389366149902,10,100000000,100,1,8,2
63431,JG074D,357,HEX,#NAME?,FALSE,O21,0,HEX,JG074D.357,UNKNOWN,,inf,705,36,-0.041462331,-0.025320338,10,100000000,100,1,8,2
63432,JG074D,357,FAM,#NAME?,FALSE,O21,0,FAM,JG074D.357,UNKNOWN,,7.4913583,704,37,0.6338148905258633,1.5983569622039795,10,100000000,100,1,8,2
63433,JG074D,357,HEX,#NAME?,FALSE,O21,0,HEX,JG074D.357,UNKNOWN,,inf,705,37,-0.044458232,-0.024025621,10,100000000,100,1,8,2
63434,JG074D,357,FAM,#NAME?,FALSE,O21,0,FAM,JG074D.357,UNKNOWN,,7.4913583,704,38,0.6625952952702854,1.669081449508667,10,100000000,100,1,8,2
63435,JG074D,357,HEX,#NAME?,FALSE,O21,0,HEX,JG074D.357,UNKNOWN,,inf,705,38,-0.048183839,-0.021314755,10,100000000,100,1,8,2
63436,JG074D,357,FAM,#NAME?,FALSE,O21,0,FAM,JG074D.357,UNKNOWN,,7.4913583,704,39,0.6900016840627436,1.7364294528961182,10,100000000,100,1,8,2
63437,JG074D,357,HEX,#NAME?,FALSE,O21,0,HEX,JG074D.357,UNKNOWN,,inf,705,39,-0.051206076,-0.019968925,10,100000000,100,1,8,2
63438,JG074D,357,FAM,#NAME?,FALSE,O21,0,FAM,JG074D.357,UNKNOWN,,7.4913583,704,40,0.71575124,1.799705982208252,10,100000000,100,1,8,2
63439,JG074D,357,HEX,#NAME?,FALSE,O21,0,HEX,JG074D.357,UNKNOWN,,inf,705,40,-0.054450781,-0.018191349,10,100000000,100,1,8,2
63440,JG074D,357,FAM,#NAME?,FALSE,O21,0,FAM,JG074D.357,UNKNOWN,,7.4913583,704,41,0.7420511003749709,1.8643348217010498,10,100000000,100,1,8,2
63441,JG074D,357,HEX,#NAME?,FALSE,O21,0,HEX,JG074D.357,UNKNOWN,,inf,705,41,-0.056866746,-0.018022114,10,100000000,100,1,8,2
63442,JG074D,357,FAM,#NAME?,FALSE,O21,0,FAM,JG074D.357,UNKNOWN,,7.4913583,704,42,0.7611453815094301,1.9112567901611328,10,100000000,100,1,8,2
63443,JG074D,357,HEX,#NAME?,FALSE,O21,0,HEX,JG074D.357,UNKNOWN,,inf,705,42,-0.059498961,-0.017433204,10,100000000,100,1,8,2
63444,JG074D,357,FAM,#NAME?,FALSE,O21,0,FAM,JG074D.357,UNKNOWN,,7.4913583,704,43,0.7856917757932043,1.9715766906738281,10,100000000,100,1,8,2
63445,JG074D,357,HEX,#NAME?,FALSE,O21,0,HEX,JG074D.357,UNKNOWN,,inf,705,43,-0.062868913,-0.01541256,10,100000000,100,1,8,2
63446,JG074D,357,FAM,#NAME?,FALSE,O21,0,FAM,JG074D.357,UNKNOWN,,7.4913583,704,44,0.8067993463655394,2.0234460830688477,10,100000000,100,1,8,2
63447,JG074D,357,HEX,#NAME?,FALSE,O21,0,HEX,JG074D.357,UNKNOWN,,inf,705,44,-0.066887552,-0.012133006,10,100000000,100,1,8,2
63448,JG074D,357,FAM,#NAME?,FALSE,O21,0,FAM,JG074D.357,UNKNOWN,,7.4913583,704,45,0.8298471493208267,2.0800833702087402,10,100000000,100,1,8,2
63449,JG074D,357,HEX,#NAME?,FALSE,O21,0,HEX,JG074D.357,UNKNOWN,,inf,705,45,-0.070425289,-0.009786742,10,100000000,100,1,8,2
63450,JG074D,357,FAM,#NAME?,FALSE,O21,0,FAM,JG074D.357,UNKNOWN,,7.4913583,704,46,0.8536207687806078,2.1385042667388916,10,100000000,100,1,8,2
63451,JG074D,357,HEX,#NAME?,FALSE,O21,0,HEX,JG074D.357,UNKNOWN,,inf,705,46,-0.07304445,-0.009223163,10,100000000,100,1,8,2
63452,JG074D,357,FAM,#NAME?,FALSE,O21,0,FAM,JG074D.357,UNKNOWN,,7.4913583,704,47,0.8752910630163654,2.191756487,10,100000000,100,1,8,2
63453,JG074D,357,HEX,#NAME?,FALSE,O21,0,HEX,JG074D.357,UNKNOWN,,inf,705,47,-0.075286089,-0.009392245,10,100000000,100,1,8,2
63454,JG074D,357,FAM,#NAME?,FALSE,O21,0,FAM,JG074D.357,UNKNOWN,,7.4913583,704,48,0.8922722197733518,2.233485698699951,10,100000000,100,1,8,2
63455,JG074D,357,HEX,#NAME?,FALSE,O21,0,HEX,JG074D.357,UNKNOWN,,inf,705,48,-0.078955047,-0.00679132,10,100000000,100,1,8,2
63456,JG074D,357,FAM,#NAME?,FALSE,O21,0,FAM,JG074D.357,UNKNOWN,,7.4913583,704,49,0.9125869321081889,2.2834067344665527,10,100000000,100,1,8,2
63457,JG074D,357,HEX,#NAME?,FALSE,O21,0,HEX,JG074D.357,UNKNOWN,,inf,705,49,-0.082058826,-0.00528724,10,100000000,100,1,8,2
63458,JG074D,357,FAM,#NAME?,FALSE,O21,0,FAM,JG074D.357,UNKNOWN,,7.4913583,704,50,0.9309907124991003,2.328631878,10,100000000,100,1,8,2
63459,JG074D,357,HEX,#NAME?,FALSE,O21,0,HEX,JG074D.357,UNKNOWN,,inf,705,50,-0.085008489,-0.004082256,10,100000000,100,1,8,2
67680,JG074D,381,FAM,#NAME?,FALSE,P21,0,FAM,JG074D.381,UNKNOWN,,7.641526,752,1,-0.018077123,-0.005524824,3,100000000,100,0.47712125471966244,8,2
67681,JG074D,381,HEX,#NAME?,FALSE,P21,0,HEX,JG074D.381,UNKNOWN,,inf,753,1,0.001748648,0.022283287718892097,3,100000000,100,0.47712125471966244,8,2
67682,JG074D,381,FAM,#NAME?,FALSE,P21,0,FAM,JG074D.381,UNKNOWN,,7.641526,752,2,-0.01801224,-0.005365381,3,100000000,100,0.47712125471966244,8,2
67683,JG074D,381,HEX,#NAME?,FALSE,P21,0,HEX,JG074D.381,UNKNOWN,,inf,753,2,0.001469959,0.019664524123072624,3,100000000,100,0.47712125471966244,8,2
67684,JG074D,381,FAM,#NAME?,FALSE,P21,0,FAM,JG074D.381,UNKNOWN,,7.641526,752,3,-0.017552893,-0.004236589,3,100000000,100,0.47712125471966244,8,2
67685,JG074D,381,HEX,#NAME?,FALSE,P21,0,HEX,JG074D.381,UNKNOWN,,inf,753,3,0.001508304,0.016430489718914032,3,100000000,100,0.47712125471966244,8,2
67686,JG074D,381,FAM,#NAME?,FALSE,P21,0,FAM,JG074D.381,UNKNOWN,,7.641526,752,4,-0.016016997,-0.000462304,3,100000000,100,0.47712125471966244,8,2
67687,JG074D,381,HEX,#NAME?,FALSE,P21,0,HEX,JG074D.381,UNKNOWN,,inf,753,4,0.001553099,0.013183939270675182,3,100000000,100,0.47712125471966244,8,2
67688,JG074D,381,FAM,#NAME?,FALSE,P21,0,FAM,JG074D.381,UNKNOWN,,7.641526,752,5,-0.013916716,0.004698893,3,100000000,100,0.47712125471966244,8,2
67689,JG074D,381,HEX,#NAME?,FALSE,P21,0,HEX,JG074D.381,UNKNOWN,,inf,753,5,0.001406138,0.010309530422091484,3,100000000,100,0.47712125471966244,8,2
67690,JG074D,381,FAM,#NAME?,FALSE,P21,0,FAM,JG074D.381,UNKNOWN,,7.641526,752,6,-0.010756792,0.012464036233723164,3,100000000,100,0.47712125471966244,8,2
67691,JG074D,381,HEX,#NAME?,FALSE,P21,0,HEX,JG074D.381,UNKNOWN,,inf,753,6,0.001009282,0.007920095,3,100000000,100,0.47712125471966244,8,2
67692,JG074D,381,FAM,#NAME?,FALSE,P21,0,FAM,JG074D.381,UNKNOWN,,7.641526,752,7,-0.005142762,0.026259860023856163,3,100000000,100,0.47712125471966244,8,2
67693,JG074D,381,HEX,#NAME?,FALSE,P21,0,HEX,JG074D.381,UNKNOWN,,inf,753,7,0.000937506,0.004899773,3,100000000,100,0.47712125471966244,8,2
67694,JG074D,381,FAM,#NAME?,FALSE,P21,0,FAM,JG074D.381,UNKNOWN,,7.641526,752,8,0.004435886,0.049798269,3,100000000,100,0.47712125471966244,8,2
67695,JG074D,381,HEX,#NAME?,FALSE,P21,0,HEX,JG074D.381,UNKNOWN,,inf,753,8,-0.000860409,0.005229382,3,100000000,100,0.47712125471966244,8,2
67696,JG074D,381,FAM,#NAME?,FALSE,P21,0,FAM,JG074D.381,UNKNOWN,,7.641526,752,9,0.018908896128865805,0.085364006,3,100000000,100,0.47712125471966244,8,2
67697,JG074D,381,HEX,#NAME?,FALSE,P21,0,HEX,JG074D.381,UNKNOWN,,inf,753,9,-0.002590464,0.005427295,3,100000000,100,0.47712125471966244,8,2
67698,JG074D,381,FAM,#NAME?,FALSE,P21,0,FAM,JG074D.381,UNKNOWN,,7.641526,752,10,0.040041377,0.13729460537433624,3,100000000,100,0.47712125471966244,8,2
67699,JG074D,381,HEX,#NAME?,FALSE,P21,0,HEX,JG074D.381,UNKNOWN,,inf,753,10,-0.002963456,0.002991546,3,100000000,100,0.47712125471966244,8,2
67700,JG074D,381,FAM,#NAME?,FALSE,P21,0,FAM,JG074D.381,UNKNOWN,,7.641526,752,11,0.065681371,0.2003019005060196,3,100000000,100,0.47712125471966244,8,2
67701,JG074D,381,HEX,#NAME?,FALSE,P21,0,HEX,JG074D.381,UNKNOWN,,inf,753,11,-0.004514102,0.002841278,3,100000000,100,0.47712125471966244,8,2
67702,JG074D,381,FAM,#NAME?,FALSE,P21,0,FAM,JG074D.381,UNKNOWN,,7.641526,752,12,0.095451709,0.2734590470790863,3,100000000,100,0.47712125471966244,8,2
67703,JG074D,381,HEX,#NAME?,FALSE,P21,0,HEX,JG074D.381,UNKNOWN,,inf,753,12,-0.006517379,0.003569433,3,100000000,100,0.47712125471966244,8,2
67704,JG074D,381,FAM,#NAME?,FALSE,P21,0,FAM,JG074D.381,UNKNOWN,,7.641526,752,13,0.12843393720985347,0.35450902581214905,3,100000000,100,0.47712125471966244,8,2
67705,JG074D,381,HEX,#NAME?,FALSE,P21,0,HEX,JG074D.381,UNKNOWN,,inf,753,13,-0.008184657,0.003645514,3,100000000,100,0.47712125471966244,8,2
67706,JG074D,381,FAM,#NAME?,FALSE,P21,0,FAM,JG074D.381,UNKNOWN,,7.641526,752,14,0.16015442756367612,0.43245843052864075,3,100000000,100,0.47712125471966244,8,2
67707,JG074D,381,HEX,#NAME?,FALSE,P21,0,HEX,JG074D.381,UNKNOWN,,inf,753,14,-0.010077951,0.004160225,3,100000000,100,0.47712125471966244,8,2
67708,JG074D,381,FAM,#NAME?,FALSE,P21,0,FAM,JG074D.381,UNKNOWN,,7.641526,752,15,0.19024854950888648,0.5064111948013306,3,100000000,100,0.47712125471966244,8,2
67709,JG074D,381,HEX,#NAME?,FALSE,P21,0,HEX,JG074D.381,UNKNOWN,,inf,753,15,-0.01096179,0.002715881,3,100000000,100,0.47712125471966244,8,2
67710,JG074D,381,FAM,#NAME?,FALSE,P21,0,FAM,JG074D.381,UNKNOWN,,7.641526,752,16,0.21907098874075298,0.5772389769554138,3,100000000,100,0.47712125471966244,8,2
67711,JG074D,381,HEX,#NAME?,FALSE,P21,0,HEX,JG074D.381,UNKNOWN,,inf,753,16,-0.013119061,0.003742893,3,100000000,100,0.47712125471966244,8,2
67712,JG074D,381,FAM,#NAME?,FALSE,P21,0,FAM,JG074D.381,UNKNOWN,,7.641526,752,17,0.24475680142163644,0.6403588652610779,3,100000000,100,0.47712125471966244,8,2
67713,JG074D,381,HEX,#NAME?,FALSE,P21,0,HEX,JG074D.381,UNKNOWN,,inf,753,17,-0.014966792,0.004169181,3,100000000,100,0.47712125471966244,8,2
67714,JG074D,381,FAM,#NAME?,FALSE,P21,0,FAM,JG074D.381,UNKNOWN,,7.641526,752,18,0.2656114859200559,0.6916068196296692,3,100000000,100,0.47712125471966244,8,2
67715,JG074D,381,HEX,#NAME?,FALSE,P21,0,HEX,JG074D.381,UNKNOWN,,inf,753,18,-0.016666119,0.004307459,3,100000000,100,0.47712125471966244,8,2
67716,JG074D,381,FAM,#NAME?,FALSE,P21,0,FAM,JG074D.381,UNKNOWN,,7.641526,752,19,0.28234072681633954,0.732716978,3,100000000,100,0.47712125471966244,8,2
67717,JG074D,381,HEX,#NAME?,FALSE,P21,0,HEX,JG074D.381,UNKNOWN,,inf,753,19,-0.018624094,0.004947698,3,100000000,100,0.47712125471966244,8,2
67718,JG074D,381,FAM,#NAME?,FALSE,P21,0,FAM,JG074D.381,UNKNOWN,,7.641526,752,20,0.29670919641258386,0.768025815,3,100000000,100,0.47712125471966244,8,2
67719,JG074D,381,HEX,#NAME?,FALSE,P21,0,HEX,JG074D.381,UNKNOWN,,inf,753,20,-0.018393732,0.001341016,3,100000000,100,0.47712125471966244,8,2
67720,JG074D,381,FAM,#NAME?,FALSE,P21,0,FAM,JG074D.381,UNKNOWN,,7.641526,752,21,0.31014238047169157,0.8010362982749939,3,100000000,100,0.47712125471966244,8,2
67721,JG074D,381,HEX,#NAME?,FALSE,P21,0,HEX,JG074D.381,UNKNOWN,,inf,753,21,-0.019177278,-0.000297968,3,100000000,100,0.47712125471966244,8,2
67722,JG074D,381,FAM,#NAME?,FALSE,P21,0,FAM,JG074D.381,UNKNOWN,,7.641526,752,22,0.32179294328426594,0.8296661972999573,3,100000000,100,0.47712125471966244,8,2
67723,JG074D,381,HEX,#NAME?,FALSE,P21,0,HEX,JG074D.381,UNKNOWN,,inf,753,22,-0.020145301,-0.001578936,3,100000000,100,0.47712125471966244,8,2
67724,JG074D,381,FAM,#NAME?,FALSE,P21,0,FAM,JG074D.381,UNKNOWN,,7.641526,752,23,0.33192012582076647,0.8545525670051575,3,100000000,100,0.47712125471966244,8,2
67725,JG074D,381,HEX,#NAME?,FALSE,P21,0,HEX,JG074D.381,UNKNOWN,,inf,753,23,-0.020579151,-0.003896578,3,100000000,100,0.47712125471966244,8,2
67726,JG074D,381,FAM,#NAME?,FALSE,P21,0,FAM,JG074D.381,UNKNOWN,,7.641526,752,24,0.34226686760732306,0.8799784779548645,3,100000000,100,0.47712125471966244,8,2
67727,JG074D,381,HEX,#NAME?,FALSE,P21,0,HEX,JG074D.381,UNKNOWN,,inf,753,24,-0.020927819,-0.006379534,3,100000000,100,0.47712125471966244,8,2
67728,JG074D,381,FAM,#NAME?,FALSE,P21,0,FAM,JG074D.381,UNKNOWN,,7.641526,752,25,0.3522993088235939,0.904632032,3,100000000,100,0.47712125471966244,8,2
67729,JG074D,381,HEX,#NAME?,FALSE,P21,0,HEX,JG074D.381,UNKNOWN,,inf,753,25,-0.022119923,-0.007225626,3,100000000,100,0.47712125471966244,8,2
67730,JG074D,381,FAM,#NAME?,FALSE,P21,0,FAM,JG074D.381,UNKNOWN,,7.641526,752,26,0.3636422170263902,0.9325059056282043,3,100000000,100,0.47712125471966244,8,2
67731,JG074D,381,HEX,#NAME?,FALSE,P21,0,HEX,JG074D.381,UNKNOWN,,inf,753,26,-0.022142021,-0.010342358,3,100000000,100,0.47712125471966244,8,2
67732,JG074D,381,FAM,#NAME?,FALSE,P21,0,FAM,JG074D.381,UNKNOWN,,7.641526,752,27,0.37410519035583994,0.958217442,3,100000000,100,0.47712125471966244,8,2
67733,JG074D,381,HEX,#NAME?,FALSE,P21,0,HEX,JG074D.381,UNKNOWN,,inf,753,27,-0.023054162,-0.011731776,3,100000000,100,0.47712125471966244,8,2
67734,JG074D,381,FAM,#NAME?,FALSE,P21,0,FAM,JG074D.381,UNKNOWN,,7.641526,752,28,0.3861429652616417,0.9877988696098328,3,100000000,100,0.47712125471966244,8,2
67735,JG074D,381,HEX,#NAME?,FALSE,P21,0,HEX,JG074D.381,UNKNOWN,,inf,753,28,-0.023600067,-0.013831952,3,100000000,100,0.47712125471966244,8,2
67736,JG074D,381,FAM,#NAME?,FALSE,P21,0,FAM,JG074D.381,UNKNOWN,,7.641526,752,29,0.3993702700769938,1.020303488,3,100000000,100,0.47712125471966244,8,2
67737,JG074D,381,HEX,#NAME?,FALSE,P21,0,HEX,JG074D.381,UNKNOWN,,inf,753,29,-0.024476259,-0.015291138,3,100000000,100,0.47712125471966244,8,2
67738,JG074D,381,FAM,#NAME?,FALSE,P21,0,FAM,JG074D.381,UNKNOWN,,7.641526,752,30,0.41534575232825516,1.0595613718032837,3,100000000,100,0.47712125471966244,8,2
67739,JG074D,381,HEX,#NAME?,FALSE,P21,0,HEX,JG074D.381,UNKNOWN,,inf,753,30,-0.026098573,-0.015302318,3,100000000,100,0.47712125471966244,8,2
67740,JG074D,381,FAM,#NAME?,FALSE,P21,0,FAM,JG074D.381,UNKNOWN,,7.641526,752,31,0.4364852914259519,1.1115093231201172,3,100000000,100,0.47712125471966244,8,2
67741,JG074D,381,HEX,#NAME?,FALSE,P21,0,HEX,JG074D.381,UNKNOWN,,inf,753,31,-0.028112799,-0.014552914,3,100000000,100,0.47712125471966244,8,2
67742,JG074D,381,FAM,#NAME?,FALSE,P21,0,FAM,JG074D.381,UNKNOWN,,7.641526,752,32,0.4625062157505356,1.175452709197998,3,100000000,100,0.47712125471966244,8,2
67743,JG074D,381,HEX,#NAME?,FALSE,P21,0,HEX,JG074D.381,UNKNOWN,,inf,753,32,-0.030040599,-0.013971237,3,100000000,100,0.47712125471966244,8,2
67744,JG074D,381,FAM,#NAME?,FALSE,P21,0,FAM,JG074D.381,UNKNOWN,,7.641526,752,33,0.493956793,1.2527388334274292,3,100000000,100,0.47712125471966244,8,2
67745,JG074D,381,HEX,#NAME?,FALSE,P21,0,HEX,JG074D.381,UNKNOWN,,inf,753,33,-0.031355647,-0.014578732,3,100000000,100,0.47712125471966244,8,2
67746,JG074D,381,FAM,#NAME?,FALSE,P21,0,FAM,JG074D.381,UNKNOWN,,7.641526,752,34,0.5280446033816063,1.336505651473999,3,100000000,100,0.47712125471966244,8,2
67747,JG074D,381,HEX,#NAME?,FALSE,P21,0,HEX,JG074D.381,UNKNOWN,,inf,753,34,-0.032345814,-0.015816726,3,100000000,100,0.47712125471966244,8,2
67748,JG074D,381,FAM,#NAME?,FALSE,P21,0,FAM,JG074D.381,UNKNOWN,,7.641526,752,35,0.5627970100254208,1.4219056367874146,3,100000000,100,0.47712125471966244,8,2
67749,JG074D,381,HEX,#NAME?,FALSE,P21,0,HEX,JG074D.381,UNKNOWN,,inf,753,35,-0.034729039,-0.014351201,3,100000000,100,0.47712125471966244,8,2
67750,JG074D,381,FAM,#NAME?,FALSE,P21,0,FAM,JG074D.381,UNKNOWN,,7.641526,752,36,0.5995887563318748,1.5123170614242554,3,100000000,100,0.47712125471966244,8,2
67751,JG074D,381,HEX,#NAME?,FALSE,P21,0,HEX,JG074D.381,UNKNOWN,,inf,753,36,-0.03783675,-0.011479663,3,100000000,100,0.47712125471966244,8,2
67752,JG074D,381,FAM,#NAME?,FALSE,P21,0,FAM,JG074D.381,UNKNOWN,,7.641526,752,37,0.6332173650113061,1.5949554443359375,3,100000000,100,0.47712125471966244,8,2
67753,JG074D,381,HEX,#NAME?,FALSE,P21,0,HEX,JG074D.381,UNKNOWN,,inf,753,37,-0.041075282,-0.008354238,3,100000000,100,0.47712125471966244,8,2
67754,JG074D,381,FAM,#NAME?,FALSE,P21,0,FAM,JG074D.381,UNKNOWN,,7.641526,752,38,0.66426283,1.671246052,3,100000000,100,0.47712125471966244,8,2
67755,JG074D,381,HEX,#NAME?,FALSE,P21,0,HEX,JG074D.381,UNKNOWN,,inf,753,38,-0.042236995,-0.00925931,3,100000000,100,0.47712125471966244,8,2
67756,JG074D,381,FAM,#NAME?,FALSE,P21,0,FAM,JG074D.381,UNKNOWN,,7.641526,752,39,0.6903055836441966,1.7352430820465088,3,100000000,100,0.47712125471966244,8,2
67757,JG074D,381,HEX,#NAME?,FALSE,P21,0,HEX,JG074D.381,UNKNOWN,,inf,753,39,-0.045082342,-0.006896944,3,100000000,100,0.47712125471966244,8,2
67758,JG074D,381,FAM,#NAME?,FALSE,P21,0,FAM,JG074D.381,UNKNOWN,,7.641526,752,40,0.7170926853429264,1.8010692596435547,3,100000000,100,0.47712125471966244,8,2
67759,JG074D,381,HEX,#NAME?,FALSE,P21,0,HEX,JG074D.381,UNKNOWN,,inf,753,40,-0.047322921,-0.005708253,3,100000000,100,0.47712125471966244,8,2
67760,JG074D,381,FAM,#NAME?,FALSE,P21,0,FAM,JG074D.381,UNKNOWN,,7.641526,752,41,0.7392718564087962,1.855571985244751,3,100000000,100,0.47712125471966244,8,2
67761,JG074D,381,HEX,#NAME?,FALSE,P21,0,HEX,JG074D.381,UNKNOWN,,inf,753,41,-0.050999311,-0.001733076,3,100000000,100,0.47712125471966244,8,2
67762,JG074D,381,FAM,#NAME?,FALSE,P21,0,FAM,JG074D.381,UNKNOWN,,7.641526,752,42,0.7613313031642068,1.909780502319336,3,100000000,100,0.47712125471966244,8,2
67763,JG074D,381,HEX,#NAME?,FALSE,P21,0,HEX,JG074D.381,UNKNOWN,,inf,753,42,-0.052771043,-0.00145428,3,100000000,100,0.47712125471966244,8,2
67764,JG074D,381,FAM,#NAME?,FALSE,P21,0,FAM,JG074D.381,UNKNOWN,,7.641526,752,43,0.78512161,1.9682424068450928,3,100000000,100,0.47712125471966244,8,2
67765,JG074D,381,HEX,#NAME?,FALSE,P21,0,HEX,JG074D.381,UNKNOWN,,inf,753,43,-0.054241913,-0.001759371,3,100000000,100,0.47712125471966244,8,2
67766,JG074D,381,FAM,#NAME?,FALSE,P21,0,FAM,JG074D.381,UNKNOWN,,7.641526,752,44,0.8071271131920271,2.0223183631896973,3,100000000,100,0.47712125471966244,8,2
67767,JG074D,381,HEX,#NAME?,FALSE,P21,0,HEX,JG074D.381,UNKNOWN,,inf,753,44,-0.056826261,9.647459228290245e-05,3,100000000,100,0.47712125471966244,8,2
67768,JG074D,381,FAM,#NAME?,FALSE,P21,0,FAM,JG074D.381,UNKNOWN,,7.641526,752,45,0.829097882,2.0763089656829834,3,100000000,100,0.47712125471966244,8,2
67769,JG074D,381,HEX,#NAME?,FALSE,P21,0,HEX,JG074D.381,UNKNOWN,,inf,753,45,-0.057738786,-0.001292199,3,100000000,100,0.47712125471966244,8,2
67770,JG074D,381,FAM,#NAME?,FALSE,P21,0,FAM,JG074D.381,UNKNOWN,,7.641526,752,46,0.8526801758740055,2.1342597007751465,3,100000000,100,0.47712125471966244,8,2
67771,JG074D,381,HEX,#NAME?,FALSE,P21,0,HEX,JG074D.381,UNKNOWN,,inf,753,46,-0.060040223,1.4597999324905686e-05,3,100000000,100,0.47712125471966244,8,2
67772,JG074D,381,FAM,#NAME?,FALSE,P21,0,FAM,JG074D.381,UNKNOWN,,7.641526,752,47,0.8789121215723726,2.1987216472625732,3,100000000,100,0.47712125471966244,8,2
67773,JG074D,381,HEX,#NAME?,FALSE,P21,0,HEX,JG074D.381,UNKNOWN,,inf,753,47,-0.063315442,0.00321122,3,100000000,100,0.47712125471966244,8,2
67774,JG074D,381,FAM,#NAME?,FALSE,P21,0,FAM,JG074D.381,UNKNOWN,,7.641526,752,48,0.8992881513822585,2.248793363571167,3,100000000,100,0.47712125471966244,8,2
67775,JG074D,381,HEX,#NAME?,FALSE,P21,0,HEX,JG074D.381,UNKNOWN,,inf,753,48,-0.065405467,0.004107729,3,100000000,100,0.47712125471966244,8,2
67776,JG074D,381,FAM,#NAME?,FALSE,P21,0,FAM,JG074D.381,UNKNOWN,,7.641526,752,49,0.9139326466375437,2.284780502319336,3,100000000,100,0.47712125471966244,8,2
67777,JG074D,381,HEX,#NAME?,FALSE,P21,0,HEX,JG074D.381,UNKNOWN,,inf,753,49,-0.068533786,0.007019262,3,100000000,100,0.47712125471966244,8,2
67778,JG074D,381,FAM,#NAME?,FALSE,P21,0,FAM,JG074D.381,UNKNOWN,,7.641526,752,50,0.9312117558721802,2.327241897583008,3,100000000,100,0.47712125471966244,8,2
67779,JG074D,381,HEX,#NAME?,FALSE,P21,0,HEX,JG074D.381,UNKNOWN,,inf,753,50,-0.069729714,0.00618059,3,100000000,100,0.47712125471966244,8,2