,Experiment,Well,Target,lg10_Copies,Outlier,WellPosition,Copies,Reporter,Sample,Task,Comments,CT,Reaction,L2_500,S037.01.01b,S036.1b,lg10 L2_500,lg10 S037.01.01b,lg10 S036.1b,Cycle,Fluorescence,Corr_Fluorescence
2700,JG074C,16,FAM,-inf,False,A16,0.0,FAM,JG074C.016,UNKNOWN,,11.081139,30,100000000,1000000,100,8.0,6.0,2.0,1,-0.005702840810532022,0.006336095277220011
2701,JG074C,16,HEX,-inf,False,A16,0.0,HEX,JG074C.016,UNKNOWN,,10.983518,31,100000000,1000000,100,8.0,6.0,2.0,1,0.004356979852123584,-0.0006693212781101465
2702,JG074C,16,FAM,-inf,False,A16,0.0,FAM,JG074C.016,UNKNOWN,,11.081139,30,100000000,1000000,100,8.0,6.0,2.0,2,-0.005619131027022952,0.003494214965030551
2703,JG074C,16,HEX,-inf,False,A16,0.0,HEX,JG074C.016,UNKNOWN,,10.983518,31,100000000,1000000,100,8.0,6.0,2.0,2,0.0040190974169799195,-0.0007721622823737562
2704,JG074C,16,FAM,-inf,False,A16,0.0,FAM,JG074C.016,UNKNOWN,,11.081139,30,100000000,1000000,100,8.0,6.0,2.0,3,-0.005533287289331923,0.0006573115242645144
2705,JG074C,16,HEX,-inf,False,A16,0.0,HEX,JG074C.016,UNKNOWN,,10.983518,31,100000000,1000000,100,8.0,6.0,2.0,3,0.0028919247609376884,0.0006794262444600463
2706,JG074C,16,FAM,-inf,False,A16,0.0,FAM,JG074C.016,UNKNOWN,,11.081139,30,100000000,1000000,100,8.0,6.0,2.0,4,-0.004618434297371627,-0.00024610673426650465
2707,JG074C,16,HEX,-inf,False,A16,0.0,HEX,JG074C.016,UNKNOWN,,10.983518,31,100000000,1000000,100,8.0,6.0,2.0,4,0.0019486595410429374,0.0017688272055238485
2708,JG074C,16,FAM,-inf,False,A16,0.0,FAM,JG074C.016,UNKNOWN,,11.081139,30,100000000,1000000,100,8.0,6.0,2.0,5,-0.003363260336979477,-0.000355799711542204
2709,JG074C,16,HEX,-inf,False,A16,0.0,HEX,JG074C.016,UNKNOWN,,10.983518,31,100000000,1000000,100,8.0,6.0,2.0,5,0.003271981969762174,-0.0016055935993790627
2710,JG074C,16,FAM,-inf,False,A16,0.0,FAM,JG074C.016,UNKNOWN,,11.081139,30,100000000,1000000,100,8.0,6.0,2.0,6,-0.0020013119984768424,-0.00021646448294632137
2711,JG074C,16,HEX,-inf,False,A16,0.0,HEX,JG074C.016,UNKNOWN,,10.983518,31,100000000,1000000,100,8.0,6.0,2.0,6,0.0033074529670739238,-0.002443717559799552
2712,JG074C,16,FAM,-inf,False,A16,0.0,FAM,JG074C.016,UNKNOWN,,11.081139,30,100000000,1000000,100,8.0,6.0,2.0,7,-0.0009500776114024711,-0.0008018025546334684
2713,JG074C,16,HEX,-inf,False,A16,0.0,HEX,JG074C.016,UNKNOWN,,10.983518,31,100000000,1000000,100,8.0,6.0,2.0,7,0.002066588500962078,-0.0007682241266593337
2714,JG074C,16,FAM,-inf,False,A16,0.0,FAM,JG074C.016,UNKNOWN,,11.081139,30,100000000,1000000,100,8.0,6.0,2.0,8,0.0011087537164505186,0.0009628619300201535
2715,JG074C,16,HEX,-inf,False,A16,0.0,HEX,JG074C.016,UNKNOWN,,10.983518,31,100000000,1000000,100,8.0,6.0,2.0,8,8.336024853516954e-05,0.0023692818358540535
2716,JG074C,16,FAM,-inf,False,A16,0.0,FAM,JG074C.016,UNKNOWN,,11.081139,30,100000000,1000000,100,8.0,6.0,2.0,9,0.0047833844832780095,0.006496029905974865
2717,JG074C,16,HEX,-inf,False,A16,0.0,HEX,JG074C.016,UNKNOWN,,10.983518,31,100000000,1000000,100,8.0,6.0,2.0,9,-0.003491977059851291,0.008642289787530899
2718,JG074C,16,FAM,-inf,False,A16,0.0,FAM,JG074C.016,UNKNOWN,,11.081139,30,100000000,1000000,100,8.0,6.0,2.0,10,0.010574233333833812,0.01696482114493847
2719,JG074C,16,HEX,-inf,False,A16,0.0,HEX,JG074C.016,UNKNOWN,,10.983518,31,100000000,1000000,100,8.0,6.0,2.0,10,-0.01007799092846268,0.020844530314207077
2720,JG074C,16,FAM,-inf,False,A16,0.0,FAM,JG074C.016,UNKNOWN,,11.081139,30,100000000,1000000,100,8.0,6.0,2.0,11,0.02023790234859547,0.03646612912416458
2721,JG074C,16,HEX,-inf,False,A16,0.0,HEX,JG074C.016,UNKNOWN,,10.983518,31,100000000,1000000,100,8.0,6.0,2.0,11,-0.02002616806999525,0.03966822102665901
2722,JG074C,16,FAM,-inf,False,A16,0.0,FAM,JG074C.016,UNKNOWN,,11.081139,30,100000000,1000000,100,8.0,6.0,2.0,12,0.03654542686910268,0.07146279513835907
2723,JG074C,16,HEX,-inf,False,A16,0.0,HEX,JG074C.016,UNKNOWN,,10.983518,31,100000000,1000000,100,8.0,6.0,2.0,12,-0.03741627848242158,0.07314806431531906
2724,JG074C,16,FAM,-inf,False,A16,0.0,FAM,JG074C.016,UNKNOWN,,11.081139,30,100000000,1000000,100,8.0,6.0,2.0,13,0.059828451487203144,0.12272831052541733
2725,JG074C,16,HEX,-inf,False,A16,0.0,HEX,JG074C.016,UNKNOWN,,10.983518,31,100000000,1000000,100,8.0,6.0,2.0,13,-0.06429677226049521,0.12531828880310059
2726,JG074C,16,FAM,-inf,False,A16,0.0,FAM,JG074C.016,UNKNOWN,,11.081139,30,100000000,1000000,100,8.0,6.0,2.0,14,0.08965072952162689,0.18924522399902344
2727,JG074C,16,HEX,-inf,False,A16,0.0,HEX,JG074C.016,UNKNOWN,,10.983518,31,100000000,1000000,100,8.0,6.0,2.0,14,-0.09999954166901405,0.19486312568187714
2728,JG074C,16,FAM,-inf,False,A16,0.0,FAM,JG074C.016,UNKNOWN,,11.081139,30,100000000,1000000,100,8.0,6.0,2.0,15,0.12284966420569784,0.2636374533176422
2729,JG074C,16,HEX,-inf,False,A16,0.0,HEX,JG074C.016,UNKNOWN,,10.983518,31,100000000,1000000,100,8.0,6.0,2.0,15,-0.1393408424493894,0.2715736925601959
2730,JG074C,16,FAM,-inf,False,A16,0.0,FAM,JG074C.016,UNKNOWN,,11.081139,30,100000000,1000000,100,8.0,6.0,2.0,16,0.15828564733723727,0.3432471454143524
2731,JG074C,16,HEX,-inf,False,A16,0.0,HEX,JG074C.016,UNKNOWN,,10.983518,31,100000000,1000000,100,8.0,6.0,2.0,16,-0.17694243003226137,0.3448580503463745
2732,JG074C,16,FAM,-inf,False,A16,0.0,FAM,JG074C.016,UNKNOWN,,11.081139,30,100000000,1000000,100,8.0,6.0,2.0,17,0.19391079847901457,0.4232980012893677
2733,JG074C,16,HEX,-inf,False,A16,0.0,HEX,JG074C.016,UNKNOWN,,10.983518,31,100000000,1000000,100,8.0,6.0,2.0,17,-0.21003605335951003,0.4092644155025482
2734,JG074C,16,FAM,-inf,False,A16,0.0,FAM,JG074C.016,UNKNOWN,,11.081139,30,100000000,1000000,100,8.0,6.0,2.0,18,0.22755742908355933,0.49873438477516174
2735,JG074C,16,HEX,-inf,False,A16,0.0,HEX,JG074C.016,UNKNOWN,,10.983518,31,100000000,1000000,100,8.0,6.0,2.0,18,-0.23672292452213836,0.4610533118247986
2736,JG074C,16,FAM,-inf,False,A16,0.0,FAM,JG074C.016,UNKNOWN,,11.081139,30,100000000,1000000,100,8.0,6.0,2.0,19,0.2571844566994182,0.5647959113121033
2737,JG074C,16,HEX,-inf,False,A16,0.0,HEX,JG074C.016,UNKNOWN,,10.983518,31,100000000,1000000,100,8.0,6.0,2.0,19,-0.2555720974852491,0.49740663170814514
2738,JG074C,16,FAM,-inf,False,A16,0.0,FAM,JG074C.016,UNKNOWN,,11.081139,30,100000000,1000000,100,8.0,6.0,2.0,20,0.28224510348559695,0.6202073693275452
2739,JG074C,16,HEX,-inf,False,A16,0.0,HEX,JG074C.016,UNKNOWN,,10.983518,31,100000000,1000000,100,8.0,6.0,2.0,20,-0.26939101694307027,0.5238533616065979
2740,JG074C,16,FAM,-inf,False,A16,0.0,FAM,JG074C.016,UNKNOWN,,11.081139,30,100000000,1000000,100,8.0,6.0,2.0,21,0.3036463894166095,0.6670841574668884
2741,JG074C,16,HEX,-inf,False,A16,0.0,HEX,JG074C.016,UNKNOWN,,10.983518,31,100000000,1000000,100,8.0,6.0,2.0,21,-0.2795579066802286,0.543107807636261
2742,JG074C,16,FAM,-inf,False,A16,0.0,FAM,JG074C.016,UNKNOWN,,11.081139,30,100000000,1000000,100,8.0,6.0,2.0,22,0.3228318386602857,0.7087929248809814
2743,JG074C,16,HEX,-inf,False,A16,0.0,HEX,JG074C.016,UNKNOWN,,10.983518,31,100000000,1000000,100,8.0,6.0,2.0,22,-0.2885000179880252,0.5599501729011536
2744,JG074C,16,FAM,-inf,False,A16,0.0,FAM,JG074C.016,UNKNOWN,,11.081139,30,100000000,1000000,100,8.0,6.0,2.0,23,0.33930034255075886,0.7441650629043579
2745,JG074C,16,HEX,-inf,False,A16,0.0,HEX,JG074C.016,UNKNOWN,,10.983518,31,100000000,1000000,100,8.0,6.0,2.0,23,-0.29573640409318286,0.5734332203865051
2746,JG074C,16,FAM,-inf,False,A16,0.0,FAM,JG074C.016,UNKNOWN,,11.081139,30,100000000,1000000,100,8.0,6.0,2.0,24,0.35430191266824457,0.776115894317627
2747,JG074C,16,HEX,-inf,False,A16,0.0,HEX,JG074C.016,UNKNOWN,,10.983518,31,100000000,1000000,100,8.0,6.0,2.0,24,-0.3018997017335918,0.5848029851913452
2748,JG074C,16,FAM,-inf,False,A16,0.0,FAM,JG074C.016,UNKNOWN,,11.081139,30,100000000,1000000,100,8.0,6.0,2.0,25,0.3681271245702143,0.80532306432724
2749,JG074C,16,HEX,-inf,False,A16,0.0,HEX,JG074C.016,UNKNOWN,,10.983518,31,100000000,1000000,100,8.0,6.0,2.0,25,-0.3073321515556697,0.5947333574295044
2750,JG074C,16,FAM,-inf,False,A16,0.0,FAM,JG074C.016,UNKNOWN,,11.081139,30,100000000,1000000,100,8.0,6.0,2.0,26,0.3787601454666731,0.8270851969718933
2751,JG074C,16,HEX,-inf,False,A16,0.0,HEX,JG074C.016,UNKNOWN,,10.983518,31,100000000,1000000,100,8.0,6.0,2.0,26,-0.31310720520843777,0.6053385138511658
2752,JG074C,16,FAM,-inf,False,A16,0.0,FAM,JG074C.016,UNKNOWN,,11.081139,30,100000000,1000000,100,8.0,6.0,2.0,27,0.3889177162601239,0.8477384448051453
2753,JG074C,16,HEX,-inf,False,A16,0.0,HEX,JG074C.016,UNKNOWN,,10.983518,31,100000000,1000000,100,8.0,6.0,2.0,27,-0.3185468581852598,0.6152831315994263
2754,JG074C,16,FAM,-inf,False,A16,0.0,FAM,JG074C.016,UNKNOWN,,11.081139,30,100000000,1000000,100,8.0,6.0,2.0,28,0.39903414135018606,0.8682956695556641
2755,JG074C,16,HEX,-inf,False,A16,0.0,HEX,JG074C.016,UNKNOWN,,10.983518,31,100000000,1000000,100,8.0,6.0,2.0,28,-0.32378246213147105,0.6248258352279663
2756,JG074C,16,FAM,-inf,False,A16,0.0,FAM,JG074C.016,UNKNOWN,,11.081139,30,100000000,1000000,100,8.0,6.0,2.0,29,0.40926424102948594,0.8891180753707886
2757,JG074C,16,HEX,-inf,False,A16,0.0,HEX,JG074C.016,UNKNOWN,,10.983518,31,100000000,1000000,100,8.0,6.0,2.0,29,-0.3296161095135869,0.6355463862419128
2758,JG074C,16,FAM,-inf,False,A16,0.0,FAM,JG074C.016,UNKNOWN,,11.081139,30,100000000,1000000,100,8.0,6.0,2.0,30,0.41841177425192605,0.9074156284332275
2759,JG074C,16,HEX,-inf,False,A16,0.0,HEX,JG074C.016,UNKNOWN,,10.983518,31,100000000,1000000,100,8.0,6.0,2.0,30,-0.33426274963071395,0.6439291834831238
2760,JG074C,16,FAM,-inf,False,A16,0.0,FAM,JG074C.016,UNKNOWN,,11.081139,30,100000000,1000000,100,8.0,6.0,2.0,31,0.42736262590090085,0.9252544045448303
2761,JG074C,16,HEX,-inf,False,A16,0.0,HEX,JG074C.016,UNKNOWN,,10.983518,31,100000000,1000000,100,8.0,6.0,2.0,31,-0.33939987010827977,0.6532779932022095
2762,JG074C,16,FAM,-inf,False,A16,0.0,FAM,JG074C.016,UNKNOWN,,11.081139,30,100000000,1000000,100,8.0,6.0,2.0,32,0.4352529406559481,0.9406197667121887
2763,JG074C,16,HEX,-inf,False,A16,0.0,HEX,JG074C.016,UNKNOWN,,10.983518,31,100000000,1000000,100,8.0,6.0,2.0,32,-0.34380202667908916,0.6611793637275696
2764,JG074C,16,FAM,-inf,False,A16,0.0,FAM,JG074C.016,UNKNOWN,,11.081139,30,100000000,1000000,100,8.0,6.0,2.0,33,0.44296553663996135,0.955570638179779
2765,JG074C,16,HEX,-inf,False,A16,0.0,HEX,JG074C.016,UNKNOWN,,10.983518,31,100000000,1000000,100,8.0,6.0,2.0,33,-0.3480415372263889,0.668760359287262
2766,JG074C,16,FAM,-inf,False,A16,0.0,FAM,JG074C.016,UNKNOWN,,11.081139,30,100000000,1000000,100,8.0,6.0,2.0,34,0.4528653973259765,0.9756227731704712
2767,JG074C,16,HEX,-inf,False,A16,0.0,HEX,JG074C.016,UNKNOWN,,10.983518,31,100000000,1000000,100,8.0,6.0,2.0,34,-0.3535718652099908,0.6788835525512695
2768,JG074C,16,FAM,-inf,False,A16,0.0,FAM,JG074C.016,UNKNOWN,,11.081139,30,100000000,1000000,100,8.0,6.0,2.0,35,0.4606432130833114,0.9907257556915283
2769,JG074C,16,HEX,-inf,False,A16,0.0,HEX,JG074C.016,UNKNOWN,,10.983518,31,100000000,1000000,100,8.0,6.0,2.0,35,-0.36030499897444895,0.6913755536079407
2770,JG074C,16,FAM,-inf,False,A16,0.0,FAM,JG074C.016,UNKNOWN,,11.081139,30,100000000,1000000,100,8.0,6.0,2.0,36,0.4692980712312628,1.0078742504119873
2771,JG074C,16,HEX,-inf,False,A16,0.0,HEX,JG074C.016,UNKNOWN,,10.983518,31,100000000,1000000,100,8.0,6.0,2.0,36,-0.3658498543289635,0.7015272974967957
2772,JG074C,16,FAM,-inf,False,A16,0.0,FAM,JG074C.016,UNKNOWN,,11.081139,30,100000000,1000000,100,8.0,6.0,2.0,37,0.4760978970648227,1.0206962823867798
2773,JG074C,16,HEX,-inf,False,A16,0.0,HEX,JG074C.016,UNKNOWN,,10.983518,31,100000000,1000000,100,8.0,6.0,2.0,37,-0.37041931778811704,0.7097581624984741
2774,JG074C,16,FAM,-inf,False,A16,0.0,FAM,JG074C.016,UNKNOWN,,11.081139,30,100000000,1000000,100,8.0,6.0,2.0,38,0.4833168468335219,1.0344957113265991
2775,JG074C,16,HEX,-inf,False,A16,0.0,HEX,JG074C.016,UNKNOWN,,10.983518,31,100000000,1000000,100,8.0,6.0,2.0,38,-0.37493242715427194,0.717877984046936
2776,JG074C,16,FAM,-inf,False,A16,0.0,FAM,JG074C.016,UNKNOWN,,11.081139,30,100000000,1000000,100,8.0,6.0,2.0,39,0.49072925807716034,1.0487464666366577
2777,JG074C,16,HEX,-inf,False,A16,0.0,HEX,JG074C.016,UNKNOWN,,10.983518,31,100000000,1000000,100,8.0,6.0,2.0,39,-0.37896855450879435,0.7250584959983826
2778,JG074C,16,FAM,-inf,False,A16,0.0,FAM,JG074C.016,UNKNOWN,,11.081139,30,100000000,1000000,100,8.0,6.0,2.0,40,0.4995029531945262,1.0661721229553223
2779,JG074C,16,HEX,-inf,False,A16,0.0,HEX,JG074C.016,UNKNOWN,,10.983518,31,100000000,1000000,100,8.0,6.0,2.0,40,-0.3851017078545596,0.7363688945770264
2780,JG074C,16,FAM,-inf,False,A16,0.0,FAM,JG074C.016,UNKNOWN,,11.081139,30,100000000,1000000,100,8.0,6.0,2.0,41,0.5068970661005086,1.0803802013397217
2781,JG074C,16,HEX,-inf,False,A16,0.0,HEX,JG074C.016,UNKNOWN,,10.983518,31,100000000,1000000,100,8.0,6.0,2.0,41,-0.39063754413296586,0.7465028762817383
2782,JG074C,16,FAM,-inf,False,A16,0.0,FAM,JG074C.016,UNKNOWN,,11.081139,30,100000000,1000000,100,8.0,6.0,2.0,42,0.5162152645448305,1.0990757942199707
2783,JG074C,16,HEX,-inf,False,A16,0.0,HEX,JG074C.016,UNKNOWN,,10.983518,31,100000000,1000000,100,8.0,6.0,2.0,42,-0.3959665469680031,0.7562295794487
2784,JG074C,16,FAM,-inf,False,A16,0.0,FAM,JG074C.016,UNKNOWN,,11.081139,30,100000000,1000000,100,8.0,6.0,2.0,43,0.5244265157863094,1.1151896715164185
2785,JG074C,16,HEX,-inf,False,A16,0.0,HEX,JG074C.016,UNKNOWN,,10.983518,31,100000000,1000000,100,8.0,6.0,2.0,43,-0.4016000192850849,0.7665558457374573
2786,JG074C,16,FAM,-inf,False,A16,0.0,FAM,JG074C.016,UNKNOWN,,11.081139,30,100000000,1000000,100,8.0,6.0,2.0,44,0.5317076185678292,1.1291340589523315
2787,JG074C,16,HEX,-inf,False,A16,0.0,HEX,JG074C.016,UNKNOWN,,10.983518,31,100000000,1000000,100,8.0,6.0,2.0,44,-0.4063424795195234,0.7751274108886719
2788,JG074C,16,FAM,-inf,False,A16,0.0,FAM,JG074C.016,UNKNOWN,,11.081139,30,100000000,1000000,100,8.0,6.0,2.0,45,0.539418681171592,1.1440813541412354
2789,JG074C,16,HEX,-inf,False,A16,0.0,HEX,JG074C.016,UNKNOWN,,10.983518,31,100000000,1000000,100,8.0,6.0,2.0,45,-0.4121972521201747,0.7858895659446716
2790,JG074C,16,FAM,-inf,False,A16,0.0,FAM,JG074C.016,UNKNOWN,,11.081139,30,100000000,1000000,100,8.0,6.0,2.0,46,0.5497692023132319,1.1651846170425415
2791,JG074C,16,HEX,-inf,False,A16,0.0,HEX,JG074C.016,UNKNOWN,,10.983518,31,100000000,1000000,100,8.0,6.0,2.0,46,-0.4180688522587999,0.7966848015785217
2792,JG074C,16,FAM,-inf,False,A16,0.0,FAM,JG074C.016,UNKNOWN,,11.081139,30,100000000,1000000,100,8.0,6.0,2.0,47,0.5604772566166156,1.1871217489242554
2793,JG074C,16,HEX,-inf,False,A16,0.0,HEX,JG074C.016,UNKNOWN,,10.983518,31,100000000,1000000,100,8.0,6.0,2.0,47,-0.42199196877376427,0.803642749786377
2794,JG074C,16,FAM,-inf,False,A16,0.0,FAM,JG074C.016,UNKNOWN,,11.081139,30,100000000,1000000,100,8.0,6.0,2.0,48,0.5698830110732416,1.2060215473175049
2795,JG074C,16,HEX,-inf,False,A16,0.0,HEX,JG074C.016,UNKNOWN,,10.983518,31,100000000,1000000,100,8.0,6.0,2.0,48,-0.4265015068279031,0.8117555975914001
2796,JG074C,16,FAM,-inf,False,A16,0.0,FAM,JG074C.016,UNKNOWN,,11.081139,30,100000000,1000000,100,8.0,6.0,2.0,49,0.5772606145851935,1.2201911211013794
2797,JG074C,16,HEX,-inf,False,A16,0.0,HEX,JG074C.016,UNKNOWN,,10.983518,31,100000000,1000000,100,8.0,6.0,2.0,49,-0.4326421659819732,0.8230807185173035
2798,JG074C,16,FAM,-inf,False,A16,0.0,FAM,JG074C.016,UNKNOWN,,11.081139,30,100000000,1000000,100,8.0,6.0,2.0,50,0.5863920473150033,1.2384510040283203
2799,JG074C,16,HEX,-inf,False,A16,0.0,HEX,JG074C.016,UNKNOWN,,10.983518,31,100000000,1000000,100,8.0,6.0,2.0,50,-0.4367150960094744,0.8303337097167969
6840,JG074C,40,FAM,-inf,False,B16,0.0,FAM,JG074C.040,UNKNOWN,,11.772091,78,31622776,1000000,100,7.499999991736717,6.0,2.0,1,-0.005998327976618507,0.0006289834273047745
6841,JG074C,40,HEX,-inf,False,B16,0.0,HEX,JG074C.040,UNKNOWN,,12.148351,79,31622776,1000000,100,7.499999991736717,6.0,2.0,1,0.00322260971609142,0.0029090556781738997
6842,JG074C,40,FAM,-inf,False,B16,0.0,FAM,JG074C.040,UNKNOWN,,11.772091,78,31622776,1000000,100,7.499999991736717,6.0,2.0,2,-0.005365527503570699,-0.00015660921053495258
6843,JG074C,40,HEX,-inf,False,B16,0.0,HEX,JG074C.040,UNKNOWN,,12.148351,79,31622776,1000000,100,7.499999991736717,6.0,2.0,2,0.002464961924961994,0.00288761081174016
6844,JG074C,40,FAM,-inf,False,B16,0.0,FAM,JG074C.040,UNKNOWN,,11.772091,78,31622776,1000000,100,7.499999991736717,6.0,2.0,3,-0.004221268047965412,0.0002506659075152129
6845,JG074C,40,HEX,-inf,False,B16,0.0,HEX,JG074C.040,UNKNOWN,,12.148351,79,31622776,1000000,100,7.499999991736717,6.0,2.0,3,0.00214930939385031,0.0019956997130066156
6846,JG074C,40,FAM,-inf,False,B16,0.0,FAM,JG074C.040,UNKNOWN,,11.772091,78,31622776,1000000,100,7.499999991736717,6.0,2.0,4,-0.0032852927430543463,0.00017216318519786
6847,JG074C,40,HEX,-inf,False,B16,0.0,HEX,JG074C.040,UNKNOWN,,12.148351,79,31622776,1000000,100,7.499999991736717,6.0,2.0,4,0.00256507972283509,-0.00033667683601379395
6848,JG074C,40,FAM,-inf,False,B16,0.0,FAM,JG074C.040,UNKNOWN,,11.772091,78,31622776,1000000,100,7.499999991736717,6.0,2.0,5,-0.0025245444662702664,-0.0003150187840219587
6849,JG074C,40,HEX,-inf,False,B16,0.0,HEX,JG074C.040,UNKNOWN,,12.148351,79,31622776,1000000,100,7.499999991736717,6.0,2.0,5,0.0021212382760971973,-0.0009761325200088322
6850,JG074C,40,FAM,-inf,False,B16,0.0,FAM,JG074C.040,UNKNOWN,,11.772091,78,31622776,1000000,100,7.499999991736717,6.0,2.0,6,-0.0015747304045983519,-0.0003612455911934376
6851,JG074C,40,HEX,-inf,False,B16,0.0,HEX,JG074C.040,UNKNOWN,,12.148351,79,31622776,1000000,100,7.499999991736717,6.0,2.0,6,0.0013732905315875805,-0.0010166807333007455
6852,JG074C,40,FAM,-inf,False,B16,0.0,FAM,JG074C.040,UNKNOWN,,11.772091,78,31622776,1000000,100,7.499999991736717,6.0,2.0,7,-0.0005678745976074796,-0.00027443483122624457
6853,JG074C,40,HEX,-inf,False,B16,0.0,HEX,JG074C.040,UNKNOWN,,12.148351,79,31622776,1000000,100,7.499999991736717,6.0,2.0,7,0.0006854800495851704,-0.001175663317553699
6854,JG074C,40,FAM,-inf,False,B16,0.0,FAM,JG074C.040,UNKNOWN,,11.772091,78,31622776,1000000,100,7.499999991736717,6.0,2.0,8,0.0007457594848353485,0.0005278700846247375
6855,JG074C,40,HEX,-inf,False,B16,0.0,HEX,JG074C.040,UNKNOWN,,12.148351,79,31622776,1000000,100,7.499999991736717,6.0,2.0,8,-0.00017991240914649856,-0.000984915648587048
6856,JG074C,40,FAM,-inf,False,B16,0.0,FAM,JG074C.040,UNKNOWN,,11.772091,78,31622776,1000000,100,7.499999991736717,6.0,2.0,9,0.003709144600632711,0.005177863407880068
6857,JG074C,40,HEX,-inf,False,B16,0.0,HEX,JG074C.040,UNKNOWN,,12.148351,79,31622776,1000000,100,7.499999991736717,6.0,2.0,9,-0.0027151202255424273,0.0024943691678345203
6858,JG074C,40,FAM,-inf,False,B16,0.0,FAM,JG074C.040,UNKNOWN,,11.772091,78,31622776,1000000,100,7.499999991736717,6.0,2.0,10,0.007718806174027797,0.012268071062862873
6859,JG074C,40,HEX,-inf,False,B16,0.0,HEX,JG074C.040,UNKNOWN,,12.148351,79,31622776,1000000,100,7.499999991736717,6.0,2.0,10,-0.005999365339266423,0.007448809687048197
6860,JG074C,40,FAM,-inf,False,B16,0.0,FAM,JG074C.040,UNKNOWN,,11.772091,78,31622776,1000000,100,7.499999991736717,6.0,2.0,11,0.013758305410372486,0.02409243769943714
6861,JG074C,40,HEX,-inf,False,B16,0.0,HEX,JG074C.040,UNKNOWN,,12.148351,79,31622776,1000000,100,7.499999991736717,6.0,2.0,11,-0.011317699636289678,0.016409188508987427
6862,JG074C,40,FAM,-inf,False,B16,0.0,FAM,JG074C.040,UNKNOWN,,11.772091,78,31622776,1000000,100,7.499999991736717,6.0,2.0,12,0.023869708680114197,0.04541363939642906
6863,JG074C,40,HEX,-inf,False,B16,0.0,HEX,JG074C.040,UNKNOWN,,12.148351,79,31622776,1000000,100,7.499999991736717,6.0,2.0,12,-0.02194309438520084,0.035821299999952316
6864,JG074C,40,FAM,-inf,False,B16,0.0,FAM,JG074C.040,UNKNOWN,,11.772091,78,31622776,1000000,100,7.499999991736717,6.0,2.0,13,0.04149334624780256,0.08425550907850266
6865,JG074C,40,HEX,-inf,False,B16,0.0,HEX,JG074C.040,UNKNOWN,,12.148351,79,31622776,1000000,100,7.499999991736717,6.0,2.0,13,-0.03901071229604411,0.0679207369685173
6866,JG074C,40,FAM,-inf,False,B16,0.0,FAM,JG074C.040,UNKNOWN,,11.772091,78,31622776,1000000,100,7.499999991736717,6.0,2.0,14,0.06654663280877886,0.1404254287481308
6867,JG074C,40,HEX,-inf,False,B16,0.0,HEX,JG074C.040,UNKNOWN,,12.148351,79,31622776,1000000,100,7.499999991736717,6.0,2.0,14,-0.06515447164403133,0.117894746363163
6868,JG074C,40,FAM,-inf,False,B16,0.0,FAM,JG074C.040,UNKNOWN,,11.772091,78,31622776,1000000,100,7.499999991736717,6.0,2.0,15,0.09877059321690079,0.21331940591335297
6869,JG074C,40,HEX,-inf,False,B16,0.0,HEX,JG074C.040,UNKNOWN,,12.148351,79,31622776,1000000,100,7.499999991736717,6.0,2.0,15,-0.09989885828729943,0.18480683863162994
6870,JG074C,40,FAM,-inf,False,B16,0.0,FAM,JG074C.040,UNKNOWN,,11.772091,78,31622776,1000000,100,7.499999991736717,6.0,2.0,16,0.13702071245318798,0.3002680838108063
6871,JG074C,40,HEX,-inf,False,B16,0.0,HEX,JG074C.040,UNKNOWN,,12.148351,79,31622776,1000000,100,7.499999991736717,6.0,2.0,16,-0.1392198812791092,0.26073217391967773
6872,JG074C,40,FAM,-inf,False,B16,0.0,FAM,JG074C.040,UNKNOWN,,11.772091,78,31622776,1000000,100,7.499999991736717,6.0,2.0,17,0.17724119975504252,0.3918122351169586
6873,JG074C,40,HEX,-inf,False,B16,0.0,HEX,JG074C.040,UNKNOWN,,12.148351,79,31622776,1000000,100,7.499999991736717,6.0,2.0,17,-0.17758712183979058,0.33477914333343506
6874,JG074C,40,FAM,-inf,False,B16,0.0,FAM,JG074C.040,UNKNOWN,,11.772091,78,31622776,1000000,100,7.499999991736717,6.0,2.0,18,0.21781188554977593,0.48417314887046814
6875,JG074C,40,HEX,-inf,False,B16,0.0,HEX,JG074C.040,UNKNOWN,,12.148351,79,31622776,1000000,100,7.499999991736717,6.0,2.0,18,-0.210963514388783,0.39899709820747375
6876,JG074C,40,FAM,-inf,False,B16,0.0,FAM,JG074C.040,UNKNOWN,,11.772091,78,31622776,1000000,100,7.499999991736717,6.0,2.0,19,0.25509722748877994,0.5688717365264893
6877,JG074C,40,HEX,-inf,False,B16,0.0,HEX,JG074C.040,UNKNOWN,,12.148351,79,31622776,1000000,100,7.499999991736717,6.0,2.0,19,-0.23632978700473822,0.44743990898132324
6878,JG074C,40,FAM,-inf,False,B16,0.0,FAM,JG074C.040,UNKNOWN,,11.772091,78,31622776,1000000,100,7.499999991736717,6.0,2.0,20,0.2865832997640192,0.6400447487831116
6879,JG074C,40,HEX,-inf,False,B16,0.0,HEX,JG074C.040,UNKNOWN,,12.148351,79,31622776,1000000,100,7.499999991736717,6.0,2.0,20,-0.25448082899942737,0.48167306184768677
6880,JG074C,40,FAM,-inf,False,B16,0.0,FAM,JG074C.040,UNKNOWN,,11.772091,78,31622776,1000000,100,7.499999991736717,6.0,2.0,21,0.31565348034190543,0.7055831551551819
6881,JG074C,40,HEX,-inf,False,B16,0.0,HEX,JG074C.040,UNKNOWN,,12.148351,79,31622776,1000000,100,7.499999991736717,6.0,2.0,21,-0.26854625978242275,0.507860004901886
6882,JG074C,40,FAM,-inf,False,B16,0.0,FAM,JG074C.040,UNKNOWN,,11.772091,78,31622776,1000000,100,7.499999991736717,6.0,2.0,22,0.3396293628261987,0.7592402696609497
6883,JG074C,40,HEX,-inf,False,B16,0.0,HEX,JG074C.040,UNKNOWN,,12.148351,79,31622776,1000000,100,7.499999991736717,6.0,2.0,22,-0.27847544541302266,0.5259009599685669
6884,JG074C,40,FAM,-inf,False,B16,0.0,FAM,JG074C.040,UNKNOWN,,11.772091,78,31622776,1000000,100,7.499999991736717,6.0,2.0,23,0.3587474966768775,0.8015677332878113
6885,JG074C,40,HEX,-inf,False,B16,0.0,HEX,JG074C.040,UNKNOWN,,12.148351,79,31622776,1000000,100,7.499999991736717,6.0,2.0,23,-0.2855559649344298,0.5383318066596985
6886,JG074C,40,FAM,-inf,False,B16,0.0,FAM,JG074C.040,UNKNOWN,,11.772091,78,31622776,1000000,100,7.499999991736717,6.0,2.0,24,0.3771390127395148,0.842200517654419
6887,JG074C,40,HEX,-inf,False,B16,0.0,HEX,JG074C.040,UNKNOWN,,12.148351,79,31622776,1000000,100,7.499999991736717,6.0,2.0,24,-0.29164487032962355,0.5488097667694092
6888,JG074C,40,FAM,-inf,False,B16,0.0,FAM,JG074C.040,UNKNOWN,,11.772091,78,31622776,1000000,100,7.499999991736717,6.0,2.0,25,0.3941325971404375,0.8795729279518127
6889,JG074C,40,HEX,-inf,False,B16,0.0,HEX,JG074C.040,UNKNOWN,,12.148351,79,31622776,1000000,100,7.499999991736717,6.0,2.0,25,-0.2982367254119561,0.5602781772613525
6890,JG074C,40,FAM,-inf,False,B16,0.0,FAM,JG074C.040,UNKNOWN,,11.772091,78,31622776,1000000,100,7.499999991736717,6.0,2.0,26,0.4096625189795738,0.9135316610336304
6891,JG074C,40,HEX,-inf,False,B16,0.0,HEX,JG074C.040,UNKNOWN,,12.148351,79,31622776,1000000,100,7.499999991736717,6.0,2.0,26,-0.30602109605408173,0.5740951895713806
6892,JG074C,40,FAM,-inf,False,B16,0.0,FAM,JG074C.040,UNKNOWN,,11.772091,78,31622776,1000000,100,7.499999991736717,6.0,2.0,27,0.42308230514330875,0.9425689578056335
6893,JG074C,40,HEX,-inf,False,B16,0.0,HEX,JG074C.040,UNKNOWN,,12.148351,79,31622776,1000000,100,7.499999991736717,6.0,2.0,27,-0.31194360252161335,0.5842454433441162
6894,JG074C,40,FAM,-inf,False,B16,0.0,FAM,JG074C.040,UNKNOWN,,11.772091,78,31622776,1000000,100,7.499999991736717,6.0,2.0,28,0.43533493337303086,0.9688841104507446
6895,JG074C,40,HEX,-inf,False,B16,0.0,HEX,JG074C.040,UNKNOWN,,12.148351,79,31622776,1000000,100,7.499999991736717,6.0,2.0,28,-0.3172182790425085,0.5931198596954346
6896,JG074C,40,FAM,-inf,False,B16,0.0,FAM,JG074C.040,UNKNOWN,,11.772091,78,31622776,1000000,100,7.499999991736717,6.0,2.0,29,0.4469911789106547,0.9938083291053772
6897,JG074C,40,HEX,-inf,False,B16,0.0,HEX,JG074C.040,UNKNOWN,,12.148351,79,31622776,1000000,100,7.499999991736717,6.0,2.0,29,-0.3221947510100651,0.6014069318771362
6898,JG074C,40,FAM,-inf,False,B16,0.0,FAM,JG074C.040,UNKNOWN,,11.772091,78,31622776,1000000,100,7.499999991736717,6.0,2.0,30,0.45813604213473363,1.0175398588180542
6899,JG074C,40,HEX,-inf,False,B16,0.0,HEX,JG074C.040,UNKNOWN,,12.148351,79,31622776,1000000,100,7.499999991736717,6.0,2.0,30,-0.3262183485071754,0.6078174710273743
6900,JG074C,40,FAM,-inf,False,B16,0.0,FAM,JG074C.040,UNKNOWN,,11.772091,78,31622776,1000000,100,7.499999991736717,6.0,2.0,31,0.46741365711509203,1.0369163751602173
6901,JG074C,40,HEX,-inf,False,B16,0.0,HEX,JG074C.040,UNKNOWN,,12.148351,79,31622776,1000000,100,7.499999991736717,6.0,2.0,31,-0.3310169207117641,0.615754246711731
6902,JG074C,40,FAM,-inf,False,B16,0.0,FAM,JG074C.040,UNKNOWN,,11.772091,78,31622776,1000000,100,7.499999991736717,6.0,2.0,32,0.4777747585804605,1.0588200092315674
6903,JG074C,40,HEX,-inf,False,B16,0.0,HEX,JG074C.040,UNKNOWN,,12.148351,79,31622776,1000000,100,7.499999991736717,6.0,2.0,32,-0.33743396309744755,0.6268783807754517
6904,JG074C,40,FAM,-inf,False,B16,0.0,FAM,JG074C.040,UNKNOWN,,11.772091,78,31622776,1000000,100,7.499999991736717,6.0,2.0,33,0.48863068185266834,1.081877589225769
6905,JG074C,40,HEX,-inf,False,B16,0.0,HEX,JG074C.040,UNKNOWN,,12.148351,79,31622776,1000000,100,7.499999991736717,6.0,2.0,33,-0.3429902587565558,0.636307418346405
6906,JG074C,40,FAM,-inf,False,B16,0.0,FAM,JG074C.040,UNKNOWN,,11.772091,78,31622776,1000000,100,7.499999991736717,6.0,2.0,34,0.4979200016356056,1.1012815237045288
6907,JG074C,40,HEX,-inf,False,B16,0.0,HEX,JG074C.040,UNKNOWN,,12.148351,79,31622776,1000000,100,7.499999991736717,6.0,2.0,34,-0.34800710470910723,0.6446740627288818
6908,JG074C,40,FAM,-inf,False,B16,0.0,FAM,JG074C.040,UNKNOWN,,11.772091,78,31622776,1000000,100,7.499999991736717,6.0,2.0,35,0.505196759839749,1.115991473197937
6909,JG074C,40,HEX,-inf,False,B16,0.0,HEX,JG074C.040,UNKNOWN,,12.148351,79,31622776,1000000,100,7.499999991736717,6.0,2.0,35,-0.35186605866920734,0.6507603526115417
6910,JG074C,40,FAM,-inf,False,B16,0.0,FAM,JG074C.040,UNKNOWN,,11.772091,78,31622776,1000000,100,7.499999991736717,6.0,2.0,36,0.5132446038591987,1.1324999332427979
6911,JG074C,40,HEX,-inf,False,B16,0.0,HEX,JG074C.040,UNKNOWN,,12.148351,79,31622776,1000000,100,7.499999991736717,6.0,2.0,36,-0.3565279525257927,0.658427894115448
6912,JG074C,40,FAM,-inf,False,B16,0.0,FAM,JG074C.040,UNKNOWN,,11.772091,78,31622776,1000000,100,7.499999991736717,6.0,2.0,37,0.5218486048955081,1.1503053903579712
6913,JG074C,40,HEX,-inf,False,B16,0.0,HEX,JG074C.040,UNKNOWN,,12.148351,79,31622776,1000000,100,7.499999991736717,6.0,2.0,37,-0.3615769402864884,0.6668578386306763
6914,JG074C,40,FAM,-inf,False,B16,0.0,FAM,JG074C.040,UNKNOWN,,11.772091,78,31622776,1000000,100,7.499999991736717,6.0,2.0,38,0.5304105402002787,1.1680128574371338
6915,JG074C,40,HEX,-inf,False,B16,0.0,HEX,JG074C.040,UNKNOWN,,12.148351,79,31622776,1000000,100,7.499999991736717,6.0,2.0,38,-0.36780155553829125,0.6776030659675598
6916,JG074C,40,FAM,-inf,False,B16,0.0,FAM,JG074C.040,UNKNOWN,,11.772091,78,31622776,1000000,100,7.499999991736717,6.0,2.0,39,0.5379014094000681,1.1832221746444702
6917,JG074C,40,HEX,-inf,False,B16,0.0,HEX,JG074C.040,UNKNOWN,,12.148351,79,31622776,1000000,100,7.499999991736717,6.0,2.0,39,-0.37306167442291766,0.6864488124847412
6918,JG074C,40,FAM,-inf,False,B16,0.0,FAM,JG074C.040,UNKNOWN,,11.772091,78,31622776,1000000,100,7.499999991736717,6.0,2.0,40,0.5446448068404093,1.1966882944107056
6919,JG074C,40,HEX,-inf,False,B16,0.0,HEX,JG074C.040,UNKNOWN,,12.148351,79,31622776,1000000,100,7.499999991736717,6.0,2.0,40,-0.3779009232660618,0.6944656372070312
6920,JG074C,40,FAM,-inf,False,B16,0.0,FAM,JG074C.040,UNKNOWN,,11.772091,78,31622776,1000000,100,7.499999991736717,6.0,2.0,41,0.5530519218525534,1.2140345573425293
6921,JG074C,40,HEX,-inf,False,B16,0.0,HEX,JG074C.040,UNKNOWN,,12.148351,79,31622776,1000000,100,7.499999991736717,6.0,2.0,41,-0.3830182502007591,0.7030301690101624
6922,JG074C,40,FAM,-inf,False,B16,0.0,FAM,JG074C.040,UNKNOWN,,11.772091,78,31622776,1000000,100,7.499999991736717,6.0,2.0,42,0.5625244805754265,1.2338658571243286
6923,JG074C,40,HEX,-inf,False,B16,0.0,HEX,JG074C.040,UNKNOWN,,12.148351,79,31622776,1000000,100,7.499999991736717,6.0,2.0,42,-0.3881511940591875,0.7116254568099976
6924,JG074C,40,FAM,-inf,False,B16,0.0,FAM,JG074C.040,UNKNOWN,,11.772091,78,31622776,1000000,100,7.499999991736717,6.0,2.0,43,0.574411193164702,1.2593275308609009
6925,JG074C,40,HEX,-inf,False,B16,0.0,HEX,JG074C.040,UNKNOWN,,12.148351,79,31622776,1000000,100,7.499999991736717,6.0,2.0,43,-0.3931434645426117,0.719943642616272
6926,JG074C,40,FAM,-inf,False,B16,0.0,FAM,JG074C.040,UNKNOWN,,11.772091,78,31622776,1000000,100,7.499999991736717,6.0,2.0,44,0.5835959875272295,1.2784876823425293
6927,JG074C,40,HEX,-inf,False,B16,0.0,HEX,JG074C.040,UNKNOWN,,12.148351,79,31622776,1000000,100,7.499999991736717,6.0,2.0,44,-0.39999366470434106,0.7319208979606628
6928,JG074C,40,FAM,-inf,False,B16,0.0,FAM,JG074C.040,UNKNOWN,,11.772091,78,31622776,1000000,100,7.499999991736717,6.0,2.0,45,0.5897303774447432,1.2905333042144775
6929,JG074C,40,HEX,-inf,False,B16,0.0,HEX,JG074C.040,UNKNOWN,,12.148351,79,31622776,1000000,100,7.499999991736717,6.0,2.0,45,-0.4054090448655965,0.741072416305542
6930,JG074C,40,FAM,-inf,False,B16,0.0,FAM,JG074C.040,UNKNOWN,,11.772091,78,31622776,1000000,100,7.499999991736717,6.0,2.0,46,0.5980453874165067,1.3076648712158203
6931,JG074C,40,HEX,-inf,False,B16,0.0,HEX,JG074C.040,UNKNOWN,,12.148351,79,31622776,1000000,100,7.499999991736717,6.0,2.0,46,-0.412073839456053,0.752684473991394
6932,JG074C,40,FAM,-inf,False,B16,0.0,FAM,JG074C.040,UNKNOWN,,11.772091,78,31622776,1000000,100,7.499999991736717,6.0,2.0,47,0.6092392165832519,1.3315105438232422
6933,JG074C,40,HEX,-inf,False,B16,0.0,HEX,JG074C.040,UNKNOWN,,12.148351,79,31622776,1000000,100,7.499999991736717,6.0,2.0,47,-0.4185215709127895,0.7638691067695618
6934,JG074C,40,FAM,-inf,False,B16,0.0,FAM,JG074C.040,UNKNOWN,,11.772091,78,31622776,1000000,100,7.499999991736717,6.0,2.0,48,0.6190407875952093,1.3521090745925903
6935,JG074C,40,HEX,-inf,False,B16,0.0,HEX,JG074C.040,UNKNOWN,,12.148351,79,31622776,1000000,100,7.499999991736717,6.0,2.0,48,-0.42369313336556075,0.7725404500961304
6936,JG074C,40,FAM,-inf,False,B16,0.0,FAM,JG074C.040,UNKNOWN,,11.772091,78,31622776,1000000,100,7.499999991736717,6.0,2.0,49,0.6299074445291708,1.3751918077468872
6937,JG074C,40,HEX,-inf,False,B16,0.0,HEX,JG074C.040,UNKNOWN,,12.148351,79,31622776,1000000,100,7.499999991736717,6.0,2.0,49,-0.42845683987995903,0.7804085612297058
6938,JG074C,40,FAM,-inf,False,B16,0.0,FAM,JG074C.040,UNKNOWN,,11.772091,78,31622776,1000000,100,7.499999991736717,6.0,2.0,50,0.6404856726380114,1.3976017236709595
6939,JG074C,40,HEX,-inf,False,B16,0.0,HEX,JG074C.040,UNKNOWN,,12.148351,79,31622776,1000000,100,7.499999991736717,6.0,2.0,50,-0.433634939649641,0.7890927195549011
10980,JG074C,64,FAM,-inf,False,C16,0.0,FAM,JG074C.064,UNKNOWN,,13.142442,126,10000000,1000000,100,7.0,6.0,2.0,1,-0.005516900885175695,0.003304625628516078
10981,JG074C,64,HEX,-inf,False,C16,0.0,HEX,JG074C.064,UNKNOWN,,13.517762,127,10000000,1000000,100,7.0,6.0,2.0,1,0.002014963369849009,0.0006207018159329891
10982,JG074C,64,FAM,-inf,False,C16,0.0,FAM,JG074C.064,UNKNOWN,,13.142442,126,10000000,1000000,100,7.0,6.0,2.0,2,-0.005078648031411294,0.0013864636421203613
10983,JG074C,64,HEX,-inf,False,C16,0.0,HEX,JG074C.064,UNKNOWN,,13.517762,127,10000000,1000000,100,7.0,6.0,2.0,2,0.0017146705069418578,0.0003777401871047914
10984,JG074C,64,FAM,-inf,False,C16,0.0,FAM,JG074C.064,UNKNOWN,,13.142442,126,10000000,1000000,100,7.0,6.0,2.0,3,-0.003921457069026709,0.0011450698366388679
10985,JG074C,64,HEX,-inf,False,C16,0.0,HEX,JG074C.064,UNKNOWN,,13.517762,127,10000000,1000000,100,7.0,6.0,2.0,3,0.0015432021321383441,-0.00011892864858964458
10986,JG074C,64,FAM,-inf,False,C16,0.0,FAM,JG074C.064,UNKNOWN,,13.142442,126,10000000,1000000,100,7.0,6.0,2.0,4,-0.00296892125741014,0.0004263619484845549
10987,JG074C,64,HEX,-inf,False,C16,0.0,HEX,JG074C.064,UNKNOWN,,13.517762,127,10000000,1000000,100,7.0,6.0,2.0,4,0.0005289343869079575,0.0010442130733281374
10988,JG074C,64,FAM,-inf,False,C16,0.0,FAM,JG074C.064,UNKNOWN,,13.142442,126,10000000,1000000,100,7.0,6.0,2.0,5,-0.0018609518010669131,7.016956806182861e-05
10989,JG074C,64,HEX,-inf,False,C16,0.0,HEX,JG074C.064,UNKNOWN,,13.517762,127,10000000,1000000,100,7.0,6.0,2.0,5,0.0005570509026951721,0.00015448140038643032
10990,JG074C,64,FAM,-inf,False,C16,0.0,FAM,JG074C.064,UNKNOWN,,13.142442,126,10000000,1000000,100,7.0,6.0,2.0,6,-0.0010915271476986997,-0.0010756055125966668
10991,JG074C,64,HEX,-inf,False,C16,0.0,HEX,JG074C.064,UNKNOWN,,13.517762,127,10000000,1000000,100,7.0,6.0,2.0,6,0.0004804946845210502,-0.0005291075794957578
10992,JG074C,64,FAM,-inf,False,C16,0.0,FAM,JG074C.064,UNKNOWN,,13.142442,126,10000000,1000000,100,7.0,6.0,2.0,7,0.0001630462387619999,-0.0010898759355768561
10993,JG074C,64,HEX,-inf,False,C16,0.0,HEX,JG074C.064,UNKNOWN,,13.517762,127,10000000,1000000,100,7.0,6.0,2.0,7,0.0002489041798883633,-0.0009073718101717532
10994,JG074C,64,FAM,-inf,False,C16,0.0,FAM,JG074C.064,UNKNOWN,,13.142442,126,10000000,1000000,100,7.0,6.0,2.0,8,0.0011107391244207098,-0.0018198788166046143
10995,JG074C,64,HEX,-inf,False,C16,0.0,HEX,JG074C.064,UNKNOWN,,13.517762,127,10000000,1000000,100,7.0,6.0,2.0,8,-0.00042115567078013775,-0.0004221137205604464
10996,JG074C,64,FAM,-inf,False,C16,0.0,FAM,JG074C.064,UNKNOWN,,13.142442,126,10000000,1000000,100,7.0,6.0,2.0,9,0.0032749136754837097,0.0002872993645723909
10997,JG074C,64,HEX,-inf,False,C16,0.0,HEX,JG074C.064,UNKNOWN,,13.517762,127,10000000,1000000,100,7.0,6.0,2.0,9,-0.0007938886634361565,-0.0005224116612225771
10998,JG074C,64,FAM,-inf,False,C16,0.0,FAM,JG074C.064,UNKNOWN,,13.142442,126,10000000,1000000,100,7.0,6.0,2.0,10,0.005294158236536043,0.0020564596634358168
10999,JG074C,64,HEX,-inf,False,C16,0.0,HEX,JG074C.064,UNKNOWN,,13.517762,127,10000000,1000000,100,7.0,6.0,2.0,10,-0.002143541951934593,0.001301238895393908
11000,JG074C,64,FAM,-inf,False,C16,0.0,FAM,JG074C.064,UNKNOWN,,13.142442,126,10000000,1000000,100,7.0,6.0,2.0,11,0.008869553744818053,0.007455006241798401
11001,JG074C,64,HEX,-inf,False,C16,0.0,HEX,JG074C.064,UNKNOWN,,13.517762,127,10000000,1000000,100,7.0,6.0,2.0,11,-0.005545322575948844,0.007166352588683367
11002,JG074C,64,FAM,-inf,False,C16,0.0,FAM,JG074C.064,UNKNOWN,,13.142442,126,10000000,1000000,100,7.0,6.0,2.0,12,0.014397939009161628,0.017408480867743492
11003,JG074C,64,HEX,-inf,False,C16,0.0,HEX,JG074C.064,UNKNOWN,,13.517762,127,10000000,1000000,100,7.0,6.0,2.0,12,-0.009797362980660742,0.014705969020724297
11004,JG074C,64,FAM,-inf,False,C16,0.0,FAM,JG074C.064,UNKNOWN,,13.142442,126,10000000,1000000,100,7.0,6.0,2.0,13,0.02346392195861215,0.03561263903975487
11005,JG074C,64,HEX,-inf,False,C16,0.0,HEX,JG074C.064,UNKNOWN,,13.517762,127,10000000,1000000,100,7.0,6.0,2.0,13,-0.017521127247260144,0.029082804918289185
11006,JG074C,64,FAM,-inf,False,C16,0.0,FAM,JG074C.064,UNKNOWN,,13.142442,126,10000000,1000000,100,7.0,6.0,2.0,14,0.03945783188338388,0.06997469067573547
11007,JG074C,64,HEX,-inf,False,C16,0.0,HEX,JG074C.064,UNKNOWN,,13.517762,127,10000000,1000000,100,7.0,6.0,2.0,14,-0.030063242128638687,0.05294891074299812
11008,JG074C,64,FAM,-inf,False,C16,0.0,FAM,JG074C.064,UNKNOWN,,13.142442,126,10000000,1000000,100,7.0,6.0,2.0,15,0.06430674441330475,0.12498912960290909
11009,JG074C,64,HEX,-inf,False,C16,0.0,HEX,JG074C.064,UNKNOWN,,13.517762,127,10000000,1000000,100,7.0,6.0,2.0,15,-0.05169563236844497,0.09471742063760757
11010,JG074C,64,FAM,-inf,False,C16,0.0,FAM,JG074C.064,UNKNOWN,,13.142442,126,10000000,1000000,100,7.0,6.0,2.0,16,0.09924545232960391,0.20353583991527557
11011,JG074C,64,HEX,-inf,False,C16,0.0,HEX,JG074C.064,UNKNOWN,,13.517762,127,10000000,1000000,100,7.0,6.0,2.0,16,-0.08246790288527452,0.1544860154390335
11012,JG074C,64,FAM,-inf,False,C16,0.0,FAM,JG074C.064,UNKNOWN,,13.142442,126,10000000,1000000,100,7.0,6.0,2.0,17,0.142031233677886,0.30038416385650635
11013,JG074C,64,HEX,-inf,False,C16,0.0,HEX,JG074C.064,UNKNOWN,,13.517762,127,10000000,1000000,100,7.0,6.0,2.0,17,-0.11835063010097395,0.22431915998458862
11014,JG074C,64,FAM,-inf,False,C16,0.0,FAM,JG074C.064,UNKNOWN,,13.142442,126,10000000,1000000,100,7.0,6.0,2.0,18,0.18837683394673868,0.4055349826812744
11015,JG074C,64,HEX,-inf,False,C16,0.0,HEX,JG074C.064,UNKNOWN,,13.517762,127,10000000,1000000,100,7.0,6.0,2.0,18,-0.15461155320609968,0.2948971390724182
11016,JG074C,64,FAM,-inf,False,C16,0.0,FAM,JG074C.064,UNKNOWN,,13.142442,126,10000000,1000000,100,7.0,6.0,2.0,19,0.23359010956960252,0.5080448985099792
11017,JG074C,64,HEX,-inf,False,C16,0.0,HEX,JG074C.064,UNKNOWN,,13.517762,127,10000000,1000000,100,7.0,6.0,2.0,19,-0.1865897468354605,0.357040673494339
11018,JG074C,64,FAM,-inf,False,C16,0.0,FAM,JG074C.064,UNKNOWN,,13.142442,126,10000000,1000000,100,7.0,6.0,2.0,20,0.27524139398320757,0.6022472381591797
11019,JG074C,64,HEX,-inf,False,C16,0.0,HEX,JG074C.064,UNKNOWN,,13.517762,127,10000000,1000000,100,7.0,6.0,2.0,20,-0.21077594295296653,0.4038386642932892
11020,JG074C,64,FAM,-inf,False,C16,0.0,FAM,JG074C.064,UNKNOWN,,13.142442,126,10000000,1000000,100,7.0,6.0,2.0,21,0.3119478082086317,0.6849167346954346
11021,JG074C,64,HEX,-inf,False,C16,0.0,HEX,JG074C.064,UNKNOWN,,13.517762,127,10000000,1000000,100,7.0,6.0,2.0,21,-0.22728975024579867,0.43552660942077637
11022,JG074C,64,FAM,-inf,False,C16,0.0,FAM,JG074C.064,UNKNOWN,,13.142442,126,10000000,1000000,100,7.0,6.0,2.0,22,0.34445092049135895,0.7577829360961914
11023,JG074C,64,HEX,-inf,False,C16,0.0,HEX,JG074C.064,UNKNOWN,,13.517762,127,10000000,1000000,100,7.0,6.0,2.0,22,-0.23998982002049635,0.45970380306243896
11024,JG074C,64,FAM,-inf,False,C16,0.0,FAM,JG074C.064,UNKNOWN,,13.142442,126,10000000,1000000,100,7.0,6.0,2.0,23,0.37147899636429155,0.8178797960281372
11025,JG074C,64,HEX,-inf,False,C16,0.0,HEX,JG074C.064,UNKNOWN,,13.517762,127,10000000,1000000,100,7.0,6.0,2.0,23,-0.24932395848544237,0.47725212574005127
11026,JG074C,64,FAM,-inf,False,C16,0.0,FAM,JG074C.064,UNKNOWN,,13.142442,126,10000000,1000000,100,7.0,6.0,2.0,24,0.39533573520312015,0.8705801963806152
11027,JG074C,64,HEX,-inf,False,C16,0.0,HEX,JG074C.064,UNKNOWN,,13.517762,127,10000000,1000000,100,7.0,6.0,2.0,24,-0.25651821521495327,0.49058613181114197
11028,JG074C,64,FAM,-inf,False,C16,0.0,FAM,JG074C.064,UNKNOWN,,13.142442,126,10000000,1000000,100,7.0,6.0,2.0,25,0.416268471242252,0.9164609909057617
11029,JG074C,64,HEX,-inf,False,C16,0.0,HEX,JG074C.064,UNKNOWN,,13.517762,127,10000000,1000000,100,7.0,6.0,2.0,25,-0.2623067974818838,0.5011518001556396
11030,JG074C,64,FAM,-inf,False,C16,0.0,FAM,JG074C.064,UNKNOWN,,13.142442,126,10000000,1000000,100,7.0,6.0,2.0,26,0.43465002033326106,0.9563916921615601
11031,JG074C,64,HEX,-inf,False,C16,0.0,HEX,JG074C.064,UNKNOWN,,13.517762,127,10000000,1000000,100,7.0,6.0,2.0,26,-0.2680754954098776,0.5116783380508423
11032,JG074C,64,FAM,-inf,False,C16,0.0,FAM,JG074C.064,UNKNOWN,,13.142442,126,10000000,1000000,100,7.0,6.0,2.0,27,0.45136616513419153,0.9924382567405701
11033,JG074C,64,HEX,-inf,False,C16,0.0,HEX,JG074C.064,UNKNOWN,,13.517762,127,10000000,1000000,100,7.0,6.0,2.0,27,-0.2749303867017975,0.5243440270423889
11034,JG074C,64,FAM,-inf,False,C16,0.0,FAM,JG074C.064,UNKNOWN,,13.142442,126,10000000,1000000,100,7.0,6.0,2.0,28,0.46736688582290925,1.0268161296844482
11035,JG074C,64,HEX,-inf,False,C16,0.0,HEX,JG074C.064,UNKNOWN,,13.517762,127,10000000,1000000,100,7.0,6.0,2.0,28,-0.2806395224090494,0.5347532629966736
11036,JG074C,64,FAM,-inf,False,C16,0.0,FAM,JG074C.064,UNKNOWN,,13.142442,126,10000000,1000000,100,7.0,6.0,2.0,29,0.48073903497352843,1.0550634860992432
11037,JG074C,64,HEX,-inf,False,C16,0.0,HEX,JG074C.064,UNKNOWN,,13.517762,127,10000000,1000000,100,7.0,6.0,2.0,29,-0.28489701057785355,0.5423035621643066
11038,JG074C,64,FAM,-inf,False,C16,0.0,FAM,JG074C.064,UNKNOWN,,13.142442,126,10000000,1000000,100,7.0,6.0,2.0,30,0.492990129823,1.0806962251663208
11039,JG074C,64,HEX,-inf,False,C16,0.0,HEX,JG074C.064,UNKNOWN,,13.517762,127,10000000,1000000,100,7.0,6.0,2.0,30,-0.2891105231842908,0.5497673153877258
11040,JG074C,64,FAM,-inf,False,C16,0.0,FAM,JG074C.064,UNKNOWN,,13.142442,126,10000000,1000000,100,7.0,6.0,2.0,31,0.5051884252791791,1.1062058210372925
11041,JG074C,64,HEX,-inf,False,C16,0.0,HEX,JG074C.064,UNKNOWN,,13.517762,127,10000000,1000000,100,7.0,6.0,2.0,31,-0.29461343075529506,0.559770405292511
11042,JG074C,64,FAM,-inf,False,C16,0.0,FAM,JG074C.064,UNKNOWN,,13.142442,126,10000000,1000000,100,7.0,6.0,2.0,32,0.5167761287196051,1.13029146194458
11043,JG074C,64,HEX,-inf,False,C16,0.0,HEX,JG074C.064,UNKNOWN,,13.517762,127,10000000,1000000,100,7.0,6.0,2.0,32,-0.29977155538997213,0.5690944790840149
11044,JG074C,64,FAM,-inf,False,C16,0.0,FAM,JG074C.064,UNKNOWN,,13.142442,126,10000000,1000000,100,7.0,6.0,2.0,33,0.5268519703457037,1.1508508920669556
11045,JG074C,64,HEX,-inf,False,C16,0.0,HEX,JG074C.064,UNKNOWN,,13.517762,127,10000000,1000000,100,7.0,6.0,2.0,33,-0.3032741650477271,0.5751581788063049
11046,JG074C,64,FAM,-inf,False,C16,0.0,FAM,JG074C.064,UNKNOWN,,13.142442,126,10000000,1000000,100,7.0,6.0,2.0,34,0.5368138307065146,1.1711444854736328
11047,JG074C,64,HEX,-inf,False,C16,0.0,HEX,JG074C.064,UNKNOWN,,13.517762,127,10000000,1000000,100,7.0,6.0,2.0,34,-0.3077325546501109,0.583104133605957
11048,JG074C,64,FAM,-inf,False,C16,0.0,FAM,JG074C.064,UNKNOWN,,13.142442,126,10000000,1000000,100,7.0,6.0,2.0,35,0.5438299142680713,1.1845676898956299
11049,JG074C,64,HEX,-inf,False,C16,0.0,HEX,JG074C.064,UNKNOWN,,13.517762,127,10000000,1000000,100,7.0,6.0,2.0,35,-0.31208456152591557,0.5908406376838684
11050,JG074C,64,FAM,-inf,False,C16,0.0,FAM,JG074C.064,UNKNOWN,,13.142442,126,10000000,1000000,100,7.0,6.0,2.0,36,0.5531230163889598,1.2033015489578247
11051,JG074C,64,HEX,-inf,False,C16,0.0,HEX,JG074C.064,UNKNOWN,,13.517762,127,10000000,1000000,100,7.0,6.0,2.0,36,-0.317582687170661,0.600834310054779
11052,JG074C,64,FAM,-inf,False,C16,0.0,FAM,JG074C.064,UNKNOWN,,13.142442,126,10000000,1000000,100,7.0,6.0,2.0,37,0.5656330480500674,1.2295382022857666
11053,JG074C,64,HEX,-inf,False,C16,0.0,HEX,JG074C.064,UNKNOWN,,13.517762,127,10000000,1000000,100,7.0,6.0,2.0,37,-0.3215663343977615,0.6078453660011292
11054,JG074C,64,FAM,-inf,False,C16,0.0,FAM,JG074C.064,UNKNOWN,,13.142442,126,10000000,1000000,100,7.0,6.0,2.0,38,0.5732673905286296,1.24440336227417
11055,JG074C,64,HEX,-inf,False,C16,0.0,HEX,JG074C.064,UNKNOWN,,13.517762,127,10000000,1000000,100,7.0,6.0,2.0,38,-0.3254033762400683,0.6145676374435425
11056,JG074C,64,FAM,-inf,False,C16,0.0,FAM,JG074C.064,UNKNOWN,,13.142442,126,10000000,1000000,100,7.0,6.0,2.0,39,0.5817514812293493,1.261250376701355
11057,JG074C,64,HEX,-inf,False,C16,0.0,HEX,JG074C.064,UNKNOWN,,13.517762,127,10000000,1000000,100,7.0,6.0,2.0,39,-0.32920918423491297,0.6212284564971924
11058,JG074C,64,FAM,-inf,False,C16,0.0,FAM,JG074C.064,UNKNOWN,,13.142442,126,10000000,1000000,100,7.0,6.0,2.0,40,0.5914700963697542,1.28097665309906
11059,JG074C,64,HEX,-inf,False,C16,0.0,HEX,JG074C.064,UNKNOWN,,13.517762,127,10000000,1000000,100,7.0,6.0,2.0,40,-0.3340095118301536,0.6298478841781616
11060,JG074C,64,FAM,-inf,False,C16,0.0,FAM,JG074C.064,UNKNOWN,,13.142442,126,10000000,1000000,100,7.0,6.0,2.0,41,0.599286911098127,1.2962673902511597
11061,JG074C,64,HEX,-inf,False,C16,0.0,HEX,JG074C.064,UNKNOWN,,13.517762,127,10000000,1000000,100,7.0,6.0,2.0,41,-0.3392150320124332,0.6392652988433838
11062,JG074C,64,FAM,-inf,False,C16,0.0,FAM,JG074C.064,UNKNOWN,,13.142442,126,10000000,1000000,100,7.0,6.0,2.0,42,0.6102359616642159,1.3188633918762207
11063,JG074C,64,HEX,-inf,False,C16,0.0,HEX,JG074C.064,UNKNOWN,,13.517762,127,10000000,1000000,100,7.0,6.0,2.0,42,-0.34408908601505556,0.6480299234390259
11064,JG074C,64,FAM,-inf,False,C16,0.0,FAM,JG074C.064,UNKNOWN,,13.142442,126,10000000,1000000,100,7.0,6.0,2.0,43,0.6191798619893883,1.3367828130722046
11065,JG074C,64,HEX,-inf,False,C16,0.0,HEX,JG074C.064,UNKNOWN,,13.517762,127,10000000,1000000,100,7.0,6.0,2.0,43,-0.3493640954548674,0.6575841307640076
11066,JG074C,64,FAM,-inf,False,C16,0.0,FAM,JG074C.064,UNKNOWN,,13.142442,126,10000000,1000000,100,7.0,6.0,2.0,44,0.6260910623418102,1.3499614000320435
11067,JG074C,64,HEX,-inf,False,C16,0.0,HEX,JG074C.064,UNKNOWN,,13.517762,127,10000000,1000000,100,7.0,6.0,2.0,44,-0.3556657663032195,0.6691603064537048
11068,JG074C,64,FAM,-inf,False,C16,0.0,FAM,JG074C.064,UNKNOWN,,13.142442,126,10000000,1000000,100,7.0,6.0,2.0,45,0.633877311690523,1.3651808500289917
11069,JG074C,64,HEX,-inf,False,C16,0.0,HEX,JG074C.064,UNKNOWN,,13.517762,127,10000000,1000000,100,7.0,6.0,2.0,45,-0.3605242033821108,0.6778941750526428
11070,JG074C,64,FAM,-inf,False,C16,0.0,FAM,JG074C.064,UNKNOWN,,13.142442,126,10000000,1000000,100,7.0,6.0,2.0,46,0.6442801210987052,1.3865028619766235
11071,JG074C,64,HEX,-inf,False,C16,0.0,HEX,JG074C.064,UNKNOWN,,13.517762,127,10000000,1000000,100,7.0,6.0,2.0,46,-0.3663882371817189,0.6886084675788879
11072,JG074C,64,FAM,-inf,False,C16,0.0,FAM,JG074C.064,UNKNOWN,,13.142442,126,10000000,1000000,100,7.0,6.0,2.0,47,0.6548292149827862,1.4081660509109497
11073,JG074C,64,HEX,-inf,False,C16,0.0,HEX,JG074C.064,UNKNOWN,,13.517762,127,10000000,1000000,100,7.0,6.0,2.0,47,-0.37336785200599526,0.701519787311554
11074,JG074C,64,FAM,-inf,False,C16,0.0,FAM,JG074C.064,UNKNOWN,,13.142442,126,10000000,1000000,100,7.0,6.0,2.0,48,0.6628396445241235,1.4239083528518677
11075,JG074C,64,HEX,-inf,False,C16,0.0,HEX,JG074C.064,UNKNOWN,,13.517762,127,10000000,1000000,100,7.0,6.0,2.0,48,-0.37960856842722634,0.7129758596420288
11076,JG074C,64,FAM,-inf,False,C16,0.0,FAM,JG074C.064,UNKNOWN,,13.142442,126,10000000,1000000,100,7.0,6.0,2.0,49,0.6722179003615902,1.442840814590454
11077,JG074C,64,HEX,-inf,False,C16,0.0,HEX,JG074C.064,UNKNOWN,,13.517762,127,10000000,1000000,100,7.0,6.0,2.0,49,-0.38551430788749624,0.7237722873687744
11078,JG074C,64,FAM,-inf,False,C16,0.0,FAM,JG074C.064,UNKNOWN,,13.142442,126,10000000,1000000,100,7.0,6.0,2.0,50,0.6836778221144738,1.4666283130645752
11079,JG074C,64,HEX,-inf,False,C16,0.0,HEX,JG074C.064,UNKNOWN,,13.517762,127,10000000,1000000,100,7.0,6.0,2.0,50,-0.3923521597839498,0.7364044189453125
15120,JG074C,88,FAM,-inf,False,D16,0.0,FAM,JG074C.088,UNKNOWN,,13.975197,174,3162277,1000000,100,6.4999999093351235,6.0,2.0,1,-0.00588122883815459,0.0011801550863310695
15121,JG074C,88,HEX,-inf,False,D16,0.0,HEX,JG074C.088,UNKNOWN,,14.715621,175,3162277,1000000,100,6.4999999093351235,6.0,2.0,1,0.001331013612330029,0.0020878775976598263
15122,JG074C,88,FAM,-inf,False,D16,0.0,FAM,JG074C.088,UNKNOWN,,13.975197,174,3162277,1000000,100,6.4999999093351235,6.0,2.0,2,-0.005334578778847914,-0.00033111622906289995
15123,JG074C,88,HEX,-inf,False,D16,0.0,HEX,JG074C.088,UNKNOWN,,14.715621,175,3162277,1000000,100,6.4999999093351235,6.0,2.0,2,0.0012995527746972953,0.001272763591259718
15124,JG074C,88,FAM,-inf,False,D16,0.0,FAM,JG074C.088,UNKNOWN,,13.975197,174,3162277,1000000,100,6.4999999093351235,6.0,2.0,3,-0.003582589617290651,0.0009688059217296541
15125,JG074C,88,HEX,-inf,False,D16,0.0,HEX,JG074C.088,UNKNOWN,,14.715621,175,3162277,1000000,100,6.4999999093351235,6.0,2.0,3,0.0016310946177447035,-0.0002572483499534428
15126,JG074C,88,FAM,-inf,False,D16,0.0,FAM,JG074C.088,UNKNOWN,,13.975197,174,3162277,1000000,100,6.4999999093351235,6.0,2.0,4,-0.0023695197229437453,0.0010118151549249887
15127,JG074C,88,HEX,-inf,False,D16,0.0,HEX,JG074C.088,UNKNOWN,,14.715621,175,3162277,1000000,100,6.4999999093351235,6.0,2.0,4,0.0007083947072981896,0.0006828455370850861
15128,JG074C,88,FAM,-inf,False,D16,0.0,FAM,JG074C.088,UNKNOWN,,13.975197,174,3162277,1000000,100,6.4999999093351235,6.0,2.0,5,-0.0017311224119815776,-0.00028547545662149787
15129,JG074C,88,HEX,-inf,False,D16,0.0,HEX,JG074C.088,UNKNOWN,,14.715621,175,3162277,1000000,100,6.4999999093351235,6.0,2.0,5,0.00040870715151239965,0.00039597784052602947
15130,JG074C,88,FAM,-inf,False,D16,0.0,FAM,JG074C.088,UNKNOWN,,13.975197,174,3162277,1000000,100,6.4999999093351235,6.0,2.0,6,-0.0004317615440372433,-4.1211147618014365e-05
15131,JG074C,88,HEX,-inf,False,D16,0.0,HEX,JG074C.088,UNKNOWN,,14.715621,175,3162277,1000000,100,6.4999999093351235,6.0,2.0,6,0.00040328965277621945,-0.0004704258462879807
15132,JG074C,88,FAM,-inf,False,D16,0.0,FAM,JG074C.088,UNKNOWN,,13.975197,174,3162277,1000000,100,6.4999999093351235,6.0,2.0,7,0.0005349452567277857,-0.0005727906827814877
15133,JG074C,88,HEX,-inf,False,D16,0.0,HEX,JG074C.088,UNKNOWN,,14.715621,175,3162277,1000000,100,6.4999999093351235,6.0,2.0,7,7.681725687020887e-05,-0.0007045434322208166
15134,JG074C,88,FAM,-inf,False,D16,0.0,FAM,JG074C.088,UNKNOWN,,13.975197,174,3162277,1000000,100,6.4999999093351235,6.0,2.0,8,0.0011545714377899645,-0.0019138609059154987
15135,JG074C,88,HEX,-inf,False,D16,0.0,HEX,JG074C.088,UNKNOWN,,14.715621,175,3162277,1000000,100,6.4999999093351235,6.0,2.0,8,-0.0010430160503255217,0.0006237853085622191
15136,JG074C,88,FAM,-inf,False,D16,0.0,FAM,JG074C.088,UNKNOWN,,13.975197,174,3162277,1000000,100,6.4999999093351235,6.0,2.0,9,0.002185526871051346,-0.0022955944295972586
15137,JG074C,88,HEX,-inf,False,D16,0.0,HEX,JG074C.088,UNKNOWN,,14.715621,175,3162277,1000000,100,6.4999999093351235,6.0,2.0,9,-0.0008615449753415187,-0.0006106770597398281
15138,JG074C,88,FAM,-inf,False,D16,0.0,FAM,JG074C.088,UNKNOWN,,13.975197,174,3162277,1000000,100,6.4999999093351235,6.0,2.0,10,0.004239949730684121,-0.00029031088342890143
15139,JG074C,88,HEX,-inf,False,D16,0.0,HEX,JG074C.088,UNKNOWN,,14.715621,175,3162277,1000000,100,6.4999999093351235,6.0,2.0,10,-0.0013237423605346808,-0.0005774976452812552
15140,JG074C,88,FAM,-inf,False,D16,0.0,FAM,JG074C.088,UNKNOWN,,13.975197,174,3162277,1000000,100,6.4999999093351235,6.0,2.0,11,0.0070248366071534105,0.0034186223056167364
15141,JG074C,88,HEX,-inf,False,D16,0.0,HEX,JG074C.088,UNKNOWN,,14.715621,175,3162277,1000000,100,6.4999999093351235,6.0,2.0,11,-0.0025283489300770077,0.0009177837055176497
15142,JG074C,88,FAM,-inf,False,D16,0.0,FAM,JG074C.088,UNKNOWN,,13.975197,174,3162277,1000000,100,6.4999999093351235,6.0,2.0,12,0.01033926357496744,0.008362594060599804
15143,JG074C,88,HEX,-inf,False,D16,0.0,HEX,JG074C.088,UNKNOWN,,14.715621,175,3162277,1000000,100,6.4999999093351235,6.0,2.0,12,-0.005717575958425373,0.006321580149233341
15144,JG074C,88,FAM,-inf,False,D16,0.0,FAM,JG074C.088,UNKNOWN,,13.975197,174,3162277,1000000,100,6.4999999093351235,6.0,2.0,13,0.01621213549075675,0.019273586571216583
15145,JG074C,88,HEX,-inf,False,D16,0.0,HEX,JG074C.088,UNKNOWN,,14.715621,175,3162277,1000000,100,6.4999999093351235,6.0,2.0,13,-0.009144870277604987,0.012194226495921612
15146,JG074C,88,FAM,-inf,False,D16,0.0,FAM,JG074C.088,UNKNOWN,,13.975197,174,3162277,1000000,100,6.4999999093351235,6.0,2.0,14,0.026272004405912586,0.039949845522642136
15147,JG074C,88,HEX,-inf,False,D16,0.0,HEX,JG074C.088,UNKNOWN,,14.715621,175,3162277,1000000,100,6.4999999093351235,6.0,2.0,14,-0.015978923871872046,0.024776151403784752
15148,JG074C,88,FAM,-inf,False,D16,0.0,FAM,JG074C.088,UNKNOWN,,13.975197,174,3162277,1000000,100,6.4999999093351235,6.0,2.0,15,0.044192951626006,0.0789603739976883
15149,JG074C,88,HEX,-inf,False,D16,0.0,HEX,JG074C.088,UNKNOWN,,14.715621,175,3162277,1000000,100,6.4999999093351235,6.0,2.0,15,-0.027835331713494907,0.04724910855293274
15150,JG074C,88,FAM,-inf,False,D16,0.0,FAM,JG074C.088,UNKNOWN,,13.975197,174,3162277,1000000,100,6.4999999093351235,6.0,2.0,16,0.07181217114184757,0.14059002697467804
15151,JG074C,88,HEX,-inf,False,D16,0.0,HEX,JG074C.088,UNKNOWN,,14.715621,175,3162277,1000000,100,6.4999999093351235,6.0,2.0,16,-0.04728941834833769,0.08468494564294815
15152,JG074C,88,FAM,-inf,False,D16,0.0,FAM,JG074C.088,UNKNOWN,,13.975197,174,3162277,1000000,100,6.4999999093351235,6.0,2.0,17,0.11002998716752403,0.2269386351108551
15153,JG074C,88,HEX,-inf,False,D16,0.0,HEX,JG074C.088,UNKNOWN,,14.715621,175,3162277,1000000,100,6.4999999093351235,6.0,2.0,17,-0.07444487288628952,0.13728787004947662
15154,JG074C,88,FAM,-inf,False,D16,0.0,FAM,JG074C.088,UNKNOWN,,13.975197,174,3162277,1000000,100,6.4999999093351235,6.0,2.0,18,0.1560921676534075,0.33158251643180847
15155,JG074C,88,HEX,-inf,False,D16,0.0,HEX,JG074C.088,UNKNOWN,,14.715621,175,3162277,1000000,100,6.4999999093351235,6.0,2.0,18,-0.10596112638598378,0.19847896695137024
15156,JG074C,88,FAM,-inf,False,D16,0.0,FAM,JG074C.088,UNKNOWN,,13.975197,174,3162277,1000000,100,6.4999999093351235,6.0,2.0,19,0.20574095010157048,0.44459137320518494
15157,JG074C,88,HEX,-inf,False,D16,0.0,HEX,JG074C.088,UNKNOWN,,14.715621,175,3162277,1000000,100,6.4999999093351235,6.0,2.0,19,-0.13970478903086192,0.2640567123889923
15158,JG074C,88,FAM,-inf,False,D16,0.0,FAM,JG074C.088,UNKNOWN,,13.975197,174,3162277,1000000,100,6.4999999093351235,6.0,2.0,20,0.25346769151839466,0.5531175136566162
15159,JG074C,88,HEX,-inf,False,D16,0.0,HEX,JG074C.088,UNKNOWN,,14.715621,175,3162277,1000000,100,6.4999999093351235,6.0,2.0,20,-0.16824756209293887,0.3193918466567993
15160,JG074C,88,FAM,-inf,False,D16,0.0,FAM,JG074C.088,UNKNOWN,,13.975197,174,3162277,1000000,100,6.4999999093351235,6.0,2.0,21,0.29703342673109845,0.6519389748573303
15161,JG074C,88,HEX,-inf,False,D16,0.0,HEX,JG074C.088,UNKNOWN,,14.715621,175,3162277,1000000,100,6.4999999093351235,6.0,2.0,21,-0.18992351931280513,0.3612034320831299
15162,JG074C,88,FAM,-inf,False,D16,0.0,FAM,JG074C.088,UNKNOWN,,13.975197,174,3162277,1000000,100,6.4999999093351235,6.0,2.0,22,0.33495013798824985,0.7375853061676025
15163,JG074C,88,HEX,-inf,False,D16,0.0,HEX,JG074C.088,UNKNOWN,,14.715621,175,3162277,1000000,100,6.4999999093351235,6.0,2.0,22,-0.20562533736768765,0.39124953746795654
15164,JG074C,88,FAM,-inf,False,D16,0.0,FAM,JG074C.088,UNKNOWN,,13.975197,174,3162277,1000000,100,6.4999999093351235,6.0,2.0,23,0.36866922080963116,0.8134415745735168
15165,JG074C,88,HEX,-inf,False,D16,0.0,HEX,JG074C.088,UNKNOWN,,14.715621,175,3162277,1000000,100,6.4999999093351235,6.0,2.0,23,-0.21698819291523083,0.4127505123615265
15166,JG074C,88,FAM,-inf,False,D16,0.0,FAM,JG074C.088,UNKNOWN,,13.975197,174,3162277,1000000,100,6.4999999093351235,6.0,2.0,24,0.396684895789242,0.8759958744049072
15167,JG074C,88,HEX,-inf,False,D16,0.0,HEX,JG074C.088,UNKNOWN,,14.715621,175,3162277,1000000,100,6.4999999093351235,6.0,2.0,24,-0.22458546312614386,0.4268355071544647
15168,JG074C,88,FAM,-inf,False,D16,0.0,FAM,JG074C.088,UNKNOWN,,13.975197,174,3162277,1000000,100,6.4999999093351235,6.0,2.0,25,0.42219993425632174,0.9327179789543152
15169,JG074C,88,HEX,-inf,False,D16,0.0,HEX,JG074C.088,UNKNOWN,,14.715621,175,3162277,1000000,100,6.4999999093351235,6.0,2.0,25,-0.23132017068911756,0.4392217695713043
15170,JG074C,88,FAM,-inf,False,D16,0.0,FAM,JG074C.088,UNKNOWN,,13.975197,174,3162277,1000000,100,6.4999999093351235,6.0,2.0,26,0.4447155276153797,0.9824445247650146
15171,JG074C,88,HEX,-inf,False,D16,0.0,HEX,JG074C.088,UNKNOWN,,14.715621,175,3162277,1000000,100,6.4999999093351235,6.0,2.0,26,-0.23801880194765815,0.45153698325157166
15172,JG074C,88,FAM,-inf,False,D16,0.0,FAM,JG074C.088,UNKNOWN,,13.975197,174,3162277,1000000,100,6.4999999093351235,6.0,2.0,27,0.46431463173796833,1.0253690481185913
15173,JG074C,88,HEX,-inf,False,D16,0.0,HEX,JG074C.088,UNKNOWN,,14.715621,175,3162277,1000000,100,6.4999999093351235,6.0,2.0,27,-0.2440791671120797,0.46259522438049316
15174,JG074C,88,FAM,-inf,False,D16,0.0,FAM,JG074C.088,UNKNOWN,,13.975197,174,3162277,1000000,100,6.4999999093351235,6.0,2.0,28,0.4813596866026331,1.0623366832733154
15175,JG074C,88,HEX,-inf,False,D16,0.0,HEX,JG074C.088,UNKNOWN,,14.715621,175,3162277,1000000,100,6.4999999093351235,6.0,2.0,28,-0.24908118304015778,0.47156912088394165
15176,JG074C,88,FAM,-inf,False,D16,0.0,FAM,JG074C.088,UNKNOWN,,13.975197,174,3162277,1000000,100,6.4999999093351235,6.0,2.0,29,0.4980908585300186,1.0985723733901978
15177,JG074C,88,HEX,-inf,False,D16,0.0,HEX,JG074C.088,UNKNOWN,,14.715621,175,3162277,1000000,100,6.4999999093351235,6.0,2.0,29,-0.2537285495258305,0.4798445701599121
15178,JG074C,88,FAM,-inf,False,D16,0.0,FAM,JG074C.088,UNKNOWN,,13.975197,174,3162277,1000000,100,6.4999999093351235,6.0,2.0,30,0.5124422754212883,1.1292576789855957
15179,JG074C,88,HEX,-inf,False,D16,0.0,HEX,JG074C.088,UNKNOWN,,14.715621,175,3162277,1000000,100,6.4999999093351235,6.0,2.0,30,-0.25752509632171827,0.4864444434642792
15180,JG074C,88,FAM,-inf,False,D16,0.0,FAM,JG074C.088,UNKNOWN,,13.975197,174,3162277,1000000,100,6.4999999093351235,6.0,2.0,31,0.5247951356067186,1.155281901359558
15181,JG074C,88,HEX,-inf,False,D16,0.0,HEX,JG074C.088,UNKNOWN,,14.715621,175,3162277,1000000,100,6.4999999093351235,6.0,2.0,31,-0.26200972598781314,0.49439939856529236
15182,JG074C,88,FAM,-inf,False,D16,0.0,FAM,JG074C.088,UNKNOWN,,13.975197,174,3162277,1000000,100,6.4999999093351235,6.0,2.0,32,0.537295251408873,1.1816494464874268
15183,JG074C,88,HEX,-inf,False,D16,0.0,HEX,JG074C.088,UNKNOWN,,14.715621,175,3162277,1000000,100,6.4999999093351235,6.0,2.0,32,-0.2665670530391834,0.5024975538253784
15184,JG074C,88,FAM,-inf,False,D16,0.0,FAM,JG074C.088,UNKNOWN,,13.975197,174,3162277,1000000,100,6.4999999093351235,6.0,2.0,33,0.5482632136647181,1.2044436931610107
15185,JG074C,88,HEX,-inf,False,D16,0.0,HEX,JG074C.088,UNKNOWN,,14.715621,175,3162277,1000000,100,6.4999999093351235,6.0,2.0,33,-0.2706377131649795,0.5096372365951538
15186,JG074C,88,FAM,-inf,False,D16,0.0,FAM,JG074C.088,UNKNOWN,,13.975197,174,3162277,1000000,100,6.4999999093351235,6.0,2.0,34,0.558580409342247,1.2257200479507446
15187,JG074C,88,HEX,-inf,False,D16,0.0,HEX,JG074C.088,UNKNOWN,,14.715621,175,3162277,1000000,100,6.4999999093351235,6.0,2.0,34,-0.2747243836641356,0.5168084502220154
15188,JG074C,88,FAM,-inf,False,D16,0.0,FAM,JG074C.088,UNKNOWN,,13.975197,174,3162277,1000000,100,6.4999999093351235,6.0,2.0,35,0.5681752295837608,1.2453117370605469
15189,JG074C,88,HEX,-inf,False,D16,0.0,HEX,JG074C.088,UNKNOWN,,14.715621,175,3162277,1000000,100,6.4999999093351235,6.0,2.0,35,-0.2794542837758059,0.5252464413642883
15190,JG074C,88,FAM,-inf,False,D16,0.0,FAM,JG074C.088,UNKNOWN,,13.975197,174,3162277,1000000,100,6.4999999093351235,6.0,2.0,36,0.5791519832197088,1.268126368522644
15191,JG074C,88,HEX,-inf,False,D16,0.0,HEX,JG074C.088,UNKNOWN,,14.715621,175,3162277,1000000,100,6.4999999093351235,6.0,2.0,36,-0.2831645137761876,0.5316762924194336
15192,JG074C,88,FAM,-inf,False,D16,0.0,FAM,JG074C.088,UNKNOWN,,13.975197,174,3162277,1000000,100,6.4999999093351235,6.0,2.0,37,0.5897462095958297,1.2900489568710327
15193,JG074C,88,HEX,-inf,False,D16,0.0,HEX,JG074C.088,UNKNOWN,,14.715621,175,3162277,1000000,100,6.4999999093351235,6.0,2.0,37,-0.28724964074218423,0.5388444662094116
15194,JG074C,88,FAM,-inf,False,D16,0.0,FAM,JG074C.088,UNKNOWN,,13.975197,174,3162277,1000000,100,6.4999999093351235,6.0,2.0,38,0.599435997187525,1.3098620176315308
15195,JG074C,88,HEX,-inf,False,D16,0.0,HEX,JG074C.088,UNKNOWN,,14.715621,175,3162277,1000000,100,6.4999999093351235,6.0,2.0,38,-0.2907604825767897,0.5448817014694214
15196,JG074C,88,FAM,-inf,False,D16,0.0,FAM,JG074C.088,UNKNOWN,,13.975197,174,3162277,1000000,100,6.4999999093351235,6.0,2.0,39,0.6083851110055493,1.327947735786438
15197,JG074C,88,HEX,-inf,False,D16,0.0,HEX,JG074C.088,UNKNOWN,,14.715621,175,3162277,1000000,100,6.4999999093351235,6.0,2.0,39,-0.29544713349463875,0.5532345175743103
15198,JG074C,88,FAM,-inf,False,D16,0.0,FAM,JG074C.088,UNKNOWN,,13.975197,174,3162277,1000000,100,6.4999999093351235,6.0,2.0,40,0.6180541979638627,1.3477126359939575
15199,JG074C,88,HEX,-inf,False,D16,0.0,HEX,JG074C.088,UNKNOWN,,14.715621,175,3162277,1000000,100,6.4999999093351235,6.0,2.0,40,-0.2992102068067153,0.5597684383392334
15200,JG074C,88,FAM,-inf,False,D16,0.0,FAM,JG074C.088,UNKNOWN,,13.975197,174,3162277,1000000,100,6.4999999093351235,6.0,2.0,41,0.6249363152041999,1.3609774112701416
15201,JG074C,88,HEX,-inf,False,D16,0.0,HEX,JG074C.088,UNKNOWN,,14.715621,175,3162277,1000000,100,6.4999999093351235,6.0,2.0,41,-0.30202866809055207,0.5644420385360718
15202,JG074C,88,FAM,-inf,False,D16,0.0,FAM,JG074C.088,UNKNOWN,,13.975197,174,3162277,1000000,100,6.4999999093351235,6.0,2.0,42,0.6341934851145515,1.3797816038131714
15203,JG074C,88,HEX,-inf,False,D16,0.0,HEX,JG074C.088,UNKNOWN,,14.715621,175,3162277,1000000,100,6.4999999093351235,6.0,2.0,42,-0.3066713737113903,0.5727083086967468
15204,JG074C,88,FAM,-inf,False,D16,0.0,FAM,JG074C.088,UNKNOWN,,13.975197,174,3162277,1000000,100,6.4999999093351235,6.0,2.0,43,0.6439514570147195,1.3997536897659302
15205,JG074C,88,HEX,-inf,False,D16,0.0,HEX,JG074C.088,UNKNOWN,,14.715621,175,3162277,1000000,100,6.4999999093351235,6.0,2.0,43,-0.3119383930972002,0.5822041034698486
15206,JG074C,88,FAM,-inf,False,D16,0.0,FAM,JG074C.088,UNKNOWN,,13.975197,174,3162277,1000000,100,6.4999999093351235,6.0,2.0,44,0.6499403802591349,1.410935401916504
15207,JG074C,88,HEX,-inf,False,D16,0.0,HEX,JG074C.088,UNKNOWN,,14.715621,175,3162277,1000000,100,6.4999999093351235,6.0,2.0,44,-0.31698214495129606,0.5912602543830872
15208,JG074C,88,FAM,-inf,False,D16,0.0,FAM,JG074C.088,UNKNOWN,,13.975197,174,3162277,1000000,100,6.4999999093351235,6.0,2.0,45,0.6583782139889641,1.4278285503387451
15209,JG074C,88,HEX,-inf,False,D16,0.0,HEX,JG074C.088,UNKNOWN,,14.715621,175,3162277,1000000,100,6.4999999093351235,6.0,2.0,45,-0.3221100647606172,0.6004821062088013
15210,JG074C,88,FAM,-inf,False,D16,0.0,FAM,JG074C.088,UNKNOWN,,13.975197,174,3162277,1000000,100,6.4999999093351235,6.0,2.0,46,0.6698949730364666,1.4519027471542358
15211,JG074C,88,HEX,-inf,False,D16,0.0,HEX,JG074C.088,UNKNOWN,,14.715621,175,3162277,1000000,100,6.4999999093351235,6.0,2.0,46,-0.32712279462474336,0.6094771027565002
15212,JG074C,88,FAM,-inf,False,D16,0.0,FAM,JG074C.088,UNKNOWN,,13.975197,174,3162277,1000000,100,6.4999999093351235,6.0,2.0,47,0.6779551352105954,1.4679150581359863
15213,JG074C,88,HEX,-inf,False,D16,0.0,HEX,JG074C.088,UNKNOWN,,14.715621,175,3162277,1000000,100,6.4999999093351235,6.0,2.0,47,-0.33331508647626557,0.6207951307296753
15214,JG074C,88,FAM,-inf,False,D16,0.0,FAM,JG074C.088,UNKNOWN,,13.975197,174,3162277,1000000,100,6.4999999093351235,6.0,2.0,48,0.6851806274016967,1.481980800628662
15215,JG074C,88,HEX,-inf,False,D16,0.0,HEX,JG074C.088,UNKNOWN,,14.715621,175,3162277,1000000,100,6.4999999093351235,6.0,2.0,48,-0.33808387757048325,0.6293097138404846
15216,JG074C,88,FAM,-inf,False,D16,0.0,FAM,JG074C.088,UNKNOWN,,13.975197,174,3162277,1000000,100,6.4999999093351235,6.0,2.0,49,0.69524021519714,1.50265634059906
15217,JG074C,88,HEX,-inf,False,D16,0.0,HEX,JG074C.088,UNKNOWN,,14.715621,175,3162277,1000000,100,6.4999999093351235,6.0,2.0,49,-0.3446164125549224,0.6412978172302246
15218,JG074C,88,FAM,-inf,False,D16,0.0,FAM,JG074C.088,UNKNOWN,,13.975197,174,3162277,1000000,100,6.4999999093351235,6.0,2.0,50,0.7054613190456369,1.523708701133728
15219,JG074C,88,HEX,-inf,False,D16,0.0,HEX,JG074C.088,UNKNOWN,,14.715621,175,3162277,1000000,100,6.4999999093351235,6.0,2.0,50,-0.35221707248571504,0.6553895473480225
19260,JG074C,112,FAM,-inf,False,E16,0.0,FAM,JG074C.112,UNKNOWN,,15.342792,222,1000000,1000000,100,6.0,6.0,2.0,1,-0.00606924841047567,0.0011091562919318676
19261,JG074C,112,HEX,-inf,False,E16,0.0,HEX,JG074C.112,UNKNOWN,,18.658892,223,1000000,1000000,100,6.0,6.0,2.0,1,0.0008289151383306568,0.0022227258887141943
19262,JG074C,112,FAM,-inf,False,E16,0.0,FAM,JG074C.112,UNKNOWN,,15.342792,222,1000000,1000000,100,6.0,6.0,2.0,2,-0.005701160481340839,-0.0008353412267751992
19263,JG074C,112,HEX,-inf,False,E16,0.0,HEX,JG074C.112,UNKNOWN,,18.658892,223,1000000,1000000,100,6.0,6.0,2.0,2,0.0006623043531760643,0.001794425304979086
19264,JG074C,112,FAM,-inf,False,E16,0.0,FAM,JG074C.112,UNKNOWN,,15.342792,222,1000000,1000000,100,6.0,6.0,2.0,3,-0.004409210951273968,-0.0006251307786442339
19265,JG074C,112,HEX,-inf,False,E16,0.0,HEX,JG074C.112,UNKNOWN,,18.658892,223,1000000,1000000,100,6.0,6.0,2.0,3,0.0005044099905690692,0.001348958583548665
19266,JG074C,112,FAM,-inf,False,E16,0.0,FAM,JG074C.112,UNKNOWN,,15.342792,222,1000000,1000000,100,6.0,6.0,2.0,4,-0.0022484481712683516,0.00161139911506325
19267,JG074C,112,HEX,-inf,False,E16,0.0,HEX,JG074C.112,UNKNOWN,,18.658892,223,1000000,1000000,100,6.0,6.0,2.0,4,0.00032097166744064325,0.0009537981241010129
19268,JG074C,112,FAM,-inf,False,E16,0.0,FAM,JG074C.112,UNKNOWN,,15.342792,222,1000000,1000000,100,6.0,6.0,2.0,5,-0.0010426873894488744,0.0016205928986892104
19269,JG074C,112,HEX,-inf,False,E16,0.0,HEX,JG074C.112,UNKNOWN,,18.658892,223,1000000,1000000,100,6.0,6.0,2.0,5,-0.0004089984555645546,0.0016349783400073647
19270,JG074C,112,FAM,-inf,False,E16,0.0,FAM,JG074C.112,UNKNOWN,,15.342792,222,1000000,1000000,100,6.0,6.0,2.0,6,-0.0007430776666680509,-0.000483615294797346
19271,JG074C,112,HEX,-inf,False,E16,0.0,HEX,JG074C.112,UNKNOWN,,18.658892,223,1000000,1000000,100,6.0,6.0,2.0,6,-0.00010800948946783863,0.0002857859362848103
19272,JG074C,112,FAM,-inf,False,E16,0.0,FAM,JG074C.112,UNKNOWN,,15.342792,222,1000000,1000000,100,6.0,6.0,2.0,7,-0.00015916646727399172,-0.0019247515592724085
19273,JG074C,112,HEX,-inf,False,E16,0.0,HEX,JG074C.112,UNKNOWN,,18.658892,223,1000000,1000000,100,6.0,6.0,2.0,7,-4.013942848524581e-05,-0.0006043016910552979
19274,JG074C,112,FAM,-inf,False,E16,0.0,FAM,JG074C.112,UNKNOWN,,15.342792,222,1000000,1000000,100,6.0,6.0,2.0,8,0.0013325697312655275,-0.001248581800609827
19275,JG074C,112,HEX,-inf,False,E16,0.0,HEX,JG074C.112,UNKNOWN,,18.658892,223,1000000,1000000,100,6.0,6.0,2.0,8,-5.142840629862691e-05,-0.001338493311777711
19276,JG074C,112,FAM,-inf,False,E16,0.0,FAM,JG074C.112,UNKNOWN,,15.342792,222,1000000,1000000,100,6.0,6.0,2.0,9,0.0030224442145083967,-0.00011029731103917584
19277,JG074C,112,HEX,-inf,False,E16,0.0,HEX,JG074C.112,UNKNOWN,,18.658892,223,1000000,1000000,100,6.0,6.0,2.0,9,-5.563529079208528e-05,-0.0020866324193775654
19278,JG074C,112,FAM,-inf,False,E16,0.0,FAM,JG074C.112,UNKNOWN,,15.342792,222,1000000,1000000,100,6.0,6.0,2.0,10,0.004247576700159312,-5.592324669123627e-05
19279,JG074C,112,HEX,-inf,False,E16,0.0,HEX,JG074C.112,UNKNOWN,,18.658892,223,1000000,1000000,100,6.0,6.0,2.0,10,-0.00016117058740136117,-0.0026352154091000557
19280,JG074C,112,FAM,-inf,False,E16,0.0,FAM,JG074C.112,UNKNOWN,,15.342792,222,1000000,1000000,100,6.0,6.0,2.0,11,0.005196112944955802,-0.0006466502672992647
19281,JG074C,112,HEX,-inf,False,E16,0.0,HEX,JG074C.112,UNKNOWN,,18.658892,223,1000000,1000000,100,6.0,6.0,2.0,11,-0.0009040488847695806,-0.0019286137539893389
19282,JG074C,112,FAM,-inf,False,E16,0.0,FAM,JG074C.112,UNKNOWN,,15.342792,222,1000000,1000000,100,6.0,6.0,2.0,12,0.007473962085256581,0.0018629583064466715
19283,JG074C,112,HEX,-inf,False,E16,0.0,HEX,JG074C.112,UNKNOWN,,18.658892,223,1000000,1000000,100,6.0,6.0,2.0,12,-0.002397508012625337,0.000256183062447235
19284,JG074C,112,FAM,-inf,False,E16,0.0,FAM,JG074C.112,UNKNOWN,,15.342792,222,1000000,1000000,100,6.0,6.0,2.0,13,0.01070085859710402,0.006586015224456787
19285,JG074C,112,HEX,-inf,False,E16,0.0,HEX,JG074C.112,UNKNOWN,,18.658892,223,1000000,1000000,100,6.0,6.0,2.0,13,-0.002812627636454654,0.0003172961587551981
19286,JG074C,112,FAM,-inf,False,E16,0.0,FAM,JG074C.112,UNKNOWN,,15.342792,222,1000000,1000000,100,6.0,6.0,2.0,14,0.01622005635811329,0.016655370593070984
19287,JG074C,112,HEX,-inf,False,E16,0.0,HEX,JG074C.112,UNKNOWN,,18.658892,223,1000000,1000000,100,6.0,6.0,2.0,14,-0.003345297903252261,0.0006099137244746089
19288,JG074C,112,FAM,-inf,False,E16,0.0,FAM,JG074C.112,UNKNOWN,,15.342792,222,1000000,1000000,100,6.0,6.0,2.0,15,0.024073365536448288,0.03216853737831116
19289,JG074C,112,HEX,-inf,False,E16,0.0,HEX,JG074C.112,UNKNOWN,,18.658892,223,1000000,1000000,100,6.0,6.0,2.0,15,-0.005037615553153112,0.0031863427720963955
19290,JG074C,112,FAM,-inf,False,E16,0.0,FAM,JG074C.112,UNKNOWN,,15.342792,222,1000000,1000000,100,6.0,6.0,2.0,16,0.03716600502373705,0.05990131199359894
19291,JG074C,112,HEX,-inf,False,E16,0.0,HEX,JG074C.112,UNKNOWN,,18.658892,223,1000000,1000000,100,6.0,6.0,2.0,16,-0.007388477085738574,0.007059709168970585
19292,JG074C,112,FAM,-inf,False,E16,0.0,FAM,JG074C.112,UNKNOWN,,15.342792,222,1000000,1000000,100,6.0,6.0,2.0,17,0.056399193505879075,0.1019555926322937
19293,JG074C,112,HEX,-inf,False,E16,0.0,HEX,JG074C.112,UNKNOWN,,18.658892,223,1000000,1000000,100,6.0,6.0,2.0,17,-0.011670994704010994,0.014737282879650593
19294,JG074C,112,FAM,-inf,False,E16,0.0,FAM,JG074C.112,UNKNOWN,,15.342792,222,1000000,1000000,100,6.0,6.0,2.0,18,0.08509167697172734,0.16607163846492767
19295,JG074C,112,HEX,-inf,False,E16,0.0,HEX,JG074C.112,UNKNOWN,,18.658892,223,1000000,1000000,100,6.0,6.0,2.0,18,-0.017888588393206062,0.026225797832012177
19296,JG074C,112,FAM,-inf,False,E16,0.0,FAM,JG074C.112,UNKNOWN,,15.342792,222,1000000,1000000,100,6.0,6.0,2.0,19,0.12259207549086537,0.2507302463054657
19297,JG074C,112,HEX,-inf,False,E16,0.0,HEX,JG074C.112,UNKNOWN,,18.658892,223,1000000,1000000,100,6.0,6.0,2.0,19,-0.02884370906380055,0.047044407576322556
19298,JG074C,112,FAM,-inf,False,E16,0.0,FAM,JG074C.112,UNKNOWN,,15.342792,222,1000000,1000000,100,6.0,6.0,2.0,20,0.16666395396792488,0.35071539878845215
19299,JG074C,112,HEX,-inf,False,E16,0.0,HEX,JG074C.112,UNKNOWN,,18.658892,223,1000000,1000000,100,6.0,6.0,2.0,20,-0.04508028569504938,0.07826432585716248
19300,JG074C,112,FAM,-inf,False,E16,0.0,FAM,JG074C.112,UNKNOWN,,15.342792,222,1000000,1000000,100,6.0,6.0,2.0,21,0.2164916563349848,0.46412479877471924
19301,JG074C,112,HEX,-inf,False,E16,0.0,HEX,JG074C.112,UNKNOWN,,18.658892,223,1000000,1000000,100,6.0,6.0,2.0,21,-0.06364163512195302,0.11406265199184418
19302,JG074C,112,FAM,-inf,False,E16,0.0,FAM,JG074C.112,UNKNOWN,,15.342792,222,1000000,1000000,100,6.0,6.0,2.0,22,0.2668442858744692,0.5787584781646729
19303,JG074C,112,HEX,-inf,False,E16,0.0,HEX,JG074C.112,UNKNOWN,,18.658892,223,1000000,1000000,100,6.0,6.0,2.0,22,-0.08467235008312654,0.1547241508960724
19304,JG074C,112,FAM,-inf,False,E16,0.0,FAM,JG074C.112,UNKNOWN,,15.342792,222,1000000,1000000,100,6.0,6.0,2.0,23,0.3155986731788474,0.6896645426750183
19305,JG074C,112,HEX,-inf,False,E16,0.0,HEX,JG074C.112,UNKNOWN,,18.658892,223,1000000,1000000,100,6.0,6.0,2.0,23,-0.10328972068411213,0.19063282012939453
19306,JG074C,112,FAM,-inf,False,E16,0.0,FAM,JG074C.112,UNKNOWN,,15.342792,222,1000000,1000000,100,6.0,6.0,2.0,24,0.3603918281694091,0.791331946849823
19307,JG074C,112,HEX,-inf,False,E16,0.0,HEX,JG074C.112,UNKNOWN,,18.658892,223,1000000,1000000,100,6.0,6.0,2.0,24,-0.11654040808175577,0.21597231924533844
19308,JG074C,112,FAM,-inf,False,E16,0.0,FAM,JG074C.112,UNKNOWN,,15.342792,222,1000000,1000000,100,6.0,6.0,2.0,25,0.40197183595770297,0.8855053782463074
19309,JG074C,112,HEX,-inf,False,E16,0.0,HEX,JG074C.112,UNKNOWN,,18.658892,223,1000000,1000000,100,6.0,6.0,2.0,25,-0.1272934469698839,0.23639294505119324
19310,JG074C,112,FAM,-inf,False,E16,0.0,FAM,JG074C.112,UNKNOWN,,15.342792,222,1000000,1000000,100,6.0,6.0,2.0,26,0.4394680432374896,0.9701542258262634
19311,JG074C,112,HEX,-inf,False,E16,0.0,HEX,JG074C.112,UNKNOWN,,18.658892,223,1000000,1000000,100,6.0,6.0,2.0,26,-0.13566202978019107,0.2521176338195801
19312,JG074C,112,FAM,-inf,False,E16,0.0,FAM,JG074C.112,UNKNOWN,,15.342792,222,1000000,1000000,100,6.0,6.0,2.0,27,0.4731852860025703,1.0459893941879272
19313,JG074C,112,HEX,-inf,False,E16,0.0,HEX,JG074C.112,UNKNOWN,,18.658892,223,1000000,1000000,100,6.0,6.0,2.0,27,-0.14115156006381321,0.26217228174209595
19314,JG074C,112,FAM,-inf,False,E16,0.0,FAM,JG074C.112,UNKNOWN,,15.342792,222,1000000,1000000,100,6.0,6.0,2.0,28,0.5036236506653113,1.1141773462295532
19315,JG074C,112,HEX,-inf,False,E16,0.0,HEX,JG074C.112,UNKNOWN,,18.658892,223,1000000,1000000,100,6.0,6.0,2.0,28,-0.14662828810181858,0.2722017467021942
19316,JG074C,112,FAM,-inf,False,E16,0.0,FAM,JG074C.112,UNKNOWN,,15.342792,222,1000000,1000000,100,6.0,6.0,2.0,29,0.5296394400095326,1.1720505952835083
19317,JG074C,112,HEX,-inf,False,E16,0.0,HEX,JG074C.112,UNKNOWN,,18.658892,223,1000000,1000000,100,6.0,6.0,2.0,29,-0.15229123887571064,0.28259795904159546
19318,JG074C,112,FAM,-inf,False,E16,0.0,FAM,JG074C.112,UNKNOWN,,15.342792,222,1000000,1000000,100,6.0,6.0,2.0,30,0.5519849814988089,1.2213637828826904
19319,JG074C,112,HEX,-inf,False,E16,0.0,HEX,JG074C.112,UNKNOWN,,18.658892,223,1000000,1000000,100,6.0,6.0,2.0,30,-0.15710152377309766,0.29131489992141724
19320,JG074C,112,FAM,-inf,False,E16,0.0,FAM,JG074C.112,UNKNOWN,,15.342792,222,1000000,1000000,100,6.0,6.0,2.0,31,0.5710905416314336,1.263120412826538
19321,JG074C,112,HEX,-inf,False,E16,0.0,HEX,JG074C.112,UNKNOWN,,18.658892,223,1000000,1000000,100,6.0,6.0,2.0,31,-0.1618460420517488,0.2999023497104645
19322,JG074C,112,FAM,-inf,False,E16,0.0,FAM,JG074C.112,UNKNOWN,,15.342792,222,1000000,1000000,100,6.0,6.0,2.0,32,0.5884702822921096,1.3008519411087036
19323,JG074C,112,HEX,-inf,False,E16,0.0,HEX,JG074C.112,UNKNOWN,,18.658892,223,1000000,1000000,100,6.0,6.0,2.0,32,-0.16552640014569137,0.3063940107822418
19324,JG074C,112,FAM,-inf,False,E16,0.0,FAM,JG074C.112,UNKNOWN,,15.342792,222,1000000,1000000,100,6.0,6.0,2.0,33,0.6061171889050995,1.3392064571380615
19325,JG074C,112,HEX,-inf,False,E16,0.0,HEX,JG074C.112,UNKNOWN,,18.658892,223,1000000,1000000,100,6.0,6.0,2.0,33,-0.16958867676785663,0.3136378526687622
19326,JG074C,112,FAM,-inf,False,E16,0.0,FAM,JG074C.112,UNKNOWN,,15.342792,222,1000000,1000000,100,6.0,6.0,2.0,34,0.6220804951157047,1.3736344575881958
19327,JG074C,112,HEX,-inf,False,E16,0.0,HEX,JG074C.112,UNKNOWN,,18.658892,223,1000000,1000000,100,6.0,6.0,2.0,34,-0.17465261561444992,0.3228543698787689
19328,JG074C,112,FAM,-inf,False,E16,0.0,FAM,JG074C.112,UNKNOWN,,15.342792,222,1000000,1000000,100,6.0,6.0,2.0,35,0.6345358362145441,1.3998808860778809
19329,JG074C,112,HEX,-inf,False,E16,0.0,HEX,JG074C.112,UNKNOWN,,18.658892,223,1000000,1000000,100,6.0,6.0,2.0,35,-0.17766271713290954,0.32802602648735046
19330,JG074C,112,FAM,-inf,False,E16,0.0,FAM,JG074C.112,UNKNOWN,,15.342792,222,1000000,1000000,100,6.0,6.0,2.0,36,0.6467658215292338,1.4256017208099365
19331,JG074C,112,HEX,-inf,False,E16,0.0,HEX,JG074C.112,UNKNOWN,,18.658892,223,1000000,1000000,100,6.0,6.0,2.0,36,-0.1801031035887443,0.33207571506500244
19332,JG074C,112,FAM,-inf,False,E16,0.0,FAM,JG074C.112,UNKNOWN,,15.342792,222,1000000,1000000,100,6.0,6.0,2.0,37,0.6588768676491588,1.4510451555252075
19333,JG074C,112,HEX,-inf,False,E16,0.0,HEX,JG074C.112,UNKNOWN,,18.658892,223,1000000,1000000,100,6.0,6.0,2.0,37,-0.18333547388216767,0.33768510818481445
19334,JG074C,112,FAM,-inf,False,E16,0.0,FAM,JG074C.112,UNKNOWN,,15.342792,222,1000000,1000000,100,6.0,6.0,2.0,38,0.670404667034465,1.4751282930374146
19335,JG074C,112,HEX,-inf,False,E16,0.0,HEX,JG074C.112,UNKNOWN,,18.658892,223,1000000,1000000,100,6.0,6.0,2.0,38,-0.1859974935404887,0.3421712815761566
19336,JG074C,112,FAM,-inf,False,E16,0.0,FAM,JG074C.112,UNKNOWN,,15.342792,222,1000000,1000000,100,6.0,6.0,2.0,39,0.6801348847520987,1.4950189590454102
19337,JG074C,112,HEX,-inf,False,E16,0.0,HEX,JG074C.112,UNKNOWN,,18.658892,223,1000000,1000000,100,6.0,6.0,2.0,39,-0.19037679976746674,0.3500394821166992
19338,JG074C,112,FAM,-inf,False,E16,0.0,FAM,JG074C.112,UNKNOWN,,15.342792,222,1000000,1000000,100,6.0,6.0,2.0,40,0.690498388513193,1.51638662815094
19339,JG074C,112,HEX,-inf,False,E16,0.0,HEX,JG074C.112,UNKNOWN,,18.658892,223,1000000,1000000,100,6.0,6.0,2.0,40,-0.19246072085953203,0.35338711738586426
19340,JG074C,112,FAM,-inf,False,E16,0.0,FAM,JG074C.112,UNKNOWN,,15.342792,222,1000000,1000000,100,6.0,6.0,2.0,41,0.7009299743574099,1.5379129648208618
19341,JG074C,112,HEX,-inf,False,E16,0.0,HEX,JG074C.112,UNKNOWN,,18.658892,223,1000000,1000000,100,6.0,6.0,2.0,41,-0.19533002794156312,0.35828152298927307
19342,JG074C,112,FAM,-inf,False,E16,0.0,FAM,JG074C.112,UNKNOWN,,15.342792,222,1000000,1000000,100,6.0,6.0,2.0,42,0.712415299109777,1.5618970394134521
19343,JG074C,112,HEX,-inf,False,E16,0.0,HEX,JG074C.112,UNKNOWN,,18.658892,223,1000000,1000000,100,6.0,6.0,2.0,42,-0.19861354668674147,0.3639916777610779
19344,JG074C,112,FAM,-inf,False,E16,0.0,FAM,JG074C.112,UNKNOWN,,15.342792,222,1000000,1000000,100,6.0,6.0,2.0,43,0.7205491657612801,1.5780645608901978
19345,JG074C,112,HEX,-inf,False,E16,0.0,HEX,JG074C.112,UNKNOWN,,18.658892,223,1000000,1000000,100,6.0,6.0,2.0,43,-0.20290123968090154,0.371679425239563
19346,JG074C,112,FAM,-inf,False,E16,0.0,FAM,JG074C.112,UNKNOWN,,15.342792,222,1000000,1000000,100,6.0,6.0,2.0,44,0.7314883004684157,1.6007747650146484
19347,JG074C,112,HEX,-inf,False,E16,0.0,HEX,JG074C.112,UNKNOWN,,18.658892,223,1000000,1000000,100,6.0,6.0,2.0,44,-0.2059282595334032,0.37688443064689636
19348,JG074C,112,FAM,-inf,False,E16,0.0,FAM,JG074C.112,UNKNOWN,,15.342792,222,1000000,1000000,100,6.0,6.0,2.0,45,0.7394991900238281,1.6166554689407349
19349,JG074C,112,HEX,-inf,False,E16,0.0,HEX,JG074C.112,UNKNOWN,,18.658892,223,1000000,1000000,100,6.0,6.0,2.0,45,-0.2081430782904628,0.38048985600471497
19350,JG074C,112,FAM,-inf,False,E16,0.0,FAM,JG074C.112,UNKNOWN,,15.342792,222,1000000,1000000,100,6.0,6.0,2.0,46,0.7478926068390676,1.6334283351898193
19351,JG074C,112,HEX,-inf,False,E16,0.0,HEX,JG074C.112,UNKNOWN,,18.658892,223,1000000,1000000,100,6.0,6.0,2.0,46,-0.21008965519669132,0.38356703519821167
19352,JG074C,112,FAM,-inf,False,E16,0.0,FAM,JG074C.112,UNKNOWN,,15.342792,222,1000000,1000000,100,6.0,6.0,2.0,47,0.7552489474782125,1.6477824449539185
19353,JG074C,112,HEX,-inf,False,E16,0.0,HEX,JG074C.112,UNKNOWN,,18.658892,223,1000000,1000000,100,6.0,6.0,2.0,47,-0.21293438680959514,0.38841304183006287
19354,JG074C,112,FAM,-inf,False,E16,0.0,FAM,JG074C.112,UNKNOWN,,15.342792,222,1000000,1000000,100,6.0,6.0,2.0,48,0.7643059090405224,1.6661028861999512
19355,JG074C,112,HEX,-inf,False,E16,0.0,HEX,JG074C.112,UNKNOWN,,18.658892,223,1000000,1000000,100,6.0,6.0,2.0,48,-0.21514757123742706,0.3920152485370636
19356,JG074C,112,FAM,-inf,False,E16,0.0,FAM,JG074C.112,UNKNOWN,,15.342792,222,1000000,1000000,100,6.0,6.0,2.0,49,0.7730358517080738,1.6836605072021484
19357,JG074C,112,HEX,-inf,False,E16,0.0,HEX,JG074C.112,UNKNOWN,,18.658892,223,1000000,1000000,100,6.0,6.0,2.0,49,-0.2186914023101467,0.39823806285858154
19358,JG074C,112,FAM,-inf,False,E16,0.0,FAM,JG074C.112,UNKNOWN,,15.342792,222,1000000,1000000,100,6.0,6.0,2.0,50,0.7818749710494615,1.7014728784561157
19359,JG074C,112,HEX,-inf,False,E16,0.0,HEX,JG074C.112,UNKNOWN,,18.658892,223,1000000,1000000,100,6.0,6.0,2.0,50,-0.2214951243655783,0.4030032753944397
23400,JG074C,136,FAM,-inf,False,F16,0.0,FAM,JG074C.136,UNKNOWN,,15.440546,270,316227,1000000,100,5.499998947982042,6.0,2.0,1,-0.005678779518767775,-0.0001705892209429294
23401,JG074C,136,HEX,-inf,False,F16,0.0,HEX,JG074C.136,UNKNOWN,,20.457607,271,316227,1000000,100,5.499998947982042,6.0,2.0,1,0.002416166604641287,0.0006716477801091969
23402,JG074C,136,FAM,-inf,False,F16,0.0,FAM,JG074C.136,UNKNOWN,,15.440546,270,316227,1000000,100,5.499998947982042,6.0,2.0,2,-0.005494799445044131,-0.0021481772419065237
23403,JG074C,136,HEX,-inf,False,F16,0.0,HEX,JG074C.136,UNKNOWN,,20.457607,271,316227,1000000,100,5.499998947982042,6.0,2.0,2,0.002357724202073891,-0.00017459278751630336
23404,JG074C,136,FAM,-inf,False,F16,0.0,FAM,JG074C.136,UNKNOWN,,15.440546,270,316227,1000000,100,5.499998947982042,6.0,2.0,3,-0.004177766369712673,-0.0014831635635346174
23405,JG074C,136,HEX,-inf,False,F16,0.0,HEX,JG074C.136,UNKNOWN,,20.457607,271,316227,1000000,100,5.499998947982042,6.0,2.0,3,0.0013568337442255805,0.0008352255099453032
23406,JG074C,136,FAM,-inf,False,F16,0.0,FAM,JG074C.136,UNKNOWN,,15.440546,270,316227,1000000,100,5.499998947982042,6.0,2.0,4,-0.0021297070381195134,0.0008868112927302718
23407,JG074C,136,HEX,-inf,False,F16,0.0,HEX,JG074C.136,UNKNOWN,,20.457607,271,316227,1000000,100,5.499998947982042,6.0,2.0,4,0.00039046092497287653,0.0017770646372810006
23408,JG074C,136,FAM,-inf,False,F16,0.0,FAM,JG074C.136,UNKNOWN,,15.440546,270,316227,1000000,100,5.499998947982042,6.0,2.0,5,-0.0009598656886682241,0.0012085320195183158
23409,JG074C,136,HEX,-inf,False,F16,0.0,HEX,JG074C.136,UNKNOWN,,20.457607,271,316227,1000000,100,5.499998947982042,6.0,2.0,5,-0.0002154515035094014,0.0020090125035494566
23410,JG074C,136,FAM,-inf,False,F16,0.0,FAM,JG074C.136,UNKNOWN,,15.440546,270,316227,1000000,100,5.499998947982042,6.0,2.0,6,5.0798012611413653e-05,0.0011590052163228393
23411,JG074C,136,HEX,-inf,False,F16,0.0,HEX,JG074C.136,UNKNOWN,,20.457607,271,316227,1000000,100,5.499998947982042,6.0,2.0,6,-0.0008249352440077087,0.0022479938343167305
23412,JG074C,136,FAM,-inf,False,F16,0.0,FAM,JG074C.136,UNKNOWN,,15.440546,270,316227,1000000,100,5.499998947982042,6.0,2.0,7,0.0005944196459233329,2.0203626263537444e-05
23413,JG074C,136,HEX,-inf,False,F16,0.0,HEX,JG074C.136,UNKNOWN,,20.457607,271,316227,1000000,100,5.499998947982042,6.0,2.0,7,4.7176123771066465e-05,-0.0004308810457587242
23414,JG074C,136,FAM,-inf,False,F16,0.0,FAM,JG074C.136,UNKNOWN,,15.440546,270,316227,1000000,100,5.499998947982042,6.0,2.0,8,0.0012898075895294407,-0.0007646358571946621
23415,JG074C,136,HEX,-inf,False,F16,0.0,HEX,JG074C.136,UNKNOWN,,20.457607,271,316227,1000000,100,5.499998947982042,6.0,2.0,8,0.00037124242386966743,-0.0020304350182414055
23416,JG074C,136,FAM,-inf,False,F16,0.0,FAM,JG074C.136,UNKNOWN,,15.440546,270,316227,1000000,100,5.499998947982042,6.0,2.0,9,0.0021040452807187977,-0.0012722838437184691
23417,JG074C,136,HEX,-inf,False,F16,0.0,HEX,JG074C.136,UNKNOWN,,20.457607,271,316227,1000000,100,5.499998947982042,6.0,2.0,9,-0.0003708338415627488,-0.0015303257387131453
23418,JG074C,136,FAM,-inf,False,F16,0.0,FAM,JG074C.136,UNKNOWN,,15.440546,270,316227,1000000,100,5.499998947982042,6.0,2.0,10,0.0032282685677174263,-0.0010569574078544974
23419,JG074C,136,HEX,-inf,False,F16,0.0,HEX,JG074C.136,UNKNOWN,,20.457607,271,316227,1000000,100,5.499998947982042,6.0,2.0,10,-0.000754492627759332,-0.0017360845813527703
23420,JG074C,136,FAM,-inf,False,F16,0.0,FAM,JG074C.136,UNKNOWN,,15.440546,270,316227,1000000,100,5.499998947982042,6.0,2.0,11,0.004596951001153549,-0.00027148271328769624
23421,JG074C,136,HEX,-inf,False,F16,0.0,HEX,JG074C.136,UNKNOWN,,20.457607,271,316227,1000000,100,5.499998947982042,6.0,2.0,11,-0.0007358643010994498,-0.0027341083623468876
23422,JG074C,136,FAM,-inf,False,F16,0.0,FAM,JG074C.136,UNKNOWN,,15.440546,270,316227,1000000,100,5.499998947982042,6.0,2.0,12,0.0064201145626719665,0.001573971239849925
23423,JG074C,136,HEX,-inf,False,F16,0.0,HEX,JG074C.136,UNKNOWN,,20.457607,271,316227,1000000,100,5.499998947982042,6.0,2.0,12,-0.0013265381228014666,-0.0025321715511381626
23424,JG074C,136,FAM,-inf,False,F16,0.0,FAM,JG074C.136,UNKNOWN,,15.440546,270,316227,1000000,100,5.499998947982042,6.0,2.0,13,0.009684106098412984,0.006779845338314772
23425,JG074C,136,HEX,-inf,False,F16,0.0,HEX,JG074C.136,UNKNOWN,,20.457607,271,316227,1000000,100,5.499998947982042,6.0,2.0,13,-0.0017865412696796955,-0.002587577560916543
23426,JG074C,136,FAM,-inf,False,F16,0.0,FAM,JG074C.136,UNKNOWN,,15.440546,270,316227,1000000,100,5.499998947982042,6.0,2.0,14,0.014118846233586842,0.014716238714754581
23427,JG074C,136,HEX,-inf,False,F16,0.0,HEX,JG074C.136,UNKNOWN,,20.457607,271,316227,1000000,100,5.499998947982042,6.0,2.0,14,-0.0033346293652382745,-0.0005001073586754501
23428,JG074C,136,FAM,-inf,False,F16,0.0,FAM,JG074C.136,UNKNOWN,,15.440546,270,316227,1000000,100,5.499998947982042,6.0,2.0,15,0.02169789757594944,0.029986059293150902
23429,JG074C,136,HEX,-inf,False,F16,0.0,HEX,JG074C.136,UNKNOWN,,20.457607,271,316227,1000000,100,5.499998947982042,6.0,2.0,15,-0.004339711574902009,0.0005179661093279719
23430,JG074C,136,FAM,-inf,False,F16,0.0,FAM,JG074C.136,UNKNOWN,,15.440546,270,316227,1000000,100,5.499998947982042,6.0,2.0,16,0.03377725383736394,0.055751871317625046
23431,JG074C,136,HEX,-inf,False,F16,0.0,HEX,JG074C.136,UNKNOWN,,20.457607,271,316227,1000000,100,5.499998947982042,6.0,2.0,16,-0.006203437068894238,0.0032270532101392746
23432,JG074C,136,FAM,-inf,False,F16,0.0,FAM,JG074C.136,UNKNOWN,,15.440546,270,316227,1000000,100,5.499998947982042,6.0,2.0,17,0.05268048444593381,0.09743289649486542
23433,JG074C,136,HEX,-inf,False,F16,0.0,HEX,JG074C.136,UNKNOWN,,20.457607,271,316227,1000000,100,5.499998947982042,6.0,2.0,17,-0.006813601779904077,0.003467375645413995
23434,JG074C,136,FAM,-inf,False,F16,0.0,FAM,JG074C.136,UNKNOWN,,15.440546,270,316227,1000000,100,5.499998947982042,6.0,2.0,18,0.078673707544135,0.155649796128273
23435,JG074C,136,HEX,-inf,False,F16,0.0,HEX,JG074C.136,UNKNOWN,,20.457607,271,316227,1000000,100,5.499998947982042,6.0,2.0,18,-0.009986546046687833,0.00875484012067318
23436,JG074C,136,FAM,-inf,False,F16,0.0,FAM,JG074C.136,UNKNOWN,,15.440546,270,316227,1000000,100,5.499998947982042,6.0,2.0,19,0.11162510354309868,0.23009514808654785
23437,JG074C,136,HEX,-inf,False,F16,0.0,HEX,JG074C.136,UNKNOWN,,20.457607,271,316227,1000000,100,5.499998947982042,6.0,2.0,19,-0.015859356799555722,0.019359426572918892
23438,JG074C,136,FAM,-inf,False,F16,0.0,FAM,JG074C.136,UNKNOWN,,15.440546,270,316227,1000000,100,5.499998947982042,6.0,2.0,20,0.14968229798753427,0.3164486587047577
23439,JG074C,136,HEX,-inf,False,F16,0.0,HEX,JG074C.136,UNKNOWN,,20.457607,271,316227,1000000,100,5.499998947982042,6.0,2.0,20,-0.022461698827765823,0.03140075504779816
23440,JG074C,136,FAM,-inf,False,F16,0.0,FAM,JG074C.136,UNKNOWN,,15.440546,270,316227,1000000,100,5.499998947982042,6.0,2.0,21,0.19200198285233644,0.4127435088157654
23441,JG074C,136,HEX,-inf,False,F16,0.0,HEX,JG074C.136,UNKNOWN,,20.457607,271,316227,1000000,100,5.499998947982042,6.0,2.0,21,-0.03239100551978996,0.04999421164393425
23442,JG074C,136,FAM,-inf,False,F16,0.0,FAM,JG074C.136,UNKNOWN,,15.440546,270,316227,1000000,100,5.499998947982042,6.0,2.0,22,0.23689501200988136,0.5150401592254639
23443,JG074C,136,HEX,-inf,False,F16,0.0,HEX,JG074C.136,UNKNOWN,,20.457607,271,316227,1000000,100,5.499998947982042,6.0,2.0,22,-0.04555191073865774,0.07495198398828506
23444,JG074C,136,FAM,-inf,False,F16,0.0,FAM,JG074C.136,UNKNOWN,,15.440546,270,316227,1000000,100,5.499998947982042,6.0,2.0,23,0.2841497789855987,0.6228449940681458
23445,JG074C,136,HEX,-inf,False,F16,0.0,HEX,JG074C.136,UNKNOWN,,20.457607,271,316227,1000000,100,5.499998947982042,6.0,2.0,23,-0.05988944220538293,0.10222700238227844
23446,JG074C,136,FAM,-inf,False,F16,0.0,FAM,JG074C.136,UNKNOWN,,15.440546,270,316227,1000000,100,5.499998947982042,6.0,2.0,24,0.3304967592966768,0.7285326719284058
23447,JG074C,136,HEX,-inf,False,F16,0.0,HEX,JG074C.136,UNKNOWN,,20.457607,271,316227,1000000,100,5.499998947982042,6.0,2.0,24,-0.07408061041016305,0.12921378016471863
23448,JG074C,136,FAM,-inf,False,F16,0.0,FAM,JG074C.136,UNKNOWN,,15.440546,270,316227,1000000,100,5.499998947982042,6.0,2.0,25,0.3749885028426634,0.8298933506011963
23449,JG074C,136,HEX,-inf,False,F16,0.0,HEX,JG074C.136,UNKNOWN,,20.457607,271,316227,1000000,100,5.499998947982042,6.0,2.0,25,-0.08440351805785212,0.14858239889144897
23450,JG074C,136,FAM,-inf,False,F16,0.0,FAM,JG074C.136,UNKNOWN,,15.440546,270,316227,1000000,100,5.499998947982042,6.0,2.0,26,0.41807214330460696,0.9279699921607971
23451,JG074C,136,HEX,-inf,False,F16,0.0,HEX,JG074C.136,UNKNOWN,,20.457607,271,316227,1000000,100,5.499998947982042,6.0,2.0,26,-0.09418873138963631,0.16689206659793854
23452,JG074C,136,FAM,-inf,False,F16,0.0,FAM,JG074C.136,UNKNOWN,,15.440546,270,316227,1000000,100,5.499998947982042,6.0,2.0,27,0.45759875048676835,1.01775062084198
23453,JG074C,136,HEX,-inf,False,F16,0.0,HEX,JG074C.136,UNKNOWN,,20.457607,271,316227,1000000,100,5.499998947982042,6.0,2.0,27,-0.1023022075136459,0.18190942704677582
23454,JG074C,136,FAM,-inf,False,F16,0.0,FAM,JG074C.136,UNKNOWN,,15.440546,270,316227,1000000,100,5.499998947982042,6.0,2.0,28,0.4935288654040345,1.099143147468567
23455,JG074C,136,HEX,-inf,False,F16,0.0,HEX,JG074C.136,UNKNOWN,,20.457607,271,316227,1000000,100,5.499998947982042,6.0,2.0,28,-0.10755917880124119,0.19130118191242218
23456,JG074C,136,FAM,-inf,False,F16,0.0,FAM,JG074C.136,UNKNOWN,,15.440546,270,316227,1000000,100,5.499998947982042,6.0,2.0,29,0.5250726438893679,1.1703054904937744
23457,JG074C,136,HEX,-inf,False,F16,0.0,HEX,JG074C.136,UNKNOWN,,20.457607,271,316227,1000000,100,5.499998947982042,6.0,2.0,29,-0.11130636280138201,0.19771955907344818
23458,JG074C,136,FAM,-inf,False,F16,0.0,FAM,JG074C.136,UNKNOWN,,15.440546,270,316227,1000000,100,5.499998947982042,6.0,2.0,30,0.5545676219093204,1.236689567565918
23459,JG074C,136,HEX,-inf,False,F16,0.0,HEX,JG074C.136,UNKNOWN,,20.457607,271,316227,1000000,100,5.499998947982042,6.0,2.0,30,-0.11624621368809632,0.2064867615699768
23460,JG074C,136,FAM,-inf,False,F16,0.0,FAM,JG074C.136,UNKNOWN,,15.440546,270,316227,1000000,100,5.499998947982042,6.0,2.0,31,0.5807961933196373,1.2954553365707397
23461,JG074C,136,HEX,-inf,False,F16,0.0,HEX,JG074C.136,UNKNOWN,,20.457607,271,316227,1000000,100,5.499998947982042,6.0,2.0,31,-0.1204730733165596,0.21384981274604797
23462,JG074C,136,FAM,-inf,False,F16,0.0,FAM,JG074C.136,UNKNOWN,,15.440546,270,316227,1000000,100,5.499998947982042,6.0,2.0,32,0.6033327428754521,1.34561026096344
23463,JG074C,136,HEX,-inf,False,F16,0.0,HEX,JG074C.136,UNKNOWN,,20.457607,271,316227,1000000,100,5.499998947982042,6.0,2.0,32,-0.1244712781799288,0.22076255083084106
23464,JG074C,136,FAM,-inf,False,F16,0.0,FAM,JG074C.136,UNKNOWN,,15.440546,270,316227,1000000,100,5.499998947982042,6.0,2.0,33,0.6236682784196855,1.390631914138794
23465,JG074C,136,HEX,-inf,False,F16,0.0,HEX,JG074C.136,UNKNOWN,,20.457607,271,316227,1000000,100,5.499998947982042,6.0,2.0,33,-0.12843800707298722,0.22761330008506775
23466,JG074C,136,FAM,-inf,False,F16,0.0,FAM,JG074C.136,UNKNOWN,,15.440546,270,316227,1000000,100,5.499998947982042,6.0,2.0,34,0.6425678033593166,1.4323042631149292
23467,JG074C,136,HEX,-inf,False,F16,0.0,HEX,JG074C.136,UNKNOWN,,20.457607,271,316227,1000000,100,5.499998947982042,6.0,2.0,34,-0.13347779416543823,0.2365773320198059
23468,JG074C,136,FAM,-inf,False,F16,0.0,FAM,JG074C.136,UNKNOWN,,15.440546,270,316227,1000000,100,5.499998947982042,6.0,2.0,35,0.6586465731027854,1.4673978090286255
23469,JG074C,136,HEX,-inf,False,F16,0.0,HEX,JG074C.136,UNKNOWN,,20.457607,271,316227,1000000,100,5.499998947982042,6.0,2.0,35,-0.13768440627069198,0.24390049278736115
23470,JG074C,136,FAM,-inf,False,F16,0.0,FAM,JG074C.136,UNKNOWN,,15.440546,270,316227,1000000,100,5.499998947982042,6.0,2.0,36,0.6735816456300739,1.4998239278793335
23471,JG074C,136,HEX,-inf,False,F16,0.0,HEX,JG074C.136,UNKNOWN,,20.457607,271,316227,1000000,100,5.499998947982042,6.0,2.0,36,-0.14085660903625208,0.24918650090694427
23472,JG074C,136,FAM,-inf,False,F16,0.0,FAM,JG074C.136,UNKNOWN,,15.440546,270,316227,1000000,100,5.499998947982042,6.0,2.0,37,0.687374707659458,1.529586672782898
23473,JG074C,136,HEX,-inf,False,F16,0.0,HEX,JG074C.136,UNKNOWN,,20.457607,271,316227,1000000,100,5.499998947982042,6.0,2.0,37,-0.14400217828847228,0.25442004203796387
23474,JG074C,136,FAM,-inf,False,F16,0.0,FAM,JG074C.136,UNKNOWN,,15.440546,270,316227,1000000,100,5.499998947982042,6.0,2.0,38,0.6998848415459157,1.5563571453094482
23475,JG074C,136,HEX,-inf,False,F16,0.0,HEX,JG074C.136,UNKNOWN,,20.457607,271,316227,1000000,100,5.499998947982042,6.0,2.0,38,-0.14779839216544335,0.260934978723526
23476,JG074C,136,FAM,-inf,False,F16,0.0,FAM,JG074C.136,UNKNOWN,,15.440546,270,316227,1000000,100,5.499998947982042,6.0,2.0,39,0.7123410004475553,1.583001732826233
23477,JG074C,136,HEX,-inf,False,F16,0.0,HEX,JG074C.136,UNKNOWN,,20.457607,271,316227,1000000,100,5.499998947982042,6.0,2.0,39,-0.15071330913906897,0.26571428775787354
23478,JG074C,136,FAM,-inf,False,F16,0.0,FAM,JG074C.136,UNKNOWN,,15.440546,270,316227,1000000,100,5.499998947982042,6.0,2.0,40,0.7232466052398798,1.6060301065444946
23479,JG074C,136,HEX,-inf,False,F16,0.0,HEX,JG074C.136,UNKNOWN,,20.457607,271,316227,1000000,100,5.499998947982042,6.0,2.0,40,-0.15315554178162386,0.269562691450119
23480,JG074C,136,FAM,-inf,False,F16,0.0,FAM,JG074C.136,UNKNOWN,,15.440546,270,316227,1000000,100,5.499998947982042,6.0,2.0,41,0.735466419132241,1.6321234703063965
23481,JG074C,136,HEX,-inf,False,F16,0.0,HEX,JG074C.136,UNKNOWN,,20.457607,271,316227,1000000,100,5.499998947982042,6.0,2.0,41,-0.15550010812014717,0.2732187509536743
23482,JG074C,136,FAM,-inf,False,F16,0.0,FAM,JG074C.136,UNKNOWN,,15.440546,270,316227,1000000,100,5.499998947982042,6.0,2.0,42,0.7458638617095464,1.6539665460586548
23483,JG074C,136,HEX,-inf,False,F16,0.0,HEX,JG074C.136,UNKNOWN,,20.457607,271,316227,1000000,100,5.499998947982042,6.0,2.0,42,-0.1589744196699785,0.2790997326374054
23484,JG074C,136,FAM,-inf,False,F16,0.0,FAM,JG074C.136,UNKNOWN,,15.440546,270,316227,1000000,100,5.499998947982042,6.0,2.0,43,0.7583821736240068,1.6807560920715332
23485,JG074C,136,HEX,-inf,False,F16,0.0,HEX,JG074C.136,UNKNOWN,,20.457607,271,316227,1000000,100,5.499998947982042,6.0,2.0,43,-0.16340638761651494,0.2868667244911194
23486,JG074C,136,FAM,-inf,False,F16,0.0,FAM,JG074C.136,UNKNOWN,,15.440546,270,316227,1000000,100,5.499998947982042,6.0,2.0,44,0.7690298638581955,1.7031829357147217
23487,JG074C,136,HEX,-inf,False,F16,0.0,HEX,JG074C.136,UNKNOWN,,20.457607,271,316227,1000000,100,5.499998947982042,6.0,2.0,44,-0.16651394358151367,0.2920254170894623
23488,JG074C,136,FAM,-inf,False,F16,0.0,FAM,JG074C.136,UNKNOWN,,15.440546,270,316227,1000000,100,5.499998947982042,6.0,2.0,45,0.7788879654887219,1.7237681150436401
23489,JG074C,136,HEX,-inf,False,F16,0.0,HEX,JG074C.136,UNKNOWN,,20.457607,271,316227,1000000,100,5.499998947982042,6.0,2.0,45,-0.17148272814862903,0.300849586725235
23490,JG074C,136,FAM,-inf,False,F16,0.0,FAM,JG074C.136,UNKNOWN,,15.440546,270,316227,1000000,100,5.499998947982042,6.0,2.0,46,0.7869370873250469,1.7401342391967773
23491,JG074C,136,HEX,-inf,False,F16,0.0,HEX,JG074C.136,UNKNOWN,,20.457607,271,316227,1000000,100,5.499998947982042,6.0,2.0,46,-0.17630454414667796,0.3093843460083008
23492,JG074C,136,FAM,-inf,False,F16,0.0,FAM,JG074C.136,UNKNOWN,,15.440546,270,316227,1000000,100,5.499998947982042,6.0,2.0,47,0.7996586232353748,1.7673978805541992
23493,JG074C,136,HEX,-inf,False,F16,0.0,HEX,JG074C.136,UNKNOWN,,20.457607,271,316227,1000000,100,5.499998947982042,6.0,2.0,47,-0.18302439141982224,0.32165709137916565
23494,JG074C,136,FAM,-inf,False,F16,0.0,FAM,JG074C.136,UNKNOWN,,15.440546,270,316227,1000000,100,5.499998947982042,6.0,2.0,48,0.8109652580758825,1.7913614511489868
23495,JG074C,136,HEX,-inf,False,F16,0.0,HEX,JG074C.136,UNKNOWN,,20.457607,271,316227,1000000,100,5.499998947982042,6.0,2.0,48,-0.19146455179723032,0.3373178243637085
23496,JG074C,136,FAM,-inf,False,F16,0.0,FAM,JG074C.136,UNKNOWN,,15.440546,270,316227,1000000,100,5.499998947982042,6.0,2.0,49,0.827010140115815,1.826375961303711
23497,JG074C,136,HEX,-inf,False,F16,0.0,HEX,JG074C.136,UNKNOWN,,20.457607,271,316227,1000000,100,5.499998947982042,6.0,2.0,49,-0.20119664942911508,0.35552290081977844
23498,JG074C,136,FAM,-inf,False,F16,0.0,FAM,JG074C.136,UNKNOWN,,15.440546,270,316227,1000000,100,5.499998947982042,6.0,2.0,50,0.8427944497385107,1.8607827425003052
23499,JG074C,136,HEX,-inf,False,F16,0.0,HEX,JG074C.136,UNKNOWN,,20.457607,271,316227,1000000,100,5.499998947982042,6.0,2.0,50,-0.2115433759120297,0.374938428401947
27540,JG074C,160,FAM,-inf,False,G16,0.0,FAM,JG074C.160,UNKNOWN,,15.632742,318,100000,1000000,100,5.0,6.0,2.0,1,-0.007210878757859772,-0.0017507437150925398
27541,JG074C,160,HEX,-inf,False,G16,0.0,HEX,JG074C.160,UNKNOWN,,87.695885,319,100000,1000000,100,5.0,6.0,2.0,1,0.0016769636564505812,0.06279979646205902
27542,JG074C,160,FAM,-inf,False,G16,0.0,FAM,JG074C.160,UNKNOWN,,15.632742,318,100000,1000000,100,5.0,6.0,2.0,2,-0.006378611070558173,-0.0025540271308273077
27543,JG074C,160,HEX,-inf,False,G16,0.0,HEX,JG074C.160,UNKNOWN,,87.695885,319,100000,1000000,100,5.0,6.0,2.0,2,0.0015267566942848696,0.05706493929028511
27544,JG074C,160,FAM,-inf,False,G16,0.0,FAM,JG074C.160,UNKNOWN,,15.632742,318,100000,1000000,100,5.0,6.0,2.0,3,-0.005094788455819003,-0.0023041563108563423
27545,JG074C,160,HEX,-inf,False,G16,0.0,HEX,JG074C.160,UNKNOWN,,87.695885,319,100000,1000000,100,5.0,6.0,2.0,3,0.0014047570439745768,0.051274530589580536
27546,JG074C,160,FAM,-inf,False,G16,0.0,FAM,JG074C.160,UNKNOWN,,15.632742,318,100000,1000000,100,5.0,6.0,2.0,4,-0.0031822416038646295,-0.0005879215896129608
27547,JG074C,160,HEX,-inf,False,G16,0.0,HEX,JG074C.160,UNKNOWN,,87.695885,319,100000,1000000,100,5.0,6.0,2.0,4,0.0016162967502121833,0.04482724890112877
27548,JG074C,160,FAM,-inf,False,G16,0.0,FAM,JG074C.160,UNKNOWN,,15.632742,318,100000,1000000,100,5.0,6.0,2.0,5,-0.0005502199602023934,0.0028063328936696053
27549,JG074C,160,HEX,-inf,False,G16,0.0,HEX,JG074C.160,UNKNOWN,,87.695885,319,100000,1000000,100,5.0,6.0,2.0,5,0.00027460325035964274,0.04143890365958214
27550,JG074C,160,FAM,-inf,False,G16,0.0,FAM,JG074C.160,UNKNOWN,,15.632742,318,100000,1000000,100,5.0,6.0,2.0,6,0.00029662761764780106,0.002037053694948554
27551,JG074C,160,HEX,-inf,False,G16,0.0,HEX,JG074C.160,UNKNOWN,,87.695885,319,100000,1000000,100,5.0,6.0,2.0,6,-0.0007053738464456479,0.037338197231292725
27552,JG074C,160,FAM,-inf,False,G16,0.0,FAM,JG074C.160,UNKNOWN,,15.632742,318,100000,1000000,100,5.0,6.0,2.0,7,0.0005204116870409243,-0.0001853865251177922
27553,JG074C,160,HEX,-inf,False,G16,0.0,HEX,JG074C.160,UNKNOWN,,87.695885,319,100000,1000000,100,5.0,6.0,2.0,7,-0.0006250647241190882,0.03114936128258705
27554,JG074C,160,FAM,-inf,False,G16,0.0,FAM,JG074C.160,UNKNOWN,,15.632742,318,100000,1000000,100,5.0,6.0,2.0,8,0.001442100999284742,-0.000780113332439214
27555,JG074C,160,HEX,-inf,False,G16,0.0,HEX,JG074C.160,UNKNOWN,,87.695885,319,100000,1000000,100,5.0,6.0,2.0,8,-0.00037018502799204004,0.024616725742816925
27556,JG074C,160,FAM,-inf,False,G16,0.0,FAM,JG074C.160,UNKNOWN,,15.632742,318,100000,1000000,100,5.0,6.0,2.0,9,0.00274216466651056,-0.000492363644298166
27557,JG074C,160,HEX,-inf,False,G16,0.0,HEX,JG074C.160,UNKNOWN,,87.695885,319,100000,1000000,100,5.0,6.0,2.0,9,-0.0005393683684124164,0.018919240683317184
27558,JG074C,160,FAM,-inf,False,G16,0.0,FAM,JG074C.160,UNKNOWN,,15.632742,318,100000,1000000,100,5.0,6.0,2.0,10,0.0038259450494019976,-0.000709048006683588
27559,JG074C,160,HEX,-inf,False,G16,0.0,HEX,JG074C.160,UNKNOWN,,87.695885,319,100000,1000000,100,5.0,6.0,2.0,10,-0.0010556650775772104,0.013905360363423824
27560,JG074C,160,FAM,-inf,False,G16,0.0,FAM,JG074C.160,UNKNOWN,,15.632742,318,100000,1000000,100,5.0,6.0,2.0,11,0.0055281887999989775,0.0005167000344954431
27561,JG074C,160,HEX,-inf,False,G16,0.0,HEX,JG074C.160,UNKNOWN,,87.695885,319,100000,1000000,100,5.0,6.0,2.0,11,-0.0012523293613073724,0.008261995390057564
27562,JG074C,160,FAM,-inf,False,G16,0.0,FAM,JG074C.160,UNKNOWN,,15.632742,318,100000,1000000,100,5.0,6.0,2.0,12,0.006354233519117259,-0.0003010971995536238
27563,JG074C,160,HEX,-inf,False,G16,0.0,HEX,JG074C.160,UNKNOWN,,87.695885,319,100000,1000000,100,5.0,6.0,2.0,12,-0.0011334319099940544,0.00199716305360198
27564,JG074C,160,FAM,-inf,False,G16,0.0,FAM,JG074C.160,UNKNOWN,,15.632742,318,100000,1000000,100,5.0,6.0,2.0,13,0.009225475260027748,0.003651086473837495
27565,JG074C,160,HEX,-inf,False,G16,0.0,HEX,JG074C.160,UNKNOWN,,87.695885,319,100000,1000000,100,5.0,6.0,2.0,13,-0.0017748909991782522,-0.0027702217921614647
27566,JG074C,160,FAM,-inf,False,G16,0.0,FAM,JG074C.160,UNKNOWN,,15.632742,318,100000,1000000,100,5.0,6.0,2.0,14,0.01366804841264796,0.011268061585724354
27567,JG074C,160,HEX,-inf,False,G16,0.0,HEX,JG074C.160,UNKNOWN,,87.695885,319,100000,1000000,100,5.0,6.0,2.0,14,-0.0015995637914760625,-0.009146187454462051
27568,JG074C,160,FAM,-inf,False,G16,0.0,FAM,JG074C.160,UNKNOWN,,15.632742,318,100000,1000000,100,5.0,6.0,2.0,15,0.020893566160086814,0.02537565492093563
27569,JG074C,160,HEX,-inf,False,G16,0.0,HEX,JG074C.160,UNKNOWN,,87.695885,319,100000,1000000,100,5.0,6.0,2.0,15,-0.0017058103239529375,-0.014967620372772217
27570,JG074C,160,FAM,-inf,False,G16,0.0,FAM,JG074C.160,UNKNOWN,,15.632742,318,100000,1000000,100,5.0,6.0,2.0,16,0.032650158656937794,0.0500510036945343
27571,JG074C,160,HEX,-inf,False,G16,0.0,HEX,JG074C.160,UNKNOWN,,87.695885,319,100000,1000000,100,5.0,6.0,2.0,16,-0.0027017372634060882,-0.019036915153265
27572,JG074C,160,FAM,-inf,False,G16,0.0,FAM,JG074C.160,UNKNOWN,,15.632742,318,100000,1000000,100,5.0,6.0,2.0,17,0.05087744969474552,0.08981785923242569
27573,JG074C,160,HEX,-inf,False,G16,0.0,HEX,JG074C.160,UNKNOWN,,87.695885,319,100000,1000000,100,5.0,6.0,2.0,17,-0.0034155759516270178,-0.02366175688803196
27574,JG074C,160,FAM,-inf,False,G16,0.0,FAM,JG074C.160,UNKNOWN,,15.632742,318,100000,1000000,100,5.0,6.0,2.0,18,0.075350505168929,0.14415161311626434
27575,JG074C,160,HEX,-inf,False,G16,0.0,HEX,JG074C.160,UNKNOWN,,87.695885,319,100000,1000000,100,5.0,6.0,2.0,18,-0.005075252415008482,-0.02642386220395565
27576,JG074C,160,FAM,-inf,False,G16,0.0,FAM,JG074C.160,UNKNOWN,,15.632742,318,100000,1000000,100,5.0,6.0,2.0,19,0.10590947018837257,0.2126794457435608
27577,JG074C,160,HEX,-inf,False,G16,0.0,HEX,JG074C.160,UNKNOWN,,87.695885,319,100000,1000000,100,5.0,6.0,2.0,19,-0.006271051765935008,-0.030099527910351753
27578,JG074C,160,FAM,-inf,False,G16,0.0,FAM,JG074C.160,UNKNOWN,,15.632742,318,100000,1000000,100,5.0,6.0,2.0,20,0.14084981371027228,0.291425883769989
27579,JG074C,160,HEX,-inf,False,G16,0.0,HEX,JG074C.160,UNKNOWN,,87.695885,319,100000,1000000,100,5.0,6.0,2.0,20,-0.008306820676496043,-0.0321209579706192
27580,JG074C,160,FAM,-inf,False,G16,0.0,FAM,JG074C.160,UNKNOWN,,15.632742,318,100000,1000000,100,5.0,6.0,2.0,21,0.17675166331825404,0.37241482734680176
27581,JG074C,160,HEX,-inf,False,G16,0.0,HEX,JG074C.160,UNKNOWN,,87.695885,319,100000,1000000,100,5.0,6.0,2.0,21,-0.010637041236243098,-0.033562492579221725
27582,JG074C,160,FAM,-inf,False,G16,0.0,FAM,JG074C.160,UNKNOWN,,15.632742,318,100000,1000000,100,5.0,6.0,2.0,22,0.21274965586794273,0.4536280333995819
27583,JG074C,160,HEX,-inf,False,G16,0.0,HEX,JG074C.160,UNKNOWN,,87.695885,319,100000,1000000,100,5.0,6.0,2.0,22,-0.014774421339491204,-0.03144500404596329
27584,JG074C,160,FAM,-inf,False,G16,0.0,FAM,JG074C.160,UNKNOWN,,15.632742,318,100000,1000000,100,5.0,6.0,2.0,23,0.24878920302242025,0.5349380970001221
27585,JG074C,160,HEX,-inf,False,G16,0.0,HEX,JG074C.160,UNKNOWN,,87.695885,319,100000,1000000,100,5.0,6.0,2.0,23,-0.01874516039222865,-0.0296557005494833
27586,JG074C,160,FAM,-inf,False,G16,0.0,FAM,JG074C.160,UNKNOWN,,15.632742,318,100000,1000000,100,5.0,6.0,2.0,24,0.2847104754469085,0.6159723997116089
27587,JG074C,160,HEX,-inf,False,G16,0.0,HEX,JG074C.160,UNKNOWN,,87.695885,319,100000,1000000,100,5.0,6.0,2.0,24,-0.023872368965682195,-0.02558884210884571
27588,JG074C,160,FAM,-inf,False,G16,0.0,FAM,JG074C.160,UNKNOWN,,15.632742,318,100000,1000000,100,5.0,6.0,2.0,25,0.3200336273483479,0.6956116557121277
27589,JG074C,160,HEX,-inf,False,G16,0.0,HEX,JG074C.160,UNKNOWN,,87.695885,319,100000,1000000,100,5.0,6.0,2.0,25,-0.02954550403189115,-0.020446835085749626
27590,JG074C,160,FAM,-inf,False,G16,0.0,FAM,JG074C.160,UNKNOWN,,15.632742,318,100000,1000000,100,5.0,6.0,2.0,26,0.35791118629643626,0.7812085151672363
27591,JG074C,160,HEX,-inf,False,G16,0.0,HEX,JG074C.160,UNKNOWN,,87.695885,319,100000,1000000,100,5.0,6.0,2.0,26,-0.0334240396773673,-0.018839115276932716
27592,JG074C,160,FAM,-inf,False,G16,0.0,FAM,JG074C.160,UNKNOWN,,15.632742,318,100000,1000000,100,5.0,6.0,2.0,27,0.3970382456979899,0.8697195649147034
27593,JG074C,160,HEX,-inf,False,G16,0.0,HEX,JG074C.160,UNKNOWN,,87.695885,319,100000,1000000,100,5.0,6.0,2.0,27,-0.03875273985884385,-0.01437543984502554
27594,JG074C,160,FAM,-inf,False,G16,0.0,FAM,JG074C.160,UNKNOWN,,15.632742,318,100000,1000000,100,5.0,6.0,2.0,28,0.43766357094231645,0.9617249965667725
27595,JG074C,160,HEX,-inf,False,G16,0.0,HEX,JG074C.160,UNKNOWN,,87.695885,319,100000,1000000,100,5.0,6.0,2.0,28,-0.043555912397554866,-0.010946739464998245
27596,JG074C,160,FAM,-inf,False,G16,0.0,FAM,JG074C.160,UNKNOWN,,15.632742,318,100000,1000000,100,5.0,6.0,2.0,29,0.48007824871363775,1.05790376663208
27597,JG074C,160,HEX,-inf,False,G16,0.0,HEX,JG074C.160,UNKNOWN,,87.695885,319,100000,1000000,100,5.0,6.0,2.0,29,-0.048061561353438954,-0.008103982545435429
27598,JG074C,160,FAM,-inf,False,G16,0.0,FAM,JG074C.160,UNKNOWN,,15.632742,318,100000,1000000,100,5.0,6.0,2.0,30,0.5200726902102296,1.148437738418579
27599,JG074C,160,HEX,-inf,False,G16,0.0,HEX,JG074C.160,UNKNOWN,,87.695885,319,100000,1000000,100,5.0,6.0,2.0,30,-0.05234981425668627,-0.005689364857971668
27600,JG074C,160,FAM,-inf,False,G16,0.0,FAM,JG074C.160,UNKNOWN,,15.632742,318,100000,1000000,100,5.0,6.0,2.0,31,0.5562139515879909,1.2299851179122925
27601,JG074C,160,HEX,-inf,False,G16,0.0,HEX,JG074C.160,UNKNOWN,,87.695885,319,100000,1000000,100,5.0,6.0,2.0,31,-0.056307266818109845,-0.003926226869225502
27602,JG074C,160,FAM,-inf,False,G16,0.0,FAM,JG074C.160,UNKNOWN,,15.632742,318,100000,1000000,100,5.0,6.0,2.0,32,0.5919806592832277,1.3106588125228882
27603,JG074C,160,HEX,-inf,False,G16,0.0,HEX,JG074C.160,UNKNOWN,,87.695885,319,100000,1000000,100,5.0,6.0,2.0,32,-0.05995593708424918,-0.0027712048031389713
27604,JG074C,160,FAM,-inf,False,G16,0.0,FAM,JG074C.160,UNKNOWN,,15.632742,318,100000,1000000,100,5.0,6.0,2.0,33,0.6246746774071434,1.3841662406921387
27605,JG074C,160,HEX,-inf,False,G16,0.0,HEX,JG074C.160,UNKNOWN,,87.695885,319,100000,1000000,100,5.0,6.0,2.0,33,-0.06481649273806521,0.0007705063908360898
27606,JG074C,160,FAM,-inf,False,G16,0.0,FAM,JG074C.160,UNKNOWN,,15.632742,318,100000,1000000,100,5.0,6.0,2.0,34,0.6529768900428995,1.4474306106567383
27607,JG074C,160,HEX,-inf,False,G16,0.0,HEX,JG074C.160,UNKNOWN,,87.695885,319,100000,1000000,100,5.0,6.0,2.0,34,-0.0671356513101694,-0.0006928142393007874
27608,JG074C,160,FAM,-inf,False,G16,0.0,FAM,JG074C.160,UNKNOWN,,15.632742,318,100000,1000000,100,5.0,6.0,2.0,35,0.6755883196676142,1.4974225759506226
27609,JG074C,160,HEX,-inf,False,G16,0.0,HEX,JG074C.160,UNKNOWN,,87.695885,319,100000,1000000,100,5.0,6.0,2.0,35,-0.06954976743693707,-0.0019691253546625376
27610,JG074C,160,FAM,-inf,False,G16,0.0,FAM,JG074C.160,UNKNOWN,,15.632742,318,100000,1000000,100,5.0,6.0,2.0,36,0.6983947952601939,1.5478694438934326
27611,JG074C,160,HEX,-inf,False,G16,0.0,HEX,JG074C.160,UNKNOWN,,87.695885,319,100000,1000000,100,5.0,6.0,2.0,36,-0.07169906169810934,-0.003766976995393634
27612,JG074C,160,FAM,-inf,False,G16,0.0,FAM,JG074C.160,UNKNOWN,,15.632742,318,100000,1000000,100,5.0,6.0,2.0,37,0.7182261042653847,1.5913772583007812
27613,JG074C,160,HEX,-inf,False,G16,0.0,HEX,JG074C.160,UNKNOWN,,87.695885,319,100000,1000000,100,5.0,6.0,2.0,37,-0.0749363198465377,-0.0034221909008920193
27614,JG074C,160,FAM,-inf,False,G16,0.0,FAM,JG074C.160,UNKNOWN,,15.632742,318,100000,1000000,100,5.0,6.0,2.0,38,0.7338897879750405,1.6251651048660278
27615,JG074C,160,HEX,-inf,False,G16,0.0,HEX,JG074C.160,UNKNOWN,,87.695885,319,100000,1000000,100,5.0,6.0,2.0,38,-0.07849507173979886,-0.002444254234433174
27616,JG074C,160,FAM,-inf,False,G16,0.0,FAM,JG074C.160,UNKNOWN,,15.632742,318,100000,1000000,100,5.0,6.0,2.0,39,0.7508897614603403,1.6620694398880005
27617,JG074C,160,HEX,-inf,False,G16,0.0,HEX,JG074C.160,UNKNOWN,,87.695885,319,100000,1000000,100,5.0,6.0,2.0,39,-0.08030578746263792,-0.004908903036266565
27618,JG074C,160,FAM,-inf,False,G16,0.0,FAM,JG074C.160,UNKNOWN,,15.632742,318,100000,1000000,100,5.0,6.0,2.0,40,0.7667786476161208,1.6963825225830078
27619,JG074C,160,HEX,-inf,False,G16,0.0,HEX,JG074C.160,UNKNOWN,,87.695885,319,100000,1000000,100,5.0,6.0,2.0,40,-0.08209728468437376,-0.007411401253193617
27620,JG074C,160,FAM,-inf,False,G16,0.0,FAM,JG074C.160,UNKNOWN,,15.632742,318,100000,1000000,100,5.0,6.0,2.0,41,0.7799512017707986,1.7243602275848389
27621,JG074C,160,HEX,-inf,False,G16,0.0,HEX,JG074C.160,UNKNOWN,,87.695885,319,100000,1000000,100,5.0,6.0,2.0,41,-0.0849571489753116,-0.007809855043888092
27622,JG074C,160,FAM,-inf,False,G16,0.0,FAM,JG074C.160,UNKNOWN,,15.632742,318,100000,1000000,100,5.0,6.0,2.0,42,0.7928653302405906,1.7517353296279907
27623,JG074C,160,HEX,-inf,False,G16,0.0,HEX,JG074C.160,UNKNOWN,,87.695885,319,100000,1000000,100,5.0,6.0,2.0,42,-0.08763917403399363,-0.008558545261621475
27624,JG074C,160,FAM,-inf,False,G16,0.0,FAM,JG074C.160,UNKNOWN,,15.632742,318,100000,1000000,100,5.0,6.0,2.0,43,0.8038891075375543,1.7747015953063965
27625,JG074C,160,HEX,-inf,False,G16,0.0,HEX,JG074C.160,UNKNOWN,,87.695885,319,100000,1000000,100,5.0,6.0,2.0,43,-0.09022262482796202,-0.00950136873871088
27626,JG074C,160,FAM,-inf,False,G16,0.0,FAM,JG074C.160,UNKNOWN,,15.632742,318,100000,1000000,100,5.0,6.0,2.0,44,0.8161250730352207,1.800494909286499
27627,JG074C,160,HEX,-inf,False,G16,0.0,HEX,JG074C.160,UNKNOWN,,87.695885,319,100000,1000000,100,5.0,6.0,2.0,44,-0.09319646844985213,-0.009675351902842522
27628,JG074C,160,FAM,-inf,False,G16,0.0,FAM,JG074C.160,UNKNOWN,,15.632742,318,100000,1000000,100,5.0,6.0,2.0,45,0.8284118445318542,1.8264068365097046
27629,JG074C,160,HEX,-inf,False,G16,0.0,HEX,JG074C.160,UNKNOWN,,87.695885,319,100000,1000000,100,5.0,6.0,2.0,45,-0.09600209722271606,-0.01018061675131321
27630,JG074C,160,FAM,-inf,False,G16,0.0,FAM,JG074C.160,UNKNOWN,,15.632742,318,100000,1000000,100,5.0,6.0,2.0,46,0.836619620111432,1.84280526638031
27631,JG074C,160,HEX,-inf,False,G16,0.0,HEX,JG074C.160,UNKNOWN,,87.695885,319,100000,1000000,100,5.0,6.0,2.0,46,-0.09783115375133233,-0.012609145604074001
27632,JG074C,160,FAM,-inf,False,G16,0.0,FAM,JG074C.160,UNKNOWN,,15.632742,318,100000,1000000,100,5.0,6.0,2.0,47,0.8505846251795732,1.872631311416626
27633,JG074C,160,HEX,-inf,False,G16,0.0,HEX,JG074C.160,UNKNOWN,,87.695885,319,100000,1000000,100,5.0,6.0,2.0,47,-0.1000569890980007,-0.014256256632506847
27634,JG074C,160,FAM,-inf,False,G16,0.0,FAM,JG074C.160,UNKNOWN,,15.632742,318,100000,1000000,100,5.0,6.0,2.0,48,0.8630910789534296,1.8990554809570312
27635,JG074C,160,HEX,-inf,False,G16,0.0,HEX,JG074C.160,UNKNOWN,,87.695885,319,100000,1000000,100,5.0,6.0,2.0,48,-0.1043873562442167,-0.011758700013160706
27636,JG074C,160,FAM,-inf,False,G16,0.0,FAM,JG074C.160,UNKNOWN,,15.632742,318,100000,1000000,100,5.0,6.0,2.0,49,0.8751094066808739,1.9243413209915161
27637,JG074C,160,HEX,-inf,False,G16,0.0,HEX,JG074C.160,UNKNOWN,,87.695885,319,100000,1000000,100,5.0,6.0,2.0,49,-0.10928193015825322,-0.008149993605911732
27638,JG074C,160,FAM,-inf,False,G16,0.0,FAM,JG074C.160,UNKNOWN,,15.632742,318,100000,1000000,100,5.0,6.0,2.0,50,0.8889380431320697,1.9538493156433105
27639,JG074C,160,HEX,-inf,False,G16,0.0,HEX,JG074C.160,UNKNOWN,,87.695885,319,100000,1000000,100,5.0,6.0,2.0,50,-0.1133839451929358,-0.006102153565734625
31680,JG074C,184,FAM,-inf,False,H16,0.0,FAM,JG074C.184,UNKNOWN,,15.642704,366,31622,1000000,100,4.499989334334184,6.0,2.0,1,-0.006806829867308301,-0.0015750451711937785
31681,JG074C,184,HEX,-inf,False,H16,0.0,HEX,JG074C.184,UNKNOWN,,inf,367,31622,1000000,100,4.499989334334184,6.0,2.0,1,0.003683057385386898,0.04835791513323784
31682,JG074C,184,FAM,-inf,False,H16,0.0,FAM,JG074C.184,UNKNOWN,,15.642704,366,31622,1000000,100,4.499989334334184,6.0,2.0,2,-0.005971393194155649,-0.002261675428599119
31683,JG074C,184,HEX,-inf,False,H16,0.0,HEX,JG074C.184,UNKNOWN,,inf,367,31622,1000000,100,4.499989334334184,6.0,2.0,2,0.003411501478066357,0.04407406225800514
31684,JG074C,184,FAM,-inf,False,H16,0.0,FAM,JG074C.184,UNKNOWN,,15.642704,366,31622,1000000,100,4.499989334334184,6.0,2.0,3,-0.004266772704170379,-0.0009211220312863588
31685,JG074C,184,HEX,-inf,False,H16,0.0,HEX,JG074C.184,UNKNOWN,,inf,367,31622,1000000,100,4.499989334334184,6.0,2.0,3,0.0020958210517543017,0.04184651002287865
31686,JG074C,184,FAM,-inf,False,H16,0.0,FAM,JG074C.184,UNKNOWN,,15.642704,366,31622,1000000,100,4.499989334334184,6.0,2.0,4,-0.0024879621663979525,0.0005924636498093605
31687,JG074C,184,HEX,-inf,False,H16,0.0,HEX,JG074C.184,UNKNOWN,,inf,367,31622,1000000,100,4.499989334334184,6.0,2.0,4,0.0004946626543304041,0.040181178599596024
31688,JG074C,184,FAM,-inf,False,H16,0.0,FAM,JG074C.184,UNKNOWN,,15.642704,366,31622,1000000,100,4.499989334334184,6.0,2.0,5,-0.00086286022057036,0.001747557194903493
31689,JG074C,184,HEX,-inf,False,H16,0.0,HEX,JG074C.184,UNKNOWN,,inf,367,31622,1000000,100,4.499989334334184,6.0,2.0,5,-0.0005827537563359601,0.037484392523765564
31690,JG074C,184,FAM,-inf,False,H16,0.0,FAM,JG074C.184,UNKNOWN,,15.642704,366,31622,1000000,100,4.499989334334184,6.0,2.0,6,-0.00010659708101902062,0.0008762717479839921
31691,JG074C,184,HEX,-inf,False,H16,0.0,HEX,JG074C.184,UNKNOWN,,inf,367,31622,1000000,100,4.499989334334184,6.0,2.0,6,0.00022601222119239515,0.03107294999063015
31692,JG074C,184,FAM,-inf,False,H16,0.0,FAM,JG074C.184,UNKNOWN,,15.642704,366,31622,1000000,100,4.499989334334184,6.0,2.0,7,0.000916180324239643,0.0006265732226893306
31693,JG074C,184,HEX,-inf,False,H16,0.0,HEX,JG074C.184,UNKNOWN,,inf,367,31622,1000000,100,4.499989334334184,6.0,2.0,7,7.408013373080498e-05,0.026553509756922722
31694,JG074C,184,FAM,-inf,False,H16,0.0,FAM,JG074C.184,UNKNOWN,,15.642704,366,31622,1000000,100,4.499989334334184,6.0,2.0,8,0.0013013909995051654,-0.0011101121781393886
31695,JG074C,184,HEX,-inf,False,H16,0.0,HEX,JG074C.184,UNKNOWN,,inf,367,31622,1000000,100,4.499989334334184,6.0,2.0,8,-0.00043263759023845266,0.02273278683423996
31696,JG074C,184,FAM,-inf,False,H16,0.0,FAM,JG074C.184,UNKNOWN,,15.642704,366,31622,1000000,100,4.499989334334184,6.0,2.0,9,0.002223476434980365,-0.0015946528874337673
31697,JG074C,184,HEX,-inf,False,H16,0.0,HEX,JG074C.184,UNKNOWN,,inf,367,31622,1000000,100,4.499989334334184,6.0,2.0,9,-0.0009917446455614976,0.01901523768901825
31698,JG074C,184,FAM,-inf,False,H16,0.0,FAM,JG074C.184,UNKNOWN,,15.642704,366,31622,1000000,100,4.499989334334184,6.0,2.0,10,0.0032831444134325386,-0.0017583121079951525
31699,JG074C,184,HEX,-inf,False,H16,0.0,HEX,JG074C.184,UNKNOWN,,inf,367,31622,1000000,100,4.499989334334184,6.0,2.0,10,-0.0008834400688719955,0.013983286917209625
31700,JG074C,184,FAM,-inf,False,H16,0.0,FAM,JG074C.184,UNKNOWN,,15.642704,366,31622,1000000,100,4.499989334334184,6.0,2.0,11,0.00462844279804839,-0.0012558000162243843
31701,JG074C,184,HEX,-inf,False,H16,0.0,HEX,JG074C.184,UNKNOWN,,inf,367,31622,1000000,100,4.499989334334184,6.0,2.0,11,-0.0006934795615109058,0.008790522813796997
31702,JG074C,184,FAM,-inf,False,H16,0.0,FAM,JG074C.184,UNKNOWN,,15.642704,366,31622,1000000,100,4.499989334334184,6.0,2.0,12,0.0061770801820505705,-0.00027904348098672926
31703,JG074C,184,HEX,-inf,False,H16,0.0,HEX,JG074C.184,UNKNOWN,,inf,367,31622,1000000,100,4.499989334334184,6.0,2.0,12,-0.0010132179156917762,0.004601561464369297
31704,JG074C,184,FAM,-inf,False,H16,0.0,FAM,JG074C.184,UNKNOWN,,15.642704,366,31622,1000000,100,4.499989334334184,6.0,2.0,13,0.008745517657991675,0.003076176857575774
31705,JG074C,184,HEX,-inf,False,H16,0.0,HEX,JG074C.184,UNKNOWN,,inf,367,31622,1000000,100,4.499989334334184,6.0,2.0,13,-0.0014119791145663144,0.00056822708575055
31706,JG074C,184,FAM,-inf,False,H16,0.0,FAM,JG074C.184,UNKNOWN,,15.642704,366,31622,1000000,100,4.499989334334184,6.0,2.0,14,0.012851820521675128,0.010018136352300644
31707,JG074C,184,HEX,-inf,False,H16,0.0,HEX,JG074C.184,UNKNOWN,,inf,367,31622,1000000,100,4.499989334334184,6.0,2.0,14,-0.0016909046360894249,-0.0037011117674410343
31708,JG074C,184,FAM,-inf,False,H16,0.0,FAM,JG074C.184,UNKNOWN,,15.642704,366,31622,1000000,100,4.499989334334184,6.0,2.0,15,0.020091381476574903,0.02426774427294731
31709,JG074C,184,HEX,-inf,False,H16,0.0,HEX,JG074C.184,UNKNOWN,,inf,367,31622,1000000,100,4.499989334334184,6.0,2.0,15,-0.0021348217462174874,-0.007645515725016594
31710,JG074C,184,FAM,-inf,False,H16,0.0,FAM,JG074C.184,UNKNOWN,,15.642704,366,31622,1000000,100,4.499989334334184,6.0,2.0,16,0.032644871689615725,0.05091094598174095
31711,JG074C,184,HEX,-inf,False,H16,0.0,HEX,JG074C.184,UNKNOWN,,inf,367,31622,1000000,100,4.499989334334184,6.0,2.0,16,-0.0021554475863778608,-0.012423550710082054
31712,JG074C,184,FAM,-inf,False,H16,0.0,FAM,JG074C.184,UNKNOWN,,15.642704,366,31622,1000000,100,4.499989334334184,6.0,2.0,17,0.049701120230109266,0.08805586397647858
31713,JG074C,184,HEX,-inf,False,H16,0.0,HEX,JG074C.184,UNKNOWN,,inf,367,31622,1000000,100,4.499989334334184,6.0,2.0,17,-0.0017466534219667653,-0.018047286197543144
31714,JG074C,184,FAM,-inf,False,H16,0.0,FAM,JG074C.184,UNKNOWN,,15.642704,366,31622,1000000,100,4.499989334334184,6.0,2.0,18,0.07336961108685033,0.14062240719795227
31715,JG074C,184,HEX,-inf,False,H16,0.0,HEX,JG074C.184,UNKNOWN,,inf,367,31622,1000000,100,4.499989334334184,6.0,2.0,18,-0.0026177055022831588,-0.021150488406419754
31716,JG074C,184,FAM,-inf,False,H16,0.0,FAM,JG074C.184,UNKNOWN,,15.642704,366,31622,1000000,100,4.499989334334184,6.0,2.0,19,0.10398894017548899,0.20940028131008148
31717,JG074C,184,HEX,-inf,False,H16,0.0,HEX,JG074C.184,UNKNOWN,,inf,367,31622,1000000,100,4.499989334334184,6.0,2.0,19,-0.0052380951633326026,-0.020808544009923935
31718,JG074C,184,FAM,-inf,False,H16,0.0,FAM,JG074C.184,UNKNOWN,,15.642704,366,31622,1000000,100,4.499989334334184,6.0,2.0,20,0.13715513719121156,0.2841181755065918
31719,JG074C,184,HEX,-inf,False,H16,0.0,HEX,JG074C.184,UNKNOWN,,inf,367,31622,1000000,100,4.499989334334184,6.0,2.0,20,-0.006246143377891006,-0.02364194765686989
31720,JG074C,184,FAM,-inf,False,H16,0.0,FAM,JG074C.184,UNKNOWN,,15.642704,366,31622,1000000,100,4.499989334334184,6.0,2.0,21,0.17215732704988182,0.36311811208724976
31721,JG074C,184,HEX,-inf,False,H16,0.0,HEX,JG074C.184,UNKNOWN,,inf,367,31622,1000000,100,4.499989334334184,6.0,2.0,21,-0.008903729161548078,-0.023226749151945114
31722,JG074C,184,FAM,-inf,False,H16,0.0,FAM,JG074C.184,UNKNOWN,,15.642704,366,31622,1000000,100,4.499989334334184,6.0,2.0,22,0.20766095780680624,0.44328758120536804
31723,JG074C,184,HEX,-inf,False,H16,0.0,HEX,JG074C.184,UNKNOWN,,inf,367,31622,1000000,100,4.499989334334184,6.0,2.0,22,-0.011028372290202931,-0.023861128836870193
31724,JG074C,184,FAM,-inf,False,H16,0.0,FAM,JG074C.184,UNKNOWN,,15.642704,366,31622,1000000,100,4.499989334334184,6.0,2.0,23,0.24044938104147826,0.5171244144439697
31725,JG074C,184,HEX,-inf,False,H16,0.0,HEX,JG074C.184,UNKNOWN,,inf,367,31622,1000000,100,4.499989334334184,6.0,2.0,23,-0.012838058990935665,-0.025115784257650375
31726,JG074C,184,FAM,-inf,False,H16,0.0,FAM,JG074C.184,UNKNOWN,,15.642704,366,31622,1000000,100,4.499989334334184,6.0,2.0,24,0.27014633079676037,0.5837510228157043
31727,JG074C,184,HEX,-inf,False,H16,0.0,HEX,JG074C.184,UNKNOWN,,inf,367,31622,1000000,100,4.499989334334184,6.0,2.0,24,-0.016099786679745032,-0.023510785773396492
31728,JG074C,184,FAM,-inf,False,H16,0.0,FAM,JG074C.184,UNKNOWN,,15.642704,366,31622,1000000,100,4.499989334334184,6.0,2.0,25,0.2999051013324755,0.6505218148231506
31729,JG074C,184,HEX,-inf,False,H16,0.0,HEX,JG074C.184,UNKNOWN,,inf,367,31622,1000000,100,4.499989334334184,6.0,2.0,25,-0.01885417620478575,-0.02290494181215763
31730,JG074C,184,FAM,-inf,False,H16,0.0,FAM,JG074C.184,UNKNOWN,,15.642704,366,31622,1000000,100,4.499989334334184,6.0,2.0,26,0.3304807035276371,0.719197690486908
31731,JG074C,184,HEX,-inf,False,H16,0.0,HEX,JG074C.184,UNKNOWN,,inf,367,31622,1000000,100,4.499989334334184,6.0,2.0,26,-0.022354334368699186,-0.02083037979900837
31732,JG074C,184,FAM,-inf,False,H16,0.0,FAM,JG074C.184,UNKNOWN,,15.642704,366,31622,1000000,100,4.499989334334184,6.0,2.0,27,0.36427011738984183,0.7953691482543945
31733,JG074C,184,HEX,-inf,False,H16,0.0,HEX,JG074C.184,UNKNOWN,,inf,367,31622,1000000,100,4.499989334334184,6.0,2.0,27,-0.02648343689706268,-0.017517173662781715
31734,JG074C,184,FAM,-inf,False,H16,0.0,FAM,JG074C.184,UNKNOWN,,15.642704,366,31622,1000000,100,4.499989334334184,6.0,2.0,28,0.3994298620692519,0.8747365474700928
31735,JG074C,184,HEX,-inf,False,H16,0.0,HEX,JG074C.184,UNKNOWN,,inf,367,31622,1000000,100,4.499989334334184,6.0,2.0,28,-0.030115082900413738,-0.015183658339083195
31736,JG074C,184,FAM,-inf,False,H16,0.0,FAM,JG074C.184,UNKNOWN,,15.642704,366,31622,1000000,100,4.499989334334184,6.0,2.0,29,0.43503086247208367,0.9551330804824829
31737,JG074C,184,HEX,-inf,False,H16,0.0,HEX,JG074C.184,UNKNOWN,,inf,367,31622,1000000,100,4.499989334334184,6.0,2.0,29,-0.03323952693409845,-0.013849028386175632
31738,JG074C,184,FAM,-inf,False,H16,0.0,FAM,JG074C.184,UNKNOWN,,15.642704,366,31622,1000000,100,4.499989334334184,6.0,2.0,30,0.47474832438275855,1.0451303720474243
31739,JG074C,184,HEX,-inf,False,H16,0.0,HEX,JG074C.184,UNKNOWN,,inf,367,31622,1000000,100,4.499989334334184,6.0,2.0,30,-0.03628786872995007,-0.012664273381233215
31740,JG074C,184,FAM,-inf,False,H16,0.0,FAM,JG074C.184,UNKNOWN,,15.642704,366,31622,1000000,100,4.499989334334184,6.0,2.0,31,0.5145666827139169,1.135362982749939
31741,JG074C,184,HEX,-inf,False,H16,0.0,HEX,JG074C.184,UNKNOWN,,inf,367,31622,1000000,100,4.499989334334184,6.0,2.0,31,-0.04000807116515623,-0.010156355798244476
31742,JG074C,184,FAM,-inf,False,H16,0.0,FAM,JG074C.184,UNKNOWN,,15.642704,366,31622,1000000,100,4.499989334334184,6.0,2.0,32,0.5530538625369329,1.2224910259246826
31743,JG074C,184,HEX,-inf,False,H16,0.0,HEX,JG074C.184,UNKNOWN,,inf,367,31622,1000000,100,4.499989334334184,6.0,2.0,32,-0.043483109083533186,-0.008131265640258789
31744,JG074C,184,FAM,-inf,False,H16,0.0,FAM,JG074C.184,UNKNOWN,,15.642704,366,31622,1000000,100,4.499989334334184,6.0,2.0,33,0.5883889748043263,1.3022674322128296
31745,JG074C,184,HEX,-inf,False,H16,0.0,HEX,JG074C.184,UNKNOWN,,inf,367,31622,1000000,100,4.499989334334184,6.0,2.0,33,-0.0452272712883786,-0.009514964185655117
31746,JG074C,184,FAM,-inf,False,H16,0.0,FAM,JG074C.184,UNKNOWN,,15.642704,366,31622,1000000,100,4.499989334334184,6.0,2.0,34,0.6205313338267836,1.374597430229187
31747,JG074C,184,HEX,-inf,False,H16,0.0,HEX,JG074C.184,UNKNOWN,,inf,367,31622,1000000,100,4.499989334334184,6.0,2.0,34,-0.048860914805230145,-0.007177515886723995
31748,JG074C,184,FAM,-inf,False,H16,0.0,FAM,JG074C.184,UNKNOWN,,15.642704,366,31622,1000000,100,4.499989334334184,6.0,2.0,35,0.6463980274979803,1.43229079246521
31749,JG074C,184,HEX,-inf,False,H16,0.0,HEX,JG074C.184,UNKNOWN,,inf,367,31622,1000000,100,4.499989334334184,6.0,2.0,35,-0.05212998184288602,-0.0055580646730959415
31750,JG074C,184,FAM,-inf,False,H16,0.0,FAM,JG074C.184,UNKNOWN,,15.642704,366,31622,1000000,100,4.499989334334184,6.0,2.0,36,0.6721310104113325,1.489672303199768
31751,JG074C,184,HEX,-inf,False,H16,0.0,HEX,JG074C.184,UNKNOWN,,inf,367,31622,1000000,100,4.499989334334184,6.0,2.0,36,-0.05450245283970406,-0.0057043712586164474
31752,JG074C,184,FAM,-inf,False,H16,0.0,FAM,JG074C.184,UNKNOWN,,15.642704,366,31622,1000000,100,4.499989334334184,6.0,2.0,37,0.6958349223518603,1.5423214435577393
31753,JG074C,184,HEX,-inf,False,H16,0.0,HEX,JG074C.184,UNKNOWN,,inf,367,31622,1000000,100,4.499989334334184,6.0,2.0,37,-0.056210765730286875,-0.0071586724370718
31754,JG074C,184,FAM,-inf,False,H16,0.0,FAM,JG074C.184,UNKNOWN,,15.642704,366,31622,1000000,100,4.499989334334184,6.0,2.0,38,0.7147976225578124,1.58391273021698
31755,JG074C,184,HEX,-inf,False,H16,0.0,HEX,JG074C.184,UNKNOWN,,inf,367,31622,1000000,100,4.499989334334184,6.0,2.0,38,-0.05936464282274777,-0.005766076501458883
31756,JG074C,184,FAM,-inf,False,H16,0.0,FAM,JG074C.184,UNKNOWN,,15.642704,366,31622,1000000,100,4.499989334334184,6.0,2.0,39,0.7330459720177271,1.623837947845459
31757,JG074C,184,HEX,-inf,False,H16,0.0,HEX,JG074C.184,UNKNOWN,,inf,367,31622,1000000,100,4.499989334334184,6.0,2.0,39,-0.062475376650133654,-0.004458446986973286
31758,JG074C,184,FAM,-inf,False,H16,0.0,FAM,JG074C.184,UNKNOWN,,15.642704,366,31622,1000000,100,4.499989334334184,6.0,2.0,40,0.7505862064779565,1.662111759185791
31759,JG074C,184,HEX,-inf,False,H16,0.0,HEX,JG074C.184,UNKNOWN,,inf,367,31622,1000000,100,4.499989334334184,6.0,2.0,40,-0.06439762021008345,-0.0054914322681725025
31760,JG074C,184,FAM,-inf,False,H16,0.0,FAM,JG074C.184,UNKNOWN,,15.642704,366,31622,1000000,100,4.499989334334184,6.0,2.0,41,0.766450763000429,1.6964772939682007
31761,JG074C,184,HEX,-inf,False,H16,0.0,HEX,JG074C.184,UNKNOWN,,inf,367,31622,1000000,100,4.499989334334184,6.0,2.0,41,-0.06630370206989292,-0.006556246895343065
31762,JG074C,184,FAM,-inf,False,H16,0.0,FAM,JG074C.184,UNKNOWN,,15.642704,366,31622,1000000,100,4.499989334334184,6.0,2.0,42,0.7799506427259156,1.725327730178833
31763,JG074C,184,HEX,-inf,False,H16,0.0,HEX,JG074C.184,UNKNOWN,,inf,367,31622,1000000,100,4.499989334334184,6.0,2.0,42,-0.06844016382009234,-0.007167350500822067
31764,JG074C,184,FAM,-inf,False,H16,0.0,FAM,JG074C.184,UNKNOWN,,15.642704,366,31622,1000000,100,4.499989334334184,6.0,2.0,43,0.7949528261955016,1.757681965827942
31765,JG074C,184,HEX,-inf,False,H16,0.0,HEX,JG074C.184,UNKNOWN,,inf,367,31622,1000000,100,4.499989334334184,6.0,2.0,43,-0.07088857059528511,-0.007164109032601118
31766,JG074C,184,FAM,-inf,False,H16,0.0,FAM,JG074C.184,UNKNOWN,,15.642704,366,31622,1000000,100,4.499989334334184,6.0,2.0,44,0.8076266228673635,1.7846057415008545
31767,JG074C,184,HEX,-inf,False,H16,0.0,HEX,JG074C.184,UNKNOWN,,inf,367,31622,1000000,100,4.499989334334184,6.0,2.0,44,-0.07347404916811007,-0.006890918128192425
31768,JG074C,184,FAM,-inf,False,H16,0.0,FAM,JG074C.184,UNKNOWN,,15.642704,366,31622,1000000,100,4.499989334334184,6.0,2.0,45,0.8165015210812631,1.8026694059371948
31769,JG074C,184,HEX,-inf,False,H16,0.0,HEX,JG074C.184,UNKNOWN,,inf,367,31622,1000000,100,4.499989334334184,6.0,2.0,45,-0.07450282915157508,-0.009683492593467236
31770,JG074C,184,FAM,-inf,False,H16,0.0,FAM,JG074C.184,UNKNOWN,,15.642704,366,31622,1000000,100,4.499989334334184,6.0,2.0,46,0.827496164153467,1.8256769180297852
31771,JG074C,184,HEX,-inf,False,H16,0.0,HEX,JG074C.184,UNKNOWN,,inf,367,31622,1000000,100,4.499989334334184,6.0,2.0,46,-0.07775587068319291,-0.008095601573586464
31772,JG074C,184,FAM,-inf,False,H16,0.0,FAM,JG074C.184,UNKNOWN,,15.642704,366,31622,1000000,100,4.499989334334184,6.0,2.0,47,0.841334103111516,1.8553158044815063
31773,JG074C,184,HEX,-inf,False,H16,0.0,HEX,JG074C.184,UNKNOWN,,inf,367,31622,1000000,100,4.499989334334184,6.0,2.0,47,-0.08047149028711047,-0.007566111162304878
31774,JG074C,184,FAM,-inf,False,H16,0.0,FAM,JG074C.184,UNKNOWN,,15.642704,366,31622,1000000,100,4.499989334334184,6.0,2.0,48,0.8549421372573386,1.8844186067581177
31775,JG074C,184,HEX,-inf,False,H16,0.0,HEX,JG074C.184,UNKNOWN,,inf,367,31622,1000000,100,4.499989334334184,6.0,2.0,48,-0.08378696924829668,-0.005855256225913763
31776,JG074C,184,FAM,-inf,False,H16,0.0,FAM,JG074C.184,UNKNOWN,,15.642704,366,31622,1000000,100,4.499989334334184,6.0,2.0,49,0.8669512647032798,1.909792184829712
31777,JG074C,184,HEX,-inf,False,H16,0.0,HEX,JG074C.184,UNKNOWN,,inf,367,31622,1000000,100,4.499989334334184,6.0,2.0,49,-0.08724799430681414,-0.003857762785628438
31778,JG074C,184,FAM,-inf,False,H16,0.0,FAM,JG074C.184,UNKNOWN,,15.642704,366,31622,1000000,100,4.499989334334184,6.0,2.0,50,0.8847663831297505,1.9487069845199585
31779,JG074C,184,HEX,-inf,False,H16,0.0,HEX,JG074C.184,UNKNOWN,,inf,367,31622,1000000,100,4.499989334334184,6.0,2.0,50,-0.09127343799064458,-0.0007487023249268532
35820,JG074C,208,FAM,-inf,False,I16,0.0,FAM,JG074C.208,UNKNOWN,,15.73402,414,10000,1000000,100,4.0,6.0,2.0,1,-0.006319722879854227,0.0016438536113128066
35821,JG074C,208,HEX,-inf,False,I16,0.0,HEX,JG074C.208,UNKNOWN,,inf,415,10000,1000000,100,4.0,6.0,2.0,1,0.0016032618396706268,0.09608635306358337
35822,JG074C,208,FAM,-inf,False,I16,0.0,FAM,JG074C.208,UNKNOWN,,15.73402,414,10000,1000000,100,4.0,6.0,2.0,2,-0.006074343705266426,-0.000781870970968157
35823,JG074C,208,HEX,-inf,False,I16,0.0,HEX,JG074C.208,UNKNOWN,,inf,415,10000,1000000,100,4.0,6.0,2.0,2,0.0014904477249269858,0.08972412347793579
35824,JG074C,208,FAM,-inf,False,I16,0.0,FAM,JG074C.208,UNKNOWN,,15.73402,414,10000,1000000,100,4.0,6.0,2.0,3,-0.004711079215382104,-0.0006003691232763231
35825,JG074C,208,HEX,-inf,False,I16,0.0,HEX,JG074C.208,UNKNOWN,,inf,415,10000,1000000,100,4.0,6.0,2.0,3,0.00038039012774123424,0.08532585948705673
35826,JG074C,208,FAM,-inf,False,I16,0.0,FAM,JG074C.208,UNKNOWN,,15.73402,414,10000,1000000,100,4.0,6.0,2.0,4,-0.0027987751486340615,0.0008616490522399545
35827,JG074C,208,HEX,-inf,False,I16,0.0,HEX,JG074C.208,UNKNOWN,,inf,415,10000,1000000,100,4.0,6.0,2.0,4,0.00030910008152295227,0.07888185232877731
35828,JG074C,208,FAM,-inf,False,I16,0.0,FAM,JG074C.208,UNKNOWN,,15.73402,414,10000,1000000,100,4.0,6.0,2.0,5,-0.0014488127324229101,0.0010121266823261976
35829,JG074C,208,HEX,-inf,False,I16,0.0,HEX,JG074C.208,UNKNOWN,,inf,415,10000,1000000,100,4.0,6.0,2.0,5,-0.00011329836044072964,0.0731293186545372
35830,JG074C,208,FAM,-inf,False,I16,0.0,FAM,JG074C.208,UNKNOWN,,15.73402,414,10000,1000000,100,4.0,6.0,2.0,6,-0.00038510685264439413,0.0004949726862832904
35831,JG074C,208,HEX,-inf,False,I16,0.0,HEX,JG074C.208,UNKNOWN,,inf,415,10000,1000000,100,4.0,6.0,2.0,6,0.0002985677376112723,0.06573378294706345
35832,JG074C,208,FAM,-inf,False,I16,0.0,FAM,JG074C.208,UNKNOWN,,15.73402,414,10000,1000000,100,4.0,6.0,2.0,7,0.00039662317723415896,-0.0006798291578888893
35833,JG074C,208,HEX,-inf,False,I16,0.0,HEX,JG074C.208,UNKNOWN,,inf,415,10000,1000000,100,4.0,6.0,2.0,7,0.00034684098053980544,0.059054307639598846
35834,JG074C,208,FAM,-inf,False,I16,0.0,FAM,JG074C.208,UNKNOWN,,15.73402,414,10000,1000000,100,4.0,6.0,2.0,8,0.0017225626361873267,-0.0005853799520991743
35835,JG074C,208,HEX,-inf,False,I16,0.0,HEX,JG074C.208,UNKNOWN,,inf,415,10000,1000000,100,4.0,6.0,2.0,8,-9.161323281797478e-05,0.05333339050412178
35836,JG074C,208,FAM,-inf,False,I16,0.0,FAM,JG074C.208,UNKNOWN,,15.73402,414,10000,1000000,100,4.0,6.0,2.0,9,0.003217186700865306,-9.751021570991725e-05
35837,JG074C,208,HEX,-inf,False,I16,0.0,HEX,JG074C.208,UNKNOWN,,inf,415,10000,1000000,100,4.0,6.0,2.0,9,-0.00038461214491272667,0.047326017171144485
35838,JG074C,208,FAM,-inf,False,I16,0.0,FAM,JG074C.208,UNKNOWN,,15.73402,414,10000,1000000,100,4.0,6.0,2.0,10,0.0040074014347966785,-0.0012525233905762434
35839,JG074C,208,HEX,-inf,False,I16,0.0,HEX,JG074C.208,UNKNOWN,,inf,415,10000,1000000,100,4.0,6.0,2.0,10,-0.0007453751892438332,0.04145209863781929
35840,JG074C,208,FAM,-inf,False,I16,0.0,FAM,JG074C.208,UNKNOWN,,15.73402,414,10000,1000000,100,4.0,6.0,2.0,11,0.005409434888681386,-0.0009806012967601418
35841,JG074C,208,HEX,-inf,False,I16,0.0,HEX,JG074C.208,UNKNOWN,,inf,415,10000,1000000,100,4.0,6.0,2.0,11,-0.00116034348629281,0.03568493202328682
35842,JG074C,208,FAM,-inf,False,I16,0.0,FAM,JG074C.208,UNKNOWN,,15.73402,414,10000,1000000,100,4.0,6.0,2.0,12,0.007030307260651322,-0.00019828460062853992
35843,JG074C,208,HEX,-inf,False,I16,0.0,HEX,JG074C.208,UNKNOWN,,inf,415,10000,1000000,100,4.0,6.0,2.0,12,-0.0014520712534327037,0.02967505156993866
35844,JG074C,208,FAM,-inf,False,I16,0.0,FAM,JG074C.208,UNKNOWN,,15.73402,414,10000,1000000,100,4.0,6.0,2.0,13,0.0092693363242767,0.0020257493015378714
35845,JG074C,208,HEX,-inf,False,I16,0.0,HEX,JG074C.208,UNKNOWN,,inf,415,10000,1000000,100,4.0,6.0,2.0,13,-0.0015028413882368506,0.023190632462501526
35846,JG074C,208,FAM,-inf,False,I16,0.0,FAM,JG074C.208,UNKNOWN,,15.73402,414,10000,1000000,100,4.0,6.0,2.0,14,0.0136808840831616,0.009316714480519295
35847,JG074C,208,HEX,-inf,False,I16,0.0,HEX,JG074C.208,UNKNOWN,,inf,415,10000,1000000,100,4.0,6.0,2.0,14,-0.0013767710475354057,0.016357941552996635
35848,JG074C,208,FAM,-inf,False,I16,0.0,FAM,JG074C.208,UNKNOWN,,15.73402,414,10000,1000000,100,4.0,6.0,2.0,15,0.02151031086409491,0.02457914501428604
35849,JG074C,208,HEX,-inf,False,I16,0.0,HEX,JG074C.208,UNKNOWN,,inf,415,10000,1000000,100,4.0,6.0,2.0,15,-0.001633784451265251,0.010279697366058826
35850,JG074C,208,FAM,-inf,False,I16,0.0,FAM,JG074C.208,UNKNOWN,,15.73402,414,10000,1000000,100,4.0,6.0,2.0,16,0.03231965771119358,0.046791594475507736
35851,JG074C,208,HEX,-inf,False,I16,0.0,HEX,JG074C.208,UNKNOWN,,inf,415,10000,1000000,100,4.0,6.0,2.0,16,-0.002500902035292799,0.005402993410825729
35852,JG074C,208,FAM,-inf,False,I16,0.0,FAM,JG074C.208,UNKNOWN,,15.73402,414,10000,1000000,100,4.0,6.0,2.0,17,0.049592777331784195,0.08407940715551376
35853,JG074C,208,HEX,-inf,False,I16,0.0,HEX,JG074C.208,UNKNOWN,,inf,415,10000,1000000,100,4.0,6.0,2.0,17,-0.00400683048984859,0.0017843645764514804
35854,JG074C,208,FAM,-inf,False,I16,0.0,FAM,JG074C.208,UNKNOWN,,15.73402,414,10000,1000000,100,4.0,6.0,2.0,18,0.07327233408266645,0.13630884885787964
35855,JG074C,208,HEX,-inf,False,I16,0.0,HEX,JG074C.208,UNKNOWN,,inf,415,10000,1000000,100,4.0,6.0,2.0,18,-0.005668005088355422,-0.0015285222325474024
35856,JG074C,208,FAM,-inf,False,I16,0.0,FAM,JG074C.208,UNKNOWN,,15.73402,414,10000,1000000,100,4.0,6.0,2.0,19,0.10305336418835148,0.20276865363121033
35857,JG074C,208,HEX,-inf,False,I16,0.0,HEX,JG074C.208,UNKNOWN,,inf,415,10000,1000000,100,4.0,6.0,2.0,19,-0.006743302924097023,-0.005995235871523619
35858,JG074C,208,FAM,-inf,False,I16,0.0,FAM,JG074C.208,UNKNOWN,,15.73402,414,10000,1000000,100,4.0,6.0,2.0,20,0.13632385661744623,0.27736687660217285
35859,JG074C,208,HEX,-inf,False,I16,0.0,HEX,JG074C.208,UNKNOWN,,inf,415,10000,1000000,100,4.0,6.0,2.0,20,-0.007655016510290837,-0.010784112848341465
35860,JG074C,208,FAM,-inf,False,I16,0.0,FAM,JG074C.208,UNKNOWN,,15.73402,414,10000,1000000,100,4.0,6.0,2.0,21,0.17145694603683498,0.3563092052936554
35861,JG074C,208,HEX,-inf,False,I16,0.0,HEX,JG074C.208,UNKNOWN,,inf,415,10000,1000000,100,4.0,6.0,2.0,21,-0.008840283517305682,-0.015034252777695656
35862,JG074C,208,FAM,-inf,False,I16,0.0,FAM,JG074C.208,UNKNOWN,,15.73402,414,10000,1000000,100,4.0,6.0,2.0,22,0.20627196127959305,0.4345097243785858
35863,JG074C,208,HEX,-inf,False,I16,0.0,HEX,JG074C.208,UNKNOWN,,inf,415,10000,1000000,100,4.0,6.0,2.0,22,-0.010401355450617454,-0.018544282764196396
35864,JG074C,208,FAM,-inf,False,I16,0.0,FAM,JG074C.208,UNKNOWN,,15.73402,414,10000,1000000,100,4.0,6.0,2.0,23,0.23806657521757227,0.5056657791137695
35865,JG074C,208,HEX,-inf,False,I16,0.0,HEX,JG074C.208,UNKNOWN,,inf,415,10000,1000000,100,4.0,6.0,2.0,23,-0.013926331206506685,-0.018186595290899277
35866,JG074C,208,FAM,-inf,False,I16,0.0,FAM,JG074C.208,UNKNOWN,,15.73402,414,10000,1000000,100,4.0,6.0,2.0,24,0.2668102991401251,0.5697062611579895
35867,JG074C,208,HEX,-inf,False,I16,0.0,HEX,JG074C.208,UNKNOWN,,inf,415,10000,1000000,100,4.0,6.0,2.0,24,-0.015417747422827848,-0.02183380536735058
35868,JG074C,208,FAM,-inf,False,I16,0.0,FAM,JG074C.208,UNKNOWN,,15.73402,414,10000,1000000,100,4.0,6.0,2.0,25,0.2920528559366893,0.6255810856819153
35869,JG074C,208,HEX,-inf,False,I16,0.0,HEX,JG074C.208,UNKNOWN,,inf,415,10000,1000000,100,4.0,6.0,2.0,25,-0.015347910113700833,-0.028555748984217644
35870,JG074C,208,FAM,-inf,False,I16,0.0,FAM,JG074C.208,UNKNOWN,,15.73402,414,10000,1000000,100,4.0,6.0,2.0,26,0.315894772099763,0.678189218044281
35871,JG074C,208,HEX,-inf,False,I16,0.0,HEX,JG074C.208,UNKNOWN,,inf,415,10000,1000000,100,4.0,6.0,2.0,26,-0.01806875049154012,-0.029781728982925415
35872,JG074C,208,FAM,-inf,False,I16,0.0,FAM,JG074C.208,UNKNOWN,,15.73402,414,10000,1000000,100,4.0,6.0,2.0,27,0.3386065870182111,0.7281615734100342
35873,JG074C,208,HEX,-inf,False,I16,0.0,HEX,JG074C.208,UNKNOWN,,inf,415,10000,1000000,100,4.0,6.0,2.0,27,-0.019689535972374148,-0.03317415714263916
35874,JG074C,208,FAM,-inf,False,I16,0.0,FAM,JG074C.208,UNKNOWN,,15.73402,414,10000,1000000,100,4.0,6.0,2.0,28,0.36203975511917397,0.7798163890838623
35875,JG074C,208,HEX,-inf,False,I16,0.0,HEX,JG074C.208,UNKNOWN,,inf,415,10000,1000000,100,4.0,6.0,2.0,28,-0.021344158121292246,-0.03649995103478432
35876,JG074C,208,FAM,-inf,False,I16,0.0,FAM,JG074C.208,UNKNOWN,,15.73402,414,10000,1000000,100,4.0,6.0,2.0,29,0.38754912007932685,0.8363134264945984
35877,JG074C,208,HEX,-inf,False,I16,0.0,HEX,JG074C.208,UNKNOWN,,inf,415,10000,1000000,100,4.0,6.0,2.0,29,-0.022358819316151517,-0.04108608141541481
35878,JG074C,208,FAM,-inf,False,I16,0.0,FAM,JG074C.208,UNKNOWN,,15.73402,414,10000,1000000,100,4.0,6.0,2.0,30,0.4186576230242156,0.9058693051338196
35879,JG074C,208,HEX,-inf,False,I16,0.0,HEX,JG074C.208,UNKNOWN,,inf,415,10000,1000000,100,4.0,6.0,2.0,30,-0.0254504254385024,-0.04158187285065651
35880,JG074C,208,FAM,-inf,False,I16,0.0,FAM,JG074C.208,UNKNOWN,,15.73402,414,10000,1000000,100,4.0,6.0,2.0,31,0.4537668172680339,0.9847559332847595
35881,JG074C,208,HEX,-inf,False,I16,0.0,HEX,JG074C.208,UNKNOWN,,inf,415,10000,1000000,100,4.0,6.0,2.0,31,-0.029371589838000388,-0.04044393077492714
35882,JG074C,208,FAM,-inf,False,I16,0.0,FAM,JG074C.208,UNKNOWN,,15.73402,414,10000,1000000,100,4.0,6.0,2.0,32,0.4898851290547126,1.0659960508346558
35883,JG074C,208,HEX,-inf,False,I16,0.0,HEX,JG074C.208,UNKNOWN,,inf,415,10000,1000000,100,4.0,6.0,2.0,32,-0.03190744835955178,-0.04203421622514725
35884,JG074C,208,FAM,-inf,False,I16,0.0,FAM,JG074C.208,UNKNOWN,,15.73402,414,10000,1000000,100,4.0,6.0,2.0,33,0.528171896078987,1.1522936820983887
35885,JG074C,208,HEX,-inf,False,I16,0.0,HEX,JG074C.208,UNKNOWN,,inf,415,10000,1000000,100,4.0,6.0,2.0,33,-0.03543841665594248,-0.0416647270321846
35886,JG074C,208,FAM,-inf,False,I16,0.0,FAM,JG074C.208,UNKNOWN,,15.73402,414,10000,1000000,100,4.0,6.0,2.0,34,0.5677823280481763,1.2416784763336182
35887,JG074C,208,HEX,-inf,False,I16,0.0,HEX,JG074C.208,UNKNOWN,,inf,415,10000,1000000,100,4.0,6.0,2.0,34,-0.039347641372471626,-0.04055029898881912
35888,JG074C,208,FAM,-inf,False,I16,0.0,FAM,JG074C.208,UNKNOWN,,15.73402,414,10000,1000000,100,4.0,6.0,2.0,35,0.6046721345515613,1.3247179985046387
35889,JG074C,208,HEX,-inf,False,I16,0.0,HEX,JG074C.208,UNKNOWN,,inf,415,10000,1000000,100,4.0,6.0,2.0,35,-0.04447634808105054,-0.03703422471880913
35890,JG074C,208,FAM,-inf,False,I16,0.0,FAM,JG074C.208,UNKNOWN,,15.73402,414,10000,1000000,100,4.0,6.0,2.0,36,0.6385837588197316,1.4008114337921143
35891,JG074C,208,HEX,-inf,False,I16,0.0,HEX,JG074C.208,UNKNOWN,,inf,415,10000,1000000,100,4.0,6.0,2.0,36,-0.04934210937611027,-0.03403599187731743
35892,JG074C,208,FAM,-inf,False,I16,0.0,FAM,JG074C.208,UNKNOWN,,15.73402,414,10000,1000000,100,4.0,6.0,2.0,37,0.6689186714282382,1.4685630798339844
35893,JG074C,208,HEX,-inf,False,I16,0.0,HEX,JG074C.208,UNKNOWN,,inf,415,10000,1000000,100,4.0,6.0,2.0,37,-0.05346879067598832,-0.03249330446124077
35894,JG074C,208,FAM,-inf,False,I16,0.0,FAM,JG074C.208,UNKNOWN,,15.73402,414,10000,1000000,100,4.0,6.0,2.0,38,0.6962484654217962,1.5293059349060059
35895,JG074C,208,HEX,-inf,False,I16,0.0,HEX,JG074C.208,UNKNOWN,,inf,415,10000,1000000,100,4.0,6.0,2.0,38,-0.05686669733442586,-0.032385870814323425
35896,JG074C,208,FAM,-inf,False,I16,0.0,FAM,JG074C.208,UNKNOWN,,15.73402,414,10000,1000000,100,4.0,6.0,2.0,39,0.7187130994438622,1.5787018537521362
35897,JG074C,208,HEX,-inf,False,I16,0.0,HEX,JG074C.208,UNKNOWN,,inf,415,10000,1000000,100,4.0,6.0,2.0,39,-0.05971879856153227,-0.03335334360599518
35898,JG074C,208,FAM,-inf,False,I16,0.0,FAM,JG074C.208,UNKNOWN,,15.73402,414,10000,1000000,100,4.0,6.0,2.0,40,0.7404014341577702,1.6262872219085693
35899,JG074C,208,HEX,-inf,False,I16,0.0,HEX,JG074C.208,UNKNOWN,,inf,415,10000,1000000,100,4.0,6.0,2.0,40,-0.0636988290785826,-0.03209947049617767
35900,JG074C,208,FAM,-inf,False,I16,0.0,FAM,JG074C.208,UNKNOWN,,15.73402,414,10000,1000000,100,4.0,6.0,2.0,41,0.7598968306627493,1.6687579154968262
35901,JG074C,208,HEX,-inf,False,I16,0.0,HEX,JG074C.208,UNKNOWN,,inf,415,10000,1000000,100,4.0,6.0,2.0,41,-0.06775892659511096,-0.030687915161252022
35902,JG074C,208,FAM,-inf,False,I16,0.0,FAM,JG074C.208,UNKNOWN,,15.73402,414,10000,1000000,100,4.0,6.0,2.0,42,0.7778647759875208,1.707666277885437
35903,JG074C,208,HEX,-inf,False,I16,0.0,HEX,JG074C.208,UNKNOWN,,inf,415,10000,1000000,100,4.0,6.0,2.0,42,-0.07178606513888121,-0.02934126928448677
35904,JG074C,208,FAM,-inf,False,I16,0.0,FAM,JG074C.208,UNKNOWN,,15.73402,414,10000,1000000,100,4.0,6.0,2.0,43,0.792825558190343,1.7395610809326172
35905,JG074C,208,HEX,-inf,False,I16,0.0,HEX,JG074C.208,UNKNOWN,,inf,415,10000,1000000,100,4.0,6.0,2.0,43,-0.07679622244774158,-0.026058662682771683
35906,JG074C,208,FAM,-inf,False,I16,0.0,FAM,JG074C.208,UNKNOWN,,15.73402,414,10000,1000000,100,4.0,6.0,2.0,44,0.8061317208775152,1.7675968408584595
35907,JG074C,208,HEX,-inf,False,I16,0.0,HEX,JG074C.208,UNKNOWN,,inf,415,10000,1000000,100,4.0,6.0,2.0,44,-0.07950433624335425,-0.027309706434607506
35908,JG074C,208,FAM,-inf,False,I16,0.0,FAM,JG074C.208,UNKNOWN,,15.73402,414,10000,1000000,100,4.0,6.0,2.0,45,0.8200999971568574,1.797176718711853
35909,JG074C,208,HEX,-inf,False,I16,0.0,HEX,JG074C.208,UNKNOWN,,inf,415,10000,1000000,100,4.0,6.0,2.0,45,-0.08331952649857997,-0.026380470022559166
35910,JG074C,208,FAM,-inf,False,I16,0.0,FAM,JG074C.208,UNKNOWN,,15.73402,414,10000,1000000,100,4.0,6.0,2.0,46,0.8339484653259599,1.826477289199829
35911,JG074C,208,HEX,-inf,False,I16,0.0,HEX,JG074C.208,UNKNOWN,,inf,415,10000,1000000,100,4.0,6.0,2.0,46,-0.08507397892448852,-0.029509656131267548
35912,JG074C,208,FAM,-inf,False,I16,0.0,FAM,JG074C.208,UNKNOWN,,15.73402,414,10000,1000000,100,4.0,6.0,2.0,47,0.8493354250130737,1.8593660593032837
35913,JG074C,208,HEX,-inf,False,I16,0.0,HEX,JG074C.208,UNKNOWN,,inf,415,10000,1000000,100,4.0,6.0,2.0,47,-0.08901619287913184,-0.028330260887742043
35914,JG074C,208,FAM,-inf,False,I16,0.0,FAM,JG074C.208,UNKNOWN,,15.73402,414,10000,1000000,100,4.0,6.0,2.0,48,0.8626460856156474,1.8874123096466064
35915,JG074C,208,HEX,-inf,False,I16,0.0,HEX,JG074C.208,UNKNOWN,,inf,415,10000,1000000,100,4.0,6.0,2.0,48,-0.09254613215341623,-0.02796279825270176
35916,JG074C,208,FAM,-inf,False,I16,0.0,FAM,JG074C.208,UNKNOWN,,15.73402,414,10000,1000000,100,4.0,6.0,2.0,49,0.8766988000341177,1.9171892404556274
35917,JG074C,208,HEX,-inf,False,I16,0.0,HEX,JG074C.208,UNKNOWN,,inf,415,10000,1000000,100,4.0,6.0,2.0,49,-0.09753682883832486,-0.024718519300222397
35918,JG074C,208,FAM,-inf,False,I16,0.0,FAM,JG074C.208,UNKNOWN,,15.73402,414,10000,1000000,100,4.0,6.0,2.0,50,0.8879479842279063,1.9404274225234985
35919,JG074C,208,HEX,-inf,False,I16,0.0,HEX,JG074C.208,UNKNOWN,,inf,415,10000,1000000,100,4.0,6.0,2.0,50,-0.10218431638542184,-0.022150155156850815
39960,JG074C,232,FAM,-inf,False,J16,0.0,FAM,JG074C.232,UNKNOWN,,15.49642,462,3162,1000000,100,3.49996186559619,6.0,2.0,1,-0.006224150163927932,-0.0024950236547738314
39961,JG074C,232,HEX,-inf,False,J16,0.0,HEX,JG074C.232,UNKNOWN,,32.966145,463,3162,1000000,100,3.49996186559619,6.0,2.0,1,0.0008847490455219385,0.011263805441558361
39962,JG074C,232,FAM,-inf,False,J16,0.0,FAM,JG074C.232,UNKNOWN,,15.49642,462,3162,1000000,100,3.49996186559619,6.0,2.0,2,-0.005250262032323017,-0.0024288396816700697
39963,JG074C,232,HEX,-inf,False,J16,0.0,HEX,JG074C.232,UNKNOWN,,32.966145,463,3162,1000000,100,3.49996186559619,6.0,2.0,2,0.000547698907670146,0.010144258849322796
39964,JG074C,232,FAM,-inf,False,J16,0.0,FAM,JG074C.232,UNKNOWN,,15.49642,462,3162,1000000,100,3.49996186559619,6.0,2.0,3,-0.003098558973964162,0.0003843437589239329
39965,JG074C,232,HEX,-inf,False,J16,0.0,HEX,JG074C.232,UNKNOWN,,32.966145,463,3162,1000000,100,3.49996186559619,6.0,2.0,3,-0.00032087141344866785,0.01007148902863264
39966,JG074C,232,FAM,-inf,False,J16,0.0,FAM,JG074C.232,UNKNOWN,,15.49642,462,3162,1000000,100,3.49996186559619,6.0,2.0,4,-0.0023373890176111916,-4.559141234494746e-05
39967,JG074C,232,HEX,-inf,False,J16,0.0,HEX,JG074C.232,UNKNOWN,,32.966145,463,3162,1000000,100,3.49996186559619,6.0,2.0,4,-0.00025560417308792695,0.008159617893397808
39968,JG074C,232,FAM,-inf,False,J16,0.0,FAM,JG074C.232,UNKNOWN,,15.49642,462,3162,1000000,100,3.49996186559619,6.0,2.0,5,-0.0012683546414621548,0.00024250076967291534
39969,JG074C,232,HEX,-inf,False,J16,0.0,HEX,JG074C.232,UNKNOWN,,32.966145,463,3162,1000000,100,3.49996186559619,6.0,2.0,5,0.0005261953721837994,0.004836606327444315
39970,JG074C,232,FAM,-inf,False,J16,0.0,FAM,JG074C.232,UNKNOWN,,15.49642,462,3162,1000000,100,3.49996186559619,6.0,2.0,6,-0.0005986508170520828,-0.0004007594252470881
39971,JG074C,232,HEX,-inf,False,J16,0.0,HEX,JG074C.232,UNKNOWN,,32.966145,463,3162,1000000,100,3.49996186559619,6.0,2.0,6,0.0010280706391821697,0.0020648783538490534
39972,JG074C,232,FAM,-inf,False,J16,0.0,FAM,JG074C.232,UNKNOWN,,15.49642,462,3162,1000000,100,3.49996186559619,6.0,2.0,7,0.0006143551864510521,0.00022311553766485304
39973,JG074C,232,HEX,-inf,False,J16,0.0,HEX,JG074C.232,UNKNOWN,,32.966145,463,3162,1000000,100,3.49996186559619,6.0,2.0,7,0.0007207410809891981,0.0008867998840287328
39974,JG074C,232,FAM,-inf,False,J16,0.0,FAM,JG074C.232,UNKNOWN,,15.49642,462,3162,1000000,100,3.49996186559619,6.0,2.0,8,0.0014251555502455165,-9.106740617426112e-05
39975,JG074C,232,HEX,-inf,False,J16,0.0,HEX,JG074C.232,UNKNOWN,,32.966145,463,3162,1000000,100,3.49996186559619,6.0,2.0,8,-0.0003253204207906706,0.0011635812697932124
39976,JG074C,232,FAM,-inf,False,J16,0.0,FAM,JG074C.232,UNKNOWN,,15.49642,462,3162,1000000,100,3.49996186559619,6.0,2.0,9,0.0022795422476607164,-0.00030359462834894657
39977,JG074C,232,HEX,-inf,False,J16,0.0,HEX,JG074C.232,UNKNOWN,,32.966145,463,3162,1000000,100,3.49996186559619,6.0,2.0,9,-0.0007831898600661022,0.0002819762739818543
39978,JG074C,232,FAM,-inf,False,J16,0.0,FAM,JG074C.232,UNKNOWN,,15.49642,462,3162,1000000,100,3.49996186559619,6.0,2.0,10,0.002983900465732306,-0.0008660309249535203
39979,JG074C,232,HEX,-inf,False,J16,0.0,HEX,JG074C.232,UNKNOWN,,32.966145,463,3162,1000000,100,3.49996186559619,6.0,2.0,10,-0.0005900212249617995,-0.0018817842938005924
39980,JG074C,232,FAM,-inf,False,J16,0.0,FAM,JG074C.232,UNKNOWN,,15.49642,462,3162,1000000,100,3.49996186559619,6.0,2.0,11,0.004088164253136801,-0.0004957737401127815
39981,JG074C,232,HEX,-inf,False,J16,0.0,HEX,JG074C.232,UNKNOWN,,32.966145,463,3162,1000000,100,3.49996186559619,6.0,2.0,11,-0.00046702281790126125,-0.003907351288944483
39982,JG074C,232,FAM,-inf,False,J16,0.0,FAM,JG074C.232,UNKNOWN,,15.49642,462,3162,1000000,100,3.49996186559619,6.0,2.0,12,0.00582630187976446,0.001352857449091971
39983,JG074C,232,HEX,-inf,False,J16,0.0,HEX,JG074C.232,UNKNOWN,,32.966145,463,3162,1000000,100,3.49996186559619,6.0,2.0,12,-0.0012646360117185415,-0.0041198646649718285
39984,JG074C,232,FAM,-inf,False,J16,0.0,FAM,JG074C.232,UNKNOWN,,15.49642,462,3162,1000000,100,3.49996186559619,6.0,2.0,13,0.00826035135491715,0.0048245531506836414
39985,JG074C,232,HEX,-inf,False,J16,0.0,HEX,JG074C.232,UNKNOWN,,32.966145,463,3162,1000000,100,3.49996186559619,6.0,2.0,13,-0.0027041925404171084,-0.003068133257329464
39986,JG074C,232,FAM,-inf,False,J16,0.0,FAM,JG074C.232,UNKNOWN,,15.49642,462,3162,1000000,100,3.49996186559619,6.0,2.0,14,0.013336938906616823,0.014459398575127125
39987,JG074C,232,HEX,-inf,False,J16,0.0,HEX,JG074C.232,UNKNOWN,,32.966145,463,3162,1000000,100,3.49996186559619,6.0,2.0,14,-0.0029639600915491457,-0.004339880775660276
39988,JG074C,232,FAM,-inf,False,J16,0.0,FAM,JG074C.232,UNKNOWN,,15.49642,462,3162,1000000,100,3.49996186559619,6.0,2.0,15,0.02083353272600827,0.02973838709294796
39989,JG074C,232,HEX,-inf,False,J16,0.0,HEX,JG074C.232,UNKNOWN,,32.966145,463,3162,1000000,100,3.49996186559619,6.0,2.0,15,-0.003702570973711771,-0.004668592941015959
39990,JG074C,232,FAM,-inf,False,J16,0.0,FAM,JG074C.232,UNKNOWN,,15.49642,462,3162,1000000,100,3.49996186559619,6.0,2.0,16,0.03228075297915018,0.05423136055469513
39991,JG074C,232,HEX,-inf,False,J16,0.0,HEX,JG074C.232,UNKNOWN,,32.966145,463,3162,1000000,100,3.49996186559619,6.0,2.0,16,-0.0038668361937710897,-0.006128422450274229
39992,JG074C,232,FAM,-inf,False,J16,0.0,FAM,JG074C.232,UNKNOWN,,15.49642,462,3162,1000000,100,3.49996186559619,6.0,2.0,17,0.04895020635145267,0.09090406447649002
39993,JG074C,232,HEX,-inf,False,J16,0.0,HEX,JG074C.232,UNKNOWN,,32.966145,463,3162,1000000,100,3.49996186559619,6.0,2.0,17,-0.0037212598310837892,-0.008198454976081848
39994,JG074C,232,FAM,-inf,False,J16,0.0,FAM,JG074C.232,UNKNOWN,,15.49642,462,3162,1000000,100,3.49996186559619,6.0,2.0,18,0.07383556221866067,0.14673858880996704
39995,JG074C,232,HEX,-inf,False,J16,0.0,HEX,JG074C.232,UNKNOWN,,32.966145,463,3162,1000000,100,3.49996186559619,6.0,2.0,18,-0.005460231527363533,-0.006557054817676544
39996,JG074C,232,FAM,-inf,False,J16,0.0,FAM,JG074C.232,UNKNOWN,,15.49642,462,3162,1000000,100,3.49996186559619,6.0,2.0,19,0.10314906468596532,0.2129008173942566
39997,JG074C,232,HEX,-inf,False,J16,0.0,HEX,JG074C.232,UNKNOWN,,32.966145,463,3162,1000000,100,3.49996186559619,6.0,2.0,19,-0.007465462693651911,-0.0043912832625210285
39998,JG074C,232,FAM,-inf,False,J16,0.0,FAM,JG074C.232,UNKNOWN,,15.49642,462,3162,1000000,100,3.49996186559619,6.0,2.0,20,0.13609872285397842,0.2875435948371887
39999,JG074C,232,HEX,-inf,False,J16,0.0,HEX,JG074C.232,UNKNOWN,,32.966145,463,3162,1000000,100,3.49996186559619,6.0,2.0,20,-0.009034978661306666,-0.0030836095102131367
40000,JG074C,232,FAM,-inf,False,J16,0.0,FAM,JG074C.232,UNKNOWN,,15.49642,462,3162,1000000,100,3.49996186559619,6.0,2.0,21,0.17145997925464304,0.3678108751773834
40001,JG074C,232,HEX,-inf,False,J16,0.0,HEX,JG074C.232,UNKNOWN,,32.966145,463,3162,1000000,100,3.49996186559619,6.0,2.0,21,-0.009603725232537384,-0.0037468529772013426
40002,JG074C,232,FAM,-inf,False,J16,0.0,FAM,JG074C.232,UNKNOWN,,15.49642,462,3162,1000000,100,3.49996186559619,6.0,2.0,22,0.20521340979363578,0.44432827830314636
40003,JG074C,232,HEX,-inf,False,J16,0.0,HEX,JG074C.232,UNKNOWN,,32.966145,463,3162,1000000,100,3.49996186559619,6.0,2.0,22,-0.01111106102615034,-0.0025616372004151344
40004,JG074C,232,FAM,-inf,False,J16,0.0,FAM,JG074C.232,UNKNOWN,,15.49642,462,3162,1000000,100,3.49996186559619,6.0,2.0,23,0.236923790043187,0.5160806775093079
40005,JG074C,232,HEX,-inf,False,J16,0.0,HEX,JG074C.232,UNKNOWN,,32.966145,463,3162,1000000,100,3.49996186559619,6.0,2.0,23,-0.012951557859360344,-0.0007202933775261045
40006,JG074C,232,FAM,-inf,False,J16,0.0,FAM,JG074C.232,UNKNOWN,,15.49642,462,3162,1000000,100,3.49996186559619,6.0,2.0,24,0.2656451777267574,0.5808619260787964
40007,JG074C,232,HEX,-inf,False,J16,0.0,HEX,JG074C.232,UNKNOWN,,32.966145,463,3162,1000000,100,3.49996186559619,6.0,2.0,24,-0.015319504185446217,0.0021598103921860456
40008,JG074C,232,FAM,-inf,False,J16,0.0,FAM,JG074C.232,UNKNOWN,,15.49642,462,3162,1000000,100,3.49996186559619,6.0,2.0,25,0.2912473633047411,0.6383683085441589
40009,JG074C,232,HEX,-inf,False,J16,0.0,HEX,JG074C.232,UNKNOWN,,32.966145,463,3162,1000000,100,3.49996186559619,6.0,2.0,25,-0.016410993986684223,0.0025260583497583866
40010,JG074C,232,FAM,-inf,False,J16,0.0,FAM,JG074C.232,UNKNOWN,,15.49642,462,3162,1000000,100,3.49996186559619,6.0,2.0,26,0.31261803274341854,0.6860055923461914
40011,JG074C,232,HEX,-inf,False,J16,0.0,HEX,JG074C.232,UNKNOWN,,32.966145,463,3162,1000000,100,3.49996186559619,6.0,2.0,26,-0.018307496861298147,0.0044777002185583115
40012,JG074C,232,FAM,-inf,False,J16,0.0,FAM,JG074C.232,UNKNOWN,,15.49642,462,3162,1000000,100,3.49996186559619,6.0,2.0,27,0.3318664528027156,0.7286931872367859
40013,JG074C,232,HEX,-inf,False,J16,0.0,HEX,JG074C.232,UNKNOWN,,32.966145,463,3162,1000000,100,3.49996186559619,6.0,2.0,27,-0.019554656521472147,0.005150524899363518
40014,JG074C,232,FAM,-inf,False,J16,0.0,FAM,JG074C.232,UNKNOWN,,15.49642,462,3162,1000000,100,3.49996186559619,6.0,2.0,28,0.35019305576808135,0.769230842590332
40015,JG074C,232,HEX,-inf,False,J16,0.0,HEX,JG074C.232,UNKNOWN,,32.966145,463,3162,1000000,100,3.49996186559619,6.0,2.0,28,-0.020943715303571177,0.006102805957198143
40016,JG074C,232,FAM,-inf,False,J16,0.0,FAM,JG074C.232,UNKNOWN,,15.49642,462,3162,1000000,100,3.49996186559619,6.0,2.0,29,0.3687749154324819,0.8103638291358948
40017,JG074C,232,HEX,-inf,False,J16,0.0,HEX,JG074C.232,UNKNOWN,,32.966145,463,3162,1000000,100,3.49996186559619,6.0,2.0,29,-0.023569840249595516,0.009491367265582085
40018,JG074C,232,FAM,-inf,False,J16,0.0,FAM,JG074C.232,UNKNOWN,,15.49642,462,3162,1000000,100,3.49996186559619,6.0,2.0,30,0.39035821359923,0.8584970235824585
40019,JG074C,232,HEX,-inf,False,J16,0.0,HEX,JG074C.232,UNKNOWN,,32.966145,463,3162,1000000,100,3.49996186559619,6.0,2.0,30,-0.027456714000668406,0.015362848527729511
40020,JG074C,232,FAM,-inf,False,J16,0.0,FAM,JG074C.232,UNKNOWN,,15.49642,462,3162,1000000,100,3.49996186559619,6.0,2.0,31,0.4154600060887974,0.9148362874984741
40021,JG074C,232,HEX,-inf,False,J16,0.0,HEX,JG074C.232,UNKNOWN,,32.966145,463,3162,1000000,100,3.49996186559619,6.0,2.0,31,-0.03033823315387295,0.01925438456237316
40022,JG074C,232,FAM,-inf,False,J16,0.0,FAM,JG074C.232,UNKNOWN,,15.49642,462,3162,1000000,100,3.49996186559619,6.0,2.0,32,0.44332106522648185,0.9776110053062439
40023,JG074C,232,HEX,-inf,False,J16,0.0,HEX,JG074C.232,UNKNOWN,,32.966145,463,3162,1000000,100,3.49996186559619,6.0,2.0,32,-0.03666767246641748,0.029936259612441063
40024,JG074C,232,FAM,-inf,False,J16,0.0,FAM,JG074C.232,UNKNOWN,,15.49642,462,3162,1000000,100,3.49996186559619,6.0,2.0,33,0.476522121086566,1.0528401136398315
40025,JG074C,232,HEX,-inf,False,J16,0.0,HEX,JG074C.232,UNKNOWN,,32.966145,463,3162,1000000,100,3.49996186559619,6.0,2.0,33,-0.042883828551199314,0.04039503261446953
40026,JG074C,232,FAM,-inf,False,J16,0.0,FAM,JG074C.232,UNKNOWN,,15.49642,462,3162,1000000,100,3.49996186559619,6.0,2.0,34,0.5105688361548062,1.1300415992736816
40027,JG074C,232,HEX,-inf,False,J16,0.0,HEX,JG074C.232,UNKNOWN,,32.966145,463,3162,1000000,100,3.49996186559619,6.0,2.0,34,-0.05052469600752834,0.05365963652729988
40028,JG074C,232,FAM,-inf,False,J16,0.0,FAM,JG074C.232,UNKNOWN,,15.49642,462,3162,1000000,100,3.49996186559619,6.0,2.0,35,0.5455899121468952,1.2095154523849487
40029,JG074C,232,HEX,-inf,False,J16,0.0,HEX,JG074C.232,UNKNOWN,,32.966145,463,3162,1000000,100,3.49996186559619,6.0,2.0,35,-0.05906129694204725,0.068688303232193
40030,JG074C,232,FAM,-inf,False,J16,0.0,FAM,JG074C.232,UNKNOWN,,15.49642,462,3162,1000000,100,3.49996186559619,6.0,2.0,36,0.5787773720354249,1.284712791442871
40031,JG074C,232,HEX,-inf,False,J16,0.0,HEX,JG074C.232,UNKNOWN,,32.966145,463,3162,1000000,100,3.49996186559619,6.0,2.0,36,-0.06963810066179117,0.08773494511842728
40032,JG074C,232,FAM,-inf,False,J16,0.0,FAM,JG074C.232,UNKNOWN,,15.49642,462,3162,1000000,100,3.49996186559619,6.0,2.0,37,0.6118345457153362,1.359606385231018
40033,JG074C,232,HEX,-inf,False,J16,0.0,HEX,JG074C.232,UNKNOWN,,32.966145,463,3162,1000000,100,3.49996186559619,6.0,2.0,37,-0.07964004420837861,0.1056494489312172
40034,JG074C,232,FAM,-inf,False,J16,0.0,FAM,JG074C.232,UNKNOWN,,15.49642,462,3162,1000000,100,3.49996186559619,6.0,2.0,38,0.642076739931362,1.4279345273971558
40035,JG074C,232,HEX,-inf,False,J16,0.0,HEX,JG074C.232,UNKNOWN,,32.966145,463,3162,1000000,100,3.49996186559619,6.0,2.0,38,-0.0893624569263216,0.1230134516954422
40036,JG074C,232,FAM,-inf,False,J16,0.0,FAM,JG074C.232,UNKNOWN,,15.49642,462,3162,1000000,100,3.49996186559619,6.0,2.0,39,0.6684490912965018,1.4872372150421143
40037,JG074C,232,HEX,-inf,False,J16,0.0,HEX,JG074C.232,UNKNOWN,,32.966145,463,3162,1000000,100,3.49996186559619,6.0,2.0,39,-0.10076323496501806,0.1436828374862671
40038,JG074C,232,FAM,-inf,False,J16,0.0,FAM,JG074C.232,UNKNOWN,,15.49642,462,3162,1000000,100,3.49996186559619,6.0,2.0,40,0.6925764717495453,1.5413038730621338
40039,JG074C,232,HEX,-inf,False,J16,0.0,HEX,JG074C.232,UNKNOWN,,32.966145,463,3162,1000000,100,3.49996186559619,6.0,2.0,40,-0.11061445703838664,0.16130051016807556
40040,JG074C,232,FAM,-inf,False,J16,0.0,FAM,JG074C.232,UNKNOWN,,15.49642,462,3162,1000000,100,3.49996186559619,6.0,2.0,41,0.7132792518637758,1.587383508682251
40041,JG074C,232,HEX,-inf,False,J16,0.0,HEX,JG074C.232,UNKNOWN,,32.966145,463,3162,1000000,100,3.49996186559619,6.0,2.0,41,-0.11968643698907125,0.17738355696201324
40042,JG074C,232,FAM,-inf,False,J16,0.0,FAM,JG074C.232,UNKNOWN,,15.49642,462,3162,1000000,100,3.49996186559619,6.0,2.0,42,0.7319548010614825,1.6287349462509155
40043,JG074C,232,HEX,-inf,False,J16,0.0,HEX,JG074C.232,UNKNOWN,,32.966145,463,3162,1000000,100,3.49996186559619,6.0,2.0,42,-0.12849550179159275,0.19294880330562592
40044,JG074C,232,FAM,-inf,False,J16,0.0,FAM,JG074C.232,UNKNOWN,,15.49642,462,3162,1000000,100,3.49996186559619,6.0,2.0,43,0.7510714526445857,1.6711152791976929
40045,JG074C,232,HEX,-inf,False,J16,0.0,HEX,JG074C.232,UNKNOWN,,32.966145,463,3162,1000000,100,3.49996186559619,6.0,2.0,43,-0.13781266139178458,0.20951470732688904
40046,JG074C,232,FAM,-inf,False,J16,0.0,FAM,JG074C.232,UNKNOWN,,15.49642,462,3162,1000000,100,3.49996186559619,6.0,2.0,44,0.7688642859447491,1.7104079723358154
40047,JG074C,232,HEX,-inf,False,J16,0.0,HEX,JG074C.232,UNKNOWN,,32.966145,463,3162,1000000,100,3.49996186559619,6.0,2.0,44,-0.14750992359883502,0.2268291711807251
40048,JG074C,232,FAM,-inf,False,J16,0.0,FAM,JG074C.232,UNKNOWN,,15.49642,462,3162,1000000,100,3.49996186559619,6.0,2.0,45,0.7862522046334279,1.7487562894821167
40049,JG074C,232,HEX,-inf,False,J16,0.0,HEX,JG074C.232,UNKNOWN,,32.966145,463,3162,1000000,100,3.49996186559619,6.0,2.0,45,-0.15683797872721136,0.24341653287410736
40050,JG074C,232,FAM,-inf,False,J16,0.0,FAM,JG074C.232,UNKNOWN,,15.49642,462,3162,1000000,100,3.49996186559619,6.0,2.0,46,0.802109809832098,1.7835355997085571
40051,JG074C,232,HEX,-inf,False,J16,0.0,HEX,JG074C.232,UNKNOWN,,32.966145,463,3162,1000000,100,3.49996186559619,6.0,2.0,46,-0.16574328736202926,0.25917133688926697
40052,JG074C,232,FAM,-inf,False,J16,0.0,FAM,JG074C.232,UNKNOWN,,15.49642,462,3162,1000000,100,3.49996186559619,6.0,2.0,47,0.8157846993568428,1.8132240772247314
40053,JG074C,232,HEX,-inf,False,J16,0.0,HEX,JG074C.232,UNKNOWN,,32.966145,463,3162,1000000,100,3.49996186559619,6.0,2.0,47,-0.17406114543556636,0.27376919984817505
40054,JG074C,232,FAM,-inf,False,J16,0.0,FAM,JG074C.232,UNKNOWN,,15.49642,462,3162,1000000,100,3.49996186559619,6.0,2.0,48,0.8299094826470871,1.8439619541168213
40055,JG074C,232,HEX,-inf,False,J16,0.0,HEX,JG074C.232,UNKNOWN,,32.966145,463,3162,1000000,100,3.49996186559619,6.0,2.0,48,-0.18090220545976318,0.28545865416526794
40056,JG074C,232,FAM,-inf,False,J16,0.0,FAM,JG074C.232,UNKNOWN,,15.49642,462,3162,1000000,100,3.49996186559619,6.0,2.0,49,0.8461144495851727,1.8795512914657593
40057,JG074C,232,HEX,-inf,False,J16,0.0,HEX,JG074C.232,UNKNOWN,,32.966145,463,3162,1000000,100,3.49996186559619,6.0,2.0,49,-0.1899937670958238,0.3015802502632141
40058,JG074C,232,FAM,-inf,False,J16,0.0,FAM,JG074C.232,UNKNOWN,,15.49642,462,3162,1000000,100,3.49996186559619,6.0,2.0,50,0.8583420326041364,1.9058643579483032
40059,JG074C,232,HEX,-inf,False,J16,0.0,HEX,JG074C.232,UNKNOWN,,32.966145,463,3162,1000000,100,3.49996186559619,6.0,2.0,50,-0.19887631618287852,0.3172902464866638
44100,JG074C,256,FAM,-inf,False,K16,0.0,FAM,JG074C.256,UNKNOWN,,15.637774,510,1000,1000000,100,3.0,6.0,2.0,1,-0.0059790361363417826,0.0016851749969646335
44101,JG074C,256,HEX,-inf,False,K16,0.0,HEX,JG074C.256,UNKNOWN,,32.42961,511,1000,1000000,100,3.0,6.0,2.0,1,0.0015674049590690094,0.008285323157906532
44102,JG074C,256,FAM,-inf,False,K16,0.0,FAM,JG074C.256,UNKNOWN,,15.637774,510,1000,1000000,100,3.0,6.0,2.0,2,-0.005662214220248989,-0.0005038922536186874
44103,JG074C,256,HEX,-inf,False,K16,0.0,HEX,JG074C.256,UNKNOWN,,32.42961,511,1000,1000000,100,3.0,6.0,2.0,2,0.001490530954656173,0.006820230279117823
44104,JG074C,256,FAM,-inf,False,K16,0.0,FAM,JG074C.256,UNKNOWN,,15.637774,510,1000,1000000,100,3.0,6.0,2.0,3,-0.004425389710187938,-0.0005472518969327211
44105,JG074C,256,HEX,-inf,False,K16,0.0,HEX,JG074C.256,UNKNOWN,,32.42961,511,1000,1000000,100,3.0,6.0,2.0,3,0.0009060010002359695,0.006354915909469128
44106,JG074C,256,FAM,-inf,False,K16,0.0,FAM,JG074C.256,UNKNOWN,,15.637774,510,1000,1000000,100,3.0,6.0,2.0,4,-0.002365293343628278,0.0013294924283400178
44107,JG074C,256,HEX,-inf,False,K16,0.0,HEX,JG074C.256,UNKNOWN,,32.42961,511,1000,1000000,100,3.0,6.0,2.0,4,0.0009741283167451407,0.0046042571775615215
44108,JG074C,256,FAM,-inf,False,K16,0.0,FAM,JG074C.256,UNKNOWN,,15.637774,510,1000,1000000,100,3.0,6.0,2.0,5,-0.0007108143878346722,0.0022602216340601444
44109,JG074C,256,HEX,-inf,False,K16,0.0,HEX,JG074C.256,UNKNOWN,,32.42961,511,1000,1000000,100,3.0,6.0,2.0,5,0.000238301847340776,0.004436906892806292
44110,JG074C,256,FAM,-inf,False,K16,0.0,FAM,JG074C.256,UNKNOWN,,15.637774,510,1000,1000000,100,3.0,6.0,2.0,6,3.8369646226814415e-05,0.001079545821994543
44111,JG074C,256,HEX,-inf,False,K16,0.0,HEX,JG074C.256,UNKNOWN,,32.42961,511,1000,1000000,100,3.0,6.0,2.0,6,0.0007999209272174688,0.0017143645090982318
44112,JG074C,256,FAM,-inf,False,K16,0.0,FAM,JG074C.256,UNKNOWN,,15.637774,510,1000,1000000,100,3.0,6.0,2.0,7,0.0006685889291862639,-0.00037858972791582346
44113,JG074C,256,HEX,-inf,False,K16,0.0,HEX,JG074C.256,UNKNOWN,,32.42961,511,1000,1000000,100,3.0,6.0,2.0,7,0.0004929999513314158,0.0007023266516625881
44114,JG074C,256,FAM,-inf,False,K16,0.0,FAM,JG074C.256,UNKNOWN,,15.637774,510,1000,1000000,100,3.0,6.0,2.0,8,0.0010440115271860332,-0.0024309835862368345
44115,JG074C,256,HEX,-inf,False,K16,0.0,HEX,JG074C.256,UNKNOWN,,32.42961,511,1000,1000000,100,3.0,6.0,2.0,8,-0.0007119092717715915,0.001458788407035172
44116,JG074C,256,FAM,-inf,False,K16,0.0,FAM,JG074C.256,UNKNOWN,,15.637774,510,1000,1000000,100,3.0,6.0,2.0,9,0.002336088838940447,-0.002345477929338813
44117,JG074C,256,HEX,-inf,False,K16,0.0,HEX,JG074C.256,UNKNOWN,,32.42961,511,1000,1000000,100,3.0,6.0,2.0,9,-0.001181657863303731,0.000767423480283469
44118,JG074C,256,FAM,-inf,False,K16,0.0,FAM,JG074C.256,UNKNOWN,,15.637774,510,1000,1000000,100,3.0,6.0,2.0,10,0.0034144385001113296,-0.0027584461495280266
44119,JG074C,256,HEX,-inf,False,K16,0.0,HEX,JG074C.256,UNKNOWN,,32.42961,511,1000,1000000,100,3.0,6.0,2.0,10,-0.0015177849077954483,-0.00018709593859966844
44120,JG074C,256,FAM,-inf,False,K16,0.0,FAM,JG074C.256,UNKNOWN,,15.637774,510,1000,1000000,100,3.0,6.0,2.0,11,0.0056486757504538646,-0.0004755556583404541
44121,JG074C,256,HEX,-inf,False,K16,0.0,HEX,JG074C.256,UNKNOWN,,32.42961,511,1000,1000000,100,3.0,6.0,2.0,11,-0.0024038940027556947,-5.847973807249218e-05
44122,JG074C,256,FAM,-inf,False,K16,0.0,FAM,JG074C.256,UNKNOWN,,15.637774,510,1000,1000000,100,3.0,6.0,2.0,12,0.007495300029805078,0.0009033111273311079
44123,JG074C,256,HEX,-inf,False,K16,0.0,HEX,JG074C.256,UNKNOWN,,32.42961,511,1000,1000000,100,3.0,6.0,2.0,12,-0.002429816280227976,-0.0016239169053733349
44124,JG074C,256,FAM,-inf,False,K16,0.0,FAM,JG074C.256,UNKNOWN,,15.637774,510,1000,1000000,100,3.0,6.0,2.0,13,0.00980565683141666,0.0033637338783591986
44125,JG074C,256,HEX,-inf,False,K16,0.0,HEX,JG074C.256,UNKNOWN,,32.42961,511,1000,1000000,100,3.0,6.0,2.0,13,-0.0025013938473289043,-0.003099440596997738
44126,JG074C,256,FAM,-inf,False,K16,0.0,FAM,JG074C.256,UNKNOWN,,15.637774,510,1000,1000000,100,3.0,6.0,2.0,14,0.014466557775371933,0.011306294240057468
44127,JG074C,256,HEX,-inf,False,K16,0.0,HEX,JG074C.256,UNKNOWN,,32.42961,511,1000,1000000,100,3.0,6.0,2.0,14,-0.0028257022702760496,-0.0040772357024252415
44128,JG074C,256,FAM,-inf,False,K16,0.0,FAM,JG074C.256,UNKNOWN,,15.637774,510,1000,1000000,100,3.0,6.0,2.0,15,0.022106267084810942,0.026196282356977463
44129,JG074C,256,HEX,-inf,False,K16,0.0,HEX,JG074C.256,UNKNOWN,,32.42961,511,1000,1000000,100,3.0,6.0,2.0,15,-0.0028724017146890446,-0.0056017544120550156
44130,JG074C,256,FAM,-inf,False,K16,0.0,FAM,JG074C.256,UNKNOWN,,15.637774,510,1000,1000000,100,3.0,6.0,2.0,16,0.033517082335172005,0.04988156259059906
44131,JG074C,256,HEX,-inf,False,K16,0.0,HEX,JG074C.256,UNKNOWN,,32.42961,511,1000,1000000,100,3.0,6.0,2.0,16,-0.002789187118179952,-0.007382125593721867
44132,JG074C,256,FAM,-inf,False,K16,0.0,FAM,JG074C.256,UNKNOWN,,15.637774,510,1000,1000000,100,3.0,6.0,2.0,17,0.050497914123677975,0.08655770123004913
44133,JG074C,256,HEX,-inf,False,K16,0.0,HEX,JG074C.256,UNKNOWN,,32.42961,511,1000,1000000,100,3.0,6.0,2.0,17,-0.0036434419258785807,-0.00731624336913228
44134,JG074C,256,FAM,-inf,False,K16,0.0,FAM,JG074C.256,UNKNOWN,,15.637774,510,1000,1000000,100,3.0,6.0,2.0,18,0.07397018342102885,0.1383737176656723
44135,JG074C,256,HEX,-inf,False,K16,0.0,HEX,JG074C.256,UNKNOWN,,32.42961,511,1000,1000000,100,3.0,6.0,2.0,18,-0.005239848662399795,-0.005788765847682953
44136,JG074C,256,FAM,-inf,False,K16,0.0,FAM,JG074C.256,UNKNOWN,,15.637774,510,1000,1000000,100,3.0,6.0,2.0,19,0.1049563481782644,0.2077142745256424
44137,JG074C,256,HEX,-inf,False,K16,0.0,HEX,JG074C.256,UNKNOWN,,32.42961,511,1000,1000000,100,3.0,6.0,2.0,19,-0.006577743860065796,-0.0047704013995826244
44138,JG074C,256,FAM,-inf,False,K16,0.0,FAM,JG074C.256,UNKNOWN,,15.637774,510,1000,1000000,100,3.0,6.0,2.0,20,0.13865025800719985,0.28337007761001587
44139,JG074C,256,HEX,-inf,False,K16,0.0,HEX,JG074C.256,UNKNOWN,,32.42961,511,1000,1000000,100,3.0,6.0,2.0,20,-0.00859387055453867,-0.002416326431557536
44140,JG074C,256,FAM,-inf,False,K16,0.0,FAM,JG074C.256,UNKNOWN,,15.637774,510,1000,1000000,100,3.0,6.0,2.0,21,0.17424826831854315,0.3634667694568634
44141,JG074C,256,HEX,-inf,False,K16,0.0,HEX,JG074C.256,UNKNOWN,,32.42961,511,1000,1000000,100,3.0,6.0,2.0,21,-0.010298899653988102,-0.0006749278400093317
44142,JG074C,256,FAM,-inf,False,K16,0.0,FAM,JG074C.256,UNKNOWN,,15.637774,510,1000,1000000,100,3.0,6.0,2.0,22,0.20928380919766199,0.44225162267684937
44143,JG074C,256,HEX,-inf,False,K16,0.0,HEX,JG074C.256,UNKNOWN,,32.42961,511,1000,1000000,100,3.0,6.0,2.0,22,-0.012108873875603481,0.0012731499737128615
44144,JG074C,256,FAM,-inf,False,K16,0.0,FAM,JG074C.256,UNKNOWN,,15.637774,510,1000,1000000,100,3.0,6.0,2.0,23,0.24074941084655688,0.5127103924751282
44145,JG074C,256,HEX,-inf,False,K16,0.0,HEX,JG074C.256,UNKNOWN,,32.42961,511,1000,1000000,100,3.0,6.0,2.0,23,-0.013433452316599542,0.00226528849452734
44146,JG074C,256,FAM,-inf,False,K16,0.0,FAM,JG074C.256,UNKNOWN,,15.637774,510,1000,1000000,100,3.0,6.0,2.0,24,0.27013792116444896,0.5783247351646423
44147,JG074C,256,HEX,-inf,False,K16,0.0,HEX,JG074C.256,UNKNOWN,,32.42961,511,1000,1000000,100,3.0,6.0,2.0,24,-0.013594902858544533,0.0009667608537711203
44148,JG074C,256,FAM,-inf,False,K16,0.0,FAM,JG074C.256,UNKNOWN,,15.637774,510,1000,1000000,100,3.0,6.0,2.0,25,0.29578401253027226,0.6352107524871826
44149,JG074C,256,HEX,-inf,False,K16,0.0,HEX,JG074C.256,UNKNOWN,,32.42961,511,1000,1000000,100,3.0,6.0,2.0,25,-0.015316774628645832,0.0027413296047598124
44150,JG074C,256,FAM,-inf,False,K16,0.0,FAM,JG074C.256,UNKNOWN,,15.637774,510,1000,1000000,100,3.0,6.0,2.0,26,0.3169136345935696,0.6815630197525024
44151,JG074C,256,HEX,-inf,False,K16,0.0,HEX,JG074C.256,UNKNOWN,,32.42961,511,1000,1000000,100,3.0,6.0,2.0,26,-0.016275142261218536,0.0030122518073767424
44152,JG074C,256,FAM,-inf,False,K16,0.0,FAM,JG074C.256,UNKNOWN,,15.637774,510,1000,1000000,100,3.0,6.0,2.0,27,0.3350598098161253,0.7209571003913879
44153,JG074C,256,HEX,-inf,False,K16,0.0,HEX,JG074C.256,UNKNOWN,,32.42961,511,1000,1000000,100,3.0,6.0,2.0,27,-0.016827742264986952,0.0024840545374900103
44154,JG074C,256,FAM,-inf,False,K16,0.0,FAM,JG074C.256,UNKNOWN,,15.637774,510,1000,1000000,100,3.0,6.0,2.0,28,0.3514901836510359,0.7563493847846985
44155,JG074C,256,HEX,-inf,False,K16,0.0,HEX,JG074C.256,UNKNOWN,,32.42961,511,1000,1000000,100,3.0,6.0,2.0,28,-0.018258431044357582,0.00368516705930233
44156,JG074C,256,FAM,-inf,False,K16,0.0,FAM,JG074C.256,UNKNOWN,,15.637774,510,1000,1000000,100,3.0,6.0,2.0,29,0.36477641239495145,0.784408688545227
44157,JG074C,256,HEX,-inf,False,K16,0.0,HEX,JG074C.256,UNKNOWN,,32.42961,511,1000,1000000,100,3.0,6.0,2.0,29,-0.020523611353914405,0.006529728416353464
44158,JG074C,256,FAM,-inf,False,K16,0.0,FAM,JG074C.256,UNKNOWN,,15.637774,510,1000,1000000,100,3.0,6.0,2.0,30,0.3792656801707419,0.8152737617492676
44159,JG074C,256,HEX,-inf,False,K16,0.0,HEX,JG074C.256,UNKNOWN,,32.42961,511,1000,1000000,100,3.0,6.0,2.0,30,-0.024088189328218674,0.011933325789868832
44160,JG074C,256,FAM,-inf,False,K16,0.0,FAM,JG074C.256,UNKNOWN,,15.637774,510,1000,1000000,100,3.0,6.0,2.0,31,0.39489338055718565,0.8487940430641174
44161,JG074C,256,HEX,-inf,False,K16,0.0,HEX,JG074C.256,UNKNOWN,,32.42961,511,1000,1000000,100,3.0,6.0,2.0,31,-0.028524000974975747,0.01905273273587227
44162,JG074C,256,FAM,-inf,False,K16,0.0,FAM,JG074C.256,UNKNOWN,,15.637774,510,1000,1000000,100,3.0,6.0,2.0,32,0.41139940115112134,0.8843627572059631
44163,JG074C,256,HEX,-inf,False,K16,0.0,HEX,JG074C.256,UNKNOWN,,32.42961,511,1000,1000000,100,3.0,6.0,2.0,32,-0.036057320488516974,0.032272376120090485
44164,JG074C,256,FAM,-inf,False,K16,0.0,FAM,JG074C.256,UNKNOWN,,15.637774,510,1000,1000000,100,3.0,6.0,2.0,33,0.4301040334609127,0.9250593185424805
44165,JG074C,256,HEX,-inf,False,K16,0.0,HEX,JG074C.256,UNKNOWN,,32.42961,511,1000,1000000,100,3.0,6.0,2.0,33,-0.04650605635405895,0.051233645528554916
44166,JG074C,256,FAM,-inf,False,K16,0.0,FAM,JG074C.256,UNKNOWN,,15.637774,510,1000,1000000,100,3.0,6.0,2.0,34,0.45311143297898404,0.9757911562919617
44167,JG074C,256,HEX,-inf,False,K16,0.0,HEX,JG074C.256,UNKNOWN,,32.42961,511,1000,1000000,100,3.0,6.0,2.0,34,-0.060411201811318004,0.07700197398662567
44168,JG074C,256,FAM,-inf,False,K16,0.0,FAM,JG074C.256,UNKNOWN,,15.637774,510,1000,1000000,100,3.0,6.0,2.0,35,0.47775837377357533,1.0303468704223633
44169,JG074C,256,HEX,-inf,False,K16,0.0,HEX,JG074C.256,UNKNOWN,,32.42961,511,1000,1000000,100,3.0,6.0,2.0,35,-0.07682693421781163,0.10771466046571732
44170,JG074C,256,FAM,-inf,False,K16,0.0,FAM,JG074C.256,UNKNOWN,,15.637774,510,1000,1000000,100,3.0,6.0,2.0,36,0.5030721305264382,1.0864577293395996
44171,JG074C,256,HEX,-inf,False,K16,0.0,HEX,JG074C.256,UNKNOWN,,32.42961,511,1000,1000000,100,3.0,6.0,2.0,36,-0.0966831869040866,0.1452031135559082
44172,JG074C,256,FAM,-inf,False,K16,0.0,FAM,JG074C.256,UNKNOWN,,15.637774,510,1000,1000000,100,3.0,6.0,2.0,37,0.5299482995292203,1.1462125778198242
44173,JG074C,256,HEX,-inf,False,K16,0.0,HEX,JG074C.256,UNKNOWN,,32.42961,511,1000,1000000,100,3.0,6.0,2.0,37,-0.11778930799990367,0.1851530522108078
44174,JG074C,256,FAM,-inf,False,K16,0.0,FAM,JG074C.256,UNKNOWN,,15.637774,510,1000,1000000,100,3.0,6.0,2.0,38,0.5543642621454098,1.200229525566101
44175,JG074C,256,HEX,-inf,False,K16,0.0,HEX,JG074C.256,UNKNOWN,,32.42961,511,1000,1000000,100,3.0,6.0,2.0,38,-0.138694951377126,0.2247081696987152
44176,JG074C,256,FAM,-inf,False,K16,0.0,FAM,JG074C.256,UNKNOWN,,15.637774,510,1000,1000000,100,3.0,6.0,2.0,39,0.5766387059037376,1.2492519617080688
44177,JG074C,256,HEX,-inf,False,K16,0.0,HEX,JG074C.256,UNKNOWN,,32.42961,511,1000,1000000,100,3.0,6.0,2.0,39,-0.16027796368850727,0.26559731364250183
44178,JG074C,256,FAM,-inf,False,K16,0.0,FAM,JG074C.256,UNKNOWN,,15.637774,510,1000,1000000,100,3.0,6.0,2.0,40,0.598800855115053,1.298012375831604
44179,JG074C,256,HEX,-inf,False,K16,0.0,HEX,JG074C.256,UNKNOWN,,32.42961,511,1000,1000000,100,3.0,6.0,2.0,40,-0.1796642861911137,0.30216026306152344
44180,JG074C,256,FAM,-inf,False,K16,0.0,FAM,JG074C.256,UNKNOWN,,15.637774,510,1000,1000000,100,3.0,6.0,2.0,41,0.6212641602075686,1.3474751710891724
44181,JG074C,256,HEX,-inf,False,K16,0.0,HEX,JG074C.256,UNKNOWN,,32.42961,511,1000,1000000,100,3.0,6.0,2.0,41,-0.19923528789644734,0.33908694982528687
44182,JG074C,256,FAM,-inf,False,K16,0.0,FAM,JG074C.256,UNKNOWN,,15.637774,510,1000,1000000,100,3.0,6.0,2.0,42,0.6419737894202513,1.3928478956222534
44183,JG074C,256,HEX,-inf,False,K16,0.0,HEX,JG074C.256,UNKNOWN,,32.42961,511,1000,1000000,100,3.0,6.0,2.0,42,-0.21705571114144914,0.3725660443305969
44184,JG074C,256,FAM,-inf,False,K16,0.0,FAM,JG074C.256,UNKNOWN,,15.637774,510,1000,1000000,100,3.0,6.0,2.0,43,0.6618822274520427,1.4363521337509155
44185,JG074C,256,HEX,-inf,False,K16,0.0,HEX,JG074C.256,UNKNOWN,,32.42961,511,1000,1000000,100,3.0,6.0,2.0,43,-0.2341532160914096,0.4046213924884796
44186,JG074C,256,FAM,-inf,False,K16,0.0,FAM,JG074C.256,UNKNOWN,,15.637774,510,1000,1000000,100,3.0,6.0,2.0,44,0.6811046311597562,1.4782562255859375
44187,JG074C,256,HEX,-inf,False,K16,0.0,HEX,JG074C.256,UNKNOWN,,32.42961,511,1000,1000000,100,3.0,6.0,2.0,44,-0.2503693030766004,0.434940904378891
44188,JG074C,256,FAM,-inf,False,K16,0.0,FAM,JG074C.256,UNKNOWN,,15.637774,510,1000,1000000,100,3.0,6.0,2.0,45,0.699247790734486,1.5176432132720947
44189,JG074C,256,HEX,-inf,False,K16,0.0,HEX,JG074C.256,UNKNOWN,,32.42961,511,1000,1000000,100,3.0,6.0,2.0,45,-0.26555685220117464,0.4632348120212555
44190,JG074C,256,FAM,-inf,False,K16,0.0,FAM,JG074C.256,UNKNOWN,,15.637774,510,1000,1000000,100,3.0,6.0,2.0,46,0.7161787621085128,1.5542031526565552
44191,JG074C,256,HEX,-inf,False,K16,0.0,HEX,JG074C.256,UNKNOWN,,32.42961,511,1000,1000000,100,3.0,6.0,2.0,46,-0.2804701669344164,0.4909886121749878
44192,JG074C,256,FAM,-inf,False,K16,0.0,FAM,JG074C.256,UNKNOWN,,15.637774,510,1000,1000000,100,3.0,6.0,2.0,47,0.7324537534113718,1.5892330408096313
44193,JG074C,256,HEX,-inf,False,K16,0.0,HEX,JG074C.256,UNKNOWN,,32.42961,511,1000,1000000,100,3.0,6.0,2.0,47,-0.29472354557859437,0.5174427628517151
44194,JG074C,256,FAM,-inf,False,K16,0.0,FAM,JG074C.256,UNKNOWN,,15.637774,510,1000,1000000,100,3.0,6.0,2.0,48,0.7460953174720054,1.6181210279464722
44195,JG074C,256,HEX,-inf,False,K16,0.0,HEX,JG074C.256,UNKNOWN,,32.42961,511,1000,1000000,100,3.0,6.0,2.0,48,-0.30591564398720167,0.5378680229187012
44196,JG074C,256,FAM,-inf,False,K16,0.0,FAM,JG074C.256,UNKNOWN,,15.637774,510,1000,1000000,100,3.0,6.0,2.0,49,0.7607907226661393,1.649466872215271
44197,JG074C,256,HEX,-inf,False,K16,0.0,HEX,JG074C.256,UNKNOWN,,32.42961,511,1000,1000000,100,3.0,6.0,2.0,49,-0.3187659509894211,0.5615589618682861
44198,JG074C,256,FAM,-inf,False,K16,0.0,FAM,JG074C.256,UNKNOWN,,15.637774,510,1000,1000000,100,3.0,6.0,2.0,50,0.7767588334681963,1.6837811470031738
44199,JG074C,256,HEX,-inf,False,K16,0.0,HEX,JG074C.256,UNKNOWN,,32.42961,511,1000,1000000,100,3.0,6.0,2.0,50,-0.33322728289514264,0.5884225964546204
48240,JG074C,280,FAM,-inf,False,L16,0.0,FAM,JG074C.280,UNKNOWN,,15.523831,558,316,1000000,100,2.499687082618404,6.0,2.0,1,-0.006707201680073628,-0.001479121739976108
48241,JG074C,280,HEX,-inf,False,L16,0.0,HEX,JG074C.280,UNKNOWN,,33.269146,559,316,1000000,100,2.499687082618404,6.0,2.0,1,0.0011479763051695047,0.009386047720909119
48242,JG074C,280,FAM,-inf,False,L16,0.0,FAM,JG074C.280,UNKNOWN,,15.523831,558,316,1000000,100,2.499687082618404,6.0,2.0,2,-0.006294479607480212,-0.0031115710735321045
48243,JG074C,280,HEX,-inf,False,L16,0.0,HEX,JG074C.280,UNKNOWN,,33.269146,559,316,1000000,100,2.499687082618404,6.0,2.0,2,0.0010444082567046516,0.008004333823919296
48244,JG074C,280,FAM,-inf,False,L16,0.0,FAM,JG074C.280,UNKNOWN,,15.523831,558,316,1000000,100,2.499687082618404,6.0,2.0,3,-0.004707264932008961,-0.002004769630730152
48245,JG074C,280,HEX,-inf,False,L16,0.0,HEX,JG074C.280,UNKNOWN,,33.269146,559,316,1000000,100,2.499687082618404,6.0,2.0,3,0.0008912352896442717,0.006720311474055052
48246,JG074C,280,FAM,-inf,False,L16,0.0,FAM,JG074C.280,UNKNOWN,,15.523831,558,316,1000000,100,2.499687082618404,6.0,2.0,4,-0.0021377157553862376,0.0013931150315329432
48247,JG074C,280,HEX,-inf,False,L16,0.0,HEX,JG074C.280,UNKNOWN,,33.269146,559,316,1000000,100,2.499687082618404,6.0,2.0,4,-6.418147071179973e-05,0.007016229908913374
48248,JG074C,280,FAM,-inf,False,L16,0.0,FAM,JG074C.280,UNKNOWN,,15.523831,558,316,1000000,100,2.499687082618404,6.0,2.0,5,-0.0008335502959903064,0.001839765114709735
48249,JG074C,280,HEX,-inf,False,L16,0.0,HEX,JG074C.280,UNKNOWN,,33.269146,559,316,1000000,100,2.499687082618404,6.0,2.0,5,-0.0006869668352020132,0.006657063495367765
48250,JG074C,280,FAM,-inf,False,L16,0.0,FAM,JG074C.280,UNKNOWN,,15.523831,558,316,1000000,100,2.499687082618404,6.0,2.0,6,-0.00027519543410474076,0.000546972849406302
48251,JG074C,280,HEX,-inf,False,L16,0.0,HEX,JG074C.280,UNKNOWN,,33.269146,559,316,1000000,100,2.499687082618404,6.0,2.0,6,0.0004134209807199978,0.0029042763635516167
48252,JG074C,280,FAM,-inf,False,L16,0.0,FAM,JG074C.280,UNKNOWN,,15.523831,558,316,1000000,100,2.499687082618404,6.0,2.0,7,0.0005356560423647406,-0.0001569254818605259
48253,JG074C,280,HEX,-inf,False,L16,0.0,HEX,JG074C.280,UNKNOWN,,33.269146,559,316,1000000,100,2.499687082618404,6.0,2.0,7,0.0005710278224443466,0.001008204068057239
48254,JG074C,280,FAM,-inf,False,L16,0.0,FAM,JG074C.280,UNKNOWN,,15.523831,558,316,1000000,100,2.499687082618404,6.0,2.0,8,0.0012499812320646423,-0.0010859505273401737
48255,JG074C,280,HEX,-inf,False,L16,0.0,HEX,JG074C.280,UNKNOWN,,33.269146,559,316,1000000,100,2.499687082618404,6.0,2.0,8,9.646703929738765e-05,0.00035712370299734175
48256,JG074C,280,FAM,-inf,False,L16,0.0,FAM,JG074C.280,UNKNOWN,,15.523831,558,316,1000000,100,2.499687082618404,6.0,2.0,9,0.0027187806176902883,-0.00025532732252031565
48257,JG074C,280,HEX,-inf,False,L16,0.0,HEX,JG074C.280,UNKNOWN,,33.269146,559,316,1000000,100,2.499687082618404,6.0,2.0,9,-0.00034387875881464544,-0.00036133971298113465
48258,JG074C,280,FAM,-inf,False,L16,0.0,FAM,JG074C.280,UNKNOWN,,15.523831,558,316,1000000,100,2.499687082618404,6.0,2.0,10,0.003449308525370575,-0.001146563095971942
48259,JG074C,280,HEX,-inf,False,L16,0.0,HEX,JG074C.280,UNKNOWN,,33.269146,559,316,1000000,100,2.499687082618404,6.0,2.0,10,-0.0008771240673775452,-0.0008968466427177191
48260,JG074C,280,FAM,-inf,False,L16,0.0,FAM,JG074C.280,UNKNOWN,,15.523831,558,316,1000000,100,2.499687082618404,6.0,2.0,11,0.004592801290850607,-0.0010746474144980311
48261,JG074C,280,HEX,-inf,False,L16,0.0,HEX,JG074C.280,UNKNOWN,,33.269146,559,316,1000000,100,2.499687082618404,6.0,2.0,11,-0.0011366343629830044,-0.001971447840332985
48262,JG074C,280,FAM,-inf,False,L16,0.0,FAM,JG074C.280,UNKNOWN,,15.523831,558,316,1000000,100,2.499687082618404,6.0,2.0,12,0.006999888829931838,0.0019443306373432279
48263,JG074C,280,HEX,-inf,False,L16,0.0,HEX,JG074C.280,UNKNOWN,,33.269146,559,316,1000000,100,2.499687082618404,6.0,2.0,12,-0.00106236317919202,-0.0037033988628536463
48264,JG074C,280,FAM,-inf,False,L16,0.0,FAM,JG074C.280,UNKNOWN,,15.523831,558,316,1000000,100,2.499687082618404,6.0,2.0,13,0.00979092200557192,0.005858778953552246
48265,JG074C,280,HEX,-inf,False,L16,0.0,HEX,JG074C.280,UNKNOWN,,33.269146,559,316,1000000,100,2.499687082618404,6.0,2.0,13,-0.0013610822435836324,-0.004700782243162394
48266,JG074C,280,FAM,-inf,False,L16,0.0,FAM,JG074C.280,UNKNOWN,,15.523831,558,316,1000000,100,2.499687082618404,6.0,2.0,14,0.013759655104447155,0.012519958429038525
48267,JG074C,280,HEX,-inf,False,L16,0.0,HEX,JG074C.280,UNKNOWN,,33.269146,559,316,1000000,100,2.499687082618404,6.0,2.0,14,-0.0023409080136085826,-0.004356792662292719
48268,JG074C,280,FAM,-inf,False,L16,0.0,FAM,JG074C.280,UNKNOWN,,15.523831,558,316,1000000,100,2.499687082618404,6.0,2.0,15,0.021558030935307646,0.028112953528761864
48269,JG074C,280,HEX,-inf,False,L16,0.0,HEX,JG074C.280,UNKNOWN,,33.269146,559,316,1000000,100,2.499687082618404,6.0,2.0,15,-0.0026836177730451,-0.0052675409242510796
48270,JG074C,280,FAM,-inf,False,L16,0.0,FAM,JG074C.280,UNKNOWN,,15.523831,558,316,1000000,100,2.499687082618404,6.0,2.0,16,0.03345932341513171,0.05327511578798294
48271,JG074C,280,HEX,-inf,False,L16,0.0,HEX,JG074C.280,UNKNOWN,,33.269146,559,316,1000000,100,2.499687082618404,6.0,2.0,16,-0.0036666668034912972,-0.004917203448712826
48272,JG074C,280,FAM,-inf,False,L16,0.0,FAM,JG074C.280,UNKNOWN,,15.523831,558,316,1000000,100,2.499687082618404,6.0,2.0,17,0.051128975168504114,0.09189072996377945
48273,JG074C,280,HEX,-inf,False,L16,0.0,HEX,JG074C.280,UNKNOWN,,33.269146,559,316,1000000,100,2.499687082618404,6.0,2.0,17,-0.004347728111090533,-0.00516160111874342
48274,JG074C,280,FAM,-inf,False,L16,0.0,FAM,JG074C.280,UNKNOWN,,15.523831,558,316,1000000,100,2.499687082618404,6.0,2.0,18,0.07481893334875232,0.14454741775989532
48275,JG074C,280,HEX,-inf,False,L16,0.0,HEX,JG074C.280,UNKNOWN,,33.269146,559,316,1000000,100,2.499687082618404,6.0,2.0,18,-0.005204434412630673,-0.005060083698481321
48276,JG074C,280,FAM,-inf,False,L16,0.0,FAM,JG074C.280,UNKNOWN,,15.523831,558,316,1000000,100,2.499687082618404,6.0,2.0,19,0.10443688846479567,0.21102987229824066
48277,JG074C,280,HEX,-inf,False,L16,0.0,HEX,JG074C.280,UNKNOWN,,33.269146,559,316,1000000,100,2.499687082618404,6.0,2.0,19,-0.006073413316056406,-0.004934396129101515
48278,JG074C,280,FAM,-inf,False,L16,0.0,FAM,JG074C.280,UNKNOWN,,15.523831,558,316,1000000,100,2.499687082618404,6.0,2.0,20,0.1378090951171742,0.28626832365989685
48279,JG074C,280,HEX,-inf,False,L16,0.0,HEX,JG074C.280,UNKNOWN,,33.269146,559,316,1000000,100,2.499687082618404,6.0,2.0,20,-0.007553419493139916,-0.0036053508520126343
48280,JG074C,280,FAM,-inf,False,L16,0.0,FAM,JG074C.280,UNKNOWN,,15.523831,558,316,1000000,100,2.499687082618404,6.0,2.0,21,0.17267519747861174,0.3649909496307373
48281,JG074C,280,HEX,-inf,False,L16,0.0,HEX,JG074C.280,UNKNOWN,,33.269146,559,316,1000000,100,2.499687082618404,6.0,2.0,21,-0.008772129718609951,-0.0027909018099308014
48282,JG074C,280,FAM,-inf,False,L16,0.0,FAM,JG074C.280,UNKNOWN,,15.523831,558,316,1000000,100,2.499687082618404,6.0,2.0,22,0.20714412879882976,0.4427872598171234
48283,JG074C,280,HEX,-inf,False,L16,0.0,HEX,JG074C.280,UNKNOWN,,33.269146,559,316,1000000,100,2.499687082618404,6.0,2.0,22,-0.010386271953787041,-0.001197688514366746
48284,JG074C,280,FAM,-inf,False,L16,0.0,FAM,JG074C.280,UNKNOWN,,15.523831,558,316,1000000,100,2.499687082618404,6.0,2.0,23,0.23937516831244157,0.5153641700744629
48285,JG074C,280,HEX,-inf,False,L16,0.0,HEX,JG074C.280,UNKNOWN,,33.269146,559,316,1000000,100,2.499687082618404,6.0,2.0,23,-0.011649109068404289,-0.00029633616213686764
48286,JG074C,280,FAM,-inf,False,L16,0.0,FAM,JG074C.280,UNKNOWN,,15.523831,558,316,1000000,100,2.499687082618404,6.0,2.0,24,0.2671956439861625,0.5776543617248535
48287,JG074C,280,HEX,-inf,False,L16,0.0,HEX,JG074C.280,UNKNOWN,,33.269146,559,316,1000000,100,2.499687082618404,6.0,2.0,24,-0.013656791728534177,0.0020719163585454226
48288,JG074C,280,FAM,-inf,False,L16,0.0,FAM,JG074C.280,UNKNOWN,,15.523831,558,316,1000000,100,2.499687082618404,6.0,2.0,25,0.292381925727533,0.6338009238243103
48289,JG074C,280,HEX,-inf,False,L16,0.0,HEX,JG074C.280,UNKNOWN,,33.269146,559,316,1000000,100,2.499687082618404,6.0,2.0,25,-0.014222481498802023,0.001600305549800396
48290,JG074C,280,FAM,-inf,False,L16,0.0,FAM,JG074C.280,UNKNOWN,,15.523831,558,316,1000000,100,2.499687082618404,6.0,2.0,26,0.3132297125007867,0.6798288822174072
48291,JG074C,280,HEX,-inf,False,L16,0.0,HEX,JG074C.280,UNKNOWN,,33.269146,559,316,1000000,100,2.499687082618404,6.0,2.0,26,-0.01540207375155411,0.002337715355679393
48292,JG074C,280,FAM,-inf,False,L16,0.0,FAM,JG074C.280,UNKNOWN,,15.523831,558,316,1000000,100,2.499687082618404,6.0,2.0,27,0.33177737778560085,0.7204922437667847
48293,JG074C,280,HEX,-inf,False,L16,0.0,HEX,JG074C.280,UNKNOWN,,33.269146,559,316,1000000,100,2.499687082618404,6.0,2.0,27,-0.016518698931006628,0.002951117930933833
48294,JG074C,280,FAM,-inf,False,L16,0.0,FAM,JG074C.280,UNKNOWN,,15.523831,558,316,1000000,100,2.499687082618404,6.0,2.0,28,0.34763779418139695,0.7548882365226746
48295,JG074C,280,HEX,-inf,False,L16,0.0,HEX,JG074C.280,UNKNOWN,,33.269146,559,316,1000000,100,2.499687082618404,6.0,2.0,28,-0.017758867293928907,0.0038078264333307743
48296,JG074C,280,FAM,-inf,False,L16,0.0,FAM,JG074C.280,UNKNOWN,,15.523831,558,316,1000000,100,2.499687082618404,6.0,2.0,29,0.3607915899843436,0.7829715609550476
48297,JG074C,280,HEX,-inf,False,L16,0.0,HEX,JG074C.280,UNKNOWN,,33.269146,559,316,1000000,100,2.499687082618404,6.0,2.0,29,-0.01904214865657012,0.004749441519379616
48298,JG074C,280,FAM,-inf,False,L16,0.0,FAM,JG074C.280,UNKNOWN,,15.523831,558,316,1000000,100,2.499687082618404,6.0,2.0,30,0.37250922184466284,0.8077054023742676
48299,JG074C,280,HEX,-inf,False,L16,0.0,HEX,JG074C.280,UNKNOWN,,33.269146,559,316,1000000,100,2.499687082618404,6.0,2.0,30,-0.021010471221133517,0.007040178403258324
48300,JG074C,280,FAM,-inf,False,L16,0.0,FAM,JG074C.280,UNKNOWN,,15.523831,558,316,1000000,100,2.499687082618404,6.0,2.0,31,0.38590575174126507,0.8363548517227173
48301,JG074C,280,HEX,-inf,False,L16,0.0,HEX,JG074C.280,UNKNOWN,,33.269146,559,316,1000000,100,2.499687082618404,6.0,2.0,31,-0.02380559791544182,0.01095922477543354
48302,JG074C,280,FAM,-inf,False,L16,0.0,FAM,JG074C.280,UNKNOWN,,15.523831,558,316,1000000,100,2.499687082618404,6.0,2.0,32,0.40165264688584845,0.8704860806465149
48303,JG074C,280,HEX,-inf,False,L16,0.0,HEX,JG074C.280,UNKNOWN,,33.269146,559,316,1000000,100,2.499687082618404,6.0,2.0,32,-0.029496392816916482,0.02058100514113903
48304,JG074C,280,FAM,-inf,False,L16,0.0,FAM,JG074C.280,UNKNOWN,,15.523831,558,316,1000000,100,2.499687082618404,6.0,2.0,33,0.41664041658107953,0.9028467535972595
48305,JG074C,280,HEX,-inf,False,L16,0.0,HEX,JG074C.280,UNKNOWN,,33.269146,559,316,1000000,100,2.499687082618404,6.0,2.0,33,-0.03763798545671329,0.03502938896417618
48306,JG074C,280,FAM,-inf,False,L16,0.0,FAM,JG074C.280,UNKNOWN,,15.523831,558,316,1000000,100,2.499687082618404,6.0,2.0,34,0.4325644171445968,0.9373910427093506
48307,JG074C,280,HEX,-inf,False,L16,0.0,HEX,JG074C.280,UNKNOWN,,33.269146,559,316,1000000,100,2.499687082618404,6.0,2.0,34,-0.048906428226002226,0.05563579872250557
48308,JG074C,280,FAM,-inf,False,L16,0.0,FAM,JG074C.280,UNKNOWN,,15.523831,558,316,1000000,100,2.499687082618404,6.0,2.0,35,0.4503134979949456,0.9761918783187866
48309,JG074C,280,HEX,-inf,False,L16,0.0,HEX,JG074C.280,UNKNOWN,,33.269146,559,316,1000000,100,2.499687082618404,6.0,2.0,35,-0.06512239414976871,0.08598586916923523
48310,JG074C,280,FAM,-inf,False,L16,0.0,FAM,JG074C.280,UNKNOWN,,15.523831,558,316,1000000,100,2.499687082618404,6.0,2.0,36,0.471717339559709,1.0235167741775513
48311,JG074C,280,HEX,-inf,False,L16,0.0,HEX,JG074C.280,UNKNOWN,,33.269146,559,316,1000000,100,2.499687082618404,6.0,2.0,36,-0.08462737198083992,0.12281332910060883
48312,JG074C,280,FAM,-inf,False,L16,0.0,FAM,JG074C.280,UNKNOWN,,15.523831,558,316,1000000,100,2.499687082618404,6.0,2.0,37,0.49372983085857475,1.072261095046997
48313,JG074C,280,HEX,-inf,False,L16,0.0,HEX,JG074C.280,UNKNOWN,,33.269146,559,316,1000000,100,2.499687082618404,6.0,2.0,37,-0.10732557186726047,0.16592952609062195
48314,JG074C,280,FAM,-inf,False,L16,0.0,FAM,JG074C.280,UNKNOWN,,15.523831,558,316,1000000,100,2.499687082618404,6.0,2.0,38,0.5153755887141935,1.120150089263916
48315,JG074C,280,HEX,-inf,False,L16,0.0,HEX,JG074C.280,UNKNOWN,,33.269146,559,316,1000000,100,2.499687082618404,6.0,2.0,38,-0.13176941696097377,0.21248358488082886
48316,JG074C,280,FAM,-inf,False,L16,0.0,FAM,JG074C.280,UNKNOWN,,15.523831,558,316,1000000,100,2.499687082618404,6.0,2.0,39,0.5389619415021824,1.1725651025772095
48317,JG074C,280,HEX,-inf,False,L16,0.0,HEX,JG074C.280,UNKNOWN,,33.269146,559,316,1000000,100,2.499687082618404,6.0,2.0,39,-0.1553538772691349,0.25734519958496094
48318,JG074C,280,FAM,-inf,False,L16,0.0,FAM,JG074C.280,UNKNOWN,,15.523831,558,316,1000000,100,2.499687082618404,6.0,2.0,40,0.5596652327431629,1.2182561159133911
48319,JG074C,280,HEX,-inf,False,L16,0.0,HEX,JG074C.280,UNKNOWN,,33.269146,559,316,1000000,100,2.499687082618404,6.0,2.0,40,-0.17762361050970013,0.29961755871772766
48320,JG074C,280,FAM,-inf,False,L16,0.0,FAM,JG074C.280,UNKNOWN,,15.523831,558,316,1000000,100,2.499687082618404,6.0,2.0,41,0.5796030605630892,1.2621617317199707
48321,JG074C,280,HEX,-inf,False,L16,0.0,HEX,JG074C.280,UNKNOWN,,33.269146,559,316,1000000,100,2.499687082618404,6.0,2.0,41,-0.19996673723873037,0.3420344591140747
48322,JG074C,280,FAM,-inf,False,L16,0.0,FAM,JG074C.280,UNKNOWN,,15.523831,558,316,1000000,100,2.499687082618404,6.0,2.0,42,0.5991774261509696,1.3052196502685547
48323,JG074C,280,HEX,-inf,False,L16,0.0,HEX,JG074C.280,UNKNOWN,,33.269146,559,316,1000000,100,2.499687082618404,6.0,2.0,42,-0.22181550964174515,0.3834778070449829
48324,JG074C,280,FAM,-inf,False,L16,0.0,FAM,JG074C.280,UNKNOWN,,15.523831,558,316,1000000,100,2.499687082618404,6.0,2.0,43,0.6171080081103038,1.3444437980651855
48325,JG074C,280,HEX,-inf,False,L16,0.0,HEX,JG074C.280,UNKNOWN,,33.269146,559,316,1000000,100,2.499687082618404,6.0,2.0,43,-0.2398317497405072,0.41737332940101624
48326,JG074C,280,FAM,-inf,False,L16,0.0,FAM,JG074C.280,UNKNOWN,,15.523831,558,316,1000000,100,2.499687082618404,6.0,2.0,44,0.6349084060863696,1.3833644390106201
48327,JG074C,280,HEX,-inf,False,L16,0.0,HEX,JG074C.280,UNKNOWN,,33.269146,559,316,1000000,100,2.499687082618404,6.0,2.0,44,-0.2563341167287456,0.4482874274253845
48328,JG074C,280,FAM,-inf,False,L16,0.0,FAM,JG074C.280,UNKNOWN,,15.523831,558,316,1000000,100,2.499687082618404,6.0,2.0,45,0.6523190188027559,1.4213758707046509
48329,JG074C,280,HEX,-inf,False,L16,0.0,HEX,JG074C.280,UNKNOWN,,33.269146,559,316,1000000,100,2.499687082618404,6.0,2.0,45,-0.27375782168640744,0.48101603984832764
48330,JG074C,280,FAM,-inf,False,L16,0.0,FAM,JG074C.280,UNKNOWN,,15.523831,558,316,1000000,100,2.499687082618404,6.0,2.0,46,0.6681976313108581,1.455814242362976
48331,JG074C,280,HEX,-inf,False,L16,0.0,HEX,JG074C.280,UNKNOWN,,33.269146,559,316,1000000,100,2.499687082618404,6.0,2.0,46,-0.29021140092066416,0.5118340849876404
48332,JG074C,280,FAM,-inf,False,L16,0.0,FAM,JG074C.280,UNKNOWN,,15.523831,558,316,1000000,100,2.499687082618404,6.0,2.0,47,0.6835648615054152,1.4890600442886353
48333,JG074C,280,HEX,-inf,False,L16,0.0,HEX,JG074C.280,UNKNOWN,,33.269146,559,316,1000000,100,2.499687082618404,6.0,2.0,47,-0.30530273647829814,0.539969265460968
48334,JG074C,280,FAM,-inf,False,L16,0.0,FAM,JG074C.280,UNKNOWN,,15.523831,558,316,1000000,100,2.499687082618404,6.0,2.0,48,0.6985423064402929,1.5213966369628906
48335,JG074C,280,HEX,-inf,False,L16,0.0,HEX,JG074C.280,UNKNOWN,,33.269146,559,316,1000000,100,2.499687082618404,6.0,2.0,48,-0.3191616667368413,0.5656774044036865
48336,JG074C,280,FAM,-inf,False,L16,0.0,FAM,JG074C.280,UNKNOWN,,15.523831,558,316,1000000,100,2.499687082618404,6.0,2.0,49,0.7124964756213304,1.5513466596603394
48337,JG074C,280,HEX,-inf,False,L16,0.0,HEX,JG074C.280,UNKNOWN,,33.269146,559,316,1000000,100,2.499687082618404,6.0,2.0,49,-0.3315255792016912,0.5884412527084351
48338,JG074C,280,FAM,-inf,False,L16,0.0,FAM,JG074C.280,UNKNOWN,,15.523831,558,316,1000000,100,2.499687082618404,6.0,2.0,50,0.7256836480010631,1.579507827758789
48339,JG074C,280,HEX,-inf,False,L16,0.0,HEX,JG074C.280,UNKNOWN,,33.269146,559,316,1000000,100,2.499687082618404,6.0,2.0,50,-0.34416088111440324,0.6117395162582397
52200,JG074C,304,FAM,-inf,False,M16,0.0,FAM,JG074C.304,UNKNOWN,,15.530673,604,100,1000000,100,2.0,6.0,2.0,1,-0.0063562876097445035,-0.0015582593623548746
52201,JG074C,304,HEX,-inf,False,M16,0.0,HEX,JG074C.304,UNKNOWN,,33.289474,605,100,1000000,100,2.0,6.0,2.0,1,0.0010471321387507757,0.01019444689154625
52202,JG074C,304,FAM,-inf,False,M16,0.0,FAM,JG074C.304,UNKNOWN,,15.530673,604,100,1000000,100,2.0,6.0,2.0,2,-0.00548007580009705,-0.0019588053692132235
52203,JG074C,304,HEX,-inf,False,M16,0.0,HEX,JG074C.304,UNKNOWN,,33.289474,605,100,1000000,100,2.0,6.0,2.0,2,0.0008585789704468502,0.008875099942088127
52204,JG074C,304,FAM,-inf,False,M16,0.0,FAM,JG074C.304,UNKNOWN,,15.530673,604,100,1000000,100,2.0,6.0,2.0,3,-0.003889321571880873,-0.0006928351940587163
52205,JG074C,304,HEX,-inf,False,M16,0.0,HEX,JG074C.304,UNKNOWN,,33.289474,605,100,1000000,100,2.0,6.0,2.0,3,0.0012055561450889619,0.00650107953697443
52206,JG074C,304,FAM,-inf,False,M16,0.0,FAM,JG074C.304,UNKNOWN,,15.530673,604,100,1000000,100,2.0,6.0,2.0,4,-0.0017652576925374537,0.0018169647082686424
52207,JG074C,304,HEX,-inf,False,M16,0.0,HEX,JG074C.304,UNKNOWN,,33.289474,605,100,1000000,100,2.0,6.0,2.0,4,0.00015825376371030324,0.006872954778373241
52208,JG074C,304,FAM,-inf,False,M16,0.0,FAM,JG074C.304,UNKNOWN,,15.530673,604,100,1000000,100,2.0,6.0,2.0,5,-0.0009328877798858207,0.0013141670497134328
52209,JG074C,304,HEX,-inf,False,M16,0.0,HEX,JG074C.304,UNKNOWN,,33.289474,605,100,1000000,100,2.0,6.0,2.0,5,-0.00013972379945764217,0.005769108887761831
52210,JG074C,304,FAM,-inf,False,M16,0.0,FAM,JG074C.304,UNKNOWN,,15.530673,604,100,1000000,100,2.0,6.0,2.0,6,-0.0006712164401363558,-0.0005196619895286858
52211,JG074C,304,HEX,-inf,False,M16,0.0,HEX,JG074C.304,UNKNOWN,,33.289474,605,100,1000000,100,2.0,6.0,2.0,6,-2.8044635566552984e-05,0.0038584840949624777
52212,JG074C,304,FAM,-inf,False,M16,0.0,FAM,JG074C.304,UNKNOWN,,15.530673,604,100,1000000,100,2.0,6.0,2.0,7,0.00021627849252109756,-0.0008938924875110388
52213,JG074C,304,HEX,-inf,False,M16,0.0,HEX,JG074C.304,UNKNOWN,,33.289474,605,100,1000000,100,2.0,6.0,2.0,7,0.00025885580728048763,0.001602778211236
52214,JG074C,304,FAM,-inf,False,M16,0.0,FAM,JG074C.304,UNKNOWN,,15.530673,604,100,1000000,100,2.0,6.0,2.0,8,0.0009144009642406142,-0.0017097933450713754
52215,JG074C,304,HEX,-inf,False,M16,0.0,HEX,JG074C.304,UNKNOWN,,33.289474,605,100,1000000,100,2.0,6.0,2.0,8,0.00010645460679984278,0.00021223383373580873
52216,JG074C,304,FAM,-inf,False,M16,0.0,FAM,JG074C.304,UNKNOWN,,15.530673,604,100,1000000,100,2.0,6.0,2.0,9,0.0023656942586729427,-0.0007690857746638358
52217,JG074C,304,HEX,-inf,False,M16,0.0,HEX,JG074C.304,UNKNOWN,,33.289474,605,100,1000000,100,2.0,6.0,2.0,9,-0.0005911921159246821,-0.00010450309491716325
52218,JG074C,304,FAM,-inf,False,M16,0.0,FAM,JG074C.304,UNKNOWN,,15.530673,604,100,1000000,100,2.0,6.0,2.0,10,0.0037623097690058487,4.409768371260725e-05
52219,JG074C,304,HEX,-inf,False,M16,0.0,HEX,JG074C.304,UNKNOWN,,33.289474,605,100,1000000,100,2.0,6.0,2.0,10,-0.0009701597719307182,-0.0010488471016287804
52220,JG074C,304,FAM,-inf,False,M16,0.0,FAM,JG074C.304,UNKNOWN,,15.530673,604,100,1000000,100,2.0,6.0,2.0,11,0.004425317832988695,-0.0008536999812349677
52221,JG074C,304,HEX,-inf,False,M16,0.0,HEX,JG074C.304,UNKNOWN,,33.289474,605,100,1000000,100,2.0,6.0,2.0,11,-0.0016938649662298305,-0.001314264489337802
52222,JG074C,304,FAM,-inf,False,M16,0.0,FAM,JG074C.304,UNKNOWN,,15.530673,604,100,1000000,100,2.0,6.0,2.0,12,0.006809915795062451,0.0022637394722551107
52223,JG074C,304,HEX,-inf,False,M16,0.0,HEX,JG074C.304,UNKNOWN,,33.289474,605,100,1000000,100,2.0,6.0,2.0,12,-0.0019408605371011528,-0.0025185146369040012
52224,JG074C,304,FAM,-inf,False,M16,0.0,FAM,JG074C.304,UNKNOWN,,15.530673,604,100,1000000,100,2.0,6.0,2.0,13,0.010010808733494999,0.007285011000931263
52225,JG074C,304,HEX,-inf,False,M16,0.0,HEX,JG074C.304,UNKNOWN,,33.289474,605,100,1000000,100,2.0,6.0,2.0,13,-0.0019349587926678839,-0.004220820963382721
52226,JG074C,304,FAM,-inf,False,M16,0.0,FAM,JG074C.304,UNKNOWN,,15.530673,604,100,1000000,100,2.0,6.0,2.0,14,0.014111885326157966,0.014405766502022743
52227,JG074C,304,HEX,-inf,False,M16,0.0,HEX,JG074C.304,UNKNOWN,,33.289474,605,100,1000000,100,2.0,6.0,2.0,14,-0.0025080635751724,-0.00478283129632473
52228,JG074C,304,FAM,-inf,False,M16,0.0,FAM,JG074C.304,UNKNOWN,,15.530673,604,100,1000000,100,2.0,6.0,2.0,15,0.020977058714727062,0.027973180636763573
52229,JG074C,304,HEX,-inf,False,M16,0.0,HEX,JG074C.304,UNKNOWN,,33.289474,605,100,1000000,100,2.0,6.0,2.0,15,-0.0027179084214701958,-0.0060602459125220776
52230,JG074C,304,FAM,-inf,False,M16,0.0,FAM,JG074C.304,UNKNOWN,,15.530673,604,100,1000000,100,2.0,6.0,2.0,16,0.03253038888120424,0.05247471109032631
52231,JG074C,304,HEX,-inf,False,M16,0.0,HEX,JG074C.304,UNKNOWN,,33.289474,605,100,1000000,100,2.0,6.0,2.0,16,-0.00324868710351355,-0.006705612875521183
52232,JG074C,304,FAM,-inf,False,M16,0.0,FAM,JG074C.304,UNKNOWN,,15.530673,604,100,1000000,100,2.0,6.0,2.0,17,0.05066639268143163,0.09232890605926514
52233,JG074C,304,HEX,-inf,False,M16,0.0,HEX,JG074C.304,UNKNOWN,,33.289474,605,100,1000000,100,2.0,6.0,2.0,17,-0.0037650897414245824,-0.007379292510449886
52234,JG074C,304,FAM,-inf,False,M16,0.0,FAM,JG074C.304,UNKNOWN,,15.530673,604,100,1000000,100,2.0,6.0,2.0,18,0.07492569494869405,0.14646437764167786
52235,JG074C,304,HEX,-inf,False,M16,0.0,HEX,JG074C.304,UNKNOWN,,33.289474,605,100,1000000,100,2.0,6.0,2.0,18,-0.005471087332268191,-0.005710181314498186
52236,JG074C,304,FAM,-inf,False,M16,0.0,FAM,JG074C.304,UNKNOWN,,15.530673,604,100,1000000,100,2.0,6.0,2.0,19,0.10436815469506658,0.21268844604492188
52237,JG074C,304,HEX,-inf,False,M16,0.0,HEX,JG074C.304,UNKNOWN,,33.289474,605,100,1000000,100,2.0,6.0,2.0,19,-0.007348401971134973,-0.003703678259626031
52238,JG074C,304,FAM,-inf,False,M16,0.0,FAM,JG074C.304,UNKNOWN,,15.530673,604,100,1000000,100,2.0,6.0,2.0,20,0.13795654240642946,0.2885819971561432
52239,JG074C,304,HEX,-inf,False,M16,0.0,HEX,JG074C.304,UNKNOWN,,33.289474,605,100,1000000,100,2.0,6.0,2.0,20,-0.008685994515240294,-0.0027601048350334167
52240,JG074C,304,FAM,-inf,False,M16,0.0,FAM,JG074C.304,UNKNOWN,,15.530673,604,100,1000000,100,2.0,6.0,2.0,21,0.17266299432745144,0.36708319187164307
52241,JG074C,304,HEX,-inf,False,M16,0.0,HEX,JG074C.304,UNKNOWN,,33.289474,605,100,1000000,100,2.0,6.0,2.0,21,-0.009975510541231523,-0.0019112132722511888
52242,JG074C,304,FAM,-inf,False,M16,0.0,FAM,JG074C.304,UNKNOWN,,15.530673,604,100,1000000,100,2.0,6.0,2.0,22,0.2055890128832692,0.4414319097995758
52243,JG074C,304,HEX,-inf,False,M16,0.0,HEX,JG074C.304,UNKNOWN,,33.289474,605,100,1000000,100,2.0,6.0,2.0,22,-0.012011536707319137,0.00040785662713460624
52244,JG074C,304,FAM,-inf,False,M16,0.0,FAM,JG074C.304,UNKNOWN,,15.530673,604,100,1000000,100,2.0,6.0,2.0,23,0.237201819036213,0.5127178430557251
52245,JG074C,304,HEX,-inf,False,M16,0.0,HEX,JG074C.304,UNKNOWN,,33.289474,605,100,1000000,100,2.0,6.0,2.0,23,-0.013092978410342552,0.0008469661697745323
52246,JG074C,304,FAM,-inf,False,M16,0.0,FAM,JG074C.304,UNKNOWN,,15.530673,604,100,1000000,100,2.0,6.0,2.0,24,0.26588257214314487,0.5771653652191162
52247,JG074C,304,HEX,-inf,False,M16,0.0,HEX,JG074C.304,UNKNOWN,,33.289474,605,100,1000000,100,2.0,6.0,2.0,24,-0.014223117071279451,0.0013819796731695533
52248,JG074C,304,FAM,-inf,False,M16,0.0,FAM,JG074C.304,UNKNOWN,,15.530673,604,100,1000000,100,2.0,6.0,2.0,25,0.2903856307575633,0.631869375705719
52249,JG074C,304,HEX,-inf,False,M16,0.0,HEX,JG074C.304,UNKNOWN,,33.289474,605,100,1000000,100,2.0,6.0,2.0,25,-0.01461724767067558,0.00046749753528274596
52250,JG074C,304,FAM,-inf,False,M16,0.0,FAM,JG074C.304,UNKNOWN,,15.530673,604,100,1000000,100,2.0,6.0,2.0,26,0.3113723928941881,0.678372323513031
52251,JG074C,304,HEX,-inf,False,M16,0.0,HEX,JG074C.304,UNKNOWN,,33.289474,605,100,1000000,100,2.0,6.0,2.0,26,-0.01593407818051822,0.0013701822608709335
52252,JG074C,304,FAM,-inf,False,M16,0.0,FAM,JG074C.304,UNKNOWN,,15.530673,604,100,1000000,100,2.0,6.0,2.0,27,0.32910593549133177,0.7172878980636597
52253,JG074C,304,HEX,-inf,False,M16,0.0,HEX,JG074C.304,UNKNOWN,,33.289474,605,100,1000000,100,2.0,6.0,2.0,27,-0.01731579761377075,0.0024006592575460672
52254,JG074C,304,FAM,-inf,False,M16,0.0,FAM,JG074C.304,UNKNOWN,,15.530673,604,100,1000000,100,2.0,6.0,2.0,28,0.3442921245909788,0.7502622604370117
52255,JG074C,304,HEX,-inf,False,M16,0.0,HEX,JG074C.304,UNKNOWN,,33.289474,605,100,1000000,100,2.0,6.0,2.0,28,-0.01864835097609074,0.003334308508783579
52256,JG074C,304,FAM,-inf,False,M16,0.0,FAM,JG074C.304,UNKNOWN,,15.530673,604,100,1000000,100,2.0,6.0,2.0,29,0.35741126600026385,0.7784156799316406
52257,JG074C,304,HEX,-inf,False,M16,0.0,HEX,JG074C.304,UNKNOWN,,33.289474,605,100,1000000,100,2.0,6.0,2.0,29,-0.02023585969792795,0.004770067520439625
52258,JG074C,304,FAM,-inf,False,M16,0.0,FAM,JG074C.304,UNKNOWN,,15.530673,604,100,1000000,100,2.0,6.0,2.0,30,0.3702030818387401,0.8058057427406311
52259,JG074C,304,HEX,-inf,False,M16,0.0,HEX,JG074C.304,UNKNOWN,,33.289474,605,100,1000000,100,2.0,6.0,2.0,30,-0.022949663380481416,0.00842395331710577
52260,JG074C,304,FAM,-inf,False,M16,0.0,FAM,JG074C.304,UNKNOWN,,15.530673,604,100,1000000,100,2.0,6.0,2.0,31,0.38146136408868175,0.8296191096305847
52261,JG074C,304,HEX,-inf,False,M16,0.0,HEX,JG074C.304,UNKNOWN,,33.289474,605,100,1000000,100,2.0,6.0,2.0,31,-0.02629508991149697,0.013321759179234505
52262,JG074C,304,FAM,-inf,False,M16,0.0,FAM,JG074C.304,UNKNOWN,,15.530673,604,100,1000000,100,2.0,6.0,2.0,32,0.3921443220686322,0.8520907163619995
52263,JG074C,304,HEX,-inf,False,M16,0.0,HEX,JG074C.304,UNKNOWN,,33.289474,605,100,1000000,100,2.0,6.0,2.0,32,-0.030074067668187276,0.019073400646448135
52264,JG074C,304,FAM,-inf,False,M16,0.0,FAM,JG074C.304,UNKNOWN,,15.530673,604,100,1000000,100,2.0,6.0,2.0,33,0.4032775316028072,0.8756123781204224
52265,JG074C,304,HEX,-inf,False,M16,0.0,HEX,JG074C.304,UNKNOWN,,33.289474,605,100,1000000,100,2.0,6.0,2.0,33,-0.038147260603270304,0.0332820788025856
52266,JG074C,304,FAM,-inf,False,M16,0.0,FAM,JG074C.304,UNKNOWN,,15.530673,604,100,1000000,100,2.0,6.0,2.0,34,0.4137278246860803,0.897541344165802
52267,JG074C,304,HEX,-inf,False,M16,0.0,HEX,JG074C.304,UNKNOWN,,33.289474,605,100,1000000,100,2.0,6.0,2.0,34,-0.051455300850662876,0.05780027061700821
52268,JG074C,304,FAM,-inf,False,M16,0.0,FAM,JG074C.304,UNKNOWN,,15.530673,604,100,1000000,100,2.0,6.0,2.0,35,0.42609152075861434,0.9239328503608704
52269,JG074C,304,HEX,-inf,False,M16,0.0,HEX,JG074C.304,UNKNOWN,,33.289474,605,100,1000000,100,2.0,6.0,2.0,35,-0.06928549980567467,0.09122440963983536
52270,JG074C,304,FAM,-inf,False,M16,0.0,FAM,JG074C.304,UNKNOWN,,15.530673,604,100,1000000,100,2.0,6.0,2.0,36,0.4379196582223203,0.9490753412246704
52271,JG074C,304,HEX,-inf,False,M16,0.0,HEX,JG074C.304,UNKNOWN,,33.289474,605,100,1000000,100,2.0,6.0,2.0,36,-0.09268092269983479,0.1356087177991867
52272,JG074C,304,FAM,-inf,False,M16,0.0,FAM,JG074C.304,UNKNOWN,,15.530673,604,100,1000000,100,2.0,6.0,2.0,37,0.45006653432743227,0.9749611616134644
52273,JG074C,304,HEX,-inf,False,M16,0.0,HEX,JG074C.304,UNKNOWN,,33.289474,605,100,1000000,100,2.0,6.0,2.0,37,-0.12045077909864597,0.18860803544521332
52274,JG074C,304,FAM,-inf,False,M16,0.0,FAM,JG074C.304,UNKNOWN,,15.530673,604,100,1000000,100,2.0,6.0,2.0,38,0.4625032192998905,1.0015228986740112
52275,JG074C,304,HEX,-inf,False,M16,0.0,HEX,JG074C.304,UNKNOWN,,33.289474,605,100,1000000,100,2.0,6.0,2.0,38,-0.14778850674351762,0.2407563179731369
52276,JG074C,304,FAM,-inf,False,M16,0.0,FAM,JG074C.304,UNKNOWN,,15.530673,604,100,1000000,100,2.0,6.0,2.0,39,0.47468796989719003,1.0274971723556519
52277,JG074C,304,HEX,-inf,False,M16,0.0,HEX,JG074C.304,UNKNOWN,,33.289474,605,100,1000000,100,2.0,6.0,2.0,39,-0.17452837254462109,0.2917271852493286
52278,JG074C,304,FAM,-inf,False,M16,0.0,FAM,JG074C.304,UNKNOWN,,15.530673,604,100,1000000,100,2.0,6.0,2.0,40,0.4853894306654966,1.0500118732452393
52279,JG074C,304,HEX,-inf,False,M16,0.0,HEX,JG074C.304,UNKNOWN,,33.289474,605,100,1000000,100,2.0,6.0,2.0,40,-0.20087282146869553,0.34191930294036865
52280,JG074C,304,FAM,-inf,False,M16,0.0,FAM,JG074C.304,UNKNOWN,,15.530673,604,100,1000000,100,2.0,6.0,2.0,41,0.49864703631140267,1.0784882307052612
52281,JG074C,304,HEX,-inf,False,M16,0.0,HEX,JG074C.304,UNKNOWN,,33.289474,605,100,1000000,100,2.0,6.0,2.0,41,-0.22611773000681787,0.38994598388671875
52282,JG074C,304,FAM,-inf,False,M16,0.0,FAM,JG074C.304,UNKNOWN,,15.530673,604,100,1000000,100,2.0,6.0,2.0,42,0.5110490668901995,1.1049691438674927
52283,JG074C,304,HEX,-inf,False,M16,0.0,HEX,JG074C.304,UNKNOWN,,33.289474,605,100,1000000,100,2.0,6.0,2.0,42,-0.24860022870054144,0.4325323700904846
52284,JG074C,304,FAM,-inf,False,M16,0.0,FAM,JG074C.304,UNKNOWN,,15.530673,604,100,1000000,100,2.0,6.0,2.0,43,0.5240269839784125,1.1327931880950928
52285,JG074C,304,HEX,-inf,False,M16,0.0,HEX,JG074C.304,UNKNOWN,,33.289474,605,100,1000000,100,2.0,6.0,2.0,43,-0.26828018568772005,0.4695994257926941
52286,JG074C,304,FAM,-inf,False,M16,0.0,FAM,JG074C.304,UNKNOWN,,15.530673,604,100,1000000,100,2.0,6.0,2.0,44,0.5351009539222429,1.1561768054962158
52287,JG074C,304,HEX,-inf,False,M16,0.0,HEX,JG074C.304,UNKNOWN,,33.289474,605,100,1000000,100,2.0,6.0,2.0,44,-0.2853562930309404,0.5015384554862976
52288,JG074C,304,FAM,-inf,False,M16,0.0,FAM,JG074C.304,UNKNOWN,,15.530673,604,100,1000000,100,2.0,6.0,2.0,45,0.5475979007385462,1.182879090309143
52289,JG074C,304,HEX,-inf,False,M16,0.0,HEX,JG074C.304,UNKNOWN,,33.289474,605,100,1000000,100,2.0,6.0,2.0,45,-0.3009366562119219,0.5305317640304565
52290,JG074C,304,FAM,-inf,False,M16,0.0,FAM,JG074C.304,UNKNOWN,,15.530673,604,100,1000000,100,2.0,6.0,2.0,46,0.558035006751665,1.2047772407531738
52291,JG074C,304,HEX,-inf,False,M16,0.0,HEX,JG074C.304,UNKNOWN,,33.289474,605,100,1000000,100,2.0,6.0,2.0,46,-0.31447937403026605,0.5555121302604675
52292,JG074C,304,FAM,-inf,False,M16,0.0,FAM,JG074C.304,UNKNOWN,,15.530673,604,100,1000000,100,2.0,6.0,2.0,47,0.5704252814152078,1.2312307357788086
52293,JG074C,304,HEX,-inf,False,M16,0.0,HEX,JG074C.304,UNKNOWN,,33.289474,605,100,1000000,100,2.0,6.0,2.0,47,-0.3272796826642611,0.5790303945541382
52294,JG074C,304,FAM,-inf,False,M16,0.0,FAM,JG074C.304,UNKNOWN,,15.530673,604,100,1000000,100,2.0,6.0,2.0,48,0.5823014647934297,1.2564853429794312
52295,JG074C,304,HEX,-inf,False,M16,0.0,HEX,JG074C.304,UNKNOWN,,33.289474,605,100,1000000,100,2.0,6.0,2.0,48,-0.3400629821681459,0.6025151610374451
52296,JG074C,304,FAM,-inf,False,M16,0.0,FAM,JG074C.304,UNKNOWN,,15.530673,604,100,1000000,100,2.0,6.0,2.0,49,0.5928009282700691,1.2785289287567139
52297,JG074C,304,HEX,-inf,False,M16,0.0,HEX,JG074C.304,UNKNOWN,,33.289474,605,100,1000000,100,2.0,6.0,2.0,49,-0.3505601577360748,0.621497631072998
52298,JG074C,304,FAM,-inf,False,M16,0.0,FAM,JG074C.304,UNKNOWN,,15.530673,604,100,1000000,100,2.0,6.0,2.0,50,0.6024276939334685,1.2985371351242065
52299,JG074C,304,HEX,-inf,False,M16,0.0,HEX,JG074C.304,UNKNOWN,,33.289474,605,100,1000000,100,2.0,6.0,2.0,50,-0.35952620894052123,0.637464702129364
56340,JG074C,328,FAM,-inf,False,N16,0.0,FAM,JG074C.328,UNKNOWN,,15.787753,652,31,1000000,100,1.4913616938342726,6.0,2.0,1,-0.008806142082375104,-0.003381869522854686
56341,JG074C,328,HEX,-inf,False,N16,0.0,HEX,JG074C.328,UNKNOWN,,33.575478,653,31,1000000,100,1.4913616938342726,6.0,2.0,1,0.0016398696794196826,0.009465720504522324
56342,JG074C,328,FAM,-inf,False,N16,0.0,FAM,JG074C.328,UNKNOWN,,15.787753,652,31,1000000,100,1.4913616938342726,6.0,2.0,2,-0.0074320289272184255,-0.0033161460887640715
56343,JG074C,328,HEX,-inf,False,N16,0.0,HEX,JG074C.328,UNKNOWN,,33.575478,653,31,1000000,100,1.4913616938342726,6.0,2.0,2,0.0009061012542279449,0.009227023459970951
56344,JG074C,328,FAM,-inf,False,N16,0.0,FAM,JG074C.328,UNKNOWN,,15.787753,652,31,1000000,100,1.4913616938342726,6.0,2.0,3,-0.004432813826234156,0.0005397769273258746
56345,JG074C,328,HEX,-inf,False,N16,0.0,HEX,JG074C.328,UNKNOWN,,33.575478,653,31,1000000,100,1.4913616938342726,6.0,2.0,3,0.00030583331465235754,0.00872541032731533
56346,JG074C,328,FAM,-inf,False,N16,0.0,FAM,JG074C.328,UNKNOWN,,15.787753,652,31,1000000,100,1.4913616938342726,6.0,2.0,4,-0.0030320326328873645,0.0006676977500319481
56347,JG074C,328,HEX,-inf,False,N16,0.0,HEX,JG074C.328,UNKNOWN,,33.575478,653,31,1000000,100,1.4913616938342726,6.0,2.0,4,0.0004787695592251715,0.006701047532260418
56348,JG074C,328,FAM,-inf,False,N16,0.0,FAM,JG074C.328,UNKNOWN,,15.787753,652,31,1000000,100,1.4913616938342726,6.0,2.0,5,-0.002370468501973748,-0.0009284458355978131
56349,JG074C,328,HEX,-inf,False,N16,0.0,HEX,JG074C.328,UNKNOWN,,33.575478,653,31,1000000,100,1.4913616938342726,6.0,2.0,5,0.0003198461745118628,0.005330249667167664
56350,JG074C,328,FAM,-inf,False,N16,0.0,FAM,JG074C.328,UNKNOWN,,15.787753,652,31,1000000,100,1.4913616938342726,6.0,2.0,6,-0.0006201532805232916,1.4687668226542883e-05
56351,JG074C,328,HEX,-inf,False,N16,0.0,HEX,JG074C.328,UNKNOWN,,33.575478,653,31,1000000,100,1.4913616938342726,6.0,2.0,6,-5.695750853530804e-05,0.004388545639812946
56352,JG074C,328,FAM,-inf,False,N16,0.0,FAM,JG074C.328,UNKNOWN,,15.787753,652,31,1000000,100,1.4913616938342726,6.0,2.0,7,0.0009186832480443811,0.0004645927401725203
56353,JG074C,328,HEX,-inf,False,N16,0.0,HEX,JG074C.328,UNKNOWN,,33.575478,653,31,1000000,100,1.4913616938342726,6.0,2.0,7,0.00032806321868433726,0.001946503296494484
56354,JG074C,328,FAM,-inf,False,N16,0.0,FAM,JG074C.328,UNKNOWN,,15.787753,652,31,1000000,100,1.4913616938342726,6.0,2.0,8,0.0022097510844672095,0.00033663076465018094
56355,JG074C,328,HEX,-inf,False,N16,0.0,HEX,JG074C.328,UNKNOWN,,33.575478,653,31,1000000,100,1.4913616938342726,6.0,2.0,8,0.0001057793110425745,0.0007004877552390099
56356,JG074C,328,FAM,-inf,False,N16,0.0,FAM,JG074C.328,UNKNOWN,,15.787753,652,31,1000000,100,1.4913616938342726,6.0,2.0,9,0.0031354782980373692,-0.0006434093811549246
56357,JG074C,328,HEX,-inf,False,N16,0.0,HEX,JG074C.328,UNKNOWN,,33.575478,653,31,1000000,100,1.4913616938342726,6.0,2.0,9,-0.000737519437759421,0.0006774998619221151
56358,JG074C,328,FAM,-inf,False,N16,0.0,FAM,JG074C.328,UNKNOWN,,15.787753,652,31,1000000,100,1.4913616938342726,6.0,2.0,10,0.0041915556110696,-0.0013194360071793199
56359,JG074C,328,HEX,-inf,False,N16,0.0,HEX,JG074C.328,UNKNOWN,,33.575478,653,31,1000000,100,1.4913616938342726,6.0,2.0,10,-0.0007438146318215745,-0.0009938842849805951
56360,JG074C,328,FAM,-inf,False,N16,0.0,FAM,JG074C.328,UNKNOWN,,15.787753,652,31,1000000,100,1.4913616938342726,6.0,2.0,11,0.0055509610939901395,-0.0012880151625722647
56361,JG074C,328,HEX,-inf,False,N16,0.0,HEX,JG074C.328,UNKNOWN,,33.575478,653,31,1000000,100,1.4913616938342726,6.0,2.0,11,-0.0012621693851989958,-0.0016568173887208104
56362,JG074C,328,FAM,-inf,False,N16,0.0,FAM,JG074C.328,UNKNOWN,,15.787753,652,31,1000000,100,1.4913616938342726,6.0,2.0,12,0.007687100342806322,0.0005549696506932378
56363,JG074C,328,HEX,-inf,False,N16,0.0,HEX,JG074C.328,UNKNOWN,,33.575478,653,31,1000000,100,1.4913616938342726,6.0,2.0,12,-0.0011056520962930967,-0.0036488447804003954
56364,JG074C,328,FAM,-inf,False,N16,0.0,FAM,JG074C.328,UNKNOWN,,15.787753,652,31,1000000,100,1.4913616938342726,6.0,2.0,13,0.009481513024627684,0.0016009509563446045
56365,JG074C,328,HEX,-inf,False,N16,0.0,HEX,JG074C.328,UNKNOWN,,33.575478,653,31,1000000,100,1.4913616938342726,6.0,2.0,13,-0.001183736714948655,-0.0051788464188575745
56366,JG074C,328,FAM,-inf,False,N16,0.0,FAM,JG074C.328,UNKNOWN,,15.787753,652,31,1000000,100,1.4913616938342726,6.0,2.0,14,0.013576430539951105,0.008012363687157631
56367,JG074C,328,HEX,-inf,False,N16,0.0,HEX,JG074C.328,UNKNOWN,,33.575478,653,31,1000000,100,1.4913616938342726,6.0,2.0,14,-0.0014631464821688543,-0.006312358193099499
56368,JG074C,328,FAM,-inf,False,N16,0.0,FAM,JG074C.328,UNKNOWN,,15.787753,652,31,1000000,100,1.4913616938342726,6.0,2.0,15,0.020777580319575613,0.021668393164873123
56369,JG074C,328,HEX,-inf,False,N16,0.0,HEX,JG074C.328,UNKNOWN,,33.575478,653,31,1000000,100,1.4913616938342726,6.0,2.0,15,-0.0018256043864397714,-0.0072823152877390385
56370,JG074C,328,FAM,-inf,False,N16,0.0,FAM,JG074C.328,UNKNOWN,,15.787753,652,31,1000000,100,1.4913616938342726,6.0,2.0,16,0.03251315272882586,0.04589998349547386
56371,JG074C,328,HEX,-inf,False,N16,0.0,HEX,JG074C.328,UNKNOWN,,33.575478,653,31,1000000,100,1.4913616938342726,6.0,2.0,16,-0.002511825937248609,-0.00761465122923255
56372,JG074C,328,FAM,-inf,False,N16,0.0,FAM,JG074C.328,UNKNOWN,,15.787753,652,31,1000000,100,1.4913616938342726,6.0,2.0,17,0.050075544533675104,0.08372137695550919
56373,JG074C,328,HEX,-inf,False,N16,0.0,HEX,JG074C.328,UNKNOWN,,33.575478,653,31,1000000,100,1.4913616938342726,6.0,2.0,17,-0.004060231819045902,-0.0062489998526871204
56374,JG074C,328,FAM,-inf,False,N16,0.0,FAM,JG074C.328,UNKNOWN,,15.787753,652,31,1000000,100,1.4913616938342726,6.0,2.0,18,0.07377056286875,0.13584579527378082
56375,JG074C,328,HEX,-inf,False,N16,0.0,HEX,JG074C.328,UNKNOWN,,33.575478,653,31,1000000,100,1.4913616938342726,6.0,2.0,18,-0.00509872698180876,-0.0058875675313174725
56376,JG074C,328,FAM,-inf,False,N16,0.0,FAM,JG074C.328,UNKNOWN,,15.787753,652,31,1000000,100,1.4913616938342726,6.0,2.0,19,0.10342465464603035,0.20186847448349
56377,JG074C,328,HEX,-inf,False,N16,0.0,HEX,JG074C.328,UNKNOWN,,33.575478,653,31,1000000,100,1.4913616938342726,6.0,2.0,19,-0.006829118449643214,-0.004163513425737619
56378,JG074C,328,FAM,-inf,False,N16,0.0,FAM,JG074C.328,UNKNOWN,,15.787753,652,31,1000000,100,1.4913616938342726,6.0,2.0,20,0.13652834086020715,0.2759365737438202
56379,JG074C,328,HEX,-inf,False,N16,0.0,HEX,JG074C.328,UNKNOWN,,33.575478,653,31,1000000,100,1.4913616938342726,6.0,2.0,20,-0.008446287220427107,-0.0026624402962625027
56380,JG074C,328,FAM,-inf,False,N16,0.0,FAM,JG074C.328,UNKNOWN,,15.787753,652,31,1000000,100,1.4913616938342726,6.0,2.0,21,0.17090961394277104,0.35298436880111694
56381,JG074C,328,HEX,-inf,False,N16,0.0,HEX,JG074C.328,UNKNOWN,,33.575478,653,31,1000000,100,1.4913616938342726,6.0,2.0,21,-0.009017560948889506,-0.0032211546786129475
56382,JG074C,328,FAM,-inf,False,N16,0.0,FAM,JG074C.328,UNKNOWN,,15.787753,652,31,1000000,100,1.4913616938342726,6.0,2.0,22,0.20440254873353972,0.4279603362083435
56383,JG074C,328,HEX,-inf,False,N16,0.0,HEX,JG074C.328,UNKNOWN,,33.575478,653,31,1000000,100,1.4913616938342726,6.0,2.0,22,-0.010290673151891855,-0.0023976671509444714
56384,JG074C,328,FAM,-inf,False,N16,0.0,FAM,JG074C.328,UNKNOWN,,15.787753,652,31,1000000,100,1.4913616938342726,6.0,2.0,23,0.23596158435236567,0.4984258711338043
56385,JG074C,328,HEX,-inf,False,N16,0.0,HEX,JG074C.328,UNKNOWN,,33.575478,653,31,1000000,100,1.4913616938342726,6.0,2.0,23,-0.0126207121195025,0.0005073336651548743
56386,JG074C,328,FAM,-inf,False,N16,0.0,FAM,JG074C.328,UNKNOWN,,15.787753,652,31,1000000,100,1.4913616938342726,6.0,2.0,24,0.2644204062243738,0.5616608262062073
56387,JG074C,328,HEX,-inf,False,N16,0.0,HEX,JG074C.328,UNKNOWN,,33.575478,653,31,1000000,100,1.4913616938342726,6.0,2.0,24,-0.014066200657990404,0.0016702994471415877
56388,JG074C,328,FAM,-inf,False,N16,0.0,FAM,JG074C.328,UNKNOWN,,15.787753,652,31,1000000,100,1.4913616938342726,6.0,2.0,25,0.28876971791234113,0.6153112649917603
56389,JG074C,328,HEX,-inf,False,N16,0.0,HEX,JG074C.328,UNKNOWN,,33.575478,653,31,1000000,100,1.4913616938342726,6.0,2.0,25,-0.015563881803017654,0.0029360533226281404
56390,JG074C,328,FAM,-inf,False,N16,0.0,FAM,JG074C.328,UNKNOWN,,15.787753,652,31,1000000,100,1.4913616938342726,6.0,2.0,26,0.3097885788088766,0.6611941456794739
56391,JG074C,328,HEX,-inf,False,N16,0.0,HEX,JG074C.328,UNKNOWN,,33.575478,653,31,1000000,100,1.4913616938342726,6.0,2.0,26,-0.016741340348166944,0.0035711603704839945
56392,JG074C,328,FAM,-inf,False,N16,0.0,FAM,JG074C.328,UNKNOWN,,15.787753,652,31,1000000,100,1.4913616938342726,6.0,2.0,27,0.3267957080686788,0.697720468044281
56393,JG074C,328,HEX,-inf,False,N16,0.0,HEX,JG074C.328,UNKNOWN,,33.575478,653,31,1000000,100,1.4913616938342726,6.0,2.0,27,-0.017512093038473835,0.0034053002018481493
56394,JG074C,328,FAM,-inf,False,N16,0.0,FAM,JG074C.328,UNKNOWN,,15.787753,652,31,1000000,100,1.4913616938342726,6.0,2.0,28,0.3408545048954762,0.7273705005645752
56395,JG074C,328,HEX,-inf,False,N16,0.0,HEX,JG074C.328,UNKNOWN,,33.575478,653,31,1000000,100,1.4913616938342726,6.0,2.0,28,-0.019922985904820265,0.006469534710049629
56396,JG074C,328,FAM,-inf,False,N16,0.0,FAM,JG074C.328,UNKNOWN,,15.787753,652,31,1000000,100,1.4913616938342726,6.0,2.0,29,0.353840548899017,0.7545185089111328
56397,JG074C,328,HEX,-inf,False,N16,0.0,HEX,JG074C.328,UNKNOWN,,33.575478,653,31,1000000,100,1.4913616938342726,6.0,2.0,29,-0.020489523105058013,0.005901492200791836
56398,JG074C,328,FAM,-inf,False,N16,0.0,FAM,JG074C.328,UNKNOWN,,15.787753,652,31,1000000,100,1.4913616938342726,6.0,2.0,30,0.365999589820783,0.7797377705574036
56399,JG074C,328,HEX,-inf,False,N16,0.0,HEX,JG074C.328,UNKNOWN,,33.575478,653,31,1000000,100,1.4913616938342726,6.0,2.0,30,-0.0205506742569935,0.004338141530752182
56400,JG074C,328,FAM,-inf,False,N16,0.0,FAM,JG074C.328,UNKNOWN,,15.787753,652,31,1000000,100,1.4913616938342726,6.0,2.0,31,0.3788134352221916,0.8064842224121094
56401,JG074C,328,HEX,-inf,False,N16,0.0,HEX,JG074C.328,UNKNOWN,,33.575478,653,31,1000000,100,1.4913616938342726,6.0,2.0,31,-0.022681294793471793,0.006850407458841801
56402,JG074C,328,FAM,-inf,False,N16,0.0,FAM,JG074C.328,UNKNOWN,,15.787753,652,31,1000000,100,1.4913616938342726,6.0,2.0,32,0.38958803822844745,0.8284745216369629
56403,JG074C,328,HEX,-inf,False,N16,0.0,HEX,JG074C.328,UNKNOWN,,33.575478,653,31,1000000,100,1.4913616938342726,6.0,2.0,32,-0.027506122194449492,0.014668649062514305
56404,JG074C,328,FAM,-inf,False,N16,0.0,FAM,JG074C.328,UNKNOWN,,15.787753,652,31,1000000,100,1.4913616938342726,6.0,2.0,33,0.4008927818999795,0.8517013192176819
56405,JG074C,328,HEX,-inf,False,N16,0.0,HEX,JG074C.328,UNKNOWN,,33.575478,653,31,1000000,100,1.4913616938342726,6.0,2.0,33,-0.03487202889090032,0.027491295710206032
56406,JG074C,328,FAM,-inf,False,N16,0.0,FAM,JG074C.328,UNKNOWN,,15.787753,652,31,1000000,100,1.4913616938342726,6.0,2.0,34,0.41325928916963944,0.8774044513702393
56407,JG074C,328,HEX,-inf,False,N16,0.0,HEX,JG074C.328,UNKNOWN,,33.575478,653,31,1000000,100,1.4913616938342726,6.0,2.0,34,-0.04748299745733366,0.05064357817173004
56408,JG074C,328,FAM,-inf,False,N16,0.0,FAM,JG074C.328,UNKNOWN,,15.787753,652,31,1000000,100,1.4913616938342726,6.0,2.0,35,0.4259576199255097,0.9038814306259155
56409,JG074C,328,HEX,-inf,False,N16,0.0,HEX,JG074C.328,UNKNOWN,,33.575478,653,31,1000000,100,1.4913616938342726,6.0,2.0,35,-0.06332685082824353,0.08016271144151688
56410,JG074C,328,FAM,-inf,False,N16,0.0,FAM,JG074C.328,UNKNOWN,,15.787753,652,31,1000000,100,1.4913616938342726,6.0,2.0,36,0.43881025984725613,0.9307183623313904
56411,JG074C,328,HEX,-inf,False,N16,0.0,HEX,JG074C.328,UNKNOWN,,33.575478,653,31,1000000,100,1.4913616938342726,6.0,2.0,36,-0.08383244672895843,0.11886268109083176
56412,JG074C,328,FAM,-inf,False,N16,0.0,FAM,JG074C.328,UNKNOWN,,15.787753,652,31,1000000,100,1.4913616938342726,6.0,2.0,37,0.45202441971939783,0.9583984613418579
56413,JG074C,328,HEX,-inf,False,N16,0.0,HEX,JG074C.328,UNKNOWN,,33.575478,653,31,1000000,100,1.4913616938342726,6.0,2.0,37,-0.10830828230403565,0.16538165509700775
56414,JG074C,328,FAM,-inf,False,N16,0.0,FAM,JG074C.328,UNKNOWN,,15.787753,652,31,1000000,100,1.4913616938342726,6.0,2.0,38,0.4653733126028842,0.9863927364349365
56415,JG074C,328,HEX,-inf,False,N16,0.0,HEX,JG074C.328,UNKNOWN,,33.575478,653,31,1000000,100,1.4913616938342726,6.0,2.0,38,-0.13435298314161218,0.21499034762382507
56416,JG074C,328,FAM,-inf,False,N16,0.0,FAM,JG074C.328,UNKNOWN,,15.787753,652,31,1000000,100,1.4913616938342726,6.0,2.0,39,0.4796944707905438,1.0166547298431396
56417,JG074C,328,HEX,-inf,False,N16,0.0,HEX,JG074C.328,UNKNOWN,,33.575478,653,31,1000000,100,1.4913616938342726,6.0,2.0,39,-0.16030316527218819,0.26441290974617004
56418,JG074C,328,FAM,-inf,False,N16,0.0,FAM,JG074C.328,UNKNOWN,,15.787753,652,31,1000000,100,1.4913616938342726,6.0,2.0,40,0.4942592319873343,1.0474847555160522
56419,JG074C,328,HEX,-inf,False,N16,0.0,HEX,JG074C.328,UNKNOWN,,33.575478,653,31,1000000,100,1.4913616938342726,6.0,2.0,40,-0.18482140261111674,0.31101536750793457
56420,JG074C,328,FAM,-inf,False,N16,0.0,FAM,JG074C.328,UNKNOWN,,15.787753,652,31,1000000,100,1.4913616938342726,6.0,2.0,41,0.5087488064391747,1.0781394243240356
56421,JG074C,328,HEX,-inf,False,N16,0.0,HEX,JG074C.328,UNKNOWN,,33.575478,653,31,1000000,100,1.4913616938342726,6.0,2.0,41,-0.20942625939911202,0.35778844356536865
56422,JG074C,328,FAM,-inf,False,N16,0.0,FAM,JG074C.328,UNKNOWN,,15.787753,652,31,1000000,100,1.4913616938342726,6.0,2.0,42,0.5225020516947206,1.1070767641067505
56423,JG074C,328,HEX,-inf,False,N16,0.0,HEX,JG074C.328,UNKNOWN,,33.575478,653,31,1000000,100,1.4913616938342726,6.0,2.0,42,-0.23264163369002336,0.40182507038116455
56424,JG074C,328,FAM,-inf,False,N16,0.0,FAM,JG074C.328,UNKNOWN,,15.787753,652,31,1000000,100,1.4913616938342726,6.0,2.0,43,0.5362286672465826,1.135952115058899
56425,JG074C,328,HEX,-inf,False,N16,0.0,HEX,JG074C.328,UNKNOWN,,33.575478,653,31,1000000,100,1.4913616938342726,6.0,2.0,43,-0.253815155733804,0.44184044003486633
56426,JG074C,328,FAM,-inf,False,N16,0.0,FAM,JG074C.328,UNKNOWN,,15.787753,652,31,1000000,100,1.4913616938342726,6.0,2.0,44,0.5499520115872434,1.1648197174072266
56427,JG074C,328,HEX,-inf,False,N16,0.0,HEX,JG074C.328,UNKNOWN,,33.575478,653,31,1000000,100,1.4913616938342726,6.0,2.0,44,-0.27223014189876255,0.4764231741428375
56428,JG074C,328,FAM,-inf,False,N16,0.0,FAM,JG074C.328,UNKNOWN,,15.787753,652,31,1000000,100,1.4913616938342726,6.0,2.0,45,0.5631937723038942,1.1925641298294067
56429,JG074C,328,HEX,-inf,False,N16,0.0,HEX,JG074C.328,UNKNOWN,,33.575478,653,31,1000000,100,1.4913616938342726,6.0,2.0,45,-0.28819953596664266,0.5061895251274109
56430,JG074C,328,FAM,-inf,False,N16,0.0,FAM,JG074C.328,UNKNOWN,,15.787753,652,31,1000000,100,1.4913616938342726,6.0,2.0,46,0.5769171166445551,1.221431851387024
56431,JG074C,328,HEX,-inf,False,N16,0.0,HEX,JG074C.328,UNKNOWN,,33.575478,653,31,1000000,100,1.4913616938342726,6.0,2.0,46,-0.3037692760076442,0.5351688265800476
56432,JG074C,328,FAM,-inf,False,N16,0.0,FAM,JG074C.328,UNKNOWN,,15.787753,652,31,1000000,100,1.4913616938342726,6.0,2.0,47,0.5887692770655191,1.245935320854187
56433,JG074C,328,HEX,-inf,False,N16,0.0,HEX,JG074C.328,UNKNOWN,,33.575478,653,31,1000000,100,1.4913616938342726,6.0,2.0,47,-0.31654152865656415,0.5586387515068054
56434,JG074C,328,FAM,-inf,False,N16,0.0,FAM,JG074C.328,UNKNOWN,,15.787753,652,31,1000000,100,1.4913616938342726,6.0,2.0,48,0.6015478036084909,1.2725993394851685
56435,JG074C,328,HEX,-inf,False,N16,0.0,HEX,JG074C.328,UNKNOWN,,33.575478,653,31,1000000,100,1.4913616938342726,6.0,2.0,48,-0.32956864586893314,0.5826106071472168
56436,JG074C,328,FAM,-inf,False,N16,0.0,FAM,JG074C.328,UNKNOWN,,15.787753,652,31,1000000,100,1.4913616938342726,6.0,2.0,49,0.6146872878624328,1.300105333328247
56437,JG074C,328,HEX,-inf,False,N16,0.0,HEX,JG074C.328,UNKNOWN,,33.575478,653,31,1000000,100,1.4913616938342726,6.0,2.0,49,-0.34231332677847515,0.6060262322425842
56438,JG074C,328,FAM,-inf,False,N16,0.0,FAM,JG074C.328,UNKNOWN,,15.787753,652,31,1000000,100,1.4913616938342726,6.0,2.0,50,0.6278857561433442,1.3277487754821777
56439,JG074C,328,HEX,-inf,False,N16,0.0,HEX,JG074C.328,UNKNOWN,,33.575478,653,31,1000000,100,1.4913616938342726,6.0,2.0,50,-0.35528965872336193,0.6298980116844177
60480,JG074C,352,FAM,-inf,False,O16,0.0,FAM,JG074C.352,UNKNOWN,,15.666798,700,10,1000000,100,1.0,6.0,2.0,1,-0.006264153818484196,-0.0019463874632492661
60481,JG074C,352,HEX,-inf,False,O16,0.0,HEX,JG074C.352,UNKNOWN,,32.891636,701,10,1000000,100,1.0,6.0,2.0,1,0.0018012426663897487,0.009320881217718124
60482,JG074C,352,FAM,-inf,False,O16,0.0,FAM,JG074C.352,UNKNOWN,,15.666798,700,10,1000000,100,1.0,6.0,2.0,2,-0.005579205638750308,-0.002719363197684288
60483,JG074C,352,HEX,-inf,False,O16,0.0,HEX,JG074C.352,UNKNOWN,,32.891636,701,10,1000000,100,1.0,6.0,2.0,2,0.0014553853099221548,0.008297314867377281
60484,JG074C,352,FAM,-inf,False,O16,0.0,FAM,JG074C.352,UNKNOWN,,15.666798,700,10,1000000,100,1.0,6.0,2.0,3,-0.0037654340312662624,-0.0008596019470132887
60485,JG074C,352,HEX,-inf,False,O16,0.0,HEX,JG074C.352,UNKNOWN,,32.891636,701,10,1000000,100,1.0,6.0,2.0,3,0.0006074862269978163,0.008262469433248043
60486,JG074C,352,FAM,-inf,False,O16,0.0,FAM,JG074C.352,UNKNOWN,,15.666798,700,10,1000000,100,1.0,6.0,2.0,4,-0.00175329413204129,0.0014628106728196144
60487,JG074C,352,HEX,-inf,False,O16,0.0,HEX,JG074C.352,UNKNOWN,,32.891636,701,10,1000000,100,1.0,6.0,2.0,4,0.00020842237456259775,0.007343687582761049
60488,JG074C,352,FAM,-inf,False,O16,0.0,FAM,JG074C.352,UNKNOWN,,15.666798,700,10,1000000,100,1.0,6.0,2.0,5,-0.0003051570452912608,0.002469808328896761
60489,JG074C,352,HEX,-inf,False,O16,0.0,HEX,JG074C.352,UNKNOWN,,32.891636,701,10,1000000,100,1.0,6.0,2.0,5,8.610493801359044e-05,0.005879880860447884
60490,JG074C,352,FAM,-inf,False,O16,0.0,FAM,JG074C.352,UNKNOWN,,15.666798,700,10,1000000,100,1.0,6.0,2.0,6,0.00011658641444265302,0.001082964357919991
60491,JG074C,352,HEX,-inf,False,O16,0.0,HEX,JG074C.352,UNKNOWN,,32.891636,701,10,1000000,100,1.0,6.0,2.0,6,-0.00021741118531480737,0.004772927146404982
60492,JG074C,352,FAM,-inf,False,O16,0.0,FAM,JG074C.352,UNKNOWN,,15.666798,700,10,1000000,100,1.0,6.0,2.0,7,0.00021071040548643454,-0.001067981356754899
60493,JG074C,352,HEX,-inf,False,O16,0.0,HEX,JG074C.352,UNKNOWN,,32.891636,701,10,1000000,100,1.0,6.0,2.0,7,-0.00024949246274693596,0.003131409175693989
60494,JG074C,352,FAM,-inf,False,O16,0.0,FAM,JG074C.352,UNKNOWN,,15.666798,700,10,1000000,100,1.0,6.0,2.0,8,0.0010238108396566634,-0.0015420697163790464
60495,JG074C,352,HEX,-inf,False,O16,0.0,HEX,JG074C.352,UNKNOWN,,32.891636,701,10,1000000,100,1.0,6.0,2.0,8,-5.856346399166872e-05,0.0010506942635402083
60496,JG074C,352,FAM,-inf,False,O16,0.0,FAM,JG074C.352,UNKNOWN,,15.666798,700,10,1000000,100,1.0,6.0,2.0,9,0.0016053836341686954,-0.0025561463553458452
60497,JG074C,352,HEX,-inf,False,O16,0.0,HEX,JG074C.352,UNKNOWN,,32.891636,701,10,1000000,100,1.0,6.0,2.0,9,-2.731448385141138e-05,-0.0007155464263632894
60498,JG074C,352,FAM,-inf,False,O16,0.0,FAM,JG074C.352,UNKNOWN,,15.666798,700,10,1000000,100,1.0,6.0,2.0,10,0.0028673939148443667,-0.001983249094337225
60499,JG074C,352,HEX,-inf,False,O16,0.0,HEX,JG074C.352,UNKNOWN,,32.891636,701,10,1000000,100,1.0,6.0,2.0,10,-0.0003492319436691811,-0.0017862605163827538
60500,JG074C,352,FAM,-inf,False,O16,0.0,FAM,JG074C.352,UNKNOWN,,15.666798,700,10,1000000,100,1.0,6.0,2.0,11,0.004360816831659446,-0.0008706320659257472
60501,JG074C,352,HEX,-inf,False,O16,0.0,HEX,JG074C.352,UNKNOWN,,32.891636,701,10,1000000,100,1.0,6.0,2.0,11,-0.0006753865533364772,-0.0028486300725489855
60502,JG074C,352,FAM,-inf,False,O16,0.0,FAM,JG074C.352,UNKNOWN,,15.666798,700,10,1000000,100,1.0,6.0,2.0,12,0.005804225995970405,0.00012533881817944348
60503,JG074C,352,HEX,-inf,False,O16,0.0,HEX,JG074C.352,UNKNOWN,,32.891636,701,10,1000000,100,1.0,6.0,2.0,12,-0.0015543530242646648,-0.002822290873154998
60504,JG074C,352,FAM,-inf,False,O16,0.0,FAM,JG074C.352,UNKNOWN,,15.666798,700,10,1000000,100,1.0,6.0,2.0,13,0.008369903387460591,0.0037387581542134285
60505,JG074C,352,HEX,-inf,False,O16,0.0,HEX,JG074C.352,UNKNOWN,,32.891636,701,10,1000000,100,1.0,6.0,2.0,13,-0.0014201715681369834,-0.004791247192770243
60506,JG074C,352,FAM,-inf,False,O16,0.0,FAM,JG074C.352,UNKNOWN,,15.666798,700,10,1000000,100,1.0,6.0,2.0,14,0.01232385214508716,0.0105900214985013
60507,JG074C,352,HEX,-inf,False,O16,0.0,HEX,JG074C.352,UNKNOWN,,32.891636,701,10,1000000,100,1.0,6.0,2.0,14,-0.001200051633454086,-0.006929450668394566
60508,JG074C,352,FAM,-inf,False,O16,0.0,FAM,JG074C.352,UNKNOWN,,15.666798,700,10,1000000,100,1.0,6.0,2.0,15,0.019179723026803167,0.024209391325712204
60509,JG074C,352,HEX,-inf,False,O16,0.0,HEX,JG074C.352,UNKNOWN,,32.891636,701,10,1000000,100,1.0,6.0,2.0,15,-0.0022558131818537636,-0.006554930936545134
60510,JG074C,352,FAM,-inf,False,O16,0.0,FAM,JG074C.352,UNKNOWN,,15.666798,700,10,1000000,100,1.0,6.0,2.0,16,0.031018798602962812,0.049451012164354324
60511,JG074C,352,HEX,-inf,False,O16,0.0,HEX,JG074C.352,UNKNOWN,,32.891636,701,10,1000000,100,1.0,6.0,2.0,16,-0.0029743278675872058,-0.006844585761427879
60512,JG074C,352,FAM,-inf,False,O16,0.0,FAM,JG074C.352,UNKNOWN,,15.666798,700,10,1000000,100,1.0,6.0,2.0,17,0.04835310009554876,0.08750905841588974
60513,JG074C,352,HEX,-inf,False,O16,0.0,HEX,JG074C.352,UNKNOWN,,32.891636,701,10,1000000,100,1.0,6.0,2.0,17,-0.003537429949911233,-0.007440310437232256
60514,JG074C,352,FAM,-inf,False,O16,0.0,FAM,JG074C.352,UNKNOWN,,15.666798,700,10,1000000,100,1.0,6.0,2.0,18,0.07177323446438229,0.13976100087165833
60515,JG074C,352,HEX,-inf,False,O16,0.0,HEX,JG074C.352,UNKNOWN,,32.891636,701,10,1000000,100,1.0,6.0,2.0,18,-0.00467109452483006,-0.0069123683497309685
60516,JG074C,352,FAM,-inf,False,O16,0.0,FAM,JG074C.352,UNKNOWN,,15.666798,700,10,1000000,100,1.0,6.0,2.0,19,0.10131270606793705,0.20628498494625092
60517,JG074C,352,HEX,-inf,False,O16,0.0,HEX,JG074C.352,UNKNOWN,,32.891636,701,10,1000000,100,1.0,6.0,2.0,19,-0.00665857505978453,-0.004702919628471136
60518,JG074C,352,FAM,-inf,False,O16,0.0,FAM,JG074C.352,UNKNOWN,,15.666798,700,10,1000000,100,1.0,6.0,2.0,20,0.1343060655730897,0.280864417552948
60519,JG074C,352,HEX,-inf,False,O16,0.0,HEX,JG074C.352,UNKNOWN,,32.891636,701,10,1000000,100,1.0,6.0,2.0,20,-0.00833114456485098,-0.003113657236099243
60520,JG074C,352,FAM,-inf,False,O16,0.0,FAM,JG074C.352,UNKNOWN,,15.666798,700,10,1000000,100,1.0,6.0,2.0,21,0.1686957978033689,0.35870057344436646
60521,JG074C,352,HEX,-inf,False,O16,0.0,HEX,JG074C.352,UNKNOWN,,32.891636,701,10,1000000,100,1.0,6.0,2.0,21,-0.010120492946305988,-0.0012944103218615055
60522,JG074C,352,FAM,-inf,False,O16,0.0,FAM,JG074C.352,UNKNOWN,,15.666798,700,10,1000000,100,1.0,6.0,2.0,22,0.20297586778939916,0.4362809658050537
60523,JG074C,352,HEX,-inf,False,O16,0.0,HEX,JG074C.352,UNKNOWN,,32.891636,701,10,1000000,100,1.0,6.0,2.0,22,-0.011324055361063966,-0.0006288113654591143
60524,JG074C,352,FAM,-inf,False,O16,0.0,FAM,JG074C.352,UNKNOWN,,15.666798,700,10,1000000,100,1.0,6.0,2.0,23,0.2346645507084057,0.5078175067901611
60525,JG074C,352,HEX,-inf,False,O16,0.0,HEX,JG074C.352,UNKNOWN,,32.891636,701,10,1000000,100,1.0,6.0,2.0,23,-0.012711676538749767,0.0003992732672486454
60526,JG074C,352,FAM,-inf,False,O16,0.0,FAM,JG074C.352,UNKNOWN,,15.666798,700,10,1000000,100,1.0,6.0,2.0,24,0.26240043490497356,0.5701349973678589
60527,JG074C,352,HEX,-inf,False,O16,0.0,HEX,JG074C.352,UNKNOWN,,32.891636,701,10,1000000,100,1.0,6.0,2.0,24,-0.013886078282936185,0.0010074431775137782
60528,JG074C,352,FAM,-inf,False,O16,0.0,FAM,JG074C.352,UNKNOWN,,15.666798,700,10,1000000,100,1.0,6.0,2.0,25,0.28639011781152135,0.6237152814865112
60529,JG074C,352,HEX,-inf,False,O16,0.0,HEX,JG074C.352,UNKNOWN,,32.891636,701,10,1000000,100,1.0,6.0,2.0,25,-0.015227136210311297,0.00194382609333843
60530,JG074C,352,FAM,-inf,False,O16,0.0,FAM,JG074C.352,UNKNOWN,,15.666798,700,10,1000000,100,1.0,6.0,2.0,26,0.30655325030292246,0.6683709621429443
60531,JG074C,352,HEX,-inf,False,O16,0.0,HEX,JG074C.352,UNKNOWN,,32.891636,701,10,1000000,100,1.0,6.0,2.0,26,-0.01617356415991516,0.0021030239295214415
60532,JG074C,352,FAM,-inf,False,O16,0.0,FAM,JG074C.352,UNKNOWN,,15.666798,700,10,1000000,100,1.0,6.0,2.0,27,0.3243356055047073,0.7074740529060364
60533,JG074C,352,HEX,-inf,False,O16,0.0,HEX,JG074C.352,UNKNOWN,,32.891636,701,10,1000000,100,1.0,6.0,2.0,27,-0.017342745130179835,0.00270091206766665
60534,JG074C,352,FAM,-inf,False,O16,0.0,FAM,JG074C.352,UNKNOWN,,15.666798,700,10,1000000,100,1.0,6.0,2.0,28,0.3394844312389169,0.7404349446296692
60535,JG074C,352,HEX,-inf,False,O16,0.0,HEX,JG074C.352,UNKNOWN,,32.891636,701,10,1000000,100,1.0,6.0,2.0,28,-0.01924297064359013,0.004738520365208387
60536,JG074C,352,FAM,-inf,False,O16,0.0,FAM,JG074C.352,UNKNOWN,,15.666798,700,10,1000000,100,1.0,6.0,2.0,29,0.352344686949241,0.7680582404136658
60537,JG074C,352,HEX,-inf,False,O16,0.0,HEX,JG074C.352,UNKNOWN,,32.891636,701,10,1000000,100,1.0,6.0,2.0,29,-0.020805313721856757,0.006110702641308308
60538,JG074C,352,FAM,-inf,False,O16,0.0,FAM,JG074C.352,UNKNOWN,,15.666798,700,10,1000000,100,1.0,6.0,2.0,30,0.36332420066963994,0.7912951111793518
60539,JG074C,352,HEX,-inf,False,O16,0.0,HEX,JG074C.352,UNKNOWN,,32.891636,701,10,1000000,100,1.0,6.0,2.0,30,-0.02260009473472598,0.007940649054944515
60540,JG074C,352,FAM,-inf,False,O16,0.0,FAM,JG074C.352,UNKNOWN,,15.666798,700,10,1000000,100,1.0,6.0,2.0,31,0.37470908901559863,0.8154774308204651
60541,JG074C,352,HEX,-inf,False,O16,0.0,HEX,JG074C.352,UNKNOWN,,32.891636,701,10,1000000,100,1.0,6.0,2.0,31,-0.02652063869442457,0.013957075774669647
60542,JG074C,352,FAM,-inf,False,O16,0.0,FAM,JG074C.352,UNKNOWN,,15.666798,700,10,1000000,100,1.0,6.0,2.0,32,0.3851803894083037,0.8375290036201477
60543,JG074C,352,HEX,-inf,False,O16,0.0,HEX,JG074C.352,UNKNOWN,,32.891636,701,10,1000000,100,1.0,6.0,2.0,32,-0.032813880641111716,0.024646298959851265
60544,JG074C,352,FAM,-inf,False,O16,0.0,FAM,JG074C.352,UNKNOWN,,15.666798,700,10,1000000,100,1.0,6.0,2.0,33,0.39539500194707344,0.8589819073677063
60545,JG074C,352,HEX,-inf,False,O16,0.0,HEX,JG074C.352,UNKNOWN,,32.891636,701,10,1000000,100,1.0,6.0,2.0,33,-0.04256516650874362,0.04214579984545708
60546,JG074C,352,FAM,-inf,False,O16,0.0,FAM,JG074C.352,UNKNOWN,,15.666798,700,10,1000000,100,1.0,6.0,2.0,34,0.4043920594542636,0.8775951266288757
60547,JG074C,352,HEX,-inf,False,O16,0.0,HEX,JG074C.352,UNKNOWN,,32.891636,701,10,1000000,100,1.0,6.0,2.0,34,-0.057442752989147014,0.06974104791879654
60548,JG074C,352,FAM,-inf,False,O16,0.0,FAM,JG074C.352,UNKNOWN,,15.666798,700,10,1000000,100,1.0,6.0,2.0,35,0.4134447786645472,0.8963382244110107
60549,JG074C,352,HEX,-inf,False,O16,0.0,HEX,JG074C.352,UNKNOWN,,32.891636,701,10,1000000,100,1.0,6.0,2.0,35,-0.0781514294290785,0.10882005095481873
60550,JG074C,352,FAM,-inf,False,O16,0.0,FAM,JG074C.352,UNKNOWN,,15.666798,700,10,1000000,100,1.0,6.0,2.0,36,0.4228525265154988,0.9159092903137207
60551,JG074C,352,HEX,-inf,False,O16,0.0,HEX,JG074C.352,UNKNOWN,,32.891636,701,10,1000000,100,1.0,6.0,2.0,36,-0.103284325884393,0.1566121131181717
60552,JG074C,352,FAM,-inf,False,O16,0.0,FAM,JG074C.352,UNKNOWN,,15.666798,700,10,1000000,100,1.0,6.0,2.0,37,0.4321580490164164,0.9352419376373291
60553,JG074C,352,HEX,-inf,False,O16,0.0,HEX,JG074C.352,UNKNOWN,,32.891636,701,10,1000000,100,1.0,6.0,2.0,37,-0.13181045300063252,0.21108682453632355
60554,JG074C,352,FAM,-inf,False,O16,0.0,FAM,JG074C.352,UNKNOWN,,15.666798,700,10,1000000,100,1.0,6.0,2.0,38,0.4408642754027599,0.9531768560409546
60555,JG074C,352,HEX,-inf,False,O16,0.0,HEX,JG074C.352,UNKNOWN,,32.891636,701,10,1000000,100,1.0,6.0,2.0,38,-0.16170738888926206,0.268261194229126
60556,JG074C,352,FAM,-inf,False,O16,0.0,FAM,JG074C.352,UNKNOWN,,15.666798,700,10,1000000,100,1.0,6.0,2.0,39,0.4494609162138669,0.9708561897277832
60557,JG074C,352,HEX,-inf,False,O16,0.0,HEX,JG074C.352,UNKNOWN,,32.891636,701,10,1000000,100,1.0,6.0,2.0,39,-0.18908446149702215,0.32047295570373535
60558,JG074C,352,FAM,-inf,False,O16,0.0,FAM,JG074C.352,UNKNOWN,,15.666798,700,10,1000000,100,1.0,6.0,2.0,40,0.4590953487785189,0.9909559488296509
60559,JG074C,352,HEX,-inf,False,O16,0.0,HEX,JG074C.352,UNKNOWN,,32.891636,701,10,1000000,100,1.0,6.0,2.0,40,-0.2147794461452324,0.36937201023101807
60560,JG074C,352,FAM,-inf,False,O16,0.0,FAM,JG074C.352,UNKNOWN,,15.666798,700,10,1000000,100,1.0,6.0,2.0,41,0.4676879516882996,1.008625864982605
60561,JG074C,352,HEX,-inf,False,O16,0.0,HEX,JG074C.352,UNKNOWN,,32.891636,701,10,1000000,100,1.0,6.0,2.0,41,-0.2395360231631968,0.416422963142395
60562,JG074C,352,FAM,-inf,False,O16,0.0,FAM,JG074C.352,UNKNOWN,,15.666798,700,10,1000000,100,1.0,6.0,2.0,42,0.47707060321581785,1.0281383991241455
60563,JG074C,352,HEX,-inf,False,O16,0.0,HEX,JG074C.352,UNKNOWN,,32.891636,701,10,1000000,100,1.0,6.0,2.0,42,-0.261981870510722,0.4589231610298157
60564,JG074C,352,FAM,-inf,False,O16,0.0,FAM,JG074C.352,UNKNOWN,,15.666798,700,10,1000000,100,1.0,6.0,2.0,43,0.48706338674501387,1.0490739345550537
60565,JG074C,352,HEX,-inf,False,O16,0.0,HEX,JG074C.352,UNKNOWN,,32.891636,701,10,1000000,100,1.0,6.0,2.0,43,-0.2818045286517614,0.4962572157382965
60566,JG074C,352,FAM,-inf,False,O16,0.0,FAM,JG074C.352,UNKNOWN,,15.666798,700,10,1000000,100,1.0,6.0,2.0,44,0.4968883162494541,1.0696179866790771
60567,JG074C,352,HEX,-inf,False,O16,0.0,HEX,JG074C.352,UNKNOWN,,32.891636,701,10,1000000,100,1.0,6.0,2.0,44,-0.29654711651142335,0.523586630821228
60568,JG074C,352,FAM,-inf,False,O16,0.0,FAM,JG074C.352,UNKNOWN,,15.666798,700,10,1000000,100,1.0,6.0,2.0,45,0.5060603324432273,1.088639259338379
60569,JG074C,352,HEX,-inf,False,O16,0.0,HEX,JG074C.352,UNKNOWN,,32.891636,701,10,1000000,100,1.0,6.0,2.0,45,-0.31023565281530335,0.5488401055335999
60570,JG074C,352,FAM,-inf,False,O16,0.0,FAM,JG074C.352,UNKNOWN,,15.666798,700,10,1000000,100,1.0,6.0,2.0,46,0.5139882150144122,1.104758858680725
60571,JG074C,352,HEX,-inf,False,O16,0.0,HEX,JG074C.352,UNKNOWN,,32.891636,701,10,1000000,100,1.0,6.0,2.0,46,-0.3207335547517779,0.5678099989891052
60572,JG074C,352,FAM,-inf,False,O16,0.0,FAM,JG074C.352,UNKNOWN,,15.666798,700,10,1000000,100,1.0,6.0,2.0,47,0.5231150476034704,1.123674750328064
60573,JG074C,352,HEX,-inf,False,O16,0.0,HEX,JG074C.352,UNKNOWN,,32.891636,701,10,1000000,100,1.0,6.0,2.0,47,-0.33238589843011196,0.5890534520149231
60574,JG074C,352,FAM,-inf,False,O16,0.0,FAM,JG074C.352,UNKNOWN,,15.666798,700,10,1000000,100,1.0,6.0,2.0,48,0.5333179042269863,1.1451003551483154
60575,JG074C,352,HEX,-inf,False,O16,0.0,HEX,JG074C.352,UNKNOWN,,32.891636,701,10,1000000,100,1.0,6.0,2.0,48,-0.34338239184245145,0.6090052723884583
60576,JG074C,352,FAM,-inf,False,O16,0.0,FAM,JG074C.352,UNKNOWN,,15.666798,700,10,1000000,100,1.0,6.0,2.0,49,0.54309325443666,1.1655287742614746
60577,JG074C,352,HEX,-inf,False,O16,0.0,HEX,JG074C.352,UNKNOWN,,32.891636,701,10,1000000,100,1.0,6.0,2.0,49,-0.3523532249731567,0.6249677538871765
60578,JG074C,352,FAM,-inf,False,O16,0.0,FAM,JG074C.352,UNKNOWN,,15.666798,700,10,1000000,100,1.0,6.0,2.0,50,0.5522287250677962,1.1844648122787476
60579,JG074C,352,HEX,-inf,False,O16,0.0,HEX,JG074C.352,UNKNOWN,,32.891636,701,10,1000000,100,1.0,6.0,2.0,50,-0.36184080879336766,0.6419479250907898
64620,JG074C,376,FAM,-inf,False,P16,0.0,FAM,JG074C.376,UNKNOWN,,15.592681,748,3,1000000,100,0.47712125471966244,6.0,2.0,1,-0.008271299050997351,-0.0033067315816879272
64621,JG074C,376,HEX,-inf,False,P16,0.0,HEX,JG074C.376,UNKNOWN,,32.31,749,3,1000000,100,0.47712125471966244,6.0,2.0,1,0.0013191023031324987,0.010463610291481018
64622,JG074C,376,FAM,-inf,False,P16,0.0,FAM,JG074C.376,UNKNOWN,,15.592681,748,3,1000000,100,0.47712125471966244,6.0,2.0,2,-0.007376380002293681,-0.004122080281376839
64623,JG074C,376,HEX,-inf,False,P16,0.0,HEX,JG074C.376,UNKNOWN,,32.31,749,3,1000000,100,0.47712125471966244,6.0,2.0,2,0.0011779144170750648,0.008971805684268475
64624,JG074C,376,FAM,-inf,False,P16,0.0,FAM,JG074C.376,UNKNOWN,,15.592681,748,3,1000000,100,0.47712125471966244,6.0,2.0,3,-0.005506282226940916,-0.0026630351785570383
64625,JG074C,376,HEX,-inf,False,P16,0.0,HEX,JG074C.376,UNKNOWN,,32.31,749,3,1000000,100,0.47712125471966244,6.0,2.0,3,0.0005012113207496276,0.008534646593034267
64626,JG074C,376,FAM,-inf,False,P16,0.0,FAM,JG074C.376,UNKNOWN,,15.592681,748,3,1000000,100,0.47712125471966244,6.0,2.0,4,-0.002716054075932351,0.0009420154383406043
64627,JG074C,376,HEX,-inf,False,P16,0.0,HEX,JG074C.376,UNKNOWN,,32.31,749,3,1000000,100,0.47712125471966244,6.0,2.0,4,-5.707856995958022e-05,0.00786428339779377
64628,JG074C,376,FAM,-inf,False,P16,0.0,FAM,JG074C.376,UNKNOWN,,15.592681,748,3,1000000,100,0.47712125471966244,6.0,2.0,5,-0.0011860344838051087,0.0016079015331342816
64629,JG074C,376,HEX,-inf,False,P16,0.0,HEX,JG074C.376,UNKNOWN,,32.31,749,3,1000000,100,0.47712125471966244,6.0,2.0,5,0.00023546636179415097,0.005518284626305103
64630,JG074C,376,FAM,-inf,False,P16,0.0,FAM,JG074C.376,UNKNOWN,,15.592681,748,3,1000000,100,0.47712125471966244,6.0,2.0,6,0.00013043635210116221,0.0017757313326001167
64631,JG074C,376,HEX,-inf,False,P16,0.0,HEX,JG074C.376,UNKNOWN,,32.31,749,3,1000000,100,0.47712125471966244,6.0,2.0,6,0.0006951819877897334,0.0028430598322302103
64632,JG074C,376,FAM,-inf,False,P16,0.0,FAM,JG074C.376,UNKNOWN,,15.592681,748,3,1000000,100,0.47712125471966244,6.0,2.0,7,0.0006472238310291633,7.84720468800515e-05
64633,JG074C,376,HEX,-inf,False,P16,0.0,HEX,JG074C.376,UNKNOWN,,32.31,749,3,1000000,100,0.47712125471966244,6.0,2.0,7,0.0006129661480308869,0.0012351159239187837
64634,JG074C,376,FAM,-inf,False,P16,0.0,FAM,JG074C.376,UNKNOWN,,15.592681,748,3,1000000,100,0.47712125471966244,6.0,2.0,8,0.0013797706893726206,-0.0011155749671161175
64635,JG074C,376,HEX,-inf,False,P16,0.0,HEX,JG074C.376,UNKNOWN,,32.31,749,3,1000000,100,0.47712125471966244,6.0,2.0,8,-0.00013082011001937393,0.0009300698293372989
64636,JG074C,376,FAM,-inf,False,P16,0.0,FAM,JG074C.376,UNKNOWN,,15.592681,748,3,1000000,100,0.47712125471966244,6.0,2.0,9,0.0030208964588180386,-0.0001905576791614294
64637,JG074C,376,HEX,-inf,False,P16,0.0,HEX,JG074C.376,UNKNOWN,,32.31,749,3,1000000,100,0.47712125471966244,6.0,2.0,9,-0.0005631607214514089,1.166213314718334e-05
64638,JG074C,376,FAM,-inf,False,P16,0.0,FAM,JG074C.376,UNKNOWN,,15.592681,748,3,1000000,100,0.47712125471966244,6.0,2.0,10,0.004230043455357391,-0.0002730376727413386
64639,JG074C,376,HEX,-inf,False,P16,0.0,HEX,JG074C.376,UNKNOWN,,32.31,749,3,1000000,100,0.47712125471966244,6.0,2.0,10,-0.0012937664169340357,-0.00031934177968651056
64640,JG074C,376,FAM,-inf,False,P16,0.0,FAM,JG074C.376,UNKNOWN,,15.592681,748,3,1000000,100,0.47712125471966244,6.0,2.0,11,0.0054669318562622134,-0.00029081685352139175
64641,JG074C,376,HEX,-inf,False,P16,0.0,HEX,JG074C.376,UNKNOWN,,32.31,749,3,1000000,100,0.47712125471966244,6.0,2.0,11,-0.0010818937917796807,-0.002506464021280408
64642,JG074C,376,FAM,-inf,False,P16,0.0,FAM,JG074C.376,UNKNOWN,,15.592681,748,3,1000000,100,0.47712125471966244,6.0,2.0,12,0.006891403774479377,0.00012890208745375276
64643,JG074C,376,HEX,-inf,False,P16,0.0,HEX,JG074C.376,UNKNOWN,,32.31,749,3,1000000,100,0.47712125471966244,6.0,2.0,12,-0.000949376930235742,-0.004537303000688553
64644,JG074C,376,FAM,-inf,False,P16,0.0,FAM,JG074C.376,UNKNOWN,,15.592681,748,3,1000000,100,0.47712125471966244,6.0,2.0,13,0.010081486382145831,0.004666527267545462
64645,JG074C,376,HEX,-inf,False,P16,0.0,HEX,JG074C.376,UNKNOWN,,32.31,749,3,1000000,100,0.47712125471966244,6.0,2.0,13,-0.0019170814251554399,-0.004401364363729954
64646,JG074C,376,FAM,-inf,False,P16,0.0,FAM,JG074C.376,UNKNOWN,,15.592681,748,3,1000000,100,0.47712125471966244,6.0,2.0,14,0.014888901809037297,0.01297623198479414
64647,JG074C,376,HEX,-inf,False,P16,0.0,HEX,JG074C.376,UNKNOWN,,32.31,749,3,1000000,100,0.47712125471966244,6.0,2.0,14,-0.002529939752855334,-0.004964259918779135
64648,JG074C,376,FAM,-inf,False,P16,0.0,FAM,JG074C.376,UNKNOWN,,15.592681,748,3,1000000,100,0.47712125471966244,6.0,2.0,15,0.02200810519244082,0.026677682995796204
64649,JG074C,376,HEX,-inf,False,P16,0.0,HEX,JG074C.376,UNKNOWN,,32.31,749,3,1000000,100,0.47712125471966244,6.0,2.0,15,-0.0027938233924126262,-0.006214427296072245
64650,JG074C,376,FAM,-inf,False,P16,0.0,FAM,JG074C.376,UNKNOWN,,15.592681,748,3,1000000,100,0.47712125471966244,6.0,2.0,16,0.03372701486963552,0.05110695958137512
64651,JG074C,376,HEX,-inf,False,P16,0.0,HEX,JG074C.376,UNKNOWN,,32.31,749,3,1000000,100,0.47712125471966244,6.0,2.0,16,-0.0034581479581062328,-0.006675965152680874
64652,JG074C,376,FAM,-inf,False,P16,0.0,FAM,JG074C.376,UNKNOWN,,15.592681,748,3,1000000,100,0.47712125471966244,6.0,2.0,17,0.05129615354758702,0.08918063342571259
64653,JG074C,376,HEX,-inf,False,P16,0.0,HEX,JG074C.376,UNKNOWN,,32.31,749,3,1000000,100,0.47712125471966244,6.0,2.0,17,-0.00400172888576637,-0.007375296205282211
64654,JG074C,376,FAM,-inf,False,P16,0.0,FAM,JG074C.376,UNKNOWN,,15.592681,748,3,1000000,100,0.47712125471966244,6.0,2.0,18,0.07548630036555146,0.14269638061523438
64655,JG074C,376,HEX,-inf,False,P16,0.0,HEX,JG074C.376,UNKNOWN,,32.31,749,3,1000000,100,0.47712125471966244,6.0,2.0,18,-0.005646650988064662,-0.005905643571168184
64656,JG074C,376,FAM,-inf,False,P16,0.0,FAM,JG074C.376,UNKNOWN,,15.592681,748,3,1000000,100,0.47712125471966244,6.0,2.0,19,0.10603662734291718,0.21104586124420166
64657,JG074C,376,HEX,-inf,False,P16,0.0,HEX,JG074C.376,UNKNOWN,,32.31,749,3,1000000,100,0.47712125471966244,6.0,2.0,19,-0.007261307734294908,-0.004495596047490835
64658,JG074C,376,FAM,-inf,False,P16,0.0,FAM,JG074C.376,UNKNOWN,,15.592681,748,3,1000000,100,0.47712125471966244,6.0,2.0,20,0.1400544637497728,0.2874825894832611
64659,JG074C,376,HEX,-inf,False,P16,0.0,HEX,JG074C.376,UNKNOWN,,32.31,749,3,1000000,100,0.47712125471966244,6.0,2.0,20,-0.008221793941792377,-0.0043738726526498795
64660,JG074C,376,FAM,-inf,False,P16,0.0,FAM,JG074C.376,UNKNOWN,,15.592681,748,3,1000000,100,0.47712125471966244,6.0,2.0,21,0.17565270406815364,0.3676052391529083
64661,JG074C,376,HEX,-inf,False,P16,0.0,HEX,JG074C.376,UNKNOWN,,32.31,749,3,1000000,100,0.47712125471966244,6.0,2.0,21,-0.010033220900499023,-0.0025763052981346846
64662,JG074C,376,FAM,-inf,False,P16,0.0,FAM,JG074C.376,UNKNOWN,,15.592681,748,3,1000000,100,0.47712125471966244,6.0,2.0,22,0.20962589355338193,0.44393783807754517
64663,JG074C,376,HEX,-inf,False,P16,0.0,HEX,JG074C.376,UNKNOWN,,32.31,749,3,1000000,100,0.47712125471966244,6.0,2.0,22,-0.01183991133098102,-0.0007880661869421601
64664,JG074C,376,FAM,-inf,False,P16,0.0,FAM,JG074C.376,UNKNOWN,,15.592681,748,3,1000000,100,0.47712125471966244,6.0,2.0,23,0.24181243948339143,0.5161034464836121
64665,JG074C,376,HEX,-inf,False,P16,0.0,HEX,JG074C.376,UNKNOWN,,32.31,749,3,1000000,100,0.47712125471966244,6.0,2.0,23,-0.013469382969006575,0.0006511581013910472
64666,JG074C,376,FAM,-inf,False,P16,0.0,FAM,JG074C.376,UNKNOWN,,15.592681,748,3,1000000,100,0.47712125471966244,6.0,2.0,24,0.27083222296371096,0.580883264541626
64667,JG074C,376,HEX,-inf,False,P16,0.0,HEX,JG074C.376,UNKNOWN,,32.31,749,3,1000000,100,0.47712125471966244,6.0,2.0,24,-0.01473044956029384,0.0013648447347804904
64668,JG074C,376,FAM,-inf,False,P16,0.0,FAM,JG074C.376,UNKNOWN,,15.592681,748,3,1000000,100,0.47712125471966244,6.0,2.0,25,0.29518613479242983,0.6347809433937073
64669,JG074C,376,HEX,-inf,False,P16,0.0,HEX,JG074C.376,UNKNOWN,,32.31,749,3,1000000,100,0.47712125471966244,6.0,2.0,25,-0.015728237819145178,0.0015600306214764714
64670,JG074C,376,FAM,-inf,False,P16,0.0,FAM,JG074C.376,UNKNOWN,,15.592681,748,3,1000000,100,0.47712125471966244,6.0,2.0,26,0.31586606754092766,0.6801099181175232
64671,JG074C,376,HEX,-inf,False,P16,0.0,HEX,JG074C.376,UNKNOWN,,32.31,749,3,1000000,100,0.47712125471966244,6.0,2.0,26,-0.01817006187939315,0.0045991032384335995
64672,JG074C,376,FAM,-inf,False,P16,0.0,FAM,JG074C.376,UNKNOWN,,15.592681,748,3,1000000,100,0.47712125471966244,6.0,2.0,27,0.3335217655340204,0.7183854579925537
64673,JG074C,376,HEX,-inf,False,P16,0.0,HEX,JG074C.376,UNKNOWN,,32.31,749,3,1000000,100,0.47712125471966244,6.0,2.0,27,-0.019367223171342738,0.005186934489756823
64674,JG074C,376,FAM,-inf,False,P16,0.0,FAM,JG074C.376,UNKNOWN,,15.592681,748,3,1000000,100,0.47712125471966244,6.0,2.0,28,0.3484225925690476,0.7502358555793762
64675,JG074C,376,HEX,-inf,False,P16,0.0,HEX,JG074C.376,UNKNOWN,,32.31,749,3,1000000,100,0.47712125471966244,6.0,2.0,28,-0.0209274476746846,0.006489783525466919
64676,JG074C,376,FAM,-inf,False,P16,0.0,FAM,JG074C.376,UNKNOWN,,15.592681,748,3,1000000,100,0.47712125471966244,6.0,2.0,29,0.3616043981179035,0.7780770063400269
64677,JG074C,376,HEX,-inf,False,P16,0.0,HEX,JG074C.376,UNKNOWN,,32.31,749,3,1000000,100,0.47712125471966244,6.0,2.0,29,-0.02276811096735298,0.008344928734004498
64678,JG074C,376,FAM,-inf,False,P16,0.0,FAM,JG074C.376,UNKNOWN,,15.592681,748,3,1000000,100,0.47712125471966244,6.0,2.0,30,0.3734854372002521,0.8028843998908997
64679,JG074C,376,HEX,-inf,False,P16,0.0,HEX,JG074C.376,UNKNOWN,,32.31,749,3,1000000,100,0.47712125471966244,6.0,2.0,30,-0.025455160075142296,0.011866947636008263
64680,JG074C,376,FAM,-inf,False,P16,0.0,FAM,JG074C.376,UNKNOWN,,15.592681,748,3,1000000,100,0.47712125471966244,6.0,2.0,31,0.3839126273544175,0.8243010640144348
64681,JG074C,376,HEX,-inf,False,P16,0.0,HEX,JG074C.376,UNKNOWN,,32.31,749,3,1000000,100,0.47712125471966244,6.0,2.0,31,-0.030095504998207224,0.019235791638493538
64682,JG074C,376,FAM,-inf,False,P16,0.0,FAM,JG074C.376,UNKNOWN,,15.592681,748,3,1000000,100,0.47712125471966244,6.0,2.0,32,0.3952507987154107,0.8478423357009888
64683,JG074C,376,HEX,-inf,False,P16,0.0,HEX,JG074C.376,UNKNOWN,,32.31,749,3,1000000,100,0.47712125471966244,6.0,2.0,32,-0.03845326794372005,0.033925723284482956
64684,JG074C,376,FAM,-inf,False,P16,0.0,FAM,JG074C.376,UNKNOWN,,15.592681,748,3,1000000,100,0.47712125471966244,6.0,2.0,33,0.40576227367067913,0.8694555163383484
64685,JG074C,376,HEX,-inf,False,P16,0.0,HEX,JG074C.376,UNKNOWN,,32.31,749,3,1000000,100,0.47712125471966244,6.0,2.0,33,-0.05079307405246174,0.05645789951086044
64686,JG074C,376,FAM,-inf,False,P16,0.0,FAM,JG074C.376,UNKNOWN,,15.592681,748,3,1000000,100,0.47712125471966244,6.0,2.0,34,0.41600857606795943,0.8904502391815186
64687,JG074C,376,HEX,-inf,False,P16,0.0,HEX,JG074C.376,UNKNOWN,,32.31,749,3,1000000,100,0.47712125471966244,6.0,2.0,34,-0.06907878174897565,0.0906999409198761
64688,JG074C,376,FAM,-inf,False,P16,0.0,FAM,JG074C.376,UNKNOWN,,15.592681,748,3,1000000,100,0.47712125471966244,6.0,2.0,35,0.4262820192956737,0.911508321762085
64689,JG074C,376,HEX,-inf,False,P16,0.0,HEX,JG074C.376,UNKNOWN,,32.31,749,3,1000000,100,0.47712125471966244,6.0,2.0,35,-0.09280104022331459,0.13564874231815338
64690,JG074C,376,FAM,-inf,False,P16,0.0,FAM,JG074C.376,UNKNOWN,,15.592681,748,3,1000000,100,0.47712125471966244,6.0,2.0,36,0.43559883769777014,0.9303352236747742
64691,JG074C,376,HEX,-inf,False,P16,0.0,HEX,JG074C.376,UNKNOWN,,32.31,749,3,1000000,100,0.47712125471966244,6.0,2.0,36,-0.11955183181795861,0.1865619421005249
64692,JG074C,376,FAM,-inf,False,P16,0.0,FAM,JG074C.376,UNKNOWN,,15.592681,748,3,1000000,100,0.47712125471966244,6.0,2.0,37,0.44548663579248127,0.9504938125610352
64693,JG074C,376,HEX,-inf,False,P16,0.0,HEX,JG074C.376,UNKNOWN,,32.31,749,3,1000000,100,0.47712125471966244,6.0,2.0,37,-0.14864679630149708,0.24209174513816833
64694,JG074C,376,FAM,-inf,False,P16,0.0,FAM,JG074C.376,UNKNOWN,,15.592681,748,3,1000000,100,0.47712125471966244,6.0,2.0,38,0.4544579325114628,0.9685148596763611
64695,JG074C,376,HEX,-inf,False,P16,0.0,HEX,JG074C.376,UNKNOWN,,32.31,749,3,1000000,100,0.47712125471966244,6.0,2.0,38,-0.17777656594451377,0.29769012331962585
64696,JG074C,376,FAM,-inf,False,P16,0.0,FAM,JG074C.376,UNKNOWN,,15.592681,748,3,1000000,100,0.47712125471966244,6.0,2.0,39,0.4633058432329534,0.9862481355667114
64697,JG074C,376,HEX,-inf,False,P16,0.0,HEX,JG074C.376,UNKNOWN,,32.31,749,3,1000000,100,0.47712125471966244,6.0,2.0,39,-0.20564905216575172,0.3508123755455017
64698,JG074C,376,FAM,-inf,False,P16,0.0,FAM,JG074C.376,UNKNOWN,,15.592681,748,3,1000000,100,0.47712125471966244,6.0,2.0,40,0.4737753035693578,1.007763385772705
64699,JG074C,376,HEX,-inf,False,P16,0.0,HEX,JG074C.376,UNKNOWN,,32.31,749,3,1000000,100,0.47712125471966244,6.0,2.0,40,-0.2332389507573823,0.40337809920310974
64700,JG074C,376,FAM,-inf,False,P16,0.0,FAM,JG074C.376,UNKNOWN,,15.592681,748,3,1000000,100,0.47712125471966244,6.0,2.0,41,0.4845424441250612,1.029972791671753
64701,JG074C,376,HEX,-inf,False,P16,0.0,HEX,JG074C.376,UNKNOWN,,32.31,749,3,1000000,100,0.47712125471966244,6.0,2.0,41,-0.25769868516303135,0.44977930188179016
64702,JG074C,376,FAM,-inf,False,P16,0.0,FAM,JG074C.376,UNKNOWN,,15.592681,748,3,1000000,100,0.47712125471966244,6.0,2.0,42,0.49449822207754496,1.0502899885177612
64703,JG074C,376,HEX,-inf,False,P16,0.0,HEX,JG074C.376,UNKNOWN,,32.31,749,3,1000000,100,0.47712125471966244,6.0,2.0,42,-0.2771510466725782,0.4863189458847046
64704,JG074C,376,FAM,-inf,False,P16,0.0,FAM,JG074C.376,UNKNOWN,,15.592681,748,3,1000000,100,0.47712125471966244,6.0,2.0,43,0.5024330559725321,1.0658937692642212
64705,JG074C,376,HEX,-inf,False,P16,0.0,HEX,JG074C.376,UNKNOWN,,32.31,749,3,1000000,100,0.47712125471966244,6.0,2.0,43,-0.29381696764500836,0.5173709988594055
64706,JG074C,376,FAM,-inf,False,P16,0.0,FAM,JG074C.376,UNKNOWN,,15.592681,748,3,1000000,100,0.47712125471966244,6.0,2.0,44,0.5134251945236602,1.0886279344558716
64707,JG074C,376,HEX,-inf,False,P16,0.0,HEX,JG074C.376,UNKNOWN,,32.31,749,3,1000000,100,0.47712125471966244,6.0,2.0,44,-0.3104317099003274,0.5483222007751465
64708,JG074C,376,FAM,-inf,False,P16,0.0,FAM,JG074C.376,UNKNOWN,,15.592681,748,3,1000000,100,0.47712125471966244,6.0,2.0,45,0.5242864335140699,1.111056923866272
64709,JG074C,376,HEX,-inf,False,P16,0.0,HEX,JG074C.376,UNKNOWN,,32.31,749,3,1000000,100,0.47712125471966244,6.0,2.0,45,-0.3256058212068075,0.5764362812042236
64710,JG074C,376,FAM,-inf,False,P16,0.0,FAM,JG074C.376,UNKNOWN,,15.592681,748,3,1000000,100,0.47712125471966244,6.0,2.0,46,0.5351300897442737,1.1334447860717773
64711,JG074C,376,HEX,-inf,False,P16,0.0,HEX,JG074C.376,UNKNOWN,,32.31,749,3,1000000,100,0.47712125471966244,6.0,2.0,46,-0.3382219348837724,0.5995126366615295
64712,JG074C,376,FAM,-inf,False,P16,0.0,FAM,JG074C.376,UNKNOWN,,15.592681,748,3,1000000,100,0.47712125471966244,6.0,2.0,47,0.5454767774352873,1.15467369556427
64713,JG074C,376,HEX,-inf,False,P16,0.0,HEX,JG074C.376,UNKNOWN,,32.31,749,3,1000000,100,0.47712125471966244,6.0,2.0,47,-0.3509186754693026,0.6227477192878723
64714,JG074C,376,FAM,-inf,False,P16,0.0,FAM,JG074C.376,UNKNOWN,,15.592681,748,3,1000000,100,0.47712125471966244,6.0,2.0,48,0.5554846903162884,1.1751124858856201
64715,JG074C,376,HEX,-inf,False,P16,0.0,HEX,JG074C.376,UNKNOWN,,32.31,749,3,1000000,100,0.47712125471966244,6.0,2.0,48,-0.3628590848066923,0.6444933414459229
64716,JG074C,376,FAM,-inf,False,P16,0.0,FAM,JG074C.376,UNKNOWN,,15.592681,748,3,1000000,100,0.47712125471966244,6.0,2.0,49,0.5646144363278226,1.1935030221939087
64717,JG074C,376,HEX,-inf,False,P16,0.0,HEX,JG074C.376,UNKNOWN,,32.31,749,3,1000000,100,0.47712125471966244,6.0,2.0,49,-0.37363494377329576,0.6639454960823059
64718,JG074C,376,FAM,-inf,False,P16,0.0,FAM,JG074C.376,UNKNOWN,,15.592681,748,3,1000000,100,0.47712125471966244,6.0,2.0,50,0.5750743385939989,1.2149959802627563
64719,JG074C,376,HEX,-inf,False,P16,0.0,HEX,JG074C.376,UNKNOWN,,32.31,749,3,1000000,100,0.47712125471966244,6.0,2.0,50,-0.3861100208909836,0.6867440342903137
