,Experiment,Well,Target,lg10_Copies,Outlier,WellPosition,Copies,Reporter,Sample,Task,Comments,CT,Reaction,Blocker,Blocker μM,WellName,lg10_Blocker,Cycle,Fluorescence,Corr_Fluorescence
6743,JG075A,200,S075_SNV,8.0,False,I8,100000000.0,EVAGREEN,JG075A_200,STANDARD,,53.488503,126,L-MMMMx,3.1622776601683795,I8,0.5,3,-0.020416625570870324,-0.175050288438797
6744,JG075A,200,S075_SNV,8.0,False,I8,100000000.0,EVAGREEN,JG075A_200,STANDARD,,53.488503,126,L-MMMMx,3.1622776601683795,I8,0.5,4,-0.018827757839636406,-0.21560025215148926
6745,JG075A,200,S075_SNV,8.0,False,I8,100000000.0,EVAGREEN,JG075A_200,STANDARD,,53.488503,126,L-MMMMx,3.1622776601683795,I8,0.5,5,-0.015281980191365147,-0.25191232562065125
6746,JG075A,200,S075_SNV,8.0,False,I8,100000000.0,EVAGREEN,JG075A_200,STANDARD,,53.488503,126,L-MMMMx,3.1622776601683795,I8,0.5,6,-0.010300089383443053,-0.2851143181324005
6747,JG075A,200,S075_SNV,8.0,False,I8,100000000.0,EVAGREEN,JG075A_200,STANDARD,,53.488503,126,L-MMMMx,3.1622776601683795,I8,0.5,7,-0.004296807196881638,-0.3161044120788574
6748,JG075A,200,S075_SNV,8.0,False,I8,100000000.0,EVAGREEN,JG075A_200,STANDARD,,53.488503,126,L-MMMMx,3.1622776601683795,I8,0.5,8,0.0038453692719977216,-0.3424625098705292
6749,JG075A,200,S075_SNV,8.0,False,I8,100000000.0,EVAGREEN,JG075A_200,STANDARD,,53.488503,126,L-MMMMx,3.1622776601683795,I8,0.5,9,0.01925959914200372,-0.35307222604751587
6750,JG075A,200,S075_SNV,8.0,False,I8,100000000.0,EVAGREEN,JG075A_200,STANDARD,,53.488503,126,L-MMMMx,3.1622776601683795,I8,0.5,10,0.04601829176819513,-0.33911430835723877
6751,JG075A,200,S075_SNV,8.0,False,I8,100000000.0,EVAGREEN,JG075A_200,STANDARD,,53.488503,126,L-MMMMx,3.1622776601683795,I8,0.5,11,0.0854472467385282,-0.2977176606655121
6752,JG075A,200,S075_SNV,8.0,False,I8,100000000.0,EVAGREEN,JG075A_200,STANDARD,,53.488503,126,L-MMMMx,3.1622776601683795,I8,0.5,12,0.13889197035686068,-0.22596842050552368
6753,JG075A,200,S075_SNV,8.0,False,I8,100000000.0,EVAGREEN,JG075A_200,STANDARD,,53.488503,126,L-MMMMx,3.1622776601683795,I8,0.5,13,0.20859176207256191,-0.11901713907718658
6754,JG075A,200,S075_SNV,8.0,False,I8,100000000.0,EVAGREEN,JG075A_200,STANDARD,,53.488503,126,L-MMMMx,3.1622776601683795,I8,0.5,14,0.2873426612430812,0.007535241078585386
6755,JG075A,200,S075_SNV,8.0,False,I8,100000000.0,EVAGREEN,JG075A_200,STANDARD,,53.488503,126,L-MMMMx,3.1622776601683795,I8,0.5,15,0.36596177863184554,0.13380223512649536
6756,JG075A,200,S075_SNV,8.0,False,I8,100000000.0,EVAGREEN,JG075A_200,STANDARD,,53.488503,126,L-MMMMx,3.1622776601683795,I8,0.5,16,0.4369333691301974,0.2435077279806137
6757,JG075A,200,S075_SNV,8.0,False,I8,100000000.0,EVAGREEN,JG075A_200,STANDARD,,53.488503,126,L-MMMMx,3.1622776601683795,I8,0.5,17,0.49611715081127195,0.32768550515174866
6758,JG075A,200,S075_SNV,8.0,False,I8,100000000.0,EVAGREEN,JG075A_200,STANDARD,,53.488503,126,L-MMMMx,3.1622776601683795,I8,0.5,18,0.5424398232654378,0.3840112090110779
6759,JG075A,200,S075_SNV,8.0,False,I8,100000000.0,EVAGREEN,JG075A_200,STANDARD,,53.488503,126,L-MMMMx,3.1622776601683795,I8,0.5,19,0.577143239874646,0.4151742160320282
6760,JG075A,200,S075_SNV,8.0,False,I8,100000000.0,EVAGREEN,JG075A_200,STANDARD,,53.488503,126,L-MMMMx,3.1622776601683795,I8,0.5,20,0.6052566866490289,0.4320659637451172
6761,JG075A,200,S075_SNV,8.0,False,I8,100000000.0,EVAGREEN,JG075A_200,STANDARD,,53.488503,126,L-MMMMx,3.1622776601683795,I8,0.5,21,0.6252718842151174,0.43142014741897583
6762,JG075A,200,S075_SNV,8.0,False,I8,100000000.0,EVAGREEN,JG075A_200,STANDARD,,53.488503,126,L-MMMMx,3.1622776601683795,I8,0.5,22,0.6397623755389122,0.4188099801540375
6763,JG075A,200,S075_SNV,8.0,False,I8,100000000.0,EVAGREEN,JG075A_200,STANDARD,,53.488503,126,L-MMMMx,3.1622776601683795,I8,0.5,23,0.6481588677269678,0.39300262928009033
6764,JG075A,200,S075_SNV,8.0,False,I8,100000000.0,EVAGREEN,JG075A_200,STANDARD,,53.488503,126,L-MMMMx,3.1622776601683795,I8,0.5,24,0.6539394309958264,0.36153021454811096
6765,JG075A,200,S075_SNV,8.0,False,I8,100000000.0,EVAGREEN,JG075A_200,STANDARD,,53.488503,126,L-MMMMx,3.1622776601683795,I8,0.5,25,0.6602415066290737,0.3311872184276581
6766,JG075A,200,S075_SNV,8.0,False,I8,100000000.0,EVAGREEN,JG075A_200,STANDARD,,53.488503,126,L-MMMMx,3.1622776601683795,I8,0.5,26,0.6642712547974741,0.29592323303222656
6767,JG075A,200,S075_SNV,8.0,False,I8,100000000.0,EVAGREEN,JG075A_200,STANDARD,,53.488503,126,L-MMMMx,3.1622776601683795,I8,0.5,27,0.6690148484737265,0.2622051537036896
6768,JG075A,200,S075_SNV,8.0,False,I8,100000000.0,EVAGREEN,JG075A_200,STANDARD,,53.488503,126,L-MMMMx,3.1622776601683795,I8,0.5,28,0.6739596928576215,0.22892291843891144
6769,JG075A,200,S075_SNV,8.0,False,I8,100000000.0,EVAGREEN,JG075A_200,STANDARD,,53.488503,126,L-MMMMx,3.1622776601683795,I8,0.5,29,0.6759956498250348,0.18934117257595062
6770,JG075A,200,S075_SNV,8.0,False,I8,100000000.0,EVAGREEN,JG075A_200,STANDARD,,53.488503,126,L-MMMMx,3.1622776601683795,I8,0.5,30,0.6753894756476392,0.1440376341342926
6771,JG075A,200,S075_SNV,8.0,False,I8,100000000.0,EVAGREEN,JG075A_200,STANDARD,,53.488503,126,L-MMMMx,3.1622776601683795,I8,0.5,31,0.6790789251632372,0.10803670436143875
6772,JG075A,200,S075_SNV,8.0,False,I8,100000000.0,EVAGREEN,JG075A_200,STANDARD,,53.488503,126,L-MMMMx,3.1622776601683795,I8,0.5,32,0.6827728885076172,0.07204554975032806
6773,JG075A,200,S075_SNV,8.0,False,I8,100000000.0,EVAGREEN,JG075A_200,STANDARD,,53.488503,126,L-MMMMx,3.1622776601683795,I8,0.5,33,0.6821930266492185,0.02679898776113987
6774,JG075A,200,S075_SNV,8.0,False,I8,100000000.0,EVAGREEN,JG075A_200,STANDARD,,53.488503,126,L-MMMMx,3.1622776601683795,I8,0.5,34,0.6839966865744406,-0.013285813853144646
6775,JG075A,200,S075_SNV,8.0,False,I8,100000000.0,EVAGREEN,JG075A_200,STANDARD,,53.488503,126,L-MMMMx,3.1622776601683795,I8,0.5,35,0.6864104840389157,-0.05204929783940315
6776,JG075A,200,S075_SNV,8.0,False,I8,100000000.0,EVAGREEN,JG075A_200,STANDARD,,53.488503,126,L-MMMMx,3.1622776601683795,I8,0.5,36,0.6893347845292868,-0.08970724046230316
6777,JG075A,200,S075_SNV,8.0,False,I8,100000000.0,EVAGREEN,JG075A_200,STANDARD,,53.488503,126,L-MMMMx,3.1622776601683795,I8,0.5,37,0.6921638542416979,-0.12757140398025513
6778,JG075A,200,S075_SNV,8.0,False,I8,100000000.0,EVAGREEN,JG075A_200,STANDARD,,53.488503,126,L-MMMMx,3.1622776601683795,I8,0.5,38,0.6932438703478097,-0.1692233383655548
6779,JG075A,200,S075_SNV,8.0,False,I8,100000000.0,EVAGREEN,JG075A_200,STANDARD,,53.488503,126,L-MMMMx,3.1622776601683795,I8,0.5,39,0.6930423994533974,-0.21365045011043549
6780,JG075A,200,S075_SNV,8.0,False,I8,100000000.0,EVAGREEN,JG075A_200,STANDARD,,53.488503,126,L-MMMMx,3.1622776601683795,I8,0.5,40,0.6968761813966318,-0.24933882057666779
6781,JG075A,200,S075_SNV,8.0,False,I8,100000000.0,EVAGREEN,JG075A_200,STANDARD,,53.488503,126,L-MMMMx,3.1622776601683795,I8,0.5,41,0.6998463908285164,-0.28689733147621155
6782,JG075A,200,S075_SNV,8.0,False,I8,100000000.0,EVAGREEN,JG075A_200,STANDARD,,53.488503,126,L-MMMMx,3.1622776601683795,I8,0.5,42,0.7027767464550584,-0.32454216480255127
6783,JG075A,201,S075_SNV,8.0,False,I9,100000000.0,EVAGREEN,JG075A_201,STANDARD,,52.897423,127,L-MMMMx,1.7782794100389228,I9,0.25,3,-0.021730934161775045,-0.1795080602169037
6784,JG075A,201,S075_SNV,8.0,False,I9,100000000.0,EVAGREEN,JG075A_201,STANDARD,,52.897423,127,L-MMMMx,1.7782794100389228,I9,0.25,4,-0.019651600400701387,-0.22527848184108734
6785,JG075A,201,S075_SNV,8.0,False,I9,100000000.0,EVAGREEN,JG075A_201,STANDARD,,52.897423,127,L-MMMMx,1.7782794100389228,I9,0.25,5,-0.017354556970939048,-0.27057740092277527
6786,JG075A,201,S075_SNV,8.0,False,I9,100000000.0,EVAGREEN,JG075A_201,STANDARD,,52.897423,127,L-MMMMx,1.7782794100389228,I9,0.25,6,-0.013338130102114504,-0.3121528625488281
6787,JG075A,201,S075_SNV,8.0,False,I9,100000000.0,EVAGREEN,JG075A_201,STANDARD,,52.897423,127,L-MMMMx,1.7782794100389228,I9,0.25,7,-0.006502266692059706,-0.34762251377105713
6788,JG075A,201,S075_SNV,8.0,False,I9,100000000.0,EVAGREEN,JG075A_201,STANDARD,,52.897423,127,L-MMMMx,1.7782794100389228,I9,0.25,8,0.004663184220238073,-0.37371599674224854
6789,JG075A,201,S075_SNV,8.0,False,I9,100000000.0,EVAGREEN,JG075A_201,STANDARD,,52.897423,127,L-MMMMx,1.7782794100389228,I9,0.25,9,0.023092651716562985,-0.3840785026550293
6790,JG075A,201,S075_SNV,8.0,False,I9,100000000.0,EVAGREEN,JG075A_201,STANDARD,,52.897423,127,L-MMMMx,1.7782794100389228,I9,0.25,10,0.05082165239078863,-0.3743019104003906
6791,JG075A,201,S075_SNV,8.0,False,I9,100000000.0,EVAGREEN,JG075A_201,STANDARD,,52.897423,127,L-MMMMx,1.7782794100389228,I9,0.25,11,0.09489027288200523,-0.32914021611213684
6792,JG075A,201,S075_SNV,8.0,False,I9,100000000.0,EVAGREEN,JG075A_201,STANDARD,,52.897423,127,L-MMMMx,1.7782794100389228,I9,0.25,12,0.15827312635749444,-0.24215152859687805
6793,JG075A,201,S075_SNV,8.0,False,I9,100000000.0,EVAGREEN,JG075A_201,STANDARD,,52.897423,127,L-MMMMx,1.7782794100389228,I9,0.25,13,0.2386315540879924,-0.11840048432350159
6794,JG075A,201,S075_SNV,8.0,False,I9,100000000.0,EVAGREEN,JG075A_201,STANDARD,,52.897423,127,L-MMMMx,1.7782794100389228,I9,0.25,14,0.32697345867300065,0.022639598697423935
6795,JG075A,201,S075_SNV,8.0,False,I9,100000000.0,EVAGREEN,JG075A_201,STANDARD,,52.897423,127,L-MMMMx,1.7782794100389228,I9,0.25,15,0.41675340305189595,0.16679389774799347
6796,JG075A,201,S075_SNV,8.0,False,I9,100000000.0,EVAGREEN,JG075A_201,STANDARD,,52.897423,127,L-MMMMx,1.7782794100389228,I9,0.25,16,0.49799698159718886,0.2924618124961853
6797,JG075A,201,S075_SNV,8.0,False,I9,100000000.0,EVAGREEN,JG075A_201,STANDARD,,52.897423,127,L-MMMMx,1.7782794100389228,I9,0.25,17,0.5607648534244885,0.37811869382858276
6798,JG075A,201,S075_SNV,8.0,False,I9,100000000.0,EVAGREEN,JG075A_201,STANDARD,,52.897423,127,L-MMMMx,1.7782794100389228,I9,0.25,18,0.6115465281548763,0.4378182291984558
6799,JG075A,201,S075_SNV,8.0,False,I9,100000000.0,EVAGREEN,JG075A_201,STANDARD,,52.897423,127,L-MMMMx,1.7782794100389228,I9,0.25,19,0.6511576876772598,0.4733268618583679
6800,JG075A,201,S075_SNV,8.0,False,I9,100000000.0,EVAGREEN,JG075A_201,STANDARD,,52.897423,127,L-MMMMx,1.7782794100389228,I9,0.25,20,0.6800587425273943,0.4856416583061218
6801,JG075A,201,S075_SNV,8.0,False,I9,100000000.0,EVAGREEN,JG075A_201,STANDARD,,52.897423,127,L-MMMMx,1.7782794100389228,I9,0.25,21,0.6980397446202282,0.47430795431137085
6802,JG075A,201,S075_SNV,8.0,False,I9,100000000.0,EVAGREEN,JG075A_201,STANDARD,,52.897423,127,L-MMMMx,1.7782794100389228,I9,0.25,22,0.7107110528515267,0.4514755308628082
6803,JG075A,201,S075_SNV,8.0,False,I9,100000000.0,EVAGREEN,JG075A_201,STANDARD,,52.897423,127,L-MMMMx,1.7782794100389228,I9,0.25,23,0.7194376050075866,0.4201003611087799
6804,JG075A,201,S075_SNV,8.0,False,I9,100000000.0,EVAGREEN,JG075A_201,STANDARD,,52.897423,127,L-MMMMx,1.7782794100389228,I9,0.25,24,0.7274773946284859,0.38723793625831604
6805,JG075A,201,S075_SNV,8.0,False,I9,100000000.0,EVAGREEN,JG075A_201,STANDARD,,52.897423,127,L-MMMMx,1.7782794100389228,I9,0.25,25,0.7343154048595468,0.3517729341983795
6806,JG075A,201,S075_SNV,8.0,False,I9,100000000.0,EVAGREEN,JG075A_201,STANDARD,,52.897423,127,L-MMMMx,1.7782794100389228,I9,0.25,26,0.7392766531577954,0.31224361062049866
6807,JG075A,201,S075_SNV,8.0,False,I9,100000000.0,EVAGREEN,JG075A_201,STANDARD,,52.897423,127,L-MMMMx,1.7782794100389228,I9,0.25,27,0.7439814939625544,0.27215898036956787
6808,JG075A,201,S075_SNV,8.0,False,I9,100000000.0,EVAGREEN,JG075A_201,STANDARD,,52.897423,127,L-MMMMx,1.7782794100389228,I9,0.25,28,0.7487941161911548,0.2323077917098999
6809,JG075A,201,S075_SNV,8.0,False,I9,100000000.0,EVAGREEN,JG075A_201,STANDARD,,52.897423,127,L-MMMMx,1.7782794100389228,I9,0.25,29,0.7519435576536969,0.18885481357574463
6810,JG075A,201,S075_SNV,8.0,False,I9,100000000.0,EVAGREEN,JG075A_201,STANDARD,,52.897423,127,L-MMMMx,1.7782794100389228,I9,0.25,30,0.7525360802513619,0.13986456394195557
6811,JG075A,201,S075_SNV,8.0,False,I9,100000000.0,EVAGREEN,JG075A_201,STANDARD,,52.897423,127,L-MMMMx,1.7782794100389228,I9,0.25,31,0.754516770339543,0.09388052672147751
6812,JG075A,201,S075_SNV,8.0,False,I9,100000000.0,EVAGREEN,JG075A_201,STANDARD,,52.897423,127,L-MMMMx,1.7782794100389228,I9,0.25,32,0.7573318581920687,0.04970346391201019
6813,JG075A,201,S075_SNV,8.0,False,I9,100000000.0,EVAGREEN,JG075A_201,STANDARD,,52.897423,127,L-MMMMx,1.7782794100389228,I9,0.25,33,0.7587024107409969,0.0023981123231351376
6814,JG075A,201,S075_SNV,8.0,False,I9,100000000.0,EVAGREEN,JG075A_201,STANDARD,,52.897423,127,L-MMMMx,1.7782794100389228,I9,0.25,34,0.761870898359131,-0.041013624519109726
6815,JG075A,201,S075_SNV,8.0,False,I9,100000000.0,EVAGREEN,JG075A_201,STANDARD,,52.897423,127,L-MMMMx,1.7782794100389228,I9,0.25,35,0.7628345457573773,-0.08920016884803772
6816,JG075A,201,S075_SNV,8.0,False,I9,100000000.0,EVAGREEN,JG075A_201,STANDARD,,52.897423,127,L-MMMMx,1.7782794100389228,I9,0.25,36,0.7637232195604898,-0.13754908740520477
6817,JG075A,201,S075_SNV,8.0,False,I9,100000000.0,EVAGREEN,JG075A_201,STANDARD,,52.897423,127,L-MMMMx,1.7782794100389228,I9,0.25,37,0.7667507876459203,-0.18126599490642548
6818,JG075A,201,S075_SNV,8.0,False,I9,100000000.0,EVAGREEN,JG075A_201,STANDARD,,52.897423,127,L-MMMMx,1.7782794100389228,I9,0.25,38,0.7682984804511924,-0.22818772494792938
6819,JG075A,201,S075_SNV,8.0,False,I9,100000000.0,EVAGREEN,JG075A_201,STANDARD,,52.897423,127,L-MMMMx,1.7782794100389228,I9,0.25,39,0.7709188131057862,-0.27278655767440796
6820,JG075A,201,S075_SNV,8.0,False,I9,100000000.0,EVAGREEN,JG075A_201,STANDARD,,52.897423,127,L-MMMMx,1.7782794100389228,I9,0.25,40,0.7729140355207774,-0.318739116191864
6821,JG075A,201,S075_SNV,8.0,False,I9,100000000.0,EVAGREEN,JG075A_201,STANDARD,,52.897423,127,L-MMMMx,1.7782794100389228,I9,0.25,41,0.7761922862436815,-0.36191314458847046
6822,JG075A,202,S075_SNV,8.0,False,I10,100000000.0,EVAGREEN,JG075A_202,STANDARD,,49.77532,128,L-MMMMx,1.0,I10,0.0,3,-0.02464139728982839,-0.10942652821540833
6823,JG075A,202,S075_SNV,8.0,False,I10,100000000.0,EVAGREEN,JG075A_202,STANDARD,,49.77532,128,L-MMMMx,1.0,I10,0.0,4,-0.020925552885194633,-0.16342444717884064
6824,JG075A,202,S075_SNV,8.0,False,I10,100000000.0,EVAGREEN,JG075A_202,STANDARD,,49.77532,128,L-MMMMx,1.0,I10,0.0,5,-0.017047981298106422,-0.21707212924957275
6825,JG075A,202,S075_SNV,8.0,False,I10,100000000.0,EVAGREEN,JG075A_202,STANDARD,,49.77532,128,L-MMMMx,1.0,I10,0.0,6,-0.01187937210935196,-0.2679239511489868
6826,JG075A,202,S075_SNV,8.0,False,I10,100000000.0,EVAGREEN,JG075A_202,STANDARD,,49.77532,128,L-MMMMx,1.0,I10,0.0,7,-0.004433095926581914,-0.3138432204723358
6827,JG075A,202,S075_SNV,8.0,False,I10,100000000.0,EVAGREEN,JG075A_202,STANDARD,,49.77532,128,L-MMMMx,1.0,I10,0.0,8,0.00575288166338664,-0.35382941365242004
6828,JG075A,202,S075_SNV,8.0,False,I10,100000000.0,EVAGREEN,JG075A_202,STANDARD,,49.77532,128,L-MMMMx,1.0,I10,0.0,9,0.0216196503921258,-0.3815132677555084
6829,JG075A,202,S075_SNV,8.0,False,I10,100000000.0,EVAGREEN,JG075A_202,STANDARD,,49.77532,128,L-MMMMx,1.0,I10,0.0,10,0.05155486745355088,-0.3787304162979126
6830,JG075A,202,S075_SNV,8.0,False,I10,100000000.0,EVAGREEN,JG075A_202,STANDARD,,49.77532,128,L-MMMMx,1.0,I10,0.0,11,0.09824563714021259,-0.33966171741485596
6831,JG075A,202,S075_SNV,8.0,False,I10,100000000.0,EVAGREEN,JG075A_202,STANDARD,,49.77532,128,L-MMMMx,1.0,I10,0.0,12,0.16511944175828053,-0.25688454508781433
6832,JG075A,202,S075_SNV,8.0,False,I10,100000000.0,EVAGREEN,JG075A_202,STANDARD,,49.77532,128,L-MMMMx,1.0,I10,0.0,13,0.2517450455190045,-0.13133284449577332
6833,JG075A,202,S075_SNV,8.0,False,I10,100000000.0,EVAGREEN,JG075A_202,STANDARD,,49.77532,128,L-MMMMx,1.0,I10,0.0,14,0.34810686786893325,0.015303654596209526
6834,JG075A,202,S075_SNV,8.0,False,I10,100000000.0,EVAGREEN,JG075A_202,STANDARD,,49.77532,128,L-MMMMx,1.0,I10,0.0,15,0.4451492875244667,0.16341406106948853
6835,JG075A,202,S075_SNV,8.0,False,I10,100000000.0,EVAGREEN,JG075A_202,STANDARD,,49.77532,128,L-MMMMx,1.0,I10,0.0,16,0.5343104520333924,0.2944567799568176
6836,JG075A,202,S075_SNV,8.0,False,I10,100000000.0,EVAGREEN,JG075A_202,STANDARD,,49.77532,128,L-MMMMx,1.0,I10,0.0,17,0.6093042493032774,0.39481863379478455
6837,JG075A,202,S075_SNV,8.0,False,I10,100000000.0,EVAGREEN,JG075A_202,STANDARD,,49.77532,128,L-MMMMx,1.0,I10,0.0,18,0.6685503438402194,0.46107718348503113
6838,JG075A,202,S075_SNV,8.0,False,I10,100000000.0,EVAGREEN,JG075A_202,STANDARD,,49.77532,128,L-MMMMx,1.0,I10,0.0,19,0.7123549603943864,0.49389562010765076
6839,JG075A,202,S075_SNV,8.0,False,I10,100000000.0,EVAGREEN,JG075A_202,STANDARD,,49.77532,128,L-MMMMx,1.0,I10,0.0,20,0.743577554452429,0.4994664192199707
6840,JG075A,202,S075_SNV,8.0,False,I10,100000000.0,EVAGREEN,JG075A_202,STANDARD,,49.77532,128,L-MMMMx,1.0,I10,0.0,21,0.7677918238129322,0.489859938621521
6841,JG075A,202,S075_SNV,8.0,False,I10,100000000.0,EVAGREEN,JG075A_202,STANDARD,,49.77532,128,L-MMMMx,1.0,I10,0.0,22,0.7860781148621625,0.46741583943367004
6842,JG075A,202,S075_SNV,8.0,False,I10,100000000.0,EVAGREEN,JG075A_202,STANDARD,,49.77532,128,L-MMMMx,1.0,I10,0.0,23,0.7953151700441184,0.4253746569156647
6843,JG075A,202,S075_SNV,8.0,False,I10,100000000.0,EVAGREEN,JG075A_202,STANDARD,,49.77532,128,L-MMMMx,1.0,I10,0.0,24,0.8035512561703386,0.3811657726764679
6844,JG075A,202,S075_SNV,8.0,False,I10,100000000.0,EVAGREEN,JG075A_202,STANDARD,,49.77532,128,L-MMMMx,1.0,I10,0.0,25,0.8103003109463802,0.3337365984916687
6845,JG075A,202,S075_SNV,8.0,False,I10,100000000.0,EVAGREEN,JG075A_202,STANDARD,,49.77532,128,L-MMMMx,1.0,I10,0.0,26,0.8161493523006621,0.28435832262039185
6846,JG075A,202,S075_SNV,8.0,False,I10,100000000.0,EVAGREEN,JG075A_202,STANDARD,,49.77532,128,L-MMMMx,1.0,I10,0.0,27,0.8194119697629069,0.22937889397144318
6847,JG075A,202,S075_SNV,8.0,False,I10,100000000.0,EVAGREEN,JG075A_202,STANDARD,,49.77532,128,L-MMMMx,1.0,I10,0.0,28,0.8240640758362869,0.17740854620933533
6848,JG075A,202,S075_SNV,8.0,False,I10,100000000.0,EVAGREEN,JG075A_202,STANDARD,,49.77532,128,L-MMMMx,1.0,I10,0.0,29,0.8268193829807985,0.12133048474788666
6849,JG075A,202,S075_SNV,8.0,False,I10,100000000.0,EVAGREEN,JG075A_202,STANDARD,,49.77532,128,L-MMMMx,1.0,I10,0.0,30,0.8295323041721141,0.06516062468290329
6850,JG075A,202,S075_SNV,8.0,False,I10,100000000.0,EVAGREEN,JG075A_202,STANDARD,,49.77532,128,L-MMMMx,1.0,I10,0.0,31,0.83277862781339,0.01014590822160244
6851,JG075A,202,S075_SNV,8.0,False,I10,100000000.0,EVAGREEN,JG075A_202,STANDARD,,49.77532,128,L-MMMMx,1.0,I10,0.0,32,0.8361603663181234,-0.04457555338740349
6852,JG075A,202,S075_SNV,8.0,False,I10,100000000.0,EVAGREEN,JG075A_202,STANDARD,,49.77532,128,L-MMMMx,1.0,I10,0.0,33,0.840200132984552,-0.09787198901176453
6853,JG075A,202,S075_SNV,8.0,False,I10,100000000.0,EVAGREEN,JG075A_202,STANDARD,,49.77532,128,L-MMMMx,1.0,I10,0.0,34,0.8438524810294304,-0.15200741589069366
6854,JG075A,202,S075_SNV,8.0,False,I10,100000000.0,EVAGREEN,JG075A_202,STANDARD,,49.77532,128,L-MMMMx,1.0,I10,0.0,35,0.8459973203545342,-0.2094075083732605
6855,JG075A,202,S075_SNV,8.0,False,I10,100000000.0,EVAGREEN,JG075A_202,STANDARD,,49.77532,128,L-MMMMx,1.0,I10,0.0,36,0.8461699467820962,-0.2710786461830139
6856,JG075A,202,S075_SNV,8.0,False,I10,100000000.0,EVAGREEN,JG075A_202,STANDARD,,49.77532,128,L-MMMMx,1.0,I10,0.0,37,0.8479734966139334,-0.3292178213596344
6857,JG075A,202,S075_SNV,8.0,False,I10,100000000.0,EVAGREEN,JG075A_202,STANDARD,,49.77532,128,L-MMMMx,1.0,I10,0.0,38,0.8525226653724088,-0.3814111053943634
6858,JG075A,202,S075_SNV,8.0,False,I10,100000000.0,EVAGREEN,JG075A_202,STANDARD,,49.77532,128,L-MMMMx,1.0,I10,0.0,39,0.8585283696134386,-0.43045011162757874
6859,JG075A,203,S075_SNV,8.0,False,I11,100000000.0,EVAGREEN,JG075A_203,STANDARD,,48.948452,129,L-MMMMx,0.5623413251903491,I11,-0.25,3,-0.03671801373973701,-0.18524052202701569
6860,JG075A,203,S075_SNV,8.0,False,I11,100000000.0,EVAGREEN,JG075A_203,STANDARD,,48.948452,129,L-MMMMx,0.5623413251903491,I11,-0.25,4,-0.03442668140431764,-0.2427522838115692
6861,JG075A,203,S075_SNV,8.0,False,I11,100000000.0,EVAGREEN,JG075A_203,STANDARD,,48.948452,129,L-MMMMx,0.5623413251903491,I11,-0.25,5,-0.02965162854332291,-0.2948852777481079
6862,JG075A,203,S075_SNV,8.0,False,I11,100000000.0,EVAGREEN,JG075A_203,STANDARD,,48.948452,129,L-MMMMx,0.5623413251903491,I11,-0.25,6,-0.023221817060216803,-0.34343472123146057
6863,JG075A,203,S075_SNV,8.0,False,I11,100000000.0,EVAGREEN,JG075A_203,STANDARD,,48.948452,129,L-MMMMx,0.5623413251903491,I11,-0.25,7,-0.011563973483843101,-0.38066235184669495
6864,JG075A,203,S075_SNV,8.0,False,I11,100000000.0,EVAGREEN,JG075A_203,STANDARD,,48.948452,129,L-MMMMx,0.5623413251903491,I11,-0.25,8,0.00807153952098616,-0.4006134867668152
6865,JG075A,203,S075_SNV,8.0,False,I11,100000000.0,EVAGREEN,JG075A_203,STANDARD,,48.948452,129,L-MMMMx,0.5623413251903491,I11,-0.25,9,0.03931441828520112,-0.3954276740550995
6866,JG075A,203,S075_SNV,8.0,False,I11,100000000.0,EVAGREEN,JG075A_203,STANDARD,,48.948452,129,L-MMMMx,0.5623413251903491,I11,-0.25,10,0.08819615642525018,-0.352043092250824
6867,JG075A,203,S075_SNV,8.0,False,I11,100000000.0,EVAGREEN,JG075A_203,STANDARD,,48.948452,129,L-MMMMx,0.5623413251903491,I11,-0.25,11,0.15952444949075822,-0.2600482106208801
6868,JG075A,203,S075_SNV,8.0,False,I11,100000000.0,EVAGREEN,JG075A_203,STANDARD,,48.948452,129,L-MMMMx,0.5623413251903491,I11,-0.25,12,0.24734886011992774,-0.13232925534248352
6869,JG075A,203,S075_SNV,8.0,False,I11,100000000.0,EVAGREEN,JG075A_203,STANDARD,,48.948452,129,L-MMMMx,0.5623413251903491,I11,-0.25,13,0.3470619251069657,0.02113579958677292
6870,JG075A,203,S075_SNV,8.0,False,I11,100000000.0,EVAGREEN,JG075A_203,STANDARD,,48.948452,129,L-MMMMx,0.5623413251903491,I11,-0.25,14,0.44812600106710765,0.17752660810947418
6871,JG075A,203,S075_SNV,8.0,False,I11,100000000.0,EVAGREEN,JG075A_203,STANDARD,,48.948452,129,L-MMMMx,0.5623413251903491,I11,-0.25,15,0.5371006673819709,0.3077365458011627
6872,JG075A,203,S075_SNV,8.0,False,I11,100000000.0,EVAGREEN,JG075A_203,STANDARD,,48.948452,129,L-MMMMx,0.5623413251903491,I11,-0.25,16,0.6118545711661049,0.4071499705314636
6873,JG075A,203,S075_SNV,8.0,False,I11,100000000.0,EVAGREEN,JG075A_203,STANDARD,,48.948452,129,L-MMMMx,0.5623413251903491,I11,-0.25,17,0.6694416684856158,0.46938690543174744
6874,JG075A,203,S075_SNV,8.0,False,I11,100000000.0,EVAGREEN,JG075A_203,STANDARD,,48.948452,129,L-MMMMx,0.5623413251903491,I11,-0.25,18,0.7127334700528034,0.5006659030914307
6875,JG075A,203,S075_SNV,8.0,False,I11,100000000.0,EVAGREEN,JG075A_203,STANDARD,,48.948452,129,L-MMMMx,0.5623413251903491,I11,-0.25,19,0.7463279159956647,0.5109442472457886
6876,JG075A,203,S075_SNV,8.0,False,I11,100000000.0,EVAGREEN,JG075A_203,STANDARD,,48.948452,129,L-MMMMx,0.5623413251903491,I11,-0.25,20,0.768708800217016,0.4969384968280792
6877,JG075A,203,S075_SNV,8.0,False,I11,100000000.0,EVAGREEN,JG075A_203,STANDARD,,48.948452,129,L-MMMMx,0.5623413251903491,I11,-0.25,21,0.7832228515251849,0.4658963084220886
6878,JG075A,203,S075_SNV,8.0,False,I11,100000000.0,EVAGREEN,JG075A_203,STANDARD,,48.948452,129,L-MMMMx,0.5623413251903491,I11,-0.25,22,0.7944485235190365,0.42773276567459106
6879,JG075A,203,S075_SNV,8.0,False,I11,100000000.0,EVAGREEN,JG075A_203,STANDARD,,48.948452,129,L-MMMMx,0.5623413251903491,I11,-0.25,23,0.8032051311691809,0.38422223925590515
6880,JG075A,203,S075_SNV,8.0,False,I11,100000000.0,EVAGREEN,JG075A_203,STANDARD,,48.948452,129,L-MMMMx,0.5623413251903491,I11,-0.25,24,0.8102020061546881,0.33690083026885986
6881,JG075A,203,S075_SNV,8.0,False,I11,100000000.0,EVAGREEN,JG075A_203,STANDARD,,48.948452,129,L-MMMMx,0.5623413251903491,I11,-0.25,25,0.8169516113976544,0.28904393315315247
6882,JG075A,203,S075_SNV,8.0,False,I11,100000000.0,EVAGREEN,JG075A_203,STANDARD,,48.948452,129,L-MMMMx,0.5623413251903491,I11,-0.25,26,0.8180723620561883,0.2289971560239792
6883,JG075A,203,S075_SNV,8.0,False,I11,100000000.0,EVAGREEN,JG075A_203,STANDARD,,48.948452,129,L-MMMMx,0.5623413251903491,I11,-0.25,27,0.8218100324743833,0.17461758852005005
6884,JG075A,203,S075_SNV,8.0,False,I11,100000000.0,EVAGREEN,JG075A_203,STANDARD,,48.948452,129,L-MMMMx,0.5623413251903491,I11,-0.25,28,0.8278228927854332,0.125165194272995
6885,JG075A,203,S075_SNV,8.0,False,I11,100000000.0,EVAGREEN,JG075A_203,STANDARD,,48.948452,129,L-MMMMx,0.5623413251903491,I11,-0.25,29,0.8299599154802074,0.06731925904750824
6886,JG075A,203,S075_SNV,8.0,False,I11,100000000.0,EVAGREEN,JG075A_203,STANDARD,,48.948452,129,L-MMMMx,0.5623413251903491,I11,-0.25,30,0.8319767161986439,0.00921297911554575
6887,JG075A,203,S075_SNV,8.0,False,I11,100000000.0,EVAGREEN,JG075A_203,STANDARD,,48.948452,129,L-MMMMx,0.5623413251903491,I11,-0.25,31,0.835392583652704,-0.04586347937583923
6888,JG075A,203,S075_SNV,8.0,False,I11,100000000.0,EVAGREEN,JG075A_203,STANDARD,,48.948452,129,L-MMMMx,0.5623413251903491,I11,-0.25,32,0.8406520749307138,-0.09694737941026688
6889,JG075A,203,S075_SNV,8.0,False,I11,100000000.0,EVAGREEN,JG075A_203,STANDARD,,48.948452,129,L-MMMMx,0.5623413251903491,I11,-0.25,33,0.8427110414155763,-0.15496234595775604
6890,JG075A,203,S075_SNV,8.0,False,I11,100000000.0,EVAGREEN,JG075A_203,STANDARD,,48.948452,129,L-MMMMx,0.5623413251903491,I11,-0.25,34,0.8451903444440816,-0.21206703782081604
6891,JG075A,203,S075_SNV,8.0,False,I11,100000000.0,EVAGREEN,JG075A_203,STANDARD,,48.948452,129,L-MMMMx,0.5623413251903491,I11,-0.25,35,0.8466908071872209,-0.27129149436950684
6892,JG075A,203,S075_SNV,8.0,False,I11,100000000.0,EVAGREEN,JG075A_203,STANDARD,,48.948452,129,L-MMMMx,0.5623413251903491,I11,-0.25,36,0.8503445864461033,-0.32585272192955017
6893,JG075A,203,S075_SNV,8.0,False,I11,100000000.0,EVAGREEN,JG075A_203,STANDARD,,48.948452,129,L-MMMMx,0.5623413251903491,I11,-0.25,37,0.8530785354739395,-0.38240596652030945
6894,JG075A,204,S075_SNV,8.0,False,I12,100000000.0,EVAGREEN,JG075A_204,STANDARD,,49.17975,130,L-MMMMx,0.3162277660168379,I12,-0.5000000000000001,3,-0.03212732945389016,-0.17120419442653656
6895,JG075A,204,S075_SNV,8.0,False,I12,100000000.0,EVAGREEN,JG075A_204,STANDARD,,49.17975,130,L-MMMMx,0.3162277660168379,I12,-0.5000000000000001,4,-0.02804230064458438,-0.225578173995018
6896,JG075A,204,S075_SNV,8.0,False,I12,100000000.0,EVAGREEN,JG075A_204,STANDARD,,49.17975,130,L-MMMMx,0.3162277660168379,I12,-0.5000000000000001,5,-0.023701538663771542,-0.2793983519077301
6897,JG075A,204,S075_SNV,8.0,False,I12,100000000.0,EVAGREEN,JG075A_204,STANDARD,,49.17975,130,L-MMMMx,0.3162277660168379,I12,-0.5000000000000001,6,-0.017862639662575886,-0.32997414469718933
6898,JG075A,204,S075_SNV,8.0,False,I12,100000000.0,EVAGREEN,JG075A_204,STANDARD,,49.17975,130,L-MMMMx,0.3162277660168379,I12,-0.5000000000000001,7,-0.00845498101900593,-0.3728214204311371
6899,JG075A,204,S075_SNV,8.0,False,I12,100000000.0,EVAGREEN,JG075A_204,STANDARD,,49.17975,130,L-MMMMx,0.3162277660168379,I12,-0.5000000000000001,8,0.007249991718913202,-0.40203121304512024
6900,JG075A,204,S075_SNV,8.0,False,I12,100000000.0,EVAGREEN,JG075A_204,STANDARD,,49.17975,130,L-MMMMx,0.3162277660168379,I12,-0.5000000000000001,9,0.031227174974980933,-0.4133266806602478
6901,JG075A,204,S075_SNV,8.0,False,I12,100000000.0,EVAGREEN,JG075A_204,STANDARD,,49.17975,130,L-MMMMx,0.3162277660168379,I12,-0.5000000000000001,10,0.07171162274993376,-0.38887399435043335
6902,JG075A,204,S075_SNV,8.0,False,I12,100000000.0,EVAGREEN,JG075A_204,STANDARD,,49.17975,130,L-MMMMx,0.3162277660168379,I12,-0.5000000000000001,11,0.1319983474845306,-0.32153740525245667
6903,JG075A,204,S075_SNV,8.0,False,I12,100000000.0,EVAGREEN,JG075A_204,STANDARD,,49.17975,130,L-MMMMx,0.3162277660168379,I12,-0.5000000000000001,12,0.21394052360386348,-0.2073037028312683
6904,JG075A,204,S075_SNV,8.0,False,I12,100000000.0,EVAGREEN,JG075A_204,STANDARD,,49.17975,130,L-MMMMx,0.3162277660168379,I12,-0.5000000000000001,13,0.3141145220702351,-0.053587112575769424
6905,JG075A,204,S075_SNV,8.0,False,I12,100000000.0,EVAGREEN,JG075A_204,STANDARD,,49.17975,130,L-MMMMx,0.3162277660168379,I12,-0.5000000000000001,14,0.417378924421483,0.10682206600904465
6906,JG075A,204,S075_SNV,8.0,False,I12,100000000.0,EVAGREEN,JG075A_204,STANDARD,,49.17975,130,L-MMMMx,0.3162277660168379,I12,-0.5000000000000001,15,0.5135187434607109,0.2518022060394287
6907,JG075A,204,S075_SNV,8.0,False,I12,100000000.0,EVAGREEN,JG075A_204,STANDARD,,49.17975,130,L-MMMMx,0.3162277660168379,I12,-0.5000000000000001,16,0.5987503447815178,0.3731594979763031
6908,JG075A,204,S075_SNV,8.0,False,I12,100000000.0,EVAGREEN,JG075A_204,STANDARD,,49.17975,130,L-MMMMx,0.3162277660168379,I12,-0.5000000000000001,17,0.6664104914014107,0.4564639925956726
6909,JG075A,204,S075_SNV,8.0,False,I12,100000000.0,EVAGREEN,JG075A_204,STANDARD,,49.17975,130,L-MMMMx,0.3162277660168379,I12,-0.5000000000000001,18,0.7182391542224329,0.5054837465286255
6910,JG075A,204,S075_SNV,8.0,False,I12,100000000.0,EVAGREEN,JG075A_204,STANDARD,,49.17975,130,L-MMMMx,0.3162277660168379,I12,-0.5000000000000001,19,0.7577459452159078,0.5278192758560181
6911,JG075A,204,S075_SNV,8.0,False,I12,100000000.0,EVAGREEN,JG075A_204,STANDARD,,49.17975,130,L-MMMMx,0.3162277660168379,I12,-0.5000000000000001,20,0.78594812725854,0.5256734490394592
6912,JG075A,204,S075_SNV,8.0,False,I12,100000000.0,EVAGREEN,JG075A_204,STANDARD,,49.17975,130,L-MMMMx,0.3162277660168379,I12,-0.5000000000000001,21,0.8058097445526584,0.5054653286933899
6913,JG075A,204,S075_SNV,8.0,False,I12,100000000.0,EVAGREEN,JG075A_204,STANDARD,,49.17975,130,L-MMMMx,0.3162277660168379,I12,-0.5000000000000001,22,0.8190092808448258,0.47082972526550293
6914,JG075A,204,S075_SNV,8.0,False,I12,100000000.0,EVAGREEN,JG075A_204,STANDARD,,49.17975,130,L-MMMMx,0.3162277660168379,I12,-0.5000000000000001,23,0.8274833888692533,0.4259607493877411
6915,JG075A,204,S075_SNV,8.0,False,I12,100000000.0,EVAGREEN,JG075A_204,STANDARD,,49.17975,130,L-MMMMx,0.3162277660168379,I12,-0.5000000000000001,24,0.836437063678413,0.38213032484054565
6916,JG075A,204,S075_SNV,8.0,False,I12,100000000.0,EVAGREEN,JG075A_204,STANDARD,,49.17975,130,L-MMMMx,0.3162277660168379,I12,-0.5000000000000001,25,0.8429715464472363,0.3330608904361725
6917,JG075A,204,S075_SNV,8.0,False,I12,100000000.0,EVAGREEN,JG075A_204,STANDARD,,49.17975,130,L-MMMMx,0.3162277660168379,I12,-0.5000000000000001,26,0.8476539282014706,0.27998054027557373
6918,JG075A,204,S075_SNV,8.0,False,I12,100000000.0,EVAGREEN,JG075A_204,STANDARD,,49.17975,130,L-MMMMx,0.3162277660168379,I12,-0.5000000000000001,27,0.8519575887115638,0.2260800153017044
6919,JG075A,204,S075_SNV,8.0,False,I12,100000000.0,EVAGREEN,JG075A_204,STANDARD,,49.17975,130,L-MMMMx,0.3162277660168379,I12,-0.5000000000000001,28,0.8553228132085584,0.17014721035957336
6920,JG075A,204,S075_SNV,8.0,False,I12,100000000.0,EVAGREEN,JG075A_204,STANDARD,,49.17975,130,L-MMMMx,0.3162277660168379,I12,-0.5000000000000001,29,0.859601042146734,0.11619162559509277
6921,JG075A,204,S075_SNV,8.0,False,I12,100000000.0,EVAGREEN,JG075A_204,STANDARD,,49.17975,130,L-MMMMx,0.3162277660168379,I12,-0.5000000000000001,30,0.864139091473332,0.06279870122671127
6922,JG075A,204,S075_SNV,8.0,False,I12,100000000.0,EVAGREEN,JG075A_204,STANDARD,,49.17975,130,L-MMMMx,0.3162277660168379,I12,-0.5000000000000001,31,0.8679894975176901,0.007916617207229137
6923,JG075A,204,S075_SNV,8.0,False,I12,100000000.0,EVAGREEN,JG075A_204,STANDARD,,49.17975,130,L-MMMMx,0.3162277660168379,I12,-0.5000000000000001,32,0.8690068704877796,-0.053100693970918655
6924,JG075A,204,S075_SNV,8.0,False,I12,100000000.0,EVAGREEN,JG075A_204,STANDARD,,49.17975,130,L-MMMMx,0.3162277660168379,I12,-0.5000000000000001,33,0.8689769250870801,-0.11638607829809189
6925,JG075A,204,S075_SNV,8.0,False,I12,100000000.0,EVAGREEN,JG075A_204,STANDARD,,49.17975,130,L-MMMMx,0.3162277660168379,I12,-0.5000000000000001,34,0.8717173696246269,-0.1736719012260437
6926,JG075A,204,S075_SNV,8.0,False,I12,100000000.0,EVAGREEN,JG075A_204,STANDARD,,49.17975,130,L-MMMMx,0.3162277660168379,I12,-0.5000000000000001,35,0.8737103901719195,-0.23257634043693542
6927,JG075A,204,S075_SNV,8.0,False,I12,100000000.0,EVAGREEN,JG075A_204,STANDARD,,49.17975,130,L-MMMMx,0.3162277660168379,I12,-0.5000000000000001,36,0.8780293536625172,-0.28644371032714844
6928,JG075A,204,S075_SNV,8.0,False,I12,100000000.0,EVAGREEN,JG075A_204,STANDARD,,49.17975,130,L-MMMMx,0.3162277660168379,I12,-0.5000000000000001,37,0.8799838415250862,-0.3454315960407257
6929,JG075A,204,S075_SNV,8.0,False,I12,100000000.0,EVAGREEN,JG075A_204,STANDARD,,49.17975,130,L-MMMMx,0.3162277660168379,I12,-0.5000000000000001,38,0.8845396158866571,-0.39878615736961365
6930,JG075A,205,S075_SNV,8.0,False,I13,100000000.0,EVAGREEN,JG075A_205,STANDARD,,51.701893,131,L-MMMMx,0.1778279410038923,I13,-0.75,3,-0.029115341302635666,-0.23848719894886017
6931,JG075A,205,S075_SNV,8.0,False,I13,100000000.0,EVAGREEN,JG075A_205,STANDARD,,51.701893,131,L-MMMMx,0.1778279410038923,I13,-0.75,4,-0.02705704913975575,-0.29109930992126465
6932,JG075A,205,S075_SNV,8.0,False,I13,100000000.0,EVAGREEN,JG075A_205,STANDARD,,51.701893,131,L-MMMMx,0.1778279410038923,I13,-0.75,5,-0.022759787807661296,-0.33886268734931946
6933,JG075A,205,S075_SNV,8.0,False,I13,100000000.0,EVAGREEN,JG075A_205,STANDARD,,51.701893,131,L-MMMMx,0.1778279410038923,I13,-0.75,6,-0.01669046335181815,-0.3827884793281555
6934,JG075A,205,S075_SNV,8.0,False,I13,100000000.0,EVAGREEN,JG075A_205,STANDARD,,51.701893,131,L-MMMMx,0.1778279410038923,I13,-0.75,7,-0.008279755355434222,-0.42164379358291626
6935,JG075A,205,S075_SNV,8.0,False,I13,100000000.0,EVAGREEN,JG075A_205,STANDARD,,51.701893,131,L-MMMMx,0.1778279410038923,I13,-0.75,8,0.006040435263555238,-0.44770148396492004
6936,JG075A,205,S075_SNV,8.0,False,I13,100000000.0,EVAGREEN,JG075A_205,STANDARD,,51.701893,131,L-MMMMx,0.1778279410038923,I13,-0.75,9,0.03002086627447825,-0.4528389275074005
6937,JG075A,205,S075_SNV,8.0,False,I13,100000000.0,EVAGREEN,JG075A_205,STANDARD,,51.701893,131,L-MMMMx,0.1778279410038923,I13,-0.75,10,0.0678410954192716,-0.4280048608779907
6938,JG075A,205,S075_SNV,8.0,False,I13,100000000.0,EVAGREEN,JG075A_205,STANDARD,,51.701893,131,L-MMMMx,0.1778279410038923,I13,-0.75,11,0.12555546069175555,-0.3600880205631256
6939,JG075A,205,S075_SNV,8.0,False,I13,100000000.0,EVAGREEN,JG075A_205,STANDARD,,51.701893,131,L-MMMMx,0.1778279410038923,I13,-0.75,12,0.20502953578449926,-0.24504825472831726
6940,JG075A,205,S075_SNV,8.0,False,I13,100000000.0,EVAGREEN,JG075A_205,STANDARD,,51.701893,131,L-MMMMx,0.1778279410038923,I13,-0.75,13,0.3015627184880633,-0.09306523203849792
6941,JG075A,205,S075_SNV,8.0,False,I13,100000000.0,EVAGREEN,JG075A_205,STANDARD,,51.701893,131,L-MMMMx,0.1778279410038923,I13,-0.75,14,0.405026389866025,0.07392647117376328
6942,JG075A,205,S075_SNV,8.0,False,I13,100000000.0,EVAGREEN,JG075A_205,STANDARD,,51.701893,131,L-MMMMx,0.1778279410038923,I13,-0.75,15,0.504607673071308,0.23251046240329742
6943,JG075A,205,S075_SNV,8.0,False,I13,100000000.0,EVAGREEN,JG075A_205,STANDARD,,51.701893,131,L-MMMMx,0.1778279410038923,I13,-0.75,16,0.5928741636876429,0.36659109592437744
6944,JG075A,205,S075_SNV,8.0,False,I13,100000000.0,EVAGREEN,JG075A_205,STANDARD,,51.701893,131,L-MMMMx,0.1778279410038923,I13,-0.75,17,0.6641689333174413,0.46391773223876953
6945,JG075A,205,S075_SNV,8.0,False,I13,100000000.0,EVAGREEN,JG075A_205,STANDARD,,51.701893,131,L-MMMMx,0.1778279410038923,I13,-0.75,18,0.7153763391673332,0.5177431106567383
6946,JG075A,205,S075_SNV,8.0,False,I13,100000000.0,EVAGREEN,JG075A_205,STANDARD,,51.701893,131,L-MMMMx,0.1778279410038923,I13,-0.75,19,0.7568660221166876,0.5505237579345703
6947,JG075A,205,S075_SNV,8.0,False,I13,100000000.0,EVAGREEN,JG075A_205,STANDARD,,51.701893,131,L-MMMMx,0.1778279410038923,I13,-0.75,20,0.7874922403085929,0.5597784519195557
6948,JG075A,205,S075_SNV,8.0,False,I13,100000000.0,EVAGREEN,JG075A_205,STANDARD,,51.701893,131,L-MMMMx,0.1778279410038923,I13,-0.75,21,0.8082682932578963,0.5477015376091003
6949,JG075A,205,S075_SNV,8.0,False,I13,100000000.0,EVAGREEN,JG075A_205,STANDARD,,51.701893,131,L-MMMMx,0.1778279410038923,I13,-0.75,22,0.8232807373196194,0.5231429934501648
6950,JG075A,205,S075_SNV,8.0,False,I13,100000000.0,EVAGREEN,JG075A_205,STANDARD,,51.701893,131,L-MMMMx,0.1778279410038923,I13,-0.75,23,0.8326508954039493,0.48636549711227417
6951,JG075A,205,S075_SNV,8.0,False,I13,100000000.0,EVAGREEN,JG075A_205,STANDARD,,51.701893,131,L-MMMMx,0.1778279410038923,I13,-0.75,24,0.841452421155143,0.448356568813324
6952,JG075A,205,S075_SNV,8.0,False,I13,100000000.0,EVAGREEN,JG075A_205,STANDARD,,51.701893,131,L-MMMMx,0.1778279410038923,I13,-0.75,25,0.8428020559609355,0.3942098021507263
6953,JG075A,205,S075_SNV,8.0,False,I13,100000000.0,EVAGREEN,JG075A_205,STANDARD,,51.701893,131,L-MMMMx,0.1778279410038923,I13,-0.75,26,0.846543359460833,0.345242440700531
6954,JG075A,205,S075_SNV,8.0,False,I13,100000000.0,EVAGREEN,JG075A_205,STANDARD,,51.701893,131,L-MMMMx,0.1778279410038923,I13,-0.75,27,0.8511144368029084,0.2980720102787018
6955,JG075A,205,S075_SNV,8.0,False,I13,100000000.0,EVAGREEN,JG075A_205,STANDARD,,51.701893,131,L-MMMMx,0.1778279410038923,I13,-0.75,28,0.8556513851956572,0.25082769989967346
6956,JG075A,205,S075_SNV,8.0,False,I13,100000000.0,EVAGREEN,JG075A_205,STANDARD,,51.701893,131,L-MMMMx,0.1778279410038923,I13,-0.75,29,0.8587715418178093,0.20051518082618713
6957,JG075A,205,S075_SNV,8.0,False,I13,100000000.0,EVAGREEN,JG075A_205,STANDARD,,51.701893,131,L-MMMMx,0.1778279410038923,I13,-0.75,30,0.8625194509208025,0.15156210958957672
6958,JG075A,205,S075_SNV,8.0,False,I13,100000000.0,EVAGREEN,JG075A_205,STANDARD,,51.701893,131,L-MMMMx,0.1778279410038923,I13,-0.75,31,0.8655232388350892,0.10099757462739944
6959,JG075A,205,S075_SNV,8.0,False,I13,100000000.0,EVAGREEN,JG075A_205,STANDARD,,51.701893,131,L-MMMMx,0.1778279410038923,I13,-0.75,32,0.8683774098392633,0.050109028816223145
6960,JG075A,205,S075_SNV,8.0,False,I13,100000000.0,EVAGREEN,JG075A_205,STANDARD,,51.701893,131,L-MMMMx,0.1778279410038923,I13,-0.75,33,0.8703132919197799,-0.0027681654319167137
6961,JG075A,205,S075_SNV,8.0,False,I13,100000000.0,EVAGREEN,JG075A_205,STANDARD,,51.701893,131,L-MMMMx,0.1778279410038923,I13,-0.75,34,0.8720359231136975,-0.05610717833042145
6962,JG075A,205,S075_SNV,8.0,False,I13,100000000.0,EVAGREEN,JG075A_205,STANDARD,,51.701893,131,L-MMMMx,0.1778279410038923,I13,-0.75,35,0.8745833739474711,-0.1076599583029747
6963,JG075A,205,S075_SNV,8.0,False,I13,100000000.0,EVAGREEN,JG075A_205,STANDARD,,51.701893,131,L-MMMMx,0.1778279410038923,I13,-0.75,36,0.878077077424673,-0.15716353058815002
6964,JG075A,205,S075_SNV,8.0,False,I13,100000000.0,EVAGREEN,JG075A_205,STANDARD,,51.701893,131,L-MMMMx,0.1778279410038923,I13,-0.75,37,0.8814617884507994,-0.2069031298160553
6965,JG075A,205,S075_SNV,8.0,False,I13,100000000.0,EVAGREEN,JG075A_205,STANDARD,,51.701893,131,L-MMMMx,0.1778279410038923,I13,-0.75,38,0.8813062264979007,-0.2643095850944519
6966,JG075A,205,S075_SNV,8.0,False,I13,100000000.0,EVAGREEN,JG075A_205,STANDARD,,51.701893,131,L-MMMMx,0.1778279410038923,I13,-0.75,39,0.8820113746283437,-0.3198520541191101
6967,JG075A,206,S075_SNV,8.0,False,I14,100000000.0,EVAGREEN,JG075A_206,STANDARD,,50.58565,132,L-MMMMx,0.1,I14,-1.0,3,-0.03126887628493946,-0.16854391992092133
6968,JG075A,206,S075_SNV,8.0,False,I14,100000000.0,EVAGREEN,JG075A_206,STANDARD,,50.58565,132,L-MMMMx,0.1,I14,-1.0,4,-0.027321285305039113,-0.22590190172195435
6969,JG075A,206,S075_SNV,8.0,False,I14,100000000.0,EVAGREEN,JG075A_206,STANDARD,,50.58565,132,L-MMMMx,0.1,I14,-1.0,5,-0.022581476088893417,-0.2815442681312561
6970,JG075A,206,S075_SNV,8.0,False,I14,100000000.0,EVAGREEN,JG075A_206,STANDARD,,50.58565,132,L-MMMMx,0.1,I14,-1.0,6,-0.017965122842267707,-0.3374539613723755
6971,JG075A,206,S075_SNV,8.0,False,I14,100000000.0,EVAGREEN,JG075A_206,STANDARD,,50.58565,132,L-MMMMx,0.1,I14,-1.0,7,-0.008947635154871049,-0.38383257389068604
6972,JG075A,206,S075_SNV,8.0,False,I14,100000000.0,EVAGREEN,JG075A_206,STANDARD,,50.58565,132,L-MMMMx,0.1,I14,-1.0,8,0.006099268136333538,-0.41715386509895325
6973,JG075A,206,S075_SNV,8.0,False,I14,100000000.0,EVAGREEN,JG075A_206,STANDARD,,50.58565,132,L-MMMMx,0.1,I14,-1.0,9,0.03140849877995199,-0.4282509982585907
6974,JG075A,206,S075_SNV,8.0,False,I14,100000000.0,EVAGREEN,JG075A_206,STANDARD,,50.58565,132,L-MMMMx,0.1,I14,-1.0,10,0.07057662875972522,-0.40933528542518616
6975,JG075A,206,S075_SNV,8.0,False,I14,100000000.0,EVAGREEN,JG075A_206,STANDARD,,50.58565,132,L-MMMMx,0.1,I14,-1.0,11,0.13175725673321853,-0.3427492082118988
6976,JG075A,206,S075_SNV,8.0,False,I14,100000000.0,EVAGREEN,JG075A_206,STANDARD,,50.58565,132,L-MMMMx,0.1,I14,-1.0,12,0.21458879473931972,-0.2292758822441101
6977,JG075A,206,S075_SNV,8.0,False,I14,100000000.0,EVAGREEN,JG075A_206,STANDARD,,50.58565,132,L-MMMMx,0.1,I14,-1.0,13,0.31612616216125317,-0.0752931460738182
6978,JG075A,206,S075_SNV,8.0,False,I14,100000000.0,EVAGREEN,JG075A_206,STANDARD,,50.58565,132,L-MMMMx,0.1,I14,-1.0,14,0.42271890772554593,0.08963753283023834
6979,JG075A,206,S075_SNV,8.0,False,I14,100000000.0,EVAGREEN,JG075A_206,STANDARD,,50.58565,132,L-MMMMx,0.1,I14,-1.0,15,0.5260931832749487,0.2475982904434204
6980,JG075A,206,S075_SNV,8.0,False,I14,100000000.0,EVAGREEN,JG075A_206,STANDARD,,50.58565,132,L-MMMMx,0.1,I14,-1.0,16,0.6161109293652814,0.3766340911388397
6981,JG075A,206,S075_SNV,8.0,False,I14,100000000.0,EVAGREEN,JG075A_206,STANDARD,,50.58565,132,L-MMMMx,0.1,I14,-1.0,17,0.6885221560116018,0.4675411880016327
6982,JG075A,206,S075_SNV,8.0,False,I14,100000000.0,EVAGREEN,JG075A_206,STANDARD,,50.58565,132,L-MMMMx,0.1,I14,-1.0,18,0.7474544844015082,0.5292583107948303
6983,JG075A,206,S075_SNV,8.0,False,I14,100000000.0,EVAGREEN,JG075A_206,STANDARD,,50.58565,132,L-MMMMx,0.1,I14,-1.0,19,0.7888435419970414,0.5529837012290955
6984,JG075A,206,S075_SNV,8.0,False,I14,100000000.0,EVAGREEN,JG075A_206,STANDARD,,50.58565,132,L-MMMMx,0.1,I14,-1.0,20,0.8185581869617697,0.551426887512207
6985,JG075A,206,S075_SNV,8.0,False,I14,100000000.0,EVAGREEN,JG075A_206,STANDARD,,50.58565,132,L-MMMMx,0.1,I14,-1.0,21,0.8379977062180868,0.5276182889938354
6986,JG075A,206,S075_SNV,8.0,False,I14,100000000.0,EVAGREEN,JG075A_206,STANDARD,,50.58565,132,L-MMMMx,0.1,I14,-1.0,22,0.85471428578506,0.49791285395622253
6987,JG075A,206,S075_SNV,8.0,False,I14,100000000.0,EVAGREEN,JG075A_206,STANDARD,,50.58565,132,L-MMMMx,0.1,I14,-1.0,23,0.8662366594512838,0.4569588601589203
6988,JG075A,206,S075_SNV,8.0,False,I14,100000000.0,EVAGREEN,JG075A_206,STANDARD,,50.58565,132,L-MMMMx,0.1,I14,-1.0,24,0.8750709930311851,0.4101836085319519
6989,JG075A,206,S075_SNV,8.0,False,I14,100000000.0,EVAGREEN,JG075A_206,STANDARD,,50.58565,132,L-MMMMx,0.1,I14,-1.0,25,0.8799809378120589,0.3549096882343292
6990,JG075A,206,S075_SNV,8.0,False,I14,100000000.0,EVAGREEN,JG075A_206,STANDARD,,50.58565,132,L-MMMMx,0.1,I14,-1.0,26,0.8836208453044407,0.2968854010105133
6991,JG075A,206,S075_SNV,8.0,False,I14,100000000.0,EVAGREEN,JG075A_206,STANDARD,,50.58565,132,L-MMMMx,0.1,I14,-1.0,27,0.8876454190837497,0.23969411849975586
6992,JG075A,206,S075_SNV,8.0,False,I14,100000000.0,EVAGREEN,JG075A_206,STANDARD,,50.58565,132,L-MMMMx,0.1,I14,-1.0,28,0.8929022681205214,0.1851714700460434
6993,JG075A,206,S075_SNV,8.0,False,I14,100000000.0,EVAGREEN,JG075A_206,STANDARD,,50.58565,132,L-MMMMx,0.1,I14,-1.0,29,0.8936911973168921,0.12097307294607162
6994,JG075A,206,S075_SNV,8.0,False,I14,100000000.0,EVAGREEN,JG075A_206,STANDARD,,50.58565,132,L-MMMMx,0.1,I14,-1.0,30,0.8976483939446271,0.06363589316606522
6995,JG075A,206,S075_SNV,8.0,False,I14,100000000.0,EVAGREEN,JG075A_206,STANDARD,,50.58565,132,L-MMMMx,0.1,I14,-1.0,31,0.9001851657200631,0.0032226310577243567
6996,JG075A,206,S075_SNV,8.0,False,I14,100000000.0,EVAGREEN,JG075A_206,STANDARD,,50.58565,132,L-MMMMx,0.1,I14,-1.0,32,0.9014332944249549,-0.059981320053339005
6997,JG075A,206,S075_SNV,8.0,False,I14,100000000.0,EVAGREEN,JG075A_206,STANDARD,,50.58565,132,L-MMMMx,0.1,I14,-1.0,33,0.9058852507245417,-0.11624705046415329
6998,JG075A,206,S075_SNV,8.0,False,I14,100000000.0,EVAGREEN,JG075A_206,STANDARD,,50.58565,132,L-MMMMx,0.1,I14,-1.0,34,0.9096114714307046,-0.17408443987369537
6999,JG075A,206,S075_SNV,8.0,False,I14,100000000.0,EVAGREEN,JG075A_206,STANDARD,,50.58565,132,L-MMMMx,0.1,I14,-1.0,35,0.9128751898267987,-0.23292341828346252
7000,JG075A,206,S075_SNV,8.0,False,I14,100000000.0,EVAGREEN,JG075A_206,STANDARD,,50.58565,132,L-MMMMx,0.1,I14,-1.0,36,0.9161978081838276,-0.29163485765457153
7001,JG075A,206,S075_SNV,8.0,False,I14,100000000.0,EVAGREEN,JG075A_206,STANDARD,,50.58565,132,L-MMMMx,0.1,I14,-1.0,37,0.9156919290800983,-0.358637273311615
7002,JG075A,206,S075_SNV,8.0,False,I14,100000000.0,EVAGREEN,JG075A_206,STANDARD,,50.58565,132,L-MMMMx,0.1,I14,-1.0,38,0.9166975220580009,-0.4223664700984955
7003,JG075A,206,S075_SNV,8.0,False,I14,100000000.0,EVAGREEN,JG075A_206,STANDARD,,50.58565,132,L-MMMMx,0.1,I14,-1.0,39,0.9200038465940609,-0.4811131954193115
7329,JG075A,224,S075_SNV,7.0,False,J8,10000000.0,EVAGREEN,JG075A_224,STANDARD,,57.811535,141,L-MMMMx,3.1622776601683795,J8,0.5,3,-0.006446807149403866,-0.00974397175014019
7330,JG075A,224,S075_SNV,7.0,False,J8,10000000.0,EVAGREEN,JG075A_224,STANDARD,,57.811535,141,L-MMMMx,3.1622776601683795,J8,0.5,4,-0.004598724543364636,-0.04958014190196991
7331,JG075A,224,S075_SNV,7.0,False,J8,10000000.0,EVAGREEN,JG075A_224,STANDARD,,57.811535,141,L-MMMMx,3.1622776601683795,J8,0.5,5,-0.003589608577144423,-0.09123318642377853
7332,JG075A,224,S075_SNV,7.0,False,J8,10000000.0,EVAGREEN,JG075A_224,STANDARD,,57.811535,141,L-MMMMx,3.1622776601683795,J8,0.5,6,-0.0024761240820155533,-0.13266021013259888
7333,JG075A,224,S075_SNV,7.0,False,J8,10000000.0,EVAGREEN,JG075A_224,STANDARD,,57.811535,141,L-MMMMx,3.1622776601683795,J8,0.5,7,0.000872641453932875,-0.16924649477005005
7334,JG075A,224,S075_SNV,7.0,False,J8,10000000.0,EVAGREEN,JG075A_224,STANDARD,,57.811535,141,L-MMMMx,3.1622776601683795,J8,0.5,8,0.0032726221985998516,-0.2078874707221985
7335,JG075A,224,S075_SNV,7.0,False,J8,10000000.0,EVAGREEN,JG075A_224,STANDARD,,57.811535,141,L-MMMMx,3.1622776601683795,J8,0.5,9,0.005667153320713054,-0.24654024839401245
7336,JG075A,224,S075_SNV,7.0,False,J8,10000000.0,EVAGREEN,JG075A_224,STANDARD,,57.811535,141,L-MMMMx,3.1622776601683795,J8,0.5,10,0.007298847378682698,-0.28684502840042114
7337,JG075A,224,S075_SNV,7.0,False,J8,10000000.0,EVAGREEN,JG075A_224,STANDARD,,57.811535,141,L-MMMMx,3.1622776601683795,J8,0.5,11,0.014108673703202793,-0.31593602895736694
7338,JG075A,224,S075_SNV,7.0,False,J8,10000000.0,EVAGREEN,JG075A_224,STANDARD,,57.811535,141,L-MMMMx,3.1622776601683795,J8,0.5,12,0.025200141860831145,-0.3357546925544739
7339,JG075A,224,S075_SNV,7.0,False,J8,10000000.0,EVAGREEN,JG075A_224,STANDARD,,57.811535,141,L-MMMMx,3.1622776601683795,J8,0.5,13,0.043453404894584,-0.34006378054618835
7340,JG075A,224,S075_SNV,7.0,False,J8,10000000.0,EVAGREEN,JG075A_224,STANDARD,,57.811535,141,L-MMMMx,3.1622776601683795,J8,0.5,14,0.07150470395317685,-0.32315418124198914
7341,JG075A,224,S075_SNV,7.0,False,J8,10000000.0,EVAGREEN,JG075A_224,STANDARD,,57.811535,141,L-MMMMx,3.1622776601683795,J8,0.5,15,0.11542018454596312,-0.2718890607357025
7342,JG075A,224,S075_SNV,7.0,False,J8,10000000.0,EVAGREEN,JG075A_224,STANDARD,,57.811535,141,L-MMMMx,3.1622776601683795,J8,0.5,16,0.17767568175982293,-0.180906742811203
7343,JG075A,224,S075_SNV,7.0,False,J8,10000000.0,EVAGREEN,JG075A_224,STANDARD,,57.811535,141,L-MMMMx,3.1622776601683795,J8,0.5,17,0.25309289818812847,-0.061421360820531845
7344,JG075A,224,S075_SNV,7.0,False,J8,10000000.0,EVAGREEN,JG075A_224,STANDARD,,57.811535,141,L-MMMMx,3.1622776601683795,J8,0.5,18,0.33278080215774225,0.06731262803077698
7345,JG075A,224,S075_SNV,7.0,False,J8,10000000.0,EVAGREEN,JG075A_224,STANDARD,,57.811535,141,L-MMMMx,3.1622776601683795,J8,0.5,19,0.4082903318893072,0.1869979202747345
7346,JG075A,224,S075_SNV,7.0,False,J8,10000000.0,EVAGREEN,JG075A_224,STANDARD,,57.811535,141,L-MMMMx,3.1622776601683795,J8,0.5,20,0.47719789160709,0.2923859655857086
7347,JG075A,224,S075_SNV,7.0,False,J8,10000000.0,EVAGREEN,JG075A_224,STANDARD,,57.811535,141,L-MMMMx,3.1622776601683795,J8,0.5,21,0.5324878904501461,0.36828377842903137
7348,JG075A,224,S075_SNV,7.0,False,J8,10000000.0,EVAGREEN,JG075A_224,STANDARD,,57.811535,141,L-MMMMx,3.1622776601683795,J8,0.5,22,0.5734431801090758,0.4131383001804352
7349,JG075A,224,S075_SNV,7.0,False,J8,10000000.0,EVAGREEN,JG075A_224,STANDARD,,57.811535,141,L-MMMMx,3.1622776601683795,J8,0.5,23,0.6051317994655049,0.437924861907959
7350,JG075A,224,S075_SNV,7.0,False,J8,10000000.0,EVAGREEN,JG075A_224,STANDARD,,57.811535,141,L-MMMMx,3.1622776601683795,J8,0.5,24,0.6280492788449795,0.4437166452407837
7351,JG075A,224,S075_SNV,7.0,False,J8,10000000.0,EVAGREEN,JG075A_224,STANDARD,,57.811535,141,L-MMMMx,3.1622776601683795,J8,0.5,25,0.6447175274159708,0.4359750747680664
7352,JG075A,224,S075_SNV,7.0,False,J8,10000000.0,EVAGREEN,JG075A_224,STANDARD,,57.811535,141,L-MMMMx,3.1622776601683795,J8,0.5,26,0.6560609993316918,0.41670215129852295
7353,JG075A,224,S075_SNV,7.0,False,J8,10000000.0,EVAGREEN,JG075A_224,STANDARD,,57.811535,141,L-MMMMx,3.1622776601683795,J8,0.5,27,0.6637828392569286,0.3895862102508545
7354,JG075A,224,S075_SNV,7.0,False,J8,10000000.0,EVAGREEN,JG075A_224,STANDARD,,57.811535,141,L-MMMMx,3.1622776601683795,J8,0.5,28,0.6704744252860395,0.3602391481399536
7355,JG075A,224,S075_SNV,7.0,False,J8,10000000.0,EVAGREEN,JG075A_224,STANDARD,,57.811535,141,L-MMMMx,3.1622776601683795,J8,0.5,29,0.6747036626679236,0.3255596160888672
7356,JG075A,224,S075_SNV,7.0,False,J8,10000000.0,EVAGREEN,JG075A_224,STANDARD,,57.811535,141,L-MMMMx,3.1622776601683795,J8,0.5,30,0.6825623486706217,0.298740029335022
7357,JG075A,224,S075_SNV,7.0,False,J8,10000000.0,EVAGREEN,JG075A_224,STANDARD,,57.811535,141,L-MMMMx,3.1622776601683795,J8,0.5,31,0.6861707694549152,0.26271605491638184
7358,JG075A,224,S075_SNV,7.0,False,J8,10000000.0,EVAGREEN,JG075A_224,STANDARD,,57.811535,141,L-MMMMx,3.1622776601683795,J8,0.5,32,0.683619685539439,0.2133530229330063
7359,JG075A,224,S075_SNV,7.0,False,J8,10000000.0,EVAGREEN,JG075A_224,STANDARD,,57.811535,141,L-MMMMx,3.1622776601683795,J8,0.5,33,0.6870821224953222,0.17701290547847748
7360,JG075A,224,S075_SNV,7.0,False,J8,10000000.0,EVAGREEN,JG075A_224,STANDARD,,57.811535,141,L-MMMMx,3.1622776601683795,J8,0.5,34,0.6905952024082708,0.1407824605703354
7361,JG075A,224,S075_SNV,7.0,False,J8,10000000.0,EVAGREEN,JG075A_224,STANDARD,,57.811535,141,L-MMMMx,3.1622776601683795,J8,0.5,35,0.6917899358214741,0.099531389772892
7362,JG075A,224,S075_SNV,7.0,False,J8,10000000.0,EVAGREEN,JG075A_224,STANDARD,,57.811535,141,L-MMMMx,3.1622776601683795,J8,0.5,36,0.694462893114062,0.06148156896233559
7363,JG075A,224,S075_SNV,7.0,False,J8,10000000.0,EVAGREEN,JG075A_224,STANDARD,,57.811535,141,L-MMMMx,3.1622776601683795,J8,0.5,37,0.6965716218089105,0.022209851071238518
7364,JG075A,224,S075_SNV,7.0,False,J8,10000000.0,EVAGREEN,JG075A_224,STANDARD,,57.811535,141,L-MMMMx,3.1622776601683795,J8,0.5,38,0.6983226570961386,-0.01783648505806923
7365,JG075A,224,S075_SNV,7.0,False,J8,10000000.0,EVAGREEN,JG075A_224,STANDARD,,57.811535,141,L-MMMMx,3.1622776601683795,J8,0.5,39,0.7005500664599361,-0.056851185858249664
7366,JG075A,224,S075_SNV,7.0,False,J8,10000000.0,EVAGREEN,JG075A_224,STANDARD,,57.811535,141,L-MMMMx,3.1622776601683795,J8,0.5,40,0.7017989658185224,-0.09798494726419449
7367,JG075A,224,S075_SNV,7.0,False,J8,10000000.0,EVAGREEN,JG075A_224,STANDARD,,57.811535,141,L-MMMMx,3.1622776601683795,J8,0.5,41,0.703759729004032,-0.1375771015882492
7368,JG075A,224,S075_SNV,7.0,False,J8,10000000.0,EVAGREEN,JG075A_224,STANDARD,,57.811535,141,L-MMMMx,3.1622776601683795,J8,0.5,42,0.7054365613498209,-0.17778412997722626
7369,JG075A,224,S075_SNV,7.0,False,J8,10000000.0,EVAGREEN,JG075A_224,STANDARD,,57.811535,141,L-MMMMx,3.1622776601683795,J8,0.5,43,0.7048627546275931,-0.22286514937877655
7370,JG075A,224,S075_SNV,7.0,False,J8,10000000.0,EVAGREEN,JG075A_224,STANDARD,,57.811535,141,L-MMMMx,3.1622776601683795,J8,0.5,44,0.7048120015771427,-0.2668134570121765
7371,JG075A,224,S075_SNV,7.0,False,J8,10000000.0,EVAGREEN,JG075A_224,STANDARD,,57.811535,141,L-MMMMx,3.1622776601683795,J8,0.5,45,0.7090152569201846,-0.3015492558479309
7372,JG075A,225,S075_SNV,7.0,False,J9,10000000.0,EVAGREEN,JG075A_225,STANDARD,,51.44651,142,L-MMMMx,1.7782794100389228,J9,0.25,3,-0.010108231017702012,0.10561072826385498
7373,JG075A,225,S075_SNV,7.0,False,J9,10000000.0,EVAGREEN,JG075A_225,STANDARD,,51.44651,142,L-MMMMx,1.7782794100389228,J9,0.25,4,-0.0076968005610028615,0.05230359360575676
7374,JG075A,225,S075_SNV,7.0,False,J9,10000000.0,EVAGREEN,JG075A_225,STANDARD,,51.44651,142,L-MMMMx,1.7782794100389228,J9,0.25,5,-0.004647929405589438,0.0003769024333450943
7375,JG075A,225,S075_SNV,7.0,False,J9,10000000.0,EVAGREEN,JG075A_225,STANDARD,,51.44651,142,L-MMMMx,1.7782794100389228,J9,0.25,6,-0.001932751299882917,-0.052272435277700424
7376,JG075A,225,S075_SNV,7.0,False,J9,10000000.0,EVAGREEN,JG075A_225,STANDARD,,51.44651,142,L-MMMMx,1.7782794100389228,J9,0.25,7,0.00011977472196156466,-0.10635681450366974
7377,JG075A,225,S075_SNV,7.0,False,J9,10000000.0,EVAGREEN,JG075A_225,STANDARD,,51.44651,142,L-MMMMx,1.7782794100389228,J9,0.25,8,0.0034638612890506913,-0.15764418244361877
7378,JG075A,225,S075_SNV,7.0,False,J9,10000000.0,EVAGREEN,JG075A_225,STANDARD,,51.44651,142,L-MMMMx,1.7782794100389228,J9,0.25,9,0.008020901724548194,-0.20630478858947754
7379,JG075A,225,S075_SNV,7.0,False,J9,10000000.0,EVAGREEN,JG075A_225,STANDARD,,51.44651,142,L-MMMMx,1.7782794100389228,J9,0.25,10,0.012781174548616778,-0.25452524423599243
7380,JG075A,225,S075_SNV,7.0,False,J9,10000000.0,EVAGREEN,JG075A_225,STANDARD,,51.44651,142,L-MMMMx,1.7782794100389228,J9,0.25,11,0.02004029197701476,-0.297334223985672
7381,JG075A,225,S075_SNV,7.0,False,J9,10000000.0,EVAGREEN,JG075A_225,STANDARD,,51.44651,142,L-MMMMx,1.7782794100389228,J9,0.25,12,0.031829642101681065,-0.33033251762390137
7382,JG075A,225,S075_SNV,7.0,False,J9,10000000.0,EVAGREEN,JG075A_225,STANDARD,,51.44651,142,L-MMMMx,1.7782794100389228,J9,0.25,13,0.052715623295831814,-0.3436310887336731
7383,JG075A,225,S075_SNV,7.0,False,J9,10000000.0,EVAGREEN,JG075A_225,STANDARD,,51.44651,142,L-MMMMx,1.7782794100389228,J9,0.25,14,0.08678528733472075,-0.3283790647983551
7384,JG075A,225,S075_SNV,7.0,False,J9,10000000.0,EVAGREEN,JG075A_225,STANDARD,,51.44651,142,L-MMMMx,1.7782794100389228,J9,0.25,15,0.13895430385523777,-0.27393102645874023
7385,JG075A,225,S075_SNV,7.0,False,J9,10000000.0,EVAGREEN,JG075A_225,STANDARD,,51.44651,142,L-MMMMx,1.7782794100389228,J9,0.25,16,0.20860648018195904,-0.18162138760089874
7386,JG075A,225,S075_SNV,7.0,False,J9,10000000.0,EVAGREEN,JG075A_225,STANDARD,,51.44651,142,L-MMMMx,1.7782794100389228,J9,0.25,17,0.2927051655251978,-0.05802634358406067
7387,JG075A,225,S075_SNV,7.0,False,J9,10000000.0,EVAGREEN,JG075A_225,STANDARD,,51.44651,142,L-MMMMx,1.7782794100389228,J9,0.25,18,0.38283515182146133,0.07863009721040726
7388,JG075A,225,S075_SNV,7.0,False,J9,10000000.0,EVAGREEN,JG075A_225,STANDARD,,51.44651,142,L-MMMMx,1.7782794100389228,J9,0.25,19,0.46870380851413523,0.20605818927288055
7389,JG075A,225,S075_SNV,7.0,False,J9,10000000.0,EVAGREEN,JG075A_225,STANDARD,,51.44651,142,L-MMMMx,1.7782794100389228,J9,0.25,20,0.5421657113794849,0.30661818385124207
7390,JG075A,225,S075_SNV,7.0,False,J9,10000000.0,EVAGREEN,JG075A_225,STANDARD,,51.44651,142,L-MMMMx,1.7782794100389228,J9,0.25,21,0.6030430596008567,0.379925012588501
7391,JG075A,225,S075_SNV,7.0,False,J9,10000000.0,EVAGREEN,JG075A_225,STANDARD,,51.44651,142,L-MMMMx,1.7782794100389228,J9,0.25,22,0.6481379706263418,0.4190533757209778
7392,JG075A,225,S075_SNV,7.0,False,J9,10000000.0,EVAGREEN,JG075A_225,STANDARD,,51.44651,142,L-MMMMx,1.7782794100389228,J9,0.25,23,0.6829011679435641,0.43580731749534607
7393,JG075A,225,S075_SNV,7.0,False,J9,10000000.0,EVAGREEN,JG075A_225,STANDARD,,51.44651,142,L-MMMMx,1.7782794100389228,J9,0.25,24,0.7071643187669739,0.42982232570648193
7394,JG075A,225,S075_SNV,7.0,False,J9,10000000.0,EVAGREEN,JG075A_225,STANDARD,,51.44651,142,L-MMMMx,1.7782794100389228,J9,0.25,25,0.7248555550706859,0.4096052050590515
7395,JG075A,225,S075_SNV,7.0,False,J9,10000000.0,EVAGREEN,JG075A_225,STANDARD,,51.44651,142,L-MMMMx,1.7782794100389228,J9,0.25,26,0.7383433158445862,0.38028499484062195
7396,JG075A,225,S075_SNV,7.0,False,J9,10000000.0,EVAGREEN,JG075A_225,STANDARD,,51.44651,142,L-MMMMx,1.7782794100389228,J9,0.25,27,0.7447166218978798,0.3355576992034912
7397,JG075A,225,S075_SNV,7.0,False,J9,10000000.0,EVAGREEN,JG075A_225,STANDARD,,51.44651,142,L-MMMMx,1.7782794100389228,J9,0.25,28,0.7516946709145649,0.29214006662368774
7398,JG075A,225,S075_SNV,7.0,False,J9,10000000.0,EVAGREEN,JG075A_225,STANDARD,,51.44651,142,L-MMMMx,1.7782794100389228,J9,0.25,29,0.7568830418659134,0.2448466718196869
7399,JG075A,225,S075_SNV,7.0,False,J9,10000000.0,EVAGREEN,JG075A_225,STANDARD,,51.44651,142,L-MMMMx,1.7782794100389228,J9,0.25,30,0.763596866758779,0.20085681974887848
7400,JG075A,225,S075_SNV,7.0,False,J9,10000000.0,EVAGREEN,JG075A_225,STANDARD,,51.44651,142,L-MMMMx,1.7782794100389228,J9,0.25,31,0.768231578077341,0.15236443281173706
7401,JG075A,225,S075_SNV,7.0,False,J9,10000000.0,EVAGREEN,JG075A_225,STANDARD,,51.44651,142,L-MMMMx,1.7782794100389228,J9,0.25,32,0.7689138267837196,0.09531257301568985
7402,JG075A,225,S075_SNV,7.0,False,J9,10000000.0,EVAGREEN,JG075A_225,STANDARD,,51.44651,142,L-MMMMx,1.7782794100389228,J9,0.25,33,0.7710363171516837,0.04137970879673958
7403,JG075A,225,S075_SNV,7.0,False,J9,10000000.0,EVAGREEN,JG075A_225,STANDARD,,51.44651,142,L-MMMMx,1.7782794100389228,J9,0.25,34,0.7720109738884225,-0.015038909390568733
7404,JG075A,225,S075_SNV,7.0,False,J9,10000000.0,EVAGREEN,JG075A_225,STANDARD,,51.44651,142,L-MMMMx,1.7782794100389228,J9,0.25,35,0.7746656556791129,-0.0678192600607872
7405,JG075A,225,S075_SNV,7.0,False,J9,10000000.0,EVAGREEN,JG075A_225,STANDARD,,51.44651,142,L-MMMMx,1.7782794100389228,J9,0.25,36,0.7783057833582646,-0.11846552044153214
7406,JG075A,225,S075_SNV,7.0,False,J9,10000000.0,EVAGREEN,JG075A_225,STANDARD,,51.44651,142,L-MMMMx,1.7782794100389228,J9,0.25,37,0.781964076445929,-0.1690724492073059
7407,JG075A,225,S075_SNV,7.0,False,J9,10000000.0,EVAGREEN,JG075A_225,STANDARD,,51.44651,142,L-MMMMx,1.7782794100389228,J9,0.25,38,0.7851028388501335,-0.22080446779727936
7408,JG075A,225,S075_SNV,7.0,False,J9,10000000.0,EVAGREEN,JG075A_225,STANDARD,,51.44651,142,L-MMMMx,1.7782794100389228,J9,0.25,39,0.7902352823619402,-0.2682189643383026
7409,JG075A,225,S075_SNV,7.0,False,J9,10000000.0,EVAGREEN,JG075A_225,STANDARD,,51.44651,142,L-MMMMx,1.7782794100389228,J9,0.25,40,0.7916772855176845,-0.32362550497055054
7410,JG075A,225,S075_SNV,7.0,False,J9,10000000.0,EVAGREEN,JG075A_225,STANDARD,,51.44651,142,L-MMMMx,1.7782794100389228,J9,0.25,41,0.7947898456962769,-0.37541428208351135
7411,JG075A,226,S075_SNV,7.0,False,J10,10000000.0,EVAGREEN,JG075A_226,STANDARD,,14.16964,143,L-MMMMx,1.0,J10,0.0,3,-0.008090329365416362,0.0020713272970169783
7412,JG075A,226,S075_SNV,7.0,False,J10,10000000.0,EVAGREEN,JG075A_226,STANDARD,,14.16964,143,L-MMMMx,1.0,J10,0.0,4,-0.0069755512730146265,-0.0008717392338439822
7413,JG075A,226,S075_SNV,7.0,False,J10,10000000.0,EVAGREEN,JG075A_226,STANDARD,,14.16964,143,L-MMMMx,1.0,J10,0.0,5,-0.004216666093492982,-0.00025432236725464463
7414,JG075A,226,S075_SNV,7.0,False,J10,10000000.0,EVAGREEN,JG075A_226,STANDARD,,14.16964,143,L-MMMMx,1.0,J10,0.0,6,-0.002196259816700294,-0.001236157724633813
7415,JG075A,226,S075_SNV,7.0,False,J10,10000000.0,EVAGREEN,JG075A_226,STANDARD,,14.16964,143,L-MMMMx,1.0,J10,0.0,7,0.00012013252546257008,-0.0015770047903060913
7416,JG075A,226,S075_SNV,7.0,False,J10,10000000.0,EVAGREEN,JG075A_226,STANDARD,,14.16964,143,L-MMMMx,1.0,J10,0.0,8,0.0032346193382911414,-0.0001894959423225373
7417,JG075A,226,S075_SNV,7.0,False,J10,10000000.0,EVAGREEN,JG075A_226,STANDARD,,14.16964,143,L-MMMMx,1.0,J10,0.0,9,0.006745937757080956,0.002057392615824938
7418,JG075A,226,S075_SNV,7.0,False,J10,10000000.0,EVAGREEN,JG075A_226,STANDARD,,14.16964,143,L-MMMMx,1.0,J10,0.0,10,0.011378116927789598,0.006731620989739895
7419,JG075A,226,S075_SNV,7.0,False,J10,10000000.0,EVAGREEN,JG075A_226,STANDARD,,14.16964,143,L-MMMMx,1.0,J10,0.0,11,0.019785948734492367,0.019582414999604225
7420,JG075A,226,S075_SNV,7.0,False,J10,10000000.0,EVAGREEN,JG075A_226,STANDARD,,14.16964,143,L-MMMMx,1.0,J10,0.0,12,0.03228328189426348,0.041289445012807846
7421,JG075A,226,S075_SNV,7.0,False,J10,10000000.0,EVAGREEN,JG075A_226,STANDARD,,14.16964,143,L-MMMMx,1.0,J10,0.0,13,0.05028588981388892,0.0749187171459198
7422,JG075A,226,S075_SNV,7.0,False,J10,10000000.0,EVAGREEN,JG075A_226,STANDARD,,14.16964,143,L-MMMMx,1.0,J10,0.0,14,0.08253160922138339,0.1393929123878479
7423,JG075A,226,S075_SNV,7.0,False,J10,10000000.0,EVAGREEN,JG075A_226,STANDARD,,14.16964,143,L-MMMMx,1.0,J10,0.0,15,0.13261347535049708,0.24249312281608582
7424,JG075A,226,S075_SNV,7.0,False,J10,10000000.0,EVAGREEN,JG075A_226,STANDARD,,14.16964,143,L-MMMMx,1.0,J10,0.0,16,0.20391996992579003,0.3915574550628662
7425,JG075A,226,S075_SNV,7.0,False,J10,10000000.0,EVAGREEN,JG075A_226,STANDARD,,14.16964,143,L-MMMMx,1.0,J10,0.0,17,0.29296548133385236,0.5790374875068665
7426,JG075A,226,S075_SNV,7.0,False,J10,10000000.0,EVAGREEN,JG075A_226,STANDARD,,14.16964,143,L-MMMMx,1.0,J10,0.0,18,0.39108081607216993,0.786159098148346
7427,JG075A,226,S075_SNV,7.0,False,J10,10000000.0,EVAGREEN,JG075A_226,STANDARD,,14.16964,143,L-MMMMx,1.0,J10,0.0,19,0.48596259800186287,0.9862781763076782
7428,JG075A,226,S075_SNV,7.0,False,J10,10000000.0,EVAGREEN,JG075A_226,STANDARD,,14.16964,143,L-MMMMx,1.0,J10,0.0,20,0.5723216106309915,1.1679402589797974
7429,JG075A,226,S075_SNV,7.0,False,J10,10000000.0,EVAGREEN,JG075A_226,STANDARD,,14.16964,143,L-MMMMx,1.0,J10,0.0,21,0.6428280015313439,1.3152718544006348
7430,JG075A,226,S075_SNV,7.0,False,J10,10000000.0,EVAGREEN,JG075A_226,STANDARD,,14.16964,143,L-MMMMx,1.0,J10,0.0,22,0.6961383011266833,1.4253636598587036
7431,JG075A,226,S075_SNV,7.0,False,J10,10000000.0,EVAGREEN,JG075A_226,STANDARD,,14.16964,143,L-MMMMx,1.0,J10,0.0,23,0.7390179130607126,1.5128666162490845
7432,JG075A,226,S075_SNV,7.0,False,J10,10000000.0,EVAGREEN,JG075A_226,STANDARD,,14.16964,143,L-MMMMx,1.0,J10,0.0,24,0.7707057617634472,1.5761326551437378
7433,JG075A,226,S075_SNV,7.0,False,J10,10000000.0,EVAGREEN,JG075A_226,STANDARD,,14.16964,143,L-MMMMx,1.0,J10,0.0,25,0.7883469055770185,1.6089791059494019
7434,JG075A,226,S075_SNV,7.0,False,J10,10000000.0,EVAGREEN,JG075A_226,STANDARD,,14.16964,143,L-MMMMx,1.0,J10,0.0,26,0.8027158538038565,1.6347393989562988
7435,JG075A,226,S075_SNV,7.0,False,J10,10000000.0,EVAGREEN,JG075A_226,STANDARD,,14.16964,143,L-MMMMx,1.0,J10,0.0,27,0.813622695354966,1.6530020236968994
7436,JG075A,226,S075_SNV,7.0,False,J10,10000000.0,EVAGREEN,JG075A_226,STANDARD,,14.16964,143,L-MMMMx,1.0,J10,0.0,28,0.8201856923104849,1.6618576049804688
7437,JG075A,226,S075_SNV,7.0,False,J10,10000000.0,EVAGREEN,JG075A_226,STANDARD,,14.16964,143,L-MMMMx,1.0,J10,0.0,29,0.8272342010935219,1.6717647314071655
7438,JG075A,226,S075_SNV,7.0,False,J10,10000000.0,EVAGREEN,JG075A_226,STANDARD,,14.16964,143,L-MMMMx,1.0,J10,0.0,30,0.8326253640599016,1.6780825853347778
7439,JG075A,226,S075_SNV,7.0,False,J10,10000000.0,EVAGREEN,JG075A_226,STANDARD,,14.16964,143,L-MMMMx,1.0,J10,0.0,31,0.8376374755019855,1.6835795640945435
7440,JG075A,226,S075_SNV,7.0,False,J10,10000000.0,EVAGREEN,JG075A_226,STANDARD,,14.16964,143,L-MMMMx,1.0,J10,0.0,32,0.8405774092530159,1.6845890283584595
7441,JG075A,226,S075_SNV,7.0,False,J10,10000000.0,EVAGREEN,JG075A_226,STANDARD,,14.16964,143,L-MMMMx,1.0,J10,0.0,33,0.8441872612513134,1.687049388885498
7442,JG075A,226,S075_SNV,7.0,False,J10,10000000.0,EVAGREEN,JG075A_226,STANDARD,,14.16964,143,L-MMMMx,1.0,J10,0.0,34,0.846427551541147,1.6865437030792236
7443,JG075A,226,S075_SNV,7.0,False,J10,10000000.0,EVAGREEN,JG075A_226,STANDARD,,14.16964,143,L-MMMMx,1.0,J10,0.0,35,0.8504692998885043,1.689939260482788
7444,JG075A,226,S075_SNV,7.0,False,J10,10000000.0,EVAGREEN,JG075A_226,STANDARD,,14.16964,143,L-MMMMx,1.0,J10,0.0,36,0.8521793804365404,1.6882853507995605
7445,JG075A,226,S075_SNV,7.0,False,J10,10000000.0,EVAGREEN,JG075A_226,STANDARD,,14.16964,143,L-MMMMx,1.0,J10,0.0,37,0.8543960006486152,1.6877285242080688
7446,JG075A,226,S075_SNV,7.0,False,J10,10000000.0,EVAGREEN,JG075A_226,STANDARD,,14.16964,143,L-MMMMx,1.0,J10,0.0,38,0.8563764705500264,1.6866601705551147
7447,JG075A,226,S075_SNV,7.0,False,J10,10000000.0,EVAGREEN,JG075A_226,STANDARD,,14.16964,143,L-MMMMx,1.0,J10,0.0,39,0.8591408053521018,1.6872893571853638
7448,JG075A,226,S075_SNV,7.0,False,J10,10000000.0,EVAGREEN,JG075A_226,STANDARD,,14.16964,143,L-MMMMx,1.0,J10,0.0,40,0.859278091803103,1.6822293996810913
7449,JG075A,226,S075_SNV,7.0,False,J10,10000000.0,EVAGREEN,JG075A_226,STANDARD,,14.16964,143,L-MMMMx,1.0,J10,0.0,41,0.8621933646359102,1.6831855773925781
7450,JG075A,226,S075_SNV,7.0,False,J10,10000000.0,EVAGREEN,JG075A_226,STANDARD,,14.16964,143,L-MMMMx,1.0,J10,0.0,42,0.863843774569317,1.6814024448394775
7451,JG075A,226,S075_SNV,7.0,False,J10,10000000.0,EVAGREEN,JG075A_226,STANDARD,,14.16964,143,L-MMMMx,1.0,J10,0.0,43,0.8653174846199198,1.679236650466919
7452,JG075A,226,S075_SNV,7.0,False,J10,10000000.0,EVAGREEN,JG075A_226,STANDARD,,14.16964,143,L-MMMMx,1.0,J10,0.0,44,0.8692662040570156,1.6824308633804321
7453,JG075A,227,S075_SNV,7.0,False,J11,10000000.0,EVAGREEN,JG075A_227,STANDARD,,13.578665,144,L-MMMMx,0.5623413251903491,J11,-0.25,3,-0.011071334829860238,5.1455837819958106e-05
7454,JG075A,227,S075_SNV,7.0,False,J11,10000000.0,EVAGREEN,JG075A_227,STANDARD,,13.578665,144,L-MMMMx,0.5623413251903491,J11,-0.25,4,-0.008501617608985535,-0.0006868498749099672
7455,JG075A,227,S075_SNV,7.0,False,J11,10000000.0,EVAGREEN,JG075A_227,STANDARD,,13.578665,144,L-MMMMx,0.5623413251903491,J11,-0.25,5,-0.0049071786845775395,0.0007939849747344851
7456,JG075A,227,S075_SNV,7.0,False,J11,10000000.0,EVAGREEN,JG075A_227,STANDARD,,13.578665,144,L-MMMMx,0.5623413251903491,J11,-0.25,6,-0.002345002860570182,3.9347582060145214e-05
7457,JG075A,227,S075_SNV,7.0,False,J11,10000000.0,EVAGREEN,JG075A_227,STANDARD,,13.578665,144,L-MMMMx,0.5623413251903491,J11,-0.25,7,0.0005610771745958469,2.9470238587236963e-05
7458,JG075A,227,S075_SNV,7.0,False,J11,10000000.0,EVAGREEN,JG075A_227,STANDARD,,13.578665,144,L-MMMMx,0.5623413251903491,J11,-0.25,8,0.00335310046297984,-0.00022740874555893242
7459,JG075A,227,S075_SNV,7.0,False,J11,10000000.0,EVAGREEN,JG075A_227,STANDARD,,13.578665,144,L-MMMMx,0.5623413251903491,J11,-0.25,9,0.007865800787698904,0.003242015838623047
7460,JG075A,227,S075_SNV,7.0,False,J11,10000000.0,EVAGREEN,JG075A_227,STANDARD,,13.578665,144,L-MMMMx,0.5623413251903491,J11,-0.25,10,0.015045155558718906,0.012486355379223824
7461,JG075A,227,S075_SNV,7.0,False,J11,10000000.0,EVAGREEN,JG075A_227,STANDARD,,13.578665,144,L-MMMMx,0.5623413251903491,J11,-0.25,11,0.025052038734761133,0.02785399928689003
7462,JG075A,227,S075_SNV,7.0,False,J11,10000000.0,EVAGREEN,JG075A_227,STANDARD,,13.578665,144,L-MMMMx,0.5623413251903491,J11,-0.25,12,0.041930373007535084,0.058102481067180634
7463,JG075A,227,S075_SNV,7.0,False,J11,10000000.0,EVAGREEN,JG075A_227,STANDARD,,13.578665,144,L-MMMMx,0.5623413251903491,J11,-0.25,13,0.0686710653652913,0.10970891267061234
7464,JG075A,227,S075_SNV,7.0,False,J11,10000000.0,EVAGREEN,JG075A_227,STANDARD,,13.578665,144,L-MMMMx,0.5623413251903491,J11,-0.25,14,0.11137700498460186,0.19588974118232727
7465,JG075A,227,S075_SNV,7.0,False,J11,10000000.0,EVAGREEN,JG075A_227,STANDARD,,13.578665,144,L-MMMMx,0.5623413251903491,J11,-0.25,15,0.1757038541891283,0.32889285683631897
7466,JG075A,227,S075_SNV,7.0,False,J11,10000000.0,EVAGREEN,JG075A_227,STANDARD,,13.578665,144,L-MMMMx,0.5623413251903491,J11,-0.25,16,0.2594507911675325,0.5039522051811218
7467,JG075A,227,S075_SNV,7.0,False,J11,10000000.0,EVAGREEN,JG075A_227,STANDARD,,13.578665,144,L-MMMMx,0.5623413251903491,J11,-0.25,17,0.358508415187421,0.7121683955192566
7468,JG075A,227,S075_SNV,7.0,False,J11,10000000.0,EVAGREEN,JG075A_227,STANDARD,,13.578665,144,L-MMMMx,0.5623413251903491,J11,-0.25,18,0.46020739969842395,0.9261047840118408
7469,JG075A,227,S075_SNV,7.0,False,J11,10000000.0,EVAGREEN,JG075A_227,STANDARD,,13.578665,144,L-MMMMx,0.5623413251903491,J11,-0.25,19,0.5532050984852073,1.1211975812911987
7470,JG075A,227,S075_SNV,7.0,False,J11,10000000.0,EVAGREEN,JG075A_227,STANDARD,,13.578665,144,L-MMMMx,0.5623413251903491,J11,-0.25,20,0.6308110264525092,1.282957911491394
7471,JG075A,227,S075_SNV,7.0,False,J11,10000000.0,EVAGREEN,JG075A_227,STANDARD,,13.578665,144,L-MMMMx,0.5623413251903491,J11,-0.25,21,0.6932560494285169,1.4118857383728027
7472,JG075A,227,S075_SNV,7.0,False,J11,10000000.0,EVAGREEN,JG075A_227,STANDARD,,13.578665,144,L-MMMMx,0.5623413251903491,J11,-0.25,22,0.7421036035725469,1.511366844177246
7473,JG075A,227,S075_SNV,7.0,False,J11,10000000.0,EVAGREEN,JG075A_227,STANDARD,,13.578665,144,L-MMMMx,0.5623413251903491,J11,-0.25,23,0.7772228428966158,1.581117868423462
7474,JG075A,227,S075_SNV,7.0,False,J11,10000000.0,EVAGREEN,JG075A_227,STANDARD,,13.578665,144,L-MMMMx,0.5623413251903491,J11,-0.25,24,0.7984774717901871,1.620843768119812
7475,JG075A,227,S075_SNV,7.0,False,J11,10000000.0,EVAGREEN,JG075A_227,STANDARD,,13.578665,144,L-MMMMx,0.5623413251903491,J11,-0.25,25,0.8157793077914203,1.65200936794281
7476,JG075A,227,S075_SNV,7.0,False,J11,10000000.0,EVAGREEN,JG075A_227,STANDARD,,13.578665,144,L-MMMMx,0.5623413251903491,J11,-0.25,26,0.828953522605055,1.6742361783981323
7477,JG075A,227,S075_SNV,7.0,False,J11,10000000.0,EVAGREEN,JG075A_227,STANDARD,,13.578665,144,L-MMMMx,0.5623413251903491,J11,-0.25,27,0.8376070828469098,1.6866730451583862
7478,JG075A,227,S075_SNV,7.0,False,J11,10000000.0,EVAGREEN,JG075A_227,STANDARD,,13.578665,144,L-MMMMx,0.5623413251903491,J11,-0.25,28,0.8423733557604568,1.690691590309143
7479,JG075A,227,S075_SNV,7.0,False,J11,10000000.0,EVAGREEN,JG075A_227,STANDARD,,13.578665,144,L-MMMMx,0.5623413251903491,J11,-0.25,29,0.8458881971675641,1.6920000314712524
7480,JG075A,227,S075_SNV,7.0,False,J11,10000000.0,EVAGREEN,JG075A_227,STANDARD,,13.578665,144,L-MMMMx,0.5623413251903491,J11,-0.25,30,0.8515712176973795,1.6980040073394775
7481,JG075A,227,S075_SNV,7.0,False,J11,10000000.0,EVAGREEN,JG075A_227,STANDARD,,13.578665,144,L-MMMMx,0.5623413251903491,J11,-0.25,31,0.8569116276133091,1.703265905380249
7482,JG075A,227,S075_SNV,7.0,False,J11,10000000.0,EVAGREEN,JG075A_227,STANDARD,,13.578665,144,L-MMMMx,0.5623413251903491,J11,-0.25,32,0.8617094973283295,1.707352876663208
7483,JG075A,227,S075_SNV,7.0,False,J11,10000000.0,EVAGREEN,JG075A_227,STANDARD,,13.578665,144,L-MMMMx,0.5623413251903491,J11,-0.25,33,0.8646203664257397,1.7073533535003662
7484,JG075A,227,S075_SNV,7.0,False,J11,10000000.0,EVAGREEN,JG075A_227,STANDARD,,13.578665,144,L-MMMMx,0.5623413251903491,J11,-0.25,34,0.8678891491175402,1.7081289291381836
7485,JG075A,227,S075_SNV,7.0,False,J11,10000000.0,EVAGREEN,JG075A_227,STANDARD,,13.578665,144,L-MMMMx,0.5623413251903491,J11,-0.25,35,0.8701795318975146,1.7067856788635254
7486,JG075A,227,S075_SNV,7.0,False,J11,10000000.0,EVAGREEN,JG075A_227,STANDARD,,13.578665,144,L-MMMMx,0.5623413251903491,J11,-0.25,36,0.8719951920016936,1.7044143676757812
7487,JG075A,227,S075_SNV,7.0,False,J11,10000000.0,EVAGREEN,JG075A_227,STANDARD,,13.578665,144,L-MMMMx,0.5623413251903491,J11,-0.25,37,0.8728105436104462,1.6998767852783203
7488,JG075A,227,S075_SNV,7.0,False,J11,10000000.0,EVAGREEN,JG075A_227,STANDARD,,13.578665,144,L-MMMMx,0.5623413251903491,J11,-0.25,38,0.8746210293255336,1.697494387626648
7489,JG075A,227,S075_SNV,7.0,False,J11,10000000.0,EVAGREEN,JG075A_227,STANDARD,,13.578665,144,L-MMMMx,0.5623413251903491,J11,-0.25,39,0.8773745749758864,1.69715416431427
7490,JG075A,227,S075_SNV,7.0,False,J11,10000000.0,EVAGREEN,JG075A_227,STANDARD,,13.578665,144,L-MMMMx,0.5623413251903491,J11,-0.25,40,0.8827285263781617,1.702445387840271
7491,JG075A,227,S075_SNV,7.0,False,J11,10000000.0,EVAGREEN,JG075A_227,STANDARD,,13.578665,144,L-MMMMx,0.5623413251903491,J11,-0.25,41,0.8830355768287168,1.6968070268630981
7492,JG075A,227,S075_SNV,7.0,False,J11,10000000.0,EVAGREEN,JG075A_227,STANDARD,,13.578665,144,L-MMMMx,0.5623413251903491,J11,-0.25,42,0.8839192964295077,1.6924175024032593
7493,JG075A,227,S075_SNV,7.0,False,J11,10000000.0,EVAGREEN,JG075A_227,STANDARD,,13.578665,144,L-MMMMx,0.5623413251903491,J11,-0.25,43,0.8845342780776974,1.6874459981918335
7494,JG075A,228,S075_SNV,7.0,False,J12,10000000.0,EVAGREEN,JG075A_228,STANDARD,,13.633817,145,L-MMMMx,0.3162277660168379,J12,-0.5000000000000001,3,-0.011380566505604173,0.0028270897455513477
7495,JG075A,228,S075_SNV,7.0,False,J12,10000000.0,EVAGREEN,JG075A_228,STANDARD,,13.633817,145,L-MMMMx,0.3162277660168379,J12,-0.5000000000000001,4,-0.009041522449493043,0.0003208667039871216
7496,JG075A,228,S075_SNV,7.0,False,J12,10000000.0,EVAGREEN,JG075A_228,STANDARD,,13.633817,145,L-MMMMx,0.3162277660168379,J12,-0.5000000000000001,5,-0.0069142980659771215,-0.002644073683768511
7497,JG075A,228,S075_SNV,7.0,False,J12,10000000.0,EVAGREEN,JG075A_228,STANDARD,,13.633817,145,L-MMMMx,0.3162277660168379,J12,-0.5000000000000001,6,-0.003257092150488905,-0.002295681508257985
7498,JG075A,228,S075_SNV,7.0,False,J12,10000000.0,EVAGREEN,JG075A_228,STANDARD,,13.633817,145,L-MMMMx,0.3162277660168379,J12,-0.5000000000000001,7,0.0010299717818268931,-0.0005832665483467281
7499,JG075A,228,S075_SNV,7.0,False,J12,10000000.0,EVAGREEN,JG075A_228,STANDARD,,13.633817,145,L-MMMMx,0.3162277660168379,J12,-0.5000000000000001,8,0.004824725620105463,6.299997767200693e-05
7500,JG075A,228,S075_SNV,7.0,False,J12,10000000.0,EVAGREEN,JG075A_228,STANDARD,,13.633817,145,L-MMMMx,0.3162277660168379,J12,-0.5000000000000001,9,0.009359596000213747,0.0023120653349906206
7501,JG075A,228,S075_SNV,7.0,False,J12,10000000.0,EVAGREEN,JG075A_228,STANDARD,,13.633817,145,L-MMMMx,0.3162277660168379,J12,-0.5000000000000001,10,0.01537918576941714,0.0077764433808624744
7502,JG075A,228,S075_SNV,7.0,False,J12,10000000.0,EVAGREEN,JG075A_228,STANDARD,,13.633817,145,L-MMMMx,0.3162277660168379,J12,-0.5000000000000001,11,0.024353448041557722,0.01963946968317032
7503,JG075A,228,S075_SNV,7.0,False,J12,10000000.0,EVAGREEN,JG075A_228,STANDARD,,13.633817,145,L-MMMMx,0.3162277660168379,J12,-0.5000000000000001,12,0.04145700585654147,0.049107324331998825
7504,JG075A,228,S075_SNV,7.0,False,J12,10000000.0,EVAGREEN,JG075A_228,STANDARD,,13.633817,145,L-MMMMx,0.3162277660168379,J12,-0.5000000000000001,13,0.070135438120685,0.10364176332950592
7505,JG075A,228,S075_SNV,7.0,False,J12,10000000.0,EVAGREEN,JG075A_228,STANDARD,,13.633817,145,L-MMMMx,0.3162277660168379,J12,-0.5000000000000001,14,0.11440018997714503,0.19192998111248016
7506,JG075A,228,S075_SNV,7.0,False,J12,10000000.0,EVAGREEN,JG075A_228,STANDARD,,13.633817,145,L-MMMMx,0.3162277660168379,J12,-0.5000000000000001,15,0.18059210369233533,0.3277037441730499
7507,JG075A,228,S075_SNV,7.0,False,J12,10000000.0,EVAGREEN,JG075A_228,STANDARD,,13.633817,145,L-MMMMx,0.3162277660168379,J12,-0.5000000000000001,16,0.26609981922253345,0.5053078532218933
7508,JG075A,228,S075_SNV,7.0,False,J12,10000000.0,EVAGREEN,JG075A_228,STANDARD,,13.633817,145,L-MMMMx,0.3162277660168379,J12,-0.5000000000000001,17,0.36565966174110237,0.7133432626724243
7509,JG075A,228,S075_SNV,7.0,False,J12,10000000.0,EVAGREEN,JG075A_228,STANDARD,,13.633817,145,L-MMMMx,0.3162277660168379,J12,-0.5000000000000001,18,0.46877846559078734,0.9290860295295715
7510,JG075A,228,S075_SNV,7.0,False,J12,10000000.0,EVAGREEN,JG075A_228,STANDARD,,13.633817,145,L-MMMMx,0.3162277660168379,J12,-0.5000000000000001,19,0.5665675936295729,1.1332868337631226
7511,JG075A,228,S075_SNV,7.0,False,J12,10000000.0,EVAGREEN,JG075A_228,STANDARD,,13.633817,145,L-MMMMx,0.3162277660168379,J12,-0.5000000000000001,20,0.6491331184943496,1.3045192956924438
7512,JG075A,228,S075_SNV,7.0,False,J12,10000000.0,EVAGREEN,JG075A_228,STANDARD,,13.633817,145,L-MMMMx,0.3162277660168379,J12,-0.5000000000000001,21,0.7125398622343675,1.434261441230774
7513,JG075A,228,S075_SNV,7.0,False,J12,10000000.0,EVAGREEN,JG075A_228,STANDARD,,13.633817,145,L-MMMMx,0.3162277660168379,J12,-0.5000000000000001,22,0.7614102607557693,1.53252375125885
7514,JG075A,228,S075_SNV,7.0,False,J12,10000000.0,EVAGREEN,JG075A_228,STANDARD,,13.633817,145,L-MMMMx,0.3162277660168379,J12,-0.5000000000000001,23,0.7948334013916877,1.597333312034607
7515,JG075A,228,S075_SNV,7.0,False,J12,10000000.0,EVAGREEN,JG075A_228,STANDARD,,13.633817,145,L-MMMMx,0.3162277660168379,J12,-0.5000000000000001,24,0.8196330372798357,1.6434677839279175
7516,JG075A,228,S075_SNV,7.0,False,J12,10000000.0,EVAGREEN,JG075A_228,STANDARD,,13.633817,145,L-MMMMx,0.3162277660168379,J12,-0.5000000000000001,25,0.836308772201002,1.6720091104507446
7517,JG075A,228,S075_SNV,7.0,False,J12,10000000.0,EVAGREEN,JG075A_228,STANDARD,,13.633817,145,L-MMMMx,0.3162277660168379,J12,-0.5000000000000001,26,0.8489466120432833,1.6918060779571533
7518,JG075A,228,S075_SNV,7.0,False,J12,10000000.0,EVAGREEN,JG075A_228,STANDARD,,13.633817,145,L-MMMMx,0.3162277660168379,J12,-0.5000000000000001,27,0.8569306944114107,1.7015247344970703
7519,JG075A,228,S075_SNV,7.0,False,J12,10000000.0,EVAGREEN,JG075A_228,STANDARD,,13.633817,145,L-MMMMx,0.3162277660168379,J12,-0.5000000000000001,28,0.8637474566191811,1.7087154388427734
7520,JG075A,228,S075_SNV,7.0,False,J12,10000000.0,EVAGREEN,JG075A_228,STANDARD,,13.633817,145,L-MMMMx,0.3162277660168379,J12,-0.5000000000000001,29,0.8715785091822631,1.7181028127670288
7521,JG075A,228,S075_SNV,7.0,False,J12,10000000.0,EVAGREEN,JG075A_228,STANDARD,,13.633817,145,L-MMMMx,0.3162277660168379,J12,-0.5000000000000001,30,0.8793170833020083,1.7272897958755493
7522,JG075A,228,S075_SNV,7.0,False,J12,10000000.0,EVAGREEN,JG075A_228,STANDARD,,13.633817,145,L-MMMMx,0.3162277660168379,J12,-0.5000000000000001,31,0.8839851529162024,1.7298272848129272
7523,JG075A,228,S075_SNV,7.0,False,J12,10000000.0,EVAGREEN,JG075A_228,STANDARD,,13.633817,145,L-MMMMx,0.3162277660168379,J12,-0.5000000000000001,32,0.8854440003598403,1.7254148721694946
7524,JG075A,228,S075_SNV,7.0,False,J12,10000000.0,EVAGREEN,JG075A_228,STANDARD,,13.633817,145,L-MMMMx,0.3162277660168379,J12,-0.5000000000000001,33,0.8860189080159172,1.7190883159637451
7525,JG075A,228,S075_SNV,7.0,False,J12,10000000.0,EVAGREEN,JG075A_228,STANDARD,,13.633817,145,L-MMMMx,0.3162277660168379,J12,-0.5000000000000001,34,0.8887791693627505,1.717494249343872
7526,JG075A,228,S075_SNV,7.0,False,J12,10000000.0,EVAGREEN,JG075A_228,STANDARD,,13.633817,145,L-MMMMx,0.3162277660168379,J12,-0.5000000000000001,35,0.8937364542991418,1.7206580638885498
7527,JG075A,228,S075_SNV,7.0,False,J12,10000000.0,EVAGREEN,JG075A_228,STANDARD,,13.633817,145,L-MMMMx,0.3162277660168379,J12,-0.5000000000000001,36,0.8974146742894776,1.7210519313812256
7528,JG075A,228,S075_SNV,7.0,False,J12,10000000.0,EVAGREEN,JG075A_228,STANDARD,,13.633817,145,L-MMMMx,0.3162277660168379,J12,-0.5000000000000001,37,0.8986208574147131,1.7160924673080444
7529,JG075A,228,S075_SNV,7.0,False,J12,10000000.0,EVAGREEN,JG075A_228,STANDARD,,13.633817,145,L-MMMMx,0.3162277660168379,J12,-0.5000000000000001,38,0.8999601434423227,1.7114211320877075
7530,JG075A,228,S075_SNV,7.0,False,J12,10000000.0,EVAGREEN,JG075A_228,STANDARD,,13.633817,145,L-MMMMx,0.3162277660168379,J12,-0.5000000000000001,39,0.9019636228611831,1.7081881761550903
7531,JG075A,228,S075_SNV,7.0,False,J12,10000000.0,EVAGREEN,JG075A_228,STANDARD,,13.633817,145,L-MMMMx,0.3162277660168379,J12,-0.5000000000000001,40,0.9047935733206737,1.7067451477050781
7532,JG075A,228,S075_SNV,7.0,False,J12,10000000.0,EVAGREEN,JG075A_228,STANDARD,,13.633817,145,L-MMMMx,0.3162277660168379,J12,-0.5000000000000001,41,0.9067376023116749,1.703383445739746
7533,JG075A,228,S075_SNV,7.0,False,J12,10000000.0,EVAGREEN,JG075A_228,STANDARD,,13.633817,145,L-MMMMx,0.3162277660168379,J12,-0.5000000000000001,42,0.9086368232950116,1.6999247074127197
7534,JG075A,228,S075_SNV,7.0,False,J12,10000000.0,EVAGREEN,JG075A_228,STANDARD,,13.633817,145,L-MMMMx,0.3162277660168379,J12,-0.5000000000000001,43,0.9094544868648476,1.6941237449645996
7535,JG075A,229,S075_SNV,7.0,False,J13,10000000.0,EVAGREEN,JG075A_229,STANDARD,,56.71111,146,L-MMMMx,0.1778279410038923,J13,-0.75,3,-0.01124073758549491,-0.006449384614825249
7536,JG075A,229,S075_SNV,7.0,False,J13,10000000.0,EVAGREEN,JG075A_229,STANDARD,,56.71111,146,L-MMMMx,0.1778279410038923,J13,-0.75,4,-0.008024689625073262,-0.057888999581336975
7537,JG075A,229,S075_SNV,7.0,False,J13,10000000.0,EVAGREEN,JG075A_229,STANDARD,,56.71111,146,L-MMMMx,0.1778279410038923,J13,-0.75,5,-0.005174289319332922,-0.11012046039104462
7538,JG075A,229,S075_SNV,7.0,False,J13,10000000.0,EVAGREEN,JG075A_229,STANDARD,,56.71111,146,L-MMMMx,0.1778279410038923,J13,-0.75,6,-0.0035919446211557953,-0.16509802639484406
7539,JG075A,229,S075_SNV,7.0,False,J13,10000000.0,EVAGREEN,JG075A_229,STANDARD,,56.71111,146,L-MMMMx,0.1778279410038923,J13,-0.75,7,0.000269594616752748,-0.21513976156711578
7540,JG075A,229,S075_SNV,7.0,False,J13,10000000.0,EVAGREEN,JG075A_229,STANDARD,,56.71111,146,L-MMMMx,0.1778279410038923,J13,-0.75,8,0.00461788423275982,-0.2641274034976959
7541,JG075A,229,S075_SNV,7.0,False,J13,10000000.0,EVAGREEN,JG075A_229,STANDARD,,56.71111,146,L-MMMMx,0.1778279410038923,J13,-0.75,9,0.008767551620689536,-0.3135451674461365
7542,JG075A,229,S075_SNV,7.0,False,J13,10000000.0,EVAGREEN,JG075A_229,STANDARD,,56.71111,146,L-MMMMx,0.1778279410038923,J13,-0.75,10,0.014376630680854787,-0.3598024249076843
7543,JG075A,229,S075_SNV,7.0,False,J13,10000000.0,EVAGREEN,JG075A_229,STANDARD,,56.71111,146,L-MMMMx,0.1778279410038923,J13,-0.75,11,0.024282365559497403,-0.39675483107566833
7544,JG075A,229,S075_SNV,7.0,False,J13,10000000.0,EVAGREEN,JG075A_229,STANDARD,,56.71111,146,L-MMMMx,0.1778279410038923,J13,-0.75,12,0.042250638104699444,-0.4162469804286957
7545,JG075A,229,S075_SNV,7.0,False,J13,10000000.0,EVAGREEN,JG075A_229,STANDARD,,56.71111,146,L-MMMMx,0.1778279410038923,J13,-0.75,13,0.06933014285456156,-0.4160078167915344
7546,JG075A,229,S075_SNV,7.0,False,J13,10000000.0,EVAGREEN,JG075A_229,STANDARD,,56.71111,146,L-MMMMx,0.1778279410038923,J13,-0.75,14,0.11204007335907565,-0.38191935420036316
7547,JG075A,229,S075_SNV,7.0,False,J13,10000000.0,EVAGREEN,JG075A_229,STANDARD,,56.71111,146,L-MMMMx,0.1778279410038923,J13,-0.75,15,0.17704749234586062,-0.2995433807373047
7548,JG075A,229,S075_SNV,7.0,False,J13,10000000.0,EVAGREEN,JG075A_229,STANDARD,,56.71111,146,L-MMMMx,0.1778279410038923,J13,-0.75,16,0.26335060505879376,-0.17104937136173248
7549,JG075A,229,S075_SNV,7.0,False,J13,10000000.0,EVAGREEN,JG075A_229,STANDARD,,56.71111,146,L-MMMMx,0.1778279410038923,J13,-0.75,17,0.3630349081490202,-0.013577034696936607
7550,JG075A,229,S075_SNV,7.0,False,J13,10000000.0,EVAGREEN,JG075A_229,STANDARD,,56.71111,146,L-MMMMx,0.1778279410038923,J13,-0.75,18,0.46637103634054655,0.15180371701717377
7551,JG075A,229,S075_SNV,7.0,False,J13,10000000.0,EVAGREEN,JG075A_229,STANDARD,,56.71111,146,L-MMMMx,0.1778279410038923,J13,-0.75,19,0.561715760953848,0.29987823963165283
7552,JG075A,229,S075_SNV,7.0,False,J13,10000000.0,EVAGREEN,JG075A_229,STANDARD,,56.71111,146,L-MMMMx,0.1778279410038923,J13,-0.75,20,0.6422747237849864,0.41593268513679504
7553,JG075A,229,S075_SNV,7.0,False,J13,10000000.0,EVAGREEN,JG075A_229,STANDARD,,56.71111,146,L-MMMMx,0.1778279410038923,J13,-0.75,21,0.7072068113731366,0.49814552068710327
7554,JG075A,229,S075_SNV,7.0,False,J13,10000000.0,EVAGREEN,JG075A_229,STANDARD,,56.71111,146,L-MMMMx,0.1778279410038923,J13,-0.75,22,0.7561292290189153,0.5456877946853638
7555,JG075A,229,S075_SNV,7.0,False,J13,10000000.0,EVAGREEN,JG075A_229,STANDARD,,56.71111,146,L-MMMMx,0.1778279410038923,J13,-0.75,23,0.7921012517026114,0.5651845932006836
7556,JG075A,229,S075_SNV,7.0,False,J13,10000000.0,EVAGREEN,JG075A_229,STANDARD,,56.71111,146,L-MMMMx,0.1778279410038923,J13,-0.75,24,0.8159604698967323,0.558449923992157
7557,JG075A,229,S075_SNV,7.0,False,J13,10000000.0,EVAGREEN,JG075A_229,STANDARD,,56.71111,146,L-MMMMx,0.1778279410038923,J13,-0.75,25,0.8314282601985041,0.5335426926612854
7558,JG075A,229,S075_SNV,7.0,False,J13,10000000.0,EVAGREEN,JG075A_229,STANDARD,,56.71111,146,L-MMMMx,0.1778279410038923,J13,-0.75,26,0.8432757396304107,0.5007953643798828
7559,JG075A,229,S075_SNV,7.0,False,J13,10000000.0,EVAGREEN,JG075A_229,STANDARD,,56.71111,146,L-MMMMx,0.1778279410038923,J13,-0.75,27,0.8519171895999238,0.46110498905181885
7560,JG075A,229,S075_SNV,7.0,False,J13,10000000.0,EVAGREEN,JG075A_229,STANDARD,,56.71111,146,L-MMMMx,0.1778279410038923,J13,-0.75,28,0.8569927148317243,0.41369226574897766
7561,JG075A,229,S075_SNV,7.0,False,J13,10000000.0,EVAGREEN,JG075A_229,STANDARD,,56.71111,146,L-MMMMx,0.1778279410038923,J13,-0.75,29,0.8612572921901693,0.36452335119247437
7562,JG075A,229,S075_SNV,7.0,False,J13,10000000.0,EVAGREEN,JG075A_229,STANDARD,,56.71111,146,L-MMMMx,0.1778279410038923,J13,-0.75,30,0.8692562371652616,0.32344159483909607
7563,JG075A,229,S075_SNV,7.0,False,J13,10000000.0,EVAGREEN,JG075A_229,STANDARD,,56.71111,146,L-MMMMx,0.1778279410038923,J13,-0.75,31,0.8729376498637601,0.2730097770690918
7564,JG075A,229,S075_SNV,7.0,False,J13,10000000.0,EVAGREEN,JG075A_229,STANDARD,,56.71111,146,L-MMMMx,0.1778279410038923,J13,-0.75,32,0.8738286356279561,0.21653500199317932
7565,JG075A,229,S075_SNV,7.0,False,J13,10000000.0,EVAGREEN,JG075A_229,STANDARD,,56.71111,146,L-MMMMx,0.1778279410038923,J13,-0.75,33,0.8766407509590889,0.1642206311225891
7566,JG075A,229,S075_SNV,7.0,False,J13,10000000.0,EVAGREEN,JG075A_229,STANDARD,,56.71111,146,L-MMMMx,0.1778279410038923,J13,-0.75,34,0.8795002064457392,0.11200878024101257
7567,JG075A,229,S075_SNV,7.0,False,J13,10000000.0,EVAGREEN,JG075A_229,STANDARD,,56.71111,146,L-MMMMx,0.1778279410038923,J13,-0.75,35,0.8845811262534011,0.06460773944854736
7568,JG075A,229,S075_SNV,7.0,False,J13,10000000.0,EVAGREEN,JG075A_229,STANDARD,,56.71111,146,L-MMMMx,0.1778279410038923,J13,-0.75,36,0.8864201261551841,0.010185984894633293
7569,JG075A,229,S075_SNV,7.0,False,J13,10000000.0,EVAGREEN,JG075A_229,STANDARD,,56.71111,146,L-MMMMx,0.1778279410038923,J13,-0.75,37,0.8850815006878842,-0.051117245107889175
7570,JG075A,229,S075_SNV,7.0,False,J13,10000000.0,EVAGREEN,JG075A_229,STANDARD,,56.71111,146,L-MMMMx,0.1778279410038923,J13,-0.75,38,0.8871685409859025,-0.10500183701515198
7571,JG075A,229,S075_SNV,7.0,False,J13,10000000.0,EVAGREEN,JG075A_229,STANDARD,,56.71111,146,L-MMMMx,0.1778279410038923,J13,-0.75,39,0.8909016975753157,-0.15532159805297852
7572,JG075A,229,S075_SNV,7.0,False,J13,10000000.0,EVAGREEN,JG075A_229,STANDARD,,56.71111,146,L-MMMMx,0.1778279410038923,J13,-0.75,40,0.8940153586877573,-0.20698294043540955
7573,JG075A,229,S075_SNV,7.0,False,J13,10000000.0,EVAGREEN,JG075A_229,STANDARD,,56.71111,146,L-MMMMx,0.1778279410038923,J13,-0.75,41,0.8979612156968451,-0.25684207677841187
7574,JG075A,229,S075_SNV,7.0,False,J13,10000000.0,EVAGREEN,JG075A_229,STANDARD,,56.71111,146,L-MMMMx,0.1778279410038923,J13,-0.75,42,0.8996499381282057,-0.3115892708301544
7575,JG075A,229,S075_SNV,7.0,False,J13,10000000.0,EVAGREEN,JG075A_229,STANDARD,,56.71111,146,L-MMMMx,0.1778279410038923,J13,-0.75,43,0.8984164518435089,-0.37266480922698975
7576,JG075A,230,S075_SNV,7.0,False,J14,10000000.0,EVAGREEN,JG075A_230,STANDARD,,56.270462,147,L-MMMMx,0.1,J14,-1.0,3,-0.012066071567883795,-0.012893405742943287
7577,JG075A,230,S075_SNV,7.0,False,J14,10000000.0,EVAGREEN,JG075A_230,STANDARD,,56.270462,147,L-MMMMx,0.1,J14,-1.0,4,-0.009724784359054823,-0.06960664689540863
7578,JG075A,230,S075_SNV,7.0,False,J14,10000000.0,EVAGREEN,JG075A_230,STANDARD,,56.270462,147,L-MMMMx,0.1,J14,-1.0,5,-0.006059142537946747,-0.1234518513083458
7579,JG075A,230,S075_SNV,7.0,False,J14,10000000.0,EVAGREEN,JG075A_230,STANDARD,,56.270462,147,L-MMMMx,0.1,J14,-1.0,6,-0.0029838764934976164,-0.17857559025287628
7580,JG075A,230,S075_SNV,7.0,False,J14,10000000.0,EVAGREEN,JG075A_230,STANDARD,,56.270462,147,L-MMMMx,0.1,J14,-1.0,7,0.0004156420929011194,-0.2329971194267273
7581,JG075A,230,S075_SNV,7.0,False,J14,10000000.0,EVAGREEN,JG075A_230,STANDARD,,56.270462,147,L-MMMMx,0.1,J14,-1.0,8,0.004396274849952006,-0.2861601710319519
7582,JG075A,230,S075_SNV,7.0,False,J14,10000000.0,EVAGREEN,JG075A_230,STANDARD,,56.270462,147,L-MMMMx,0.1,J14,-1.0,9,0.00995140815150413,-0.3359135091304779
7583,JG075A,230,S075_SNV,7.0,False,J14,10000000.0,EVAGREEN,JG075A_230,STANDARD,,56.270462,147,L-MMMMx,0.1,J14,-1.0,10,0.016070549864025726,-0.3844453990459442
7584,JG075A,230,S075_SNV,7.0,False,J14,10000000.0,EVAGREEN,JG075A_230,STANDARD,,56.270462,147,L-MMMMx,0.1,J14,-1.0,11,0.026452645057564596,-0.42374545335769653
7585,JG075A,230,S075_SNV,7.0,False,J14,10000000.0,EVAGREEN,JG075A_230,STANDARD,,56.270462,147,L-MMMMx,0.1,J14,-1.0,12,0.045345302947614144,-0.444614976644516
7586,JG075A,230,S075_SNV,7.0,False,J14,10000000.0,EVAGREEN,JG075A_230,STANDARD,,56.270462,147,L-MMMMx,0.1,J14,-1.0,13,0.07554795060269454,-0.4409915804862976
7587,JG075A,230,S075_SNV,7.0,False,J14,10000000.0,EVAGREEN,JG075A_230,STANDARD,,56.270462,147,L-MMMMx,0.1,J14,-1.0,14,0.1245498143873696,-0.39665651321411133
7588,JG075A,230,S075_SNV,7.0,False,J14,10000000.0,EVAGREEN,JG075A_230,STANDARD,,56.270462,147,L-MMMMx,0.1,J14,-1.0,15,0.19473954918933217,-0.3064369261264801
7589,JG075A,230,S075_SNV,7.0,False,J14,10000000.0,EVAGREEN,JG075A_230,STANDARD,,56.270462,147,L-MMMMx,0.1,J14,-1.0,16,0.2880264632983128,-0.16619804501533508
7590,JG075A,230,S075_SNV,7.0,False,J14,10000000.0,EVAGREEN,JG075A_230,STANDARD,,56.270462,147,L-MMMMx,0.1,J14,-1.0,17,0.3952871179055978,0.004302431363612413
7591,JG075A,230,S075_SNV,7.0,False,J14,10000000.0,EVAGREEN,JG075A_230,STANDARD,,56.270462,147,L-MMMMx,0.1,J14,-1.0,18,0.5013801495957171,0.17227429151535034
7592,JG075A,230,S075_SNV,7.0,False,J14,10000000.0,EVAGREEN,JG075A_230,STANDARD,,56.270462,147,L-MMMMx,0.1,J14,-1.0,19,0.599492897139489,0.32296404242515564
7593,JG075A,230,S075_SNV,7.0,False,J14,10000000.0,EVAGREEN,JG075A_230,STANDARD,,56.270462,147,L-MMMMx,0.1,J14,-1.0,20,0.6839473492561121,0.4440753161907196
7594,JG075A,230,S075_SNV,7.0,False,J14,10000000.0,EVAGREEN,JG075A_230,STANDARD,,56.270462,147,L-MMMMx,0.1,J14,-1.0,21,0.7518095722840343,0.5292544364929199
7595,JG075A,230,S075_SNV,7.0,False,J14,10000000.0,EVAGREEN,JG075A_230,STANDARD,,56.270462,147,L-MMMMx,0.1,J14,-1.0,22,0.8033811670512573,0.5791544914245605
7596,JG075A,230,S075_SNV,7.0,False,J14,10000000.0,EVAGREEN,JG075A_230,STANDARD,,56.270462,147,L-MMMMx,0.1,J14,-1.0,23,0.8390454787240886,0.5946056842803955
7597,JG075A,230,S075_SNV,7.0,False,J14,10000000.0,EVAGREEN,JG075A_230,STANDARD,,56.270462,147,L-MMMMx,0.1,J14,-1.0,24,0.8649875536676008,0.5890024304389954
7598,JG075A,230,S075_SNV,7.0,False,J14,10000000.0,EVAGREEN,JG075A_230,STANDARD,,56.270462,147,L-MMMMx,0.1,J14,-1.0,25,0.8825149710145448,0.5651763081550598
7599,JG075A,230,S075_SNV,7.0,False,J14,10000000.0,EVAGREEN,JG075A_230,STANDARD,,56.270462,147,L-MMMMx,0.1,J14,-1.0,26,0.8935419244486072,0.5272727608680725
7600,JG075A,230,S075_SNV,7.0,False,J14,10000000.0,EVAGREEN,JG075A_230,STANDARD,,56.270462,147,L-MMMMx,0.1,J14,-1.0,27,0.9032764916370382,0.48657044768333435
7601,JG075A,230,S075_SNV,7.0,False,J14,10000000.0,EVAGREEN,JG075A_230,STANDARD,,56.270462,147,L-MMMMx,0.1,J14,-1.0,28,0.9100885198292568,0.4395390748977661
7602,JG075A,230,S075_SNV,7.0,False,J14,10000000.0,EVAGREEN,JG075A_230,STANDARD,,56.270462,147,L-MMMMx,0.1,J14,-1.0,29,0.9171235972193329,0.39299070835113525
7603,JG075A,230,S075_SNV,7.0,False,J14,10000000.0,EVAGREEN,JG075A_230,STANDARD,,56.270462,147,L-MMMMx,0.1,J14,-1.0,30,0.9229294819667242,0.34378042817115784
7604,JG075A,230,S075_SNV,7.0,False,J14,10000000.0,EVAGREEN,JG075A_230,STANDARD,,56.270462,147,L-MMMMx,0.1,J14,-1.0,31,0.925266103968367,0.2870570719242096
7605,JG075A,230,S075_SNV,7.0,False,J14,10000000.0,EVAGREEN,JG075A_230,STANDARD,,56.270462,147,L-MMMMx,0.1,J14,-1.0,32,0.9270137263606624,0.2290581911802292
7606,JG075A,230,S075_SNV,7.0,False,J14,10000000.0,EVAGREEN,JG075A_230,STANDARD,,56.270462,147,L-MMMMx,0.1,J14,-1.0,33,0.9309893085836798,0.1758842021226883
7607,JG075A,230,S075_SNV,7.0,False,J14,10000000.0,EVAGREEN,JG075A_230,STANDARD,,56.270462,147,L-MMMMx,0.1,J14,-1.0,34,0.9342115217736573,0.12107869237661362
7608,JG075A,230,S075_SNV,7.0,False,J14,10000000.0,EVAGREEN,JG075A_230,STANDARD,,56.270462,147,L-MMMMx,0.1,J14,-1.0,35,0.9354644945874858,0.06200860068202019
7609,JG075A,230,S075_SNV,7.0,False,J14,10000000.0,EVAGREEN,JG075A_230,STANDARD,,56.270462,147,L-MMMMx,0.1,J14,-1.0,36,0.9376690045272189,0.004999157506972551
7610,JG075A,230,S075_SNV,7.0,False,J14,10000000.0,EVAGREEN,JG075A_230,STANDARD,,56.270462,147,L-MMMMx,0.1,J14,-1.0,37,0.9407449036086314,-0.05012320354580879
7611,JG075A,230,S075_SNV,7.0,False,J14,10000000.0,EVAGREEN,JG075A_230,STANDARD,,56.270462,147,L-MMMMx,0.1,J14,-1.0,38,0.9431218197891565,-0.10675927996635437
7612,JG075A,230,S075_SNV,7.0,False,J14,10000000.0,EVAGREEN,JG075A_230,STANDARD,,56.270462,147,L-MMMMx,0.1,J14,-1.0,39,0.9444751977700365,-0.16561193764209747
7613,JG075A,230,S075_SNV,7.0,False,J14,10000000.0,EVAGREEN,JG075A_230,STANDARD,,56.270462,147,L-MMMMx,0.1,J14,-1.0,40,0.9471460632883107,-0.22161144018173218
7614,JG075A,230,S075_SNV,7.0,False,J14,10000000.0,EVAGREEN,JG075A_230,STANDARD,,56.270462,147,L-MMMMx,0.1,J14,-1.0,41,0.948488652117468,-0.28048744797706604
7615,JG075A,230,S075_SNV,7.0,False,J14,10000000.0,EVAGREEN,JG075A_230,STANDARD,,56.270462,147,L-MMMMx,0.1,J14,-1.0,42,0.9512784184914611,-0.33622947335243225
7616,JG075A,230,S075_SNV,7.0,False,J14,10000000.0,EVAGREEN,JG075A_230,STANDARD,,56.270462,147,L-MMMMx,0.1,J14,-1.0,43,0.953948403262656,-0.3922308683395386
7981,JG075A,248,S075_SNV,6.0,False,K8,1000000.0,EVAGREEN,JG075A_248,STANDARD,,61.09819,156,L-MMMMx,3.1622776601683795,K8,0.5,3,-0.007153751178188441,0.092871755361557
7982,JG075A,248,S075_SNV,6.0,False,K8,1000000.0,EVAGREEN,JG075A_248,STANDARD,,61.09819,156,L-MMMMx,3.1622776601683795,K8,0.5,4,-0.005865493434491539,0.052428778260946274
7983,JG075A,248,S075_SNV,6.0,False,K8,1000000.0,EVAGREEN,JG075A_248,STANDARD,,61.09819,156,L-MMMMx,3.1622776601683795,K8,0.5,5,-0.0032451607798976855,0.014870546758174896
7984,JG075A,248,S075_SNV,6.0,False,K8,1000000.0,EVAGREEN,JG075A_248,STANDARD,,61.09819,156,L-MMMMx,3.1622776601683795,K8,0.5,6,-0.0014678131736726037,-0.024513255804777145
7985,JG075A,248,S075_SNV,6.0,False,K8,1000000.0,EVAGREEN,JG075A_248,STANDARD,,61.09819,156,L-MMMMx,3.1622776601683795,K8,0.5,7,0.00026412091127102084,-0.06399540603160858
7986,JG075A,248,S075_SNV,6.0,False,K8,1000000.0,EVAGREEN,JG075A_248,STANDARD,,61.09819,156,L-MMMMx,3.1622776601683795,K8,0.5,8,0.004073627263129507,-0.09897835552692413
7987,JG075A,248,S075_SNV,6.0,False,K8,1000000.0,EVAGREEN,JG075A_248,STANDARD,,61.09819,156,L-MMMMx,3.1622776601683795,K8,0.5,9,0.006207292109663525,-0.13759051263332367
7988,JG075A,248,S075_SNV,6.0,False,K8,1000000.0,EVAGREEN,JG075A_248,STANDARD,,61.09819,156,L-MMMMx,3.1622776601683795,K8,0.5,10,0.007187178282186218,-0.17870131134986877
7989,JG075A,248,S075_SNV,6.0,False,K8,1000000.0,EVAGREEN,JG075A_248,STANDARD,,61.09819,156,L-MMMMx,3.1622776601683795,K8,0.5,11,0.008228386470111992,-0.21967929601669312
7990,JG075A,248,S075_SNV,6.0,False,K8,1000000.0,EVAGREEN,JG075A_248,STANDARD,,61.09819,156,L-MMMMx,3.1622776601683795,K8,0.5,12,0.012592102921681643,-0.2534620463848114
7991,JG075A,248,S075_SNV,6.0,False,K8,1000000.0,EVAGREEN,JG075A_248,STANDARD,,61.09819,156,L-MMMMx,3.1622776601683795,K8,0.5,13,0.017144959808552008,-0.2868351936340332
7992,JG075A,248,S075_SNV,6.0,False,K8,1000000.0,EVAGREEN,JG075A_248,STANDARD,,61.09819,156,L-MMMMx,3.1622776601683795,K8,0.5,14,0.021293223505823935,-0.32108452916145325
7993,JG075A,248,S075_SNV,6.0,False,K8,1000000.0,EVAGREEN,JG075A_248,STANDARD,,61.09819,156,L-MMMMx,3.1622776601683795,K8,0.5,15,0.030442203979840085,-0.34450429677963257
7994,JG075A,248,S075_SNV,6.0,False,K8,1000000.0,EVAGREEN,JG075A_248,STANDARD,,61.09819,156,L-MMMMx,3.1622776601683795,K8,0.5,16,0.04479887679425898,-0.3566462993621826
7995,JG075A,248,S075_SNV,6.0,False,K8,1000000.0,EVAGREEN,JG075A_248,STANDARD,,61.09819,156,L-MMMMx,3.1622776601683795,K8,0.5,17,0.0687199124240151,-0.34807565808296204
7996,JG075A,248,S075_SNV,6.0,False,K8,1000000.0,EVAGREEN,JG075A_248,STANDARD,,61.09819,156,L-MMMMx,3.1622776601683795,K8,0.5,18,0.10620748064458521,-0.31012529134750366
7997,JG075A,248,S075_SNV,6.0,False,K8,1000000.0,EVAGREEN,JG075A_248,STANDARD,,61.09819,156,L-MMMMx,3.1622776601683795,K8,0.5,19,0.160245002094045,-0.23633429408073425
7998,JG075A,248,S075_SNV,6.0,False,K8,1000000.0,EVAGREEN,JG075A_248,STANDARD,,61.09819,156,L-MMMMx,3.1622776601683795,K8,0.5,20,0.23239167433639113,-0.12332606315612793
7999,JG075A,248,S075_SNV,6.0,False,K8,1000000.0,EVAGREEN,JG075A_248,STANDARD,,61.09819,156,L-MMMMx,3.1622776601683795,K8,0.5,21,0.3122300759631971,0.006339395418763161
8000,JG075A,248,S075_SNV,6.0,False,K8,1000000.0,EVAGREEN,JG075A_248,STANDARD,,61.09819,156,L-MMMMx,3.1622776601683795,K8,0.5,22,0.39401713050317094,0.1402248591184616
8001,JG075A,248,S075_SNV,6.0,False,K8,1000000.0,EVAGREEN,JG075A_248,STANDARD,,61.09819,156,L-MMMMx,3.1622776601683795,K8,0.5,23,0.46643931144129125,0.2538297474384308
8002,JG075A,248,S075_SNV,6.0,False,K8,1000000.0,EVAGREEN,JG075A_248,STANDARD,,61.09819,156,L-MMMMx,3.1622776601683795,K8,0.5,24,0.5278906865716607,0.3436761796474457
8003,JG075A,248,S075_SNV,6.0,False,K8,1000000.0,EVAGREEN,JG075A_248,STANDARD,,61.09819,156,L-MMMMx,3.1622776601683795,K8,0.5,25,0.5762312606781123,0.4051298499107361
8004,JG075A,248,S075_SNV,6.0,False,K8,1000000.0,EVAGREEN,JG075A_248,STANDARD,,61.09819,156,L-MMMMx,3.1622776601683795,K8,0.5,26,0.6111150102518272,0.4374413788318634
8005,JG075A,248,S075_SNV,6.0,False,K8,1000000.0,EVAGREEN,JG075A_248,STANDARD,,61.09819,156,L-MMMMx,3.1622776601683795,K8,0.5,27,0.6367668790326777,0.4497603178024292
8006,JG075A,248,S075_SNV,6.0,False,K8,1000000.0,EVAGREEN,JG075A_248,STANDARD,,61.09819,156,L-MMMMx,3.1622776601683795,K8,0.5,28,0.6549402142689752,0.44588372111320496
8007,JG075A,248,S075_SNV,6.0,False,K8,1000000.0,EVAGREEN,JG075A_248,STANDARD,,61.09819,156,L-MMMMx,3.1622776601683795,K8,0.5,29,0.6702806265243891,0.4358721375465393
8008,JG075A,248,S075_SNV,6.0,False,K8,1000000.0,EVAGREEN,JG075A_248,STANDARD,,61.09819,156,L-MMMMx,3.1622776601683795,K8,0.5,30,0.6798274844915233,0.41331401467323303
8009,JG075A,248,S075_SNV,6.0,False,K8,1000000.0,EVAGREEN,JG075A_248,STANDARD,,61.09819,156,L-MMMMx,3.1622776601683795,K8,0.5,31,0.6849798549060013,0.3812391757965088
8010,JG075A,248,S075_SNV,6.0,False,K8,1000000.0,EVAGREEN,JG075A_248,STANDARD,,61.09819,156,L-MMMMx,3.1622776601683795,K8,0.5,32,0.6911623691232203,0.3513951897621155
8011,JG075A,248,S075_SNV,6.0,False,K8,1000000.0,EVAGREEN,JG075A_248,STANDARD,,61.09819,156,L-MMMMx,3.1622776601683795,K8,0.5,33,0.6952229434393996,0.31695595383644104
8012,JG075A,248,S075_SNV,6.0,False,K8,1000000.0,EVAGREEN,JG075A_248,STANDARD,,61.09819,156,L-MMMMx,3.1622776601683795,K8,0.5,34,0.6983222924118011,0.28043508529663086
8013,JG075A,248,S075_SNV,6.0,False,K8,1000000.0,EVAGREEN,JG075A_248,STANDARD,,61.09819,156,L-MMMMx,3.1622776601683795,K8,0.5,35,0.6993970240354365,0.23952969908714294
8014,JG075A,248,S075_SNV,6.0,False,K8,1000000.0,EVAGREEN,JG075A_248,STANDARD,,61.09819,156,L-MMMMx,3.1622776601683795,K8,0.5,36,0.7022525161602295,0.2024807333946228
8015,JG075A,248,S075_SNV,6.0,False,K8,1000000.0,EVAGREEN,JG075A_248,STANDARD,,61.09819,156,L-MMMMx,3.1622776601683795,K8,0.5,37,0.7077853693130075,0.17122986912727356
8016,JG075A,248,S075_SNV,6.0,False,K8,1000000.0,EVAGREEN,JG075A_248,STANDARD,,61.09819,156,L-MMMMx,3.1622776601683795,K8,0.5,38,0.7115183057156508,0.13608108460903168
8017,JG075A,248,S075_SNV,6.0,False,K8,1000000.0,EVAGREEN,JG075A_248,STANDARD,,61.09819,156,L-MMMMx,3.1622776601683795,K8,0.5,39,0.712610872467644,0.09521432965993881
8018,JG075A,248,S075_SNV,6.0,False,K8,1000000.0,EVAGREEN,JG075A_248,STANDARD,,61.09819,156,L-MMMMx,3.1622776601683795,K8,0.5,40,0.7117732819951366,0.05016760528087616
8019,JG075A,248,S075_SNV,6.0,False,K8,1000000.0,EVAGREEN,JG075A_248,STANDARD,,61.09819,156,L-MMMMx,3.1622776601683795,K8,0.5,41,0.7090901961111356,0.0011242743348702788
8020,JG075A,248,S075_SNV,6.0,False,K8,1000000.0,EVAGREEN,JG075A_248,STANDARD,,61.09819,156,L-MMMMx,3.1622776601683795,K8,0.5,42,0.7136557687839648,-0.032221339643001556
8021,JG075A,248,S075_SNV,6.0,False,K8,1000000.0,EVAGREEN,JG075A_248,STANDARD,,61.09819,156,L-MMMMx,3.1622776601683795,K8,0.5,43,0.7189567652680913,-0.06397431343793869
8022,JG075A,248,S075_SNV,6.0,False,K8,1000000.0,EVAGREEN,JG075A_248,STANDARD,,61.09819,156,L-MMMMx,3.1622776601683795,K8,0.5,44,0.721461499868514,-0.101782888174057
8023,JG075A,248,S075_SNV,6.0,False,K8,1000000.0,EVAGREEN,JG075A_248,STANDARD,,61.09819,156,L-MMMMx,3.1622776601683795,K8,0.5,45,0.7225591309162138,-0.1426386833190918
8024,JG075A,248,S075_SNV,6.0,False,K8,1000000.0,EVAGREEN,JG075A_248,STANDARD,,61.09819,156,L-MMMMx,3.1622776601683795,K8,0.5,46,0.7256527550325992,-0.17917194962501526
8025,JG075A,248,S075_SNV,6.0,False,K8,1000000.0,EVAGREEN,JG075A_248,STANDARD,,61.09819,156,L-MMMMx,3.1622776601683795,K8,0.5,47,0.72740698302799,-0.21860583126544952
8026,JG075A,248,S075_SNV,6.0,False,K8,1000000.0,EVAGREEN,JG075A_248,STANDARD,,61.09819,156,L-MMMMx,3.1622776601683795,K8,0.5,48,0.7255246063325468,-0.2659151256084442
8027,JG075A,248,S075_SNV,6.0,False,K8,1000000.0,EVAGREEN,JG075A_248,STANDARD,,61.09819,156,L-MMMMx,3.1622776601683795,K8,0.5,49,0.7278518703964709,-0.30410805344581604
8028,JG075A,249,S075_SNV,6.0,False,K9,1000000.0,EVAGREEN,JG075A_249,STANDARD,,58.06562,157,L-MMMMx,1.7782794100389228,K9,0.25,3,-0.008878618643987209,0.17611928284168243
8029,JG075A,249,S075_SNV,6.0,False,K9,1000000.0,EVAGREEN,JG075A_249,STANDARD,,58.06562,157,L-MMMMx,1.7782794100389228,K9,0.25,4,-0.0060985955345600135,0.1294780671596527
8030,JG075A,249,S075_SNV,6.0,False,K9,1000000.0,EVAGREEN,JG075A_249,STANDARD,,58.06562,157,L-MMMMx,1.7782794100389228,K9,0.25,5,-0.003076036698143604,0.08336208760738373
8031,JG075A,249,S075_SNV,6.0,False,K9,1000000.0,EVAGREEN,JG075A_249,STANDARD,,58.06562,157,L-MMMMx,1.7782794100389228,K9,0.25,6,-0.0012795878896340789,0.034590836614370346
8032,JG075A,249,S075_SNV,6.0,False,K9,1000000.0,EVAGREEN,JG075A_249,STANDARD,,58.06562,157,L-MMMMx,1.7782794100389228,K9,0.25,7,0.0012225595162430611,-0.012652145698666573
8033,JG075A,249,S075_SNV,6.0,False,K9,1000000.0,EVAGREEN,JG075A_249,STANDARD,,58.06562,157,L-MMMMx,1.7782794100389228,K9,0.25,8,0.0029980905816168846,-0.061468690633773804
8034,JG075A,249,S075_SNV,6.0,False,K9,1000000.0,EVAGREEN,JG075A_249,STANDARD,,58.06562,157,L-MMMMx,1.7782794100389228,K9,0.25,9,0.006082466853668538,-0.10745079815387726
8035,JG075A,249,S075_SNV,6.0,False,K9,1000000.0,EVAGREEN,JG075A_249,STANDARD,,58.06562,157,L-MMMMx,1.7782794100389228,K9,0.25,10,0.009029721814796422,-0.1537298560142517
8036,JG075A,249,S075_SNV,6.0,False,K9,1000000.0,EVAGREEN,JG075A_249,STANDARD,,58.06562,157,L-MMMMx,1.7782794100389228,K9,0.25,11,0.011598530765245495,-0.20082847774028778
8037,JG075A,249,S075_SNV,6.0,False,K9,1000000.0,EVAGREEN,JG075A_249,STANDARD,,58.06562,157,L-MMMMx,1.7782794100389228,K9,0.25,12,0.01525561282567567,-0.2455703318119049
8038,JG075A,249,S075_SNV,6.0,False,K9,1000000.0,EVAGREEN,JG075A_249,STANDARD,,58.06562,157,L-MMMMx,1.7782794100389228,K9,0.25,13,0.017810219729469452,-0.2926997244358063
8039,JG075A,249,S075_SNV,6.0,False,K9,1000000.0,EVAGREEN,JG075A_249,STANDARD,,58.06562,157,L-MMMMx,1.7782794100389228,K9,0.25,14,0.025057557165680484,-0.32966649532318115
8040,JG075A,249,S075_SNV,6.0,False,K9,1000000.0,EVAGREEN,JG075A_249,STANDARD,,58.06562,157,L-MMMMx,1.7782794100389228,K9,0.25,15,0.03497977852871558,-0.3608405590057373
8041,JG075A,249,S075_SNV,6.0,False,K9,1000000.0,EVAGREEN,JG075A_249,STANDARD,,58.06562,157,L-MMMMx,1.7782794100389228,K9,0.25,16,0.05008827906878556,-0.38078317046165466
8042,JG075A,249,S075_SNV,6.0,False,K9,1000000.0,EVAGREEN,JG075A_249,STANDARD,,58.06562,157,L-MMMMx,1.7782794100389228,K9,0.25,17,0.07540260153145678,-0.3786240518093109
8043,JG075A,249,S075_SNV,6.0,False,K9,1000000.0,EVAGREEN,JG075A_249,STANDARD,,58.06562,157,L-MMMMx,1.7782794100389228,K9,0.25,18,0.1167088689015266,-0.34183269739151
8044,JG075A,249,S075_SNV,6.0,False,K9,1000000.0,EVAGREEN,JG075A_249,STANDARD,,58.06562,157,L-MMMMx,1.7782794100389228,K9,0.25,19,0.17733580971888713,-0.26320046186447144
8045,JG075A,249,S075_SNV,6.0,False,K9,1000000.0,EVAGREEN,JG075A_249,STANDARD,,58.06562,157,L-MMMMx,1.7782794100389228,K9,0.25,20,0.25711619213183773,-0.1430894434452057
8046,JG075A,249,S075_SNV,6.0,False,K9,1000000.0,EVAGREEN,JG075A_249,STANDARD,,58.06562,157,L-MMMMx,1.7782794100389228,K9,0.25,21,0.3460435733378758,-0.0031696713995188475
8047,JG075A,249,S075_SNV,6.0,False,K9,1000000.0,EVAGREEN,JG075A_249,STANDARD,,58.06562,157,L-MMMMx,1.7782794100389228,K9,0.25,22,0.43510323174590093,0.13703656196594238
8048,JG075A,249,S075_SNV,6.0,False,K9,1000000.0,EVAGREEN,JG075A_249,STANDARD,,58.06562,157,L-MMMMx,1.7782794100389228,K9,0.25,23,0.5167919178464446,0.2612801790237427
8049,JG075A,249,S075_SNV,6.0,False,K9,1000000.0,EVAGREEN,JG075A_249,STANDARD,,58.06562,157,L-MMMMx,1.7782794100389228,K9,0.25,24,0.5833440295937624,0.3527440130710602
8050,JG075A,249,S075_SNV,6.0,False,K9,1000000.0,EVAGREEN,JG075A_249,STANDARD,,58.06562,157,L-MMMMx,1.7782794100389228,K9,0.25,25,0.6328219784598714,0.4072319567203522
8051,JG075A,249,S075_SNV,6.0,False,K9,1000000.0,EVAGREEN,JG075A_249,STANDARD,,58.06562,157,L-MMMMx,1.7782794100389228,K9,0.25,26,0.6720672976641501,0.4395601153373718
8052,JG075A,249,S075_SNV,6.0,False,K9,1000000.0,EVAGREEN,JG075A_249,STANDARD,,58.06562,157,L-MMMMx,1.7782794100389228,K9,0.25,27,0.7036702643671076,0.4553379416465759
8053,JG075A,249,S075_SNV,6.0,False,K9,1000000.0,EVAGREEN,JG075A_249,STANDARD,,58.06562,157,L-MMMMx,1.7782794100389228,K9,0.25,28,0.7245840441409519,0.4479672610759735
8054,JG075A,249,S075_SNV,6.0,False,K9,1000000.0,EVAGREEN,JG075A_249,STANDARD,,58.06562,157,L-MMMMx,1.7782794100389228,K9,0.25,29,0.7366689950041411,0.421476811170578
8055,JG075A,249,S075_SNV,6.0,False,K9,1000000.0,EVAGREEN,JG075A_249,STANDARD,,58.06562,157,L-MMMMx,1.7782794100389228,K9,0.25,30,0.745717460217721,0.3884105682373047
8056,JG075A,249,S075_SNV,6.0,False,K9,1000000.0,EVAGREEN,JG075A_249,STANDARD,,58.06562,157,L-MMMMx,1.7782794100389228,K9,0.25,31,0.7568652961884308,0.35989072918891907
8057,JG075A,249,S075_SNV,6.0,False,K9,1000000.0,EVAGREEN,JG075A_249,STANDARD,,58.06562,157,L-MMMMx,1.7782794100389228,K9,0.25,32,0.7628199170988554,0.32012441754341125
8058,JG075A,249,S075_SNV,6.0,False,K9,1000000.0,EVAGREEN,JG075A_249,STANDARD,,58.06562,157,L-MMMMx,1.7782794100389228,K9,0.25,33,0.7649146639338186,0.27199918031692505
8059,JG075A,249,S075_SNV,6.0,False,K9,1000000.0,EVAGREEN,JG075A_249,STANDARD,,58.06562,157,L-MMMMx,1.7782794100389228,K9,0.25,34,0.7716718656203446,0.23397094011306763
8060,JG075A,249,S075_SNV,6.0,False,K9,1000000.0,EVAGREEN,JG075A_249,STANDARD,,58.06562,157,L-MMMMx,1.7782794100389228,K9,0.25,35,0.7770155783378219,0.19288165867328644
8061,JG075A,249,S075_SNV,6.0,False,K9,1000000.0,EVAGREEN,JG075A_249,STANDARD,,58.06562,157,L-MMMMx,1.7782794100389228,K9,0.25,36,0.7800929086332383,0.14688429236412048
8062,JG075A,249,S075_SNV,6.0,False,K9,1000000.0,EVAGREEN,JG075A_249,STANDARD,,58.06562,157,L-MMMMx,1.7782794100389228,K9,0.25,37,0.779692609085652,0.09335575997829437
8063,JG075A,249,S075_SNV,6.0,False,K9,1000000.0,EVAGREEN,JG075A_249,STANDARD,,58.06562,157,L-MMMMx,1.7782794100389228,K9,0.25,38,0.7828546011940756,0.04754173755645752
8064,JG075A,249,S075_SNV,6.0,False,K9,1000000.0,EVAGREEN,JG075A_249,STANDARD,,58.06562,157,L-MMMMx,1.7782794100389228,K9,0.25,39,0.7877208389011342,0.005418435670435429
8065,JG075A,249,S075_SNV,6.0,False,K9,1000000.0,EVAGREEN,JG075A_249,STANDARD,,58.06562,157,L-MMMMx,1.7782794100389228,K9,0.25,40,0.7878767311341877,-0.04690560698509216
8066,JG075A,249,S075_SNV,6.0,False,K9,1000000.0,EVAGREEN,JG075A_249,STANDARD,,58.06562,157,L-MMMMx,1.7782794100389228,K9,0.25,41,0.7913044886738196,-0.09214408695697784
8067,JG075A,249,S075_SNV,6.0,False,K9,1000000.0,EVAGREEN,JG075A_249,STANDARD,,58.06562,157,L-MMMMx,1.7782794100389228,K9,0.25,42,0.7950702329051705,-0.13665062189102173
8068,JG075A,249,S075_SNV,6.0,False,K9,1000000.0,EVAGREEN,JG075A_249,STANDARD,,58.06562,157,L-MMMMx,1.7782794100389228,K9,0.25,43,0.7957033799618727,-0.18794111907482147
8069,JG075A,249,S075_SNV,6.0,False,K9,1000000.0,EVAGREEN,JG075A_249,STANDARD,,58.06562,157,L-MMMMx,1.7782794100389228,K9,0.25,44,0.7961932955247879,-0.23954179883003235
8070,JG075A,249,S075_SNV,6.0,False,K9,1000000.0,EVAGREEN,JG075A_249,STANDARD,,58.06562,157,L-MMMMx,1.7782794100389228,K9,0.25,45,0.7994883905355855,-0.2850675582885742
8071,JG075A,249,S075_SNV,6.0,False,K9,1000000.0,EVAGREEN,JG075A_249,STANDARD,,58.06562,157,L-MMMMx,1.7782794100389228,K9,0.25,46,0.7996687235000922,-0.3373386859893799
8072,JG075A,249,S075_SNV,6.0,False,K9,1000000.0,EVAGREEN,JG075A_249,STANDARD,,58.06562,157,L-MMMMx,1.7782794100389228,K9,0.25,47,0.80291956097015,-0.3829602897167206
8073,JG075A,250,S075_SNV,6.0,False,K10,1000000.0,EVAGREEN,JG075A_250,STANDARD,,61.186638,158,L-MMMMx,1.0,K10,0.0,3,-0.009724500524546813,0.1267772763967514
8074,JG075A,250,S075_SNV,6.0,False,K10,1000000.0,EVAGREEN,JG075A_250,STANDARD,,61.186638,158,L-MMMMx,1.0,K10,0.0,4,-0.0077749393409531995,0.07825885713100433
8075,JG075A,250,S075_SNV,6.0,False,K10,1000000.0,EVAGREEN,JG075A_250,STANDARD,,61.186638,158,L-MMMMx,1.0,K10,0.0,5,-0.004294199359826233,0.033056359738111496
8076,JG075A,250,S075_SNV,6.0,False,K10,1000000.0,EVAGREEN,JG075A_250,STANDARD,,61.186638,158,L-MMMMx,1.0,K10,0.0,6,-0.0009554247985597254,-0.012453577481210232
8077,JG075A,250,S075_SNV,6.0,False,K10,1000000.0,EVAGREEN,JG075A_250,STANDARD,,61.186638,158,L-MMMMx,1.0,K10,0.0,7,0.002489837589275242,-0.057732902467250824
8078,JG075A,250,S075_SNV,6.0,False,K10,1000000.0,EVAGREEN,JG075A_250,STANDARD,,61.186638,158,L-MMMMx,1.0,K10,0.0,8,0.004914616868896517,-0.105222187936306
8079,JG075A,250,S075_SNV,6.0,False,K10,1000000.0,EVAGREEN,JG075A_250,STANDARD,,61.186638,158,L-MMMMx,1.0,K10,0.0,9,0.007044043120110933,-0.1533510982990265
8080,JG075A,250,S075_SNV,6.0,False,K10,1000000.0,EVAGREEN,JG075A_250,STANDARD,,61.186638,158,L-MMMMx,1.0,K10,0.0,10,0.008300566445603279,-0.2033703625202179
8081,JG075A,250,S075_SNV,6.0,False,K10,1000000.0,EVAGREEN,JG075A_250,STANDARD,,61.186638,158,L-MMMMx,1.0,K10,0.0,11,0.012117201344135641,-0.24784544110298157
8082,JG075A,250,S075_SNV,6.0,False,K10,1000000.0,EVAGREEN,JG075A_250,STANDARD,,61.186638,158,L-MMMMx,1.0,K10,0.0,12,0.016500872221722904,-0.29109254479408264
8083,JG075A,250,S075_SNV,6.0,False,K10,1000000.0,EVAGREEN,JG075A_250,STANDARD,,61.186638,158,L-MMMMx,1.0,K10,0.0,13,0.02214266277888392,-0.33161506056785583
8084,JG075A,250,S075_SNV,6.0,False,K10,1000000.0,EVAGREEN,JG075A_250,STANDARD,,61.186638,158,L-MMMMx,1.0,K10,0.0,14,0.028966663626713074,-0.3695773780345917
8085,JG075A,250,S075_SNV,6.0,False,K10,1000000.0,EVAGREEN,JG075A_250,STANDARD,,61.186638,158,L-MMMMx,1.0,K10,0.0,15,0.03847829171067134,-0.4017193615436554
8086,JG075A,250,S075_SNV,6.0,False,K10,1000000.0,EVAGREEN,JG075A_250,STANDARD,,61.186638,158,L-MMMMx,1.0,K10,0.0,16,0.05456772431042079,-0.4196164309978485
8087,JG075A,250,S075_SNV,6.0,False,K10,1000000.0,EVAGREEN,JG075A_250,STANDARD,,61.186638,158,L-MMMMx,1.0,K10,0.0,17,0.08074347246343568,-0.4156705439090729
8088,JG075A,250,S075_SNV,6.0,False,K10,1000000.0,EVAGREEN,JG075A_250,STANDARD,,61.186638,158,L-MMMMx,1.0,K10,0.0,18,0.12540758807371022,-0.3716862201690674
8089,JG075A,250,S075_SNV,6.0,False,K10,1000000.0,EVAGREEN,JG075A_250,STANDARD,,61.186638,158,L-MMMMx,1.0,K10,0.0,19,0.189807098912287,-0.28496283292770386
8090,JG075A,250,S075_SNV,6.0,False,K10,1000000.0,EVAGREEN,JG075A_250,STANDARD,,61.186638,158,L-MMMMx,1.0,K10,0.0,20,0.2734297955058036,-0.1566096395254135
8091,JG075A,250,S075_SNV,6.0,False,K10,1000000.0,EVAGREEN,JG075A_250,STANDARD,,61.186638,158,L-MMMMx,1.0,K10,0.0,21,0.3689110909631042,-0.002575448714196682
8092,JG075A,250,S075_SNV,6.0,False,K10,1000000.0,EVAGREEN,JG075A_250,STANDARD,,61.186638,158,L-MMMMx,1.0,K10,0.0,22,0.4655226051100423,0.15390634536743164
8093,JG075A,250,S075_SNV,6.0,False,K10,1000000.0,EVAGREEN,JG075A_250,STANDARD,,61.186638,158,L-MMMMx,1.0,K10,0.0,23,0.5541266420445564,0.29304713010787964
8094,JG075A,250,S075_SNV,6.0,False,K10,1000000.0,EVAGREEN,JG075A_250,STANDARD,,61.186638,158,L-MMMMx,1.0,K10,0.0,24,0.6285523574482297,0.40148329734802246
8095,JG075A,250,S075_SNV,6.0,False,K10,1000000.0,EVAGREEN,JG075A_250,STANDARD,,61.186638,158,L-MMMMx,1.0,K10,0.0,25,0.6875899351141241,0.47659486532211304
8096,JG075A,250,S075_SNV,6.0,False,K10,1000000.0,EVAGREEN,JG075A_250,STANDARD,,61.186638,158,L-MMMMx,1.0,K10,0.0,26,0.730511162347655,0.5168048143386841
8097,JG075A,250,S075_SNV,6.0,False,K10,1000000.0,EVAGREEN,JG075A_250,STANDARD,,61.186638,158,L-MMMMx,1.0,K10,0.0,27,0.760719355957001,0.5294833779335022
8098,JG075A,250,S075_SNV,6.0,False,K10,1000000.0,EVAGREEN,JG075A_250,STANDARD,,61.186638,158,L-MMMMx,1.0,K10,0.0,28,0.7831643145283785,0.5253498554229736
8099,JG075A,250,S075_SNV,6.0,False,K10,1000000.0,EVAGREEN,JG075A_250,STANDARD,,61.186638,158,L-MMMMx,1.0,K10,0.0,29,0.7977236142177515,0.5041391253471375
8100,JG075A,250,S075_SNV,6.0,False,K10,1000000.0,EVAGREEN,JG075A_250,STANDARD,,61.186638,158,L-MMMMx,1.0,K10,0.0,30,0.8090482601646505,0.47592341899871826
8101,JG075A,250,S075_SNV,6.0,False,K10,1000000.0,EVAGREEN,JG075A_250,STANDARD,,61.186638,158,L-MMMMx,1.0,K10,0.0,31,0.8175665156364327,0.44163018465042114
8102,JG075A,250,S075_SNV,6.0,False,K10,1000000.0,EVAGREEN,JG075A_250,STANDARD,,61.186638,158,L-MMMMx,1.0,K10,0.0,32,0.8251147382936431,0.40523624420166016
8103,JG075A,250,S075_SNV,6.0,False,K10,1000000.0,EVAGREEN,JG075A_250,STANDARD,,61.186638,158,L-MMMMx,1.0,K10,0.0,33,0.8313268676314067,0.3659488260746002
8104,JG075A,250,S075_SNV,6.0,False,K10,1000000.0,EVAGREEN,JG075A_250,STANDARD,,61.186638,158,L-MMMMx,1.0,K10,0.0,34,0.8366136620688779,0.32465752959251404
8105,JG075A,250,S075_SNV,6.0,False,K10,1000000.0,EVAGREEN,JG075A_250,STANDARD,,61.186638,158,L-MMMMx,1.0,K10,0.0,35,0.8388885216815779,0.2768435776233673
8106,JG075A,250,S075_SNV,6.0,False,K10,1000000.0,EVAGREEN,JG075A_250,STANDARD,,61.186638,158,L-MMMMx,1.0,K10,0.0,36,0.8403608005181765,0.22729156911373138
8107,JG075A,250,S075_SNV,6.0,False,K10,1000000.0,EVAGREEN,JG075A_250,STANDARD,,61.186638,158,L-MMMMx,1.0,K10,0.0,37,0.8423661515245807,0.17889395356178284
8108,JG075A,250,S075_SNV,6.0,False,K10,1000000.0,EVAGREEN,JG075A_250,STANDARD,,61.186638,158,L-MMMMx,1.0,K10,0.0,38,0.8440748008586128,0.12985381484031677
8109,JG075A,250,S075_SNV,6.0,False,K10,1000000.0,EVAGREEN,JG075A_250,STANDARD,,61.186638,158,L-MMMMx,1.0,K10,0.0,39,0.846225034759578,0.08176997303962708
8110,JG075A,250,S075_SNV,6.0,False,K10,1000000.0,EVAGREEN,JG075A_250,STANDARD,,61.186638,158,L-MMMMx,1.0,K10,0.0,40,0.8497366834585226,0.0366344153881073
8111,JG075A,250,S075_SNV,6.0,False,K10,1000000.0,EVAGREEN,JG075A_250,STANDARD,,61.186638,158,L-MMMMx,1.0,K10,0.0,41,0.8530758158232901,-0.008874746039509773
8112,JG075A,250,S075_SNV,6.0,False,K10,1000000.0,EVAGREEN,JG075A_250,STANDARD,,61.186638,158,L-MMMMx,1.0,K10,0.0,42,0.855953656905223,-0.05538288131356239
8113,JG075A,250,S075_SNV,6.0,False,K10,1000000.0,EVAGREEN,JG075A_250,STANDARD,,61.186638,158,L-MMMMx,1.0,K10,0.0,43,0.8576422692431986,-0.10446641594171524
8114,JG075A,250,S075_SNV,6.0,False,K10,1000000.0,EVAGREEN,JG075A_250,STANDARD,,61.186638,158,L-MMMMx,1.0,K10,0.0,44,0.8603489151115735,-0.15134529769420624
8115,JG075A,250,S075_SNV,6.0,False,K10,1000000.0,EVAGREEN,JG075A_250,STANDARD,,61.186638,158,L-MMMMx,1.0,K10,0.0,45,0.8617112106566324,-0.20113550126552582
8116,JG075A,250,S075_SNV,6.0,False,K10,1000000.0,EVAGREEN,JG075A_250,STANDARD,,61.186638,158,L-MMMMx,1.0,K10,0.0,46,0.8606809567605066,-0.25610700249671936
8117,JG075A,250,S075_SNV,6.0,False,K10,1000000.0,EVAGREEN,JG075A_250,STANDARD,,61.186638,158,L-MMMMx,1.0,K10,0.0,47,0.8615806399021115,-0.3068990409374237
8118,JG075A,250,S075_SNV,6.0,False,K10,1000000.0,EVAGREEN,JG075A_250,STANDARD,,61.186638,158,L-MMMMx,1.0,K10,0.0,48,0.8647376778082135,-0.352802574634552
8119,JG075A,250,S075_SNV,6.0,False,K10,1000000.0,EVAGREEN,JG075A_250,STANDARD,,61.186638,158,L-MMMMx,1.0,K10,0.0,49,0.8690566412988113,-0.39618980884552
8120,JG075A,251,S075_SNV,6.0,False,K11,1000000.0,EVAGREEN,JG075A_251,STANDARD,,17.238203,159,L-MMMMx,0.5623413251903491,K11,-0.25,3,-0.009396735315534453,0.0013548817951232195
8121,JG075A,251,S075_SNV,6.0,False,K11,1000000.0,EVAGREEN,JG075A_251,STANDARD,,17.238203,159,L-MMMMx,0.5623413251903491,K11,-0.25,4,-0.006783118357421009,0.0007406964432448149
8122,JG075A,251,S075_SNV,6.0,False,K11,1000000.0,EVAGREEN,JG075A_251,STANDARD,,17.238203,159,L-MMMMx,0.5623413251903491,K11,-0.25,5,-0.004717394891058674,-0.0010600087698549032
8123,JG075A,251,S075_SNV,6.0,False,K11,1000000.0,EVAGREEN,JG075A_251,STANDARD,,17.238203,159,L-MMMMx,0.5623413251903491,K11,-0.25,6,-0.0013642531430594867,-7.267703040270135e-05
8124,JG075A,251,S075_SNV,6.0,False,K11,1000000.0,EVAGREEN,JG075A_251,STANDARD,,17.238203,159,L-MMMMx,0.5623413251903491,K11,-0.25,7,0.0007611822229514074,-0.001744069973938167
8125,JG075A,251,S075_SNV,6.0,False,K11,1000000.0,EVAGREEN,JG075A_251,STANDARD,,17.238203,159,L-MMMMx,0.5623413251903491,K11,-0.25,8,0.004805077391314675,0.0007391595281660557
8126,JG075A,251,S075_SNV,6.0,False,K11,1000000.0,EVAGREEN,JG075A_251,STANDARD,,17.238203,159,L-MMMMx,0.5623413251903491,K11,-0.25,9,0.007211608692384674,-0.00032349120010621846
8127,JG075A,251,S075_SNV,6.0,False,K11,1000000.0,EVAGREEN,JG075A_251,STANDARD,,17.238203,159,L-MMMMx,0.5623413251903491,K11,-0.25,10,0.009483633400422867,-0.0016774298856034875
8128,JG075A,251,S075_SNV,6.0,False,K11,1000000.0,EVAGREEN,JG075A_251,STANDARD,,17.238203,159,L-MMMMx,0.5623413251903491,K11,-0.25,11,0.013074934663360507,-0.00017433907487429678
8129,JG075A,251,S075_SNV,6.0,False,K11,1000000.0,EVAGREEN,JG075A_251,STANDARD,,17.238203,159,L-MMMMx,0.5623413251903491,K11,-0.25,12,0.017076526448566443,0.002217278117313981
8130,JG075A,251,S075_SNV,6.0,False,K11,1000000.0,EVAGREEN,JG075A_251,STANDARD,,17.238203,159,L-MMMMx,0.5623413251903491,K11,-0.25,13,0.021773633193034454,0.006115104537457228
8131,JG075A,251,S075_SNV,6.0,False,K11,1000000.0,EVAGREEN,JG075A_251,STANDARD,,17.238203,159,L-MMMMx,0.5623413251903491,K11,-0.25,14,0.029721522360867867,0.01705283671617508
8132,JG075A,251,S075_SNV,6.0,False,K11,1000000.0,EVAGREEN,JG075A_251,STANDARD,,17.238203,159,L-MMMMx,0.5623413251903491,K11,-0.25,15,0.04109028823177542,0.035398829728364944
8133,JG075A,251,S075_SNV,6.0,False,K11,1000000.0,EVAGREEN,JG075A_251,STANDARD,,17.238203,159,L-MMMMx,0.5623413251903491,K11,-0.25,16,0.0609015378022908,0.07202789187431335
8134,JG075A,251,S075_SNV,6.0,False,K11,1000000.0,EVAGREEN,JG075A_251,STANDARD,,17.238203,159,L-MMMMx,0.5623413251903491,K11,-0.25,17,0.09239069546858242,0.13394667208194733
8135,JG075A,251,S075_SNV,6.0,False,K11,1000000.0,EVAGREEN,JG075A_251,STANDARD,,17.238203,159,L-MMMMx,0.5623413251903491,K11,-0.25,18,0.1417398625976757,0.23454312980175018
8136,JG075A,251,S075_SNV,6.0,False,K11,1000000.0,EVAGREEN,JG075A_251,STANDARD,,17.238203,159,L-MMMMx,0.5623413251903491,K11,-0.25,19,0.21330292980653578,0.3832460939884186
8137,JG075A,251,S075_SNV,6.0,False,K11,1000000.0,EVAGREEN,JG075A_251,STANDARD,,17.238203,159,L-MMMMx,0.5623413251903491,K11,-0.25,20,0.3026303078033517,0.5704194903373718
8138,JG075A,251,S075_SNV,6.0,False,K11,1000000.0,EVAGREEN,JG075A_251,STANDARD,,17.238203,159,L-MMMMx,0.5623413251903491,K11,-0.25,21,0.40149730512724296,0.7782519459724426
8139,JG075A,251,S075_SNV,6.0,False,K11,1000000.0,EVAGREEN,JG075A_251,STANDARD,,17.238203,159,L-MMMMx,0.5623413251903491,K11,-0.25,22,0.498482641362693,0.9820094704627991
8140,JG075A,251,S075_SNV,6.0,False,K11,1000000.0,EVAGREEN,JG075A_251,STANDARD,,17.238203,159,L-MMMMx,0.5623413251903491,K11,-0.25,23,0.5840654405814097,1.1610735654830933
8141,JG075A,251,S075_SNV,6.0,False,K11,1000000.0,EVAGREEN,JG075A_251,STANDARD,,17.238203,159,L-MMMMx,0.5623413251903491,K11,-0.25,24,0.6560350276141045,1.3106569051742554
8142,JG075A,251,S075_SNV,6.0,False,K11,1000000.0,EVAGREEN,JG075A_251,STANDARD,,17.238203,159,L-MMMMx,0.5623413251903491,K11,-0.25,25,0.7096862864225558,1.4205700159072876
8143,JG075A,251,S075_SNV,6.0,False,K11,1000000.0,EVAGREEN,JG075A_251,STANDARD,,17.238203,159,L-MMMMx,0.5623413251903491,K11,-0.25,26,0.7491107275641069,1.4996734857559204
8144,JG075A,251,S075_SNV,6.0,False,K11,1000000.0,EVAGREEN,JG075A_251,STANDARD,,17.238203,159,L-MMMMx,0.5623413251903491,K11,-0.25,27,0.7778229722590955,1.5555784702301025
8145,JG075A,251,S075_SNV,6.0,False,K11,1000000.0,EVAGREEN,JG075A_251,STANDARD,,17.238203,159,L-MMMMx,0.5623413251903491,K11,-0.25,28,0.7963018166385591,1.5893220901489258
8146,JG075A,251,S075_SNV,6.0,False,K11,1000000.0,EVAGREEN,JG075A_251,STANDARD,,17.238203,159,L-MMMMx,0.5623413251903491,K11,-0.25,29,0.8100544620965884,1.612830638885498
8147,JG075A,251,S075_SNV,6.0,False,K11,1000000.0,EVAGREEN,JG075A_251,STANDARD,,17.238203,159,L-MMMMx,0.5623413251903491,K11,-0.25,30,0.8217697193732004,1.6319270133972168
8148,JG075A,251,S075_SNV,6.0,False,K11,1000000.0,EVAGREEN,JG075A_251,STANDARD,,17.238203,159,L-MMMMx,0.5623413251903491,K11,-0.25,31,0.8304100684088642,1.644364356994629
8149,JG075A,251,S075_SNV,6.0,False,K11,1000000.0,EVAGREEN,JG075A_251,STANDARD,,17.238203,159,L-MMMMx,0.5623413251903491,K11,-0.25,32,0.8374116774099232,1.6532528400421143
8150,JG075A,251,S075_SNV,6.0,False,K11,1000000.0,EVAGREEN,JG075A_251,STANDARD,,17.238203,159,L-MMMMx,0.5623413251903491,K11,-0.25,33,0.8407305525918646,1.6541659832000732
8151,JG075A,251,S075_SNV,6.0,False,K11,1000000.0,EVAGREEN,JG075A_251,STANDARD,,17.238203,159,L-MMMMx,0.5623413251903491,K11,-0.25,34,0.8448907614214008,1.6569010019302368
8152,JG075A,251,S075_SNV,6.0,False,K11,1000000.0,EVAGREEN,JG075A_251,STANDARD,,17.238203,159,L-MMMMx,0.5623413251903491,K11,-0.25,35,0.8486235877306593,1.6587105989456177
8153,JG075A,251,S075_SNV,6.0,False,K11,1000000.0,EVAGREEN,JG075A_251,STANDARD,,17.238203,159,L-MMMMx,0.5623413251903491,K11,-0.25,36,0.8522258432853969,1.660237431526184
8154,JG075A,251,S075_SNV,6.0,False,K11,1000000.0,EVAGREEN,JG075A_251,STANDARD,,17.238203,159,L-MMMMx,0.5623413251903491,K11,-0.25,37,0.8542337264396543,1.6583114862442017
8155,JG075A,251,S075_SNV,6.0,False,K11,1000000.0,EVAGREEN,JG075A_251,STANDARD,,17.238203,159,L-MMMMx,0.5623413251903491,K11,-0.25,38,0.856620330838053,1.6572057008743286
8156,JG075A,251,S075_SNV,6.0,False,K11,1000000.0,EVAGREEN,JG075A_251,STANDARD,,17.238203,159,L-MMMMx,0.5623413251903491,K11,-0.25,39,0.8591501667302387,1.6564100980758667
8157,JG075A,251,S075_SNV,6.0,False,K11,1000000.0,EVAGREEN,JG075A_251,STANDARD,,17.238203,159,L-MMMMx,0.5623413251903491,K11,-0.25,40,0.860791108632542,1.6536893844604492
8158,JG075A,251,S075_SNV,6.0,False,K11,1000000.0,EVAGREEN,JG075A_251,STANDARD,,17.238203,159,L-MMMMx,0.5623413251903491,K11,-0.25,41,0.862041989672057,1.6501240730285645
8159,JG075A,251,S075_SNV,6.0,False,K11,1000000.0,EVAGREEN,JG075A_251,STANDARD,,17.238203,159,L-MMMMx,0.5623413251903491,K11,-0.25,42,0.8645631281868337,1.6493096351623535
8160,JG075A,251,S075_SNV,6.0,False,K11,1000000.0,EVAGREEN,JG075A_251,STANDARD,,17.238203,159,L-MMMMx,0.5623413251903491,K11,-0.25,43,0.8667199676908943,1.6477062702178955
8161,JG075A,251,S075_SNV,6.0,False,K11,1000000.0,EVAGREEN,JG075A_251,STANDARD,,17.238203,159,L-MMMMx,0.5623413251903491,K11,-0.25,44,0.8684749663399797,1.6452326774597168
8162,JG075A,251,S075_SNV,6.0,False,K11,1000000.0,EVAGREEN,JG075A_251,STANDARD,,17.238203,159,L-MMMMx,0.5623413251903491,K11,-0.25,45,0.8697527101654162,1.6417255401611328
8163,JG075A,251,S075_SNV,6.0,False,K11,1000000.0,EVAGREEN,JG075A_251,STANDARD,,17.238203,159,L-MMMMx,0.5623413251903491,K11,-0.25,46,0.8723221796761749,1.641015648841858
8164,JG075A,251,S075_SNV,6.0,False,K11,1000000.0,EVAGREEN,JG075A_251,STANDARD,,17.238203,159,L-MMMMx,0.5623413251903491,K11,-0.25,47,0.8742125931887177,1.6388353109359741
8165,JG075A,251,S075_SNV,6.0,False,K11,1000000.0,EVAGREEN,JG075A_251,STANDARD,,17.238203,159,L-MMMMx,0.5623413251903491,K11,-0.25,48,0.8774089344332379,1.639483094215393
8166,JG075A,252,S075_SNV,6.0,False,K12,1000000.0,EVAGREEN,JG075A_252,STANDARD,,60.625034,160,L-MMMMx,0.3162277660168379,K12,-0.5000000000000001,3,-0.009292310019724193,0.14025942981243134
8167,JG075A,252,S075_SNV,6.0,False,K12,1000000.0,EVAGREEN,JG075A_252,STANDARD,,60.625034,160,L-MMMMx,0.3162277660168379,K12,-0.5000000000000001,4,-0.007213017543669883,0.08811697363853455
8168,JG075A,252,S075_SNV,6.0,False,K12,1000000.0,EVAGREEN,JG075A_252,STANDARD,,60.625034,160,L-MMMMx,0.3162277660168379,K12,-0.5000000000000001,5,-0.0044703436150784065,0.03741114214062691
8169,JG075A,252,S075_SNV,6.0,False,K12,1000000.0,EVAGREEN,JG075A_252,STANDARD,,60.625034,160,L-MMMMx,0.3162277660168379,K12,-0.5000000000000001,6,-0.0018209325451913046,-0.013496657833456993
8170,JG075A,252,S075_SNV,6.0,False,K12,1000000.0,EVAGREEN,JG075A_252,STANDARD,,60.625034,160,L-MMMMx,0.3162277660168379,K12,-0.5000000000000001,7,0.0016732663522427116,-0.06257498264312744
8171,JG075A,252,S075_SNV,6.0,False,K12,1000000.0,EVAGREEN,JG075A_252,STANDARD,,60.625034,160,L-MMMMx,0.3162277660168379,K12,-0.5000000000000001,8,0.004511996759181028,-0.11307279020547867
8172,JG075A,252,S075_SNV,6.0,False,K12,1000000.0,EVAGREEN,JG075A_252,STANDARD,,60.625034,160,L-MMMMx,0.3162277660168379,K12,-0.5000000000000001,9,0.006958918570845293,-0.16441909968852997
8173,JG075A,252,S075_SNV,6.0,False,K12,1000000.0,EVAGREEN,JG075A_252,STANDARD,,60.625034,160,L-MMMMx,0.3162277660168379,K12,-0.5000000000000001,10,0.009652422041394755,-0.21523141860961914
8174,JG075A,252,S075_SNV,6.0,False,K12,1000000.0,EVAGREEN,JG075A_252,STANDARD,,60.625034,160,L-MMMMx,0.3162277660168379,K12,-0.5000000000000001,11,0.013416005690066506,-0.2637263536453247
8175,JG075A,252,S075_SNV,6.0,False,K12,1000000.0,EVAGREEN,JG075A_252,STANDARD,,60.625034,160,L-MMMMx,0.3162277660168379,K12,-0.5000000000000001,12,0.01689931910406609,-0.31282827258110046
8176,JG075A,252,S075_SNV,6.0,False,K12,1000000.0,EVAGREEN,JG075A_252,STANDARD,,60.625034,160,L-MMMMx,0.3162277660168379,K12,-0.5000000000000001,13,0.021305793074005888,-0.35993096232414246
8177,JG075A,252,S075_SNV,6.0,False,K12,1000000.0,EVAGREEN,JG075A_252,STANDARD,,60.625034,160,L-MMMMx,0.3162277660168379,K12,-0.5000000000000001,14,0.02969459248678979,-0.39840951561927795
8178,JG075A,252,S075_SNV,6.0,False,K12,1000000.0,EVAGREEN,JG075A_252,STANDARD,,60.625034,160,L-MMMMx,0.3162277660168379,K12,-0.5000000000000001,15,0.04123809032124603,-0.43005627393722534
8179,JG075A,252,S075_SNV,6.0,False,K12,1000000.0,EVAGREEN,JG075A_252,STANDARD,,60.625034,160,L-MMMMx,0.3162277660168379,K12,-0.5000000000000001,16,0.061842328781701233,-0.4420810341835022
8180,JG075A,252,S075_SNV,6.0,False,K12,1000000.0,EVAGREEN,JG075A_252,STANDARD,,60.625034,160,L-MMMMx,0.3162277660168379,K12,-0.5000000000000001,17,0.09605938033965819,-0.42462584376335144
8181,JG075A,252,S075_SNV,6.0,False,K12,1000000.0,EVAGREEN,JG075A_252,STANDARD,,60.625034,160,L-MMMMx,0.3162277660168379,K12,-0.5000000000000001,18,0.1474734865197462,-0.3699286878108978
8182,JG075A,252,S075_SNV,6.0,False,K12,1000000.0,EVAGREEN,JG075A_252,STANDARD,,60.625034,160,L-MMMMx,0.3162277660168379,K12,-0.5000000000000001,19,0.22082312165581883,-0.2677278518676758
8183,JG075A,252,S075_SNV,6.0,False,K12,1000000.0,EVAGREEN,JG075A_252,STANDARD,,60.625034,160,L-MMMMx,0.3162277660168379,K12,-0.5000000000000001,20,0.31423174400183373,-0.12208721786737442
8184,JG075A,252,S075_SNV,6.0,False,K12,1000000.0,EVAGREEN,JG075A_252,STANDARD,,60.625034,160,L-MMMMx,0.3162277660168379,K12,-0.5000000000000001,21,0.4166343903825832,0.04303089901804924
8185,JG075A,252,S075_SNV,6.0,False,K12,1000000.0,EVAGREEN,JG075A_252,STANDARD,,60.625034,160,L-MMMMx,0.3162277660168379,K12,-0.5000000000000001,22,0.5174841145222766,0.2047860026359558
8186,JG075A,252,S075_SNV,6.0,False,K12,1000000.0,EVAGREEN,JG075A_252,STANDARD,,60.625034,160,L-MMMMx,0.3162277660168379,K12,-0.5000000000000001,23,0.6081849900660674,0.34456273913383484
8187,JG075A,252,S075_SNV,6.0,False,K12,1000000.0,EVAGREEN,JG075A_252,STANDARD,,60.625034,160,L-MMMMx,0.3162277660168379,K12,-0.5000000000000001,24,0.6823783533808571,0.4485907256603241
8188,JG075A,252,S075_SNV,6.0,False,K12,1000000.0,EVAGREEN,JG075A_252,STANDARD,,60.625034,160,L-MMMMx,0.3162277660168379,K12,-0.5000000000000001,25,0.737852373316815,0.5120800733566284
8189,JG075A,252,S075_SNV,6.0,False,K12,1000000.0,EVAGREEN,JG075A_252,STANDARD,,60.625034,160,L-MMMMx,0.3162277660168379,K12,-0.5000000000000001,26,0.7807286274026041,0.5482876300811768
8190,JG075A,252,S075_SNV,6.0,False,K12,1000000.0,EVAGREEN,JG075A_252,STANDARD,,60.625034,160,L-MMMMx,0.3162277660168379,K12,-0.5000000000000001,27,0.8115577477029257,0.5584059357643127
8191,JG075A,252,S075_SNV,6.0,False,K12,1000000.0,EVAGREEN,JG075A_252,STANDARD,,60.625034,160,L-MMMMx,0.3162277660168379,K12,-0.5000000000000001,28,0.8325670885348845,0.5472584366798401
8192,JG075A,252,S075_SNV,6.0,False,K12,1000000.0,EVAGREEN,JG075A_252,STANDARD,,60.625034,160,L-MMMMx,0.3162277660168379,K12,-0.5000000000000001,29,0.8483168279954487,0.5247207283973694
8193,JG075A,252,S075_SNV,6.0,False,K12,1000000.0,EVAGREEN,JG075A_252,STANDARD,,60.625034,160,L-MMMMx,0.3162277660168379,K12,-0.5000000000000001,30,0.8579991008260403,0.48904332518577576
8194,JG075A,252,S075_SNV,6.0,False,K12,1000000.0,EVAGREEN,JG075A_252,STANDARD,,60.625034,160,L-MMMMx,0.3162277660168379,K12,-0.5000000000000001,31,0.8651875383013166,0.44796526432037354
8195,JG075A,252,S075_SNV,6.0,False,K12,1000000.0,EVAGREEN,JG075A_252,STANDARD,,60.625034,160,L-MMMMx,0.3162277660168379,K12,-0.5000000000000001,32,0.8704328275326711,0.40267911553382874
8196,JG075A,252,S075_SNV,6.0,False,K12,1000000.0,EVAGREEN,JG075A_252,STANDARD,,60.625034,160,L-MMMMx,0.3162277660168379,K12,-0.5000000000000001,33,0.8755527203985964,0.35712137818336487
8197,JG075A,252,S075_SNV,6.0,False,K12,1000000.0,EVAGREEN,JG075A_252,STANDARD,,60.625034,160,L-MMMMx,0.3162277660168379,K12,-0.5000000000000001,34,0.8796387262866934,0.3093246817588806
8198,JG075A,252,S075_SNV,6.0,False,K12,1000000.0,EVAGREEN,JG075A_252,STANDARD,,60.625034,160,L-MMMMx,0.3162277660168379,K12,-0.5000000000000001,35,0.8831559897482691,0.2602963149547577
8199,JG075A,252,S075_SNV,6.0,False,K12,1000000.0,EVAGREEN,JG075A_252,STANDARD,,60.625034,160,L-MMMMx,0.3162277660168379,K12,-0.5000000000000001,36,0.8870416256758031,0.2120656818151474
8200,JG075A,252,S075_SNV,6.0,False,K12,1000000.0,EVAGREEN,JG075A_252,STANDARD,,60.625034,160,L-MMMMx,0.3162277660168379,K12,-0.5000000000000001,37,0.8897383631395347,0.16126036643981934
8201,JG075A,252,S075_SNV,6.0,False,K12,1000000.0,EVAGREEN,JG075A_252,STANDARD,,60.625034,160,L-MMMMx,0.3162277660168379,K12,-0.5000000000000001,38,0.8917020988464374,0.10886766761541367
8202,JG075A,252,S075_SNV,6.0,False,K12,1000000.0,EVAGREEN,JG075A_252,STANDARD,,60.625034,160,L-MMMMx,0.3162277660168379,K12,-0.5000000000000001,39,0.8936417241020416,0.05642275512218475
8203,JG075A,252,S075_SNV,6.0,False,K12,1000000.0,EVAGREEN,JG075A_252,STANDARD,,60.625034,160,L-MMMMx,0.3162277660168379,K12,-0.5000000000000001,40,0.8939778392062168,0.0005052731139585376
8204,JG075A,252,S075_SNV,6.0,False,K12,1000000.0,EVAGREEN,JG075A_252,STANDARD,,60.625034,160,L-MMMMx,0.3162277660168379,K12,-0.5000000000000001,41,0.8973438343569059,-0.048850689083337784
8205,JG075A,252,S075_SNV,6.0,False,K12,1000000.0,EVAGREEN,JG075A_252,STANDARD,,60.625034,160,L-MMMMx,0.3162277660168379,K12,-0.5000000000000001,42,0.9010757799190849,-0.09741415083408356
8206,JG075A,252,S075_SNV,6.0,False,K12,1000000.0,EVAGREEN,JG075A_252,STANDARD,,60.625034,160,L-MMMMx,0.3162277660168379,K12,-0.5000000000000001,43,0.901232332712448,-0.15372049808502197
8207,JG075A,252,S075_SNV,6.0,False,K12,1000000.0,EVAGREEN,JG075A_252,STANDARD,,60.625034,160,L-MMMMx,0.3162277660168379,K12,-0.5000000000000001,44,0.9026775285763551,-0.2072361409664154
8208,JG075A,252,S075_SNV,6.0,False,K12,1000000.0,EVAGREEN,JG075A_252,STANDARD,,60.625034,160,L-MMMMx,0.3162277660168379,K12,-0.5000000000000001,45,0.9038109399741553,-0.26142698526382446
8209,JG075A,252,S075_SNV,6.0,False,K12,1000000.0,EVAGREEN,JG075A_252,STANDARD,,60.625034,160,L-MMMMx,0.3162277660168379,K12,-0.5000000000000001,46,0.9059529168712511,-0.3134337067604065
8210,JG075A,252,S075_SNV,6.0,False,K12,1000000.0,EVAGREEN,JG075A_252,STANDARD,,60.625034,160,L-MMMMx,0.3162277660168379,K12,-0.5000000000000001,47,0.9084787894015796,-0.364609032869339
8211,JG075A,252,S075_SNV,6.0,False,K12,1000000.0,EVAGREEN,JG075A_252,STANDARD,,60.625034,160,L-MMMMx,0.3162277660168379,K12,-0.5000000000000001,48,0.9113328503123687,-0.4150736331939697
8212,JG075A,253,S075_SNV,6.0,False,K13,1000000.0,EVAGREEN,JG075A_253,STANDARD,,60.053177,161,L-MMMMx,0.1778279410038923,K13,-0.75,3,-0.009834903547116658,0.13498379290103912
8213,JG075A,253,S075_SNV,6.0,False,K13,1000000.0,EVAGREEN,JG075A_253,STANDARD,,60.053177,161,L-MMMMx,0.1778279410038923,K13,-0.75,4,-0.006671108659514918,0.08592075854539871
8214,JG075A,253,S075_SNV,6.0,False,K13,1000000.0,EVAGREEN,JG075A_253,STANDARD,,60.053177,161,L-MMMMx,0.1778279410038923,K13,-0.75,5,-0.004351441039150542,0.035029683262109756
8215,JG075A,253,S075_SNV,6.0,False,K13,1000000.0,EVAGREEN,JG075A_253,STANDARD,,60.053177,161,L-MMMMx,0.1778279410038923,K13,-0.75,6,-0.001773453052733369,-0.015301978215575218
8216,JG075A,253,S075_SNV,6.0,False,K13,1000000.0,EVAGREEN,JG075A_253,STANDARD,,60.053177,161,L-MMMMx,0.1778279410038923,K13,-0.75,7,0.0016045973236050416,-0.06390102207660675
8217,JG075A,253,S075_SNV,6.0,False,K13,1000000.0,EVAGREEN,JG075A_253,STANDARD,,60.053177,161,L-MMMMx,0.1778279410038923,K13,-0.75,8,0.004902857519219243,-0.11267285794019699
8218,JG075A,253,S075_SNV,6.0,False,K13,1000000.0,EVAGREEN,JG075A_253,STANDARD,,60.053177,161,L-MMMMx,0.1778279410038923,K13,-0.75,9,0.006775201954961264,-0.16453266143798828
8219,JG075A,253,S075_SNV,6.0,False,K13,1000000.0,EVAGREEN,JG075A_253,STANDARD,,60.053177,161,L-MMMMx,0.1778279410038923,K13,-0.75,10,0.00934824950072994,-0.2148750275373459
8220,JG075A,253,S075_SNV,6.0,False,K13,1000000.0,EVAGREEN,JG075A_253,STANDARD,,60.053177,161,L-MMMMx,0.1778279410038923,K13,-0.75,11,0.012483144874788936,-0.26400065422058105
8221,JG075A,253,S075_SNV,6.0,False,K13,1000000.0,EVAGREEN,JG075A_253,STANDARD,,60.053177,161,L-MMMMx,0.1778279410038923,K13,-0.75,12,0.016953706956428054,-0.3102337419986725
8222,JG075A,253,S075_SNV,6.0,False,K13,1000000.0,EVAGREEN,JG075A_253,STANDARD,,60.053177,161,L-MMMMx,0.1778279410038923,K13,-0.75,13,0.02313916617169369,-0.35275304317474365
8223,JG075A,253,S075_SNV,6.0,False,K13,1000000.0,EVAGREEN,JG075A_253,STANDARD,,60.053177,161,L-MMMMx,0.1778279410038923,K13,-0.75,14,0.029496563730865545,-0.39489999413490295
8224,JG075A,253,S075_SNV,6.0,False,K13,1000000.0,EVAGREEN,JG075A_253,STANDARD,,60.053177,161,L-MMMMx,0.1778279410038923,K13,-0.75,15,0.04141714517036215,-0.42499932646751404
8225,JG075A,253,S075_SNV,6.0,False,K13,1000000.0,EVAGREEN,JG075A_253,STANDARD,,60.053177,161,L-MMMMx,0.1778279410038923,K13,-0.75,16,0.06221030387934822,-0.43588414788246155
8226,JG075A,253,S075_SNV,6.0,False,K13,1000000.0,EVAGREEN,JG075A_253,STANDARD,,60.053177,161,L-MMMMx,0.1778279410038923,K13,-0.75,17,0.09416361525648256,-0.42260050773620605
8227,JG075A,253,S075_SNV,6.0,False,K13,1000000.0,EVAGREEN,JG075A_253,STANDARD,,60.053177,161,L-MMMMx,0.1778279410038923,K13,-0.75,18,0.14657368124329231,-0.3650156855583191
8228,JG075A,253,S075_SNV,6.0,False,K13,1000000.0,EVAGREEN,JG075A_253,STANDARD,,60.053177,161,L-MMMMx,0.1778279410038923,K13,-0.75,19,0.22034901997552267,-0.261162132024765
8229,JG075A,253,S075_SNV,6.0,False,K13,1000000.0,EVAGREEN,JG075A_253,STANDARD,,60.053177,161,L-MMMMx,0.1778279410038923,K13,-0.75,20,0.3146373985604712,-0.1128854751586914
8230,JG075A,253,S075_SNV,6.0,False,K13,1000000.0,EVAGREEN,JG075A_253,STANDARD,,60.053177,161,L-MMMMx,0.1778279410038923,K13,-0.75,21,0.4158144303335459,0.050309259444475174
8231,JG075A,253,S075_SNV,6.0,False,K13,1000000.0,EVAGREEN,JG075A_253,STANDARD,,60.053177,161,L-MMMMx,0.1778279410038923,K13,-0.75,22,0.5145466733542894,0.2082095593214035
8232,JG075A,253,S075_SNV,6.0,False,K13,1000000.0,EVAGREEN,JG075A_253,STANDARD,,60.053177,161,L-MMMMx,0.1778279410038923,K13,-0.75,23,0.6035417069453637,0.34502291679382324
8233,JG075A,253,S075_SNV,6.0,False,K13,1000000.0,EVAGREEN,JG075A_253,STANDARD,,60.053177,161,L-MMMMx,0.1778279410038923,K13,-0.75,24,0.6779218436876782,0.45018622279167175
8234,JG075A,253,S075_SNV,6.0,False,K13,1000000.0,EVAGREEN,JG075A_253,STANDARD,,60.053177,161,L-MMMMx,0.1778279410038923,K13,-0.75,25,0.7336875560469941,0.5150380730628967
8235,JG075A,253,S075_SNV,6.0,False,K13,1000000.0,EVAGREEN,JG075A_253,STANDARD,,60.053177,161,L-MMMMx,0.1778279410038923,K13,-0.75,26,0.7736009769576885,0.5455601215362549
8236,JG075A,253,S075_SNV,6.0,False,K13,1000000.0,EVAGREEN,JG075A_253,STANDARD,,60.053177,161,L-MMMMx,0.1778279410038923,K13,-0.75,27,0.8014475573670138,0.5499502420425415
8237,JG075A,253,S075_SNV,6.0,False,K13,1000000.0,EVAGREEN,JG075A_253,STANDARD,,60.053177,161,L-MMMMx,0.1778279410038923,K13,-0.75,28,0.8209654631133971,0.536303699016571
8238,JG075A,253,S075_SNV,6.0,False,K13,1000000.0,EVAGREEN,JG075A_253,STANDARD,,60.053177,161,L-MMMMx,0.1778279410038923,K13,-0.75,29,0.8358928049885734,0.5127158164978027
8239,JG075A,253,S075_SNV,6.0,False,K13,1000000.0,EVAGREEN,JG075A_253,STANDARD,,60.053177,161,L-MMMMx,0.1778279410038923,K13,-0.75,30,0.8458510819351714,0.4783669412136078
8240,JG075A,253,S075_SNV,6.0,False,K13,1000000.0,EVAGREEN,JG075A_253,STANDARD,,60.053177,161,L-MMMMx,0.1778279410038923,K13,-0.75,31,0.8542684918663627,0.4406811594963074
8241,JG075A,253,S075_SNV,6.0,False,K13,1000000.0,EVAGREEN,JG075A_253,STANDARD,,60.053177,161,L-MMMMx,0.1778279410038923,K13,-0.75,32,0.8607902038025347,0.39889004826545715
8242,JG075A,253,S075_SNV,6.0,False,K13,1000000.0,EVAGREEN,JG075A_253,STANDARD,,60.053177,161,L-MMMMx,0.1778279410038923,K13,-0.75,33,0.8647164641891059,0.3514781892299652
8243,JG075A,253,S075_SNV,6.0,False,K13,1000000.0,EVAGREEN,JG075A_253,STANDARD,,60.053177,161,L-MMMMx,0.1778279410038923,K13,-0.75,34,0.8689568210028673,0.3047465682029724
8244,JG075A,253,S075_SNV,6.0,False,K13,1000000.0,EVAGREEN,JG075A_253,STANDARD,,60.053177,161,L-MMMMx,0.1778279410038923,K13,-0.75,35,0.872902898198725,0.25737765431404114
8245,JG075A,253,S075_SNV,6.0,False,K13,1000000.0,EVAGREEN,JG075A_253,STANDARD,,60.053177,161,L-MMMMx,0.1778279410038923,K13,-0.75,36,0.8771420439852523,0.21064339578151703
8246,JG075A,253,S075_SNV,6.0,False,K13,1000000.0,EVAGREEN,JG075A_253,STANDARD,,60.053177,161,L-MMMMx,0.1778279410038923,K13,-0.75,37,0.8787655911327374,0.158244788646698
8247,JG075A,253,S075_SNV,6.0,False,K13,1000000.0,EVAGREEN,JG075A_253,STANDARD,,60.053177,161,L-MMMMx,0.1778279410038923,K13,-0.75,38,0.8795559515431123,0.10404184460639954
8248,JG075A,253,S075_SNV,6.0,False,K13,1000000.0,EVAGREEN,JG075A_253,STANDARD,,60.053177,161,L-MMMMx,0.1778279410038923,K13,-0.75,39,0.8808749803878956,0.05098377913236618
8249,JG075A,253,S075_SNV,6.0,False,K13,1000000.0,EVAGREEN,JG075A_253,STANDARD,,60.053177,161,L-MMMMx,0.1778279410038923,K13,-0.75,40,0.8837143988784897,0.0012182715581730008
8250,JG075A,253,S075_SNV,6.0,False,K13,1000000.0,EVAGREEN,JG075A_253,STANDARD,,60.053177,161,L-MMMMx,0.1778279410038923,K13,-0.75,41,0.8870036589398863,-0.04757305607199669
8251,JG075A,253,S075_SNV,6.0,False,K13,1000000.0,EVAGREEN,JG075A_253,STANDARD,,60.053177,161,L-MMMMx,0.1778279410038923,K13,-0.75,42,0.8898872248778352,-0.09724295884370804
8252,JG075A,253,S075_SNV,6.0,False,K13,1000000.0,EVAGREEN,JG075A_253,STANDARD,,60.053177,161,L-MMMMx,0.1778279410038923,K13,-0.75,43,0.8911645283297321,-0.1503913849592209
8253,JG075A,253,S075_SNV,6.0,False,K13,1000000.0,EVAGREEN,JG075A_253,STANDARD,,60.053177,161,L-MMMMx,0.1778279410038923,K13,-0.75,44,0.8916169020483878,-0.20532627403736115
8254,JG075A,253,S075_SNV,6.0,False,K13,1000000.0,EVAGREEN,JG075A_253,STANDARD,,60.053177,161,L-MMMMx,0.1778279410038923,K13,-0.75,45,0.8933231293279515,-0.2575458288192749
8255,JG075A,253,S075_SNV,6.0,False,K13,1000000.0,EVAGREEN,JG075A_253,STANDARD,,60.053177,161,L-MMMMx,0.1778279410038923,K13,-0.75,46,0.8963214125729921,-0.30696728825569153
8256,JG075A,253,S075_SNV,6.0,False,K13,1000000.0,EVAGREEN,JG075A_253,STANDARD,,60.053177,161,L-MMMMx,0.1778279410038923,K13,-0.75,47,0.8967312902450669,-0.3619942367076874
8257,JG075A,253,S075_SNV,6.0,False,K13,1000000.0,EVAGREEN,JG075A_253,STANDARD,,60.053177,161,L-MMMMx,0.1778279410038923,K13,-0.75,48,0.9001447356446586,-0.410516619682312
8258,JG075A,254,S075_SNV,6.0,False,K14,1000000.0,EVAGREEN,JG075A_254,STANDARD,,59.96657,162,L-MMMMx,0.1,K14,-1.0,3,-0.00939706043506181,0.14063751697540283
8259,JG075A,254,S075_SNV,6.0,False,K14,1000000.0,EVAGREEN,JG075A_254,STANDARD,,59.96657,162,L-MMMMx,0.1,K14,-1.0,4,-0.007614758626515113,0.08508490771055222
8260,JG075A,254,S075_SNV,6.0,False,K14,1000000.0,EVAGREEN,JG075A_254,STANDARD,,59.96657,162,L-MMMMx,0.1,K14,-1.0,5,-0.0050261328667795865,0.031278472393751144
8261,JG075A,254,S075_SNV,6.0,False,K14,1000000.0,EVAGREEN,JG075A_254,STANDARD,,59.96657,162,L-MMMMx,0.1,K14,-1.0,6,-0.0016205453825368745,-0.020758749917149544
8262,JG075A,254,S075_SNV,6.0,False,K14,1000000.0,EVAGREEN,JG075A_254,STANDARD,,59.96657,162,L-MMMMx,0.1,K14,-1.0,7,0.001915557809534123,-0.07251332700252533
8263,JG075A,254,S075_SNV,6.0,False,K14,1000000.0,EVAGREEN,JG075A_254,STANDARD,,59.96657,162,L-MMMMx,0.1,K14,-1.0,8,0.00459514822856372,-0.12612277269363403
8264,JG075A,254,S075_SNV,6.0,False,K14,1000000.0,EVAGREEN,JG075A_254,STANDARD,,59.96657,162,L-MMMMx,0.1,K14,-1.0,9,0.007301037204917217,-0.17967526614665985
8265,JG075A,254,S075_SNV,6.0,False,K14,1000000.0,EVAGREEN,JG075A_254,STANDARD,,59.96657,162,L-MMMMx,0.1,K14,-1.0,10,0.009846754067878324,-0.23357462882995605
8266,JG075A,254,S075_SNV,6.0,False,K14,1000000.0,EVAGREEN,JG075A_254,STANDARD,,59.96657,162,L-MMMMx,0.1,K14,-1.0,11,0.012921304505325444,-0.2863287329673767
8267,JG075A,254,S075_SNV,6.0,False,K14,1000000.0,EVAGREEN,JG075A_254,STANDARD,,59.96657,162,L-MMMMx,0.1,K14,-1.0,12,0.017706334579328978,-0.33537864685058594
8268,JG075A,254,S075_SNV,6.0,False,K14,1000000.0,EVAGREEN,JG075A_254,STANDARD,,59.96657,162,L-MMMMx,0.1,K14,-1.0,13,0.024154160092543397,-0.38082757592201233
8269,JG075A,254,S075_SNV,6.0,False,K14,1000000.0,EVAGREEN,JG075A_254,STANDARD,,59.96657,162,L-MMMMx,0.1,K14,-1.0,14,0.03286096424768243,-0.42138445377349854
8270,JG075A,254,S075_SNV,6.0,False,K14,1000000.0,EVAGREEN,JG075A_254,STANDARD,,59.96657,162,L-MMMMx,0.1,K14,-1.0,15,0.04610585901443879,-0.45211365818977356
8271,JG075A,254,S075_SNV,6.0,False,K14,1000000.0,EVAGREEN,JG075A_254,STANDARD,,59.96657,162,L-MMMMx,0.1,K14,-1.0,16,0.06818120656927779,-0.46371957659721375
8272,JG075A,254,S075_SNV,6.0,False,K14,1000000.0,EVAGREEN,JG075A_254,STANDARD,,59.96657,162,L-MMMMx,0.1,K14,-1.0,17,0.10405289289428807,-0.4454481303691864
8273,JG075A,254,S075_SNV,6.0,False,K14,1000000.0,EVAGREEN,JG075A_254,STANDARD,,59.96657,162,L-MMMMx,0.1,K14,-1.0,18,0.16069728808203465,-0.3821912109851837
8274,JG075A,254,S075_SNV,6.0,False,K14,1000000.0,EVAGREEN,JG075A_254,STANDARD,,59.96657,162,L-MMMMx,0.1,K14,-1.0,19,0.24226068791053393,-0.2649696469306946
8275,JG075A,254,S075_SNV,6.0,False,K14,1000000.0,EVAGREEN,JG075A_254,STANDARD,,59.96657,162,L-MMMMx,0.1,K14,-1.0,20,0.3421454160080158,-0.10807132720947266
8276,JG075A,254,S075_SNV,6.0,False,K14,1000000.0,EVAGREEN,JG075A_254,STANDARD,,59.96657,162,L-MMMMx,0.1,K14,-1.0,21,0.45000572175963965,0.06609891355037689
8277,JG075A,254,S075_SNV,6.0,False,K14,1000000.0,EVAGREEN,JG075A_254,STANDARD,,59.96657,162,L-MMMMx,0.1,K14,-1.0,22,0.5553335493778396,0.2347848117351532
8278,JG075A,254,S075_SNV,6.0,False,K14,1000000.0,EVAGREEN,JG075A_254,STANDARD,,59.96657,162,L-MMMMx,0.1,K14,-1.0,23,0.6488511641749299,0.37789449095726013
8279,JG075A,254,S075_SNV,6.0,False,K14,1000000.0,EVAGREEN,JG075A_254,STANDARD,,59.96657,162,L-MMMMx,0.1,K14,-1.0,24,0.7232564572556998,0.4796144366264343
8280,JG075A,254,S075_SNV,6.0,False,K14,1000000.0,EVAGREEN,JG075A_254,STANDARD,,59.96657,162,L-MMMMx,0.1,K14,-1.0,25,0.7842849636945732,0.5523656010627747
8281,JG075A,254,S075_SNV,6.0,False,K14,1000000.0,EVAGREEN,JG075A_254,STANDARD,,59.96657,162,L-MMMMx,0.1,K14,-1.0,26,0.8294731238170896,0.5908128619194031
8282,JG075A,254,S075_SNV,6.0,False,K14,1000000.0,EVAGREEN,JG075A_254,STANDARD,,59.96657,162,L-MMMMx,0.1,K14,-1.0,27,0.8588393232185311,0.5949960350990295
8283,JG075A,254,S075_SNV,6.0,False,K14,1000000.0,EVAGREEN,JG075A_254,STANDARD,,59.96657,162,L-MMMMx,0.1,K14,-1.0,28,0.8777356417136294,0.5765055418014526
8284,JG075A,254,S075_SNV,6.0,False,K14,1000000.0,EVAGREEN,JG075A_254,STANDARD,,59.96657,162,L-MMMMx,0.1,K14,-1.0,29,0.891309275327771,0.5464882850646973
8285,JG075A,254,S075_SNV,6.0,False,K14,1000000.0,EVAGREEN,JG075A_254,STANDARD,,59.96657,162,L-MMMMx,0.1,K14,-1.0,30,0.9014737571843331,0.5090881586074829
8286,JG075A,254,S075_SNV,6.0,False,K14,1000000.0,EVAGREEN,JG075A_254,STANDARD,,59.96657,162,L-MMMMx,0.1,K14,-1.0,31,0.9108651632919536,0.470013827085495
8287,JG075A,254,S075_SNV,6.0,False,K14,1000000.0,EVAGREEN,JG075A_254,STANDARD,,59.96657,162,L-MMMMx,0.1,K14,-1.0,32,0.9166090654636322,0.4230404794216156
8288,JG075A,254,S075_SNV,6.0,False,K14,1000000.0,EVAGREEN,JG075A_254,STANDARD,,59.96657,162,L-MMMMx,0.1,K14,-1.0,33,0.9213554114745078,0.37390682101249695
8289,JG075A,254,S075_SNV,6.0,False,K14,1000000.0,EVAGREEN,JG075A_254,STANDARD,,59.96657,162,L-MMMMx,0.1,K14,-1.0,34,0.9245746521430923,0.32146602869033813
8290,JG075A,254,S075_SNV,6.0,False,K14,1000000.0,EVAGREEN,JG075A_254,STANDARD,,59.96657,162,L-MMMMx,0.1,K14,-1.0,35,0.9278443155819723,0.2691344618797302
8291,JG075A,254,S075_SNV,6.0,False,K14,1000000.0,EVAGREEN,JG075A_254,STANDARD,,59.96657,162,L-MMMMx,0.1,K14,-1.0,36,0.9294995696243158,0.2133067101240158
8292,JG075A,254,S075_SNV,6.0,False,K14,1000000.0,EVAGREEN,JG075A_254,STANDARD,,59.96657,162,L-MMMMx,0.1,K14,-1.0,37,0.9316273444747564,0.1585022509098053
8293,JG075A,254,S075_SNV,6.0,False,K14,1000000.0,EVAGREEN,JG075A_254,STANDARD,,59.96657,162,L-MMMMx,0.1,K14,-1.0,38,0.9356225233202904,0.10774184763431549
8294,JG075A,254,S075_SNV,6.0,False,K14,1000000.0,EVAGREEN,JG075A_254,STANDARD,,59.96657,162,L-MMMMx,0.1,K14,-1.0,39,0.9418701027279999,0.06185925006866455
8295,JG075A,254,S075_SNV,6.0,False,K14,1000000.0,EVAGREEN,JG075A_254,STANDARD,,59.96657,162,L-MMMMx,0.1,K14,-1.0,40,0.9450128284940617,0.009252774529159069
8296,JG075A,254,S075_SNV,6.0,False,K14,1000000.0,EVAGREEN,JG075A_254,STANDARD,,59.96657,162,L-MMMMx,0.1,K14,-1.0,41,0.9443979569392569,-0.05149116739630699
8297,JG075A,254,S075_SNV,6.0,False,K14,1000000.0,EVAGREEN,JG075A_254,STANDARD,,59.96657,162,L-MMMMx,0.1,K14,-1.0,42,0.9437333231744662,-0.11234287172555923
8298,JG075A,254,S075_SNV,6.0,False,K14,1000000.0,EVAGREEN,JG075A_254,STANDARD,,59.96657,162,L-MMMMx,0.1,K14,-1.0,43,0.9459717418767561,-0.16690771281719208
8299,JG075A,254,S075_SNV,6.0,False,K14,1000000.0,EVAGREEN,JG075A_254,STANDARD,,59.96657,162,L-MMMMx,0.1,K14,-1.0,44,0.9465664663421196,-0.22503215074539185
8300,JG075A,254,S075_SNV,6.0,False,K14,1000000.0,EVAGREEN,JG075A_254,STANDARD,,59.96657,162,L-MMMMx,0.1,K14,-1.0,45,0.9491888907710271,-0.27876541018486023
8301,JG075A,254,S075_SNV,6.0,False,K14,1000000.0,EVAGREEN,JG075A_254,STANDARD,,59.96657,162,L-MMMMx,0.1,K14,-1.0,46,0.9528078805202732,-0.3303404748439789
8302,JG075A,254,S075_SNV,6.0,False,K14,1000000.0,EVAGREEN,JG075A_254,STANDARD,,59.96657,162,L-MMMMx,0.1,K14,-1.0,47,0.9554643238051225,-0.3840000331401825
8303,JG075A,254,S075_SNV,6.0,False,K14,1000000.0,EVAGREEN,JG075A_254,STANDARD,,59.96657,162,L-MMMMx,0.1,K14,-1.0,48,0.9577787069430104,-0.43840038776397705
8695,JG075A,272,S075_SNV,5.0,False,L8,100000.0,EVAGREEN,JG075A_272,STANDARD,,64.51175,171,L-MMMMx,3.1622776601683795,L8,0.5,3,-0.004943179221447931,0.18037091195583344
8696,JG075A,272,S075_SNV,5.0,False,L8,100000.0,EVAGREEN,JG075A_272,STANDARD,,64.51175,171,L-MMMMx,3.1622776601683795,L8,0.5,4,-0.004532145568831396,0.14052541553974152
8697,JG075A,272,S075_SNV,5.0,False,L8,100000.0,EVAGREEN,JG075A_272,STANDARD,,64.51175,171,L-MMMMx,3.1622776601683795,L8,0.5,5,-0.003714867325842552,0.10155969113111496
8698,JG075A,272,S075_SNV,5.0,False,L8,100000.0,EVAGREEN,JG075A_272,STANDARD,,64.51175,171,L-MMMMx,3.1622776601683795,L8,0.5,6,-0.001559183802323584,0.0654924139380455
8699,JG075A,272,S075_SNV,5.0,False,L8,100000.0,EVAGREEN,JG075A_272,STANDARD,,64.51175,171,L-MMMMx,3.1622776601683795,L8,0.5,7,0.001643102484982471,0.03169166296720505
8700,JG075A,272,S075_SNV,5.0,False,L8,100000.0,EVAGREEN,JG075A_272,STANDARD,,64.51175,171,L-MMMMx,3.1622776601683795,L8,0.5,8,0.0029595991819125708,-0.0061929598450660706
8701,JG075A,272,S075_SNV,5.0,False,L8,100000.0,EVAGREEN,JG075A_272,STANDARD,,64.51175,171,L-MMMMx,3.1622776601683795,L8,0.5,9,0.004647661052963685,-0.043272919952869415
8702,JG075A,272,S075_SNV,5.0,False,L8,100000.0,EVAGREEN,JG075A_272,STANDARD,,64.51175,171,L-MMMMx,3.1622776601683795,L8,0.5,10,0.005499013198586737,-0.08216486126184464
8703,JG075A,272,S075_SNV,5.0,False,L8,100000.0,EVAGREEN,JG075A_272,STANDARD,,64.51175,171,L-MMMMx,3.1622776601683795,L8,0.5,11,0.006721049771251405,-0.1202540472149849
8704,JG075A,272,S075_SNV,5.0,False,L8,100000.0,EVAGREEN,JG075A_272,STANDARD,,64.51175,171,L-MMMMx,3.1622776601683795,L8,0.5,12,0.008178576094270104,-0.1578332483768463
8705,JG075A,272,S075_SNV,5.0,False,L8,100000.0,EVAGREEN,JG075A_272,STANDARD,,64.51175,171,L-MMMMx,3.1622776601683795,L8,0.5,13,0.011508900988243637,-0.19135671854019165
8706,JG075A,272,S075_SNV,5.0,False,L8,100000.0,EVAGREEN,JG075A_272,STANDARD,,64.51175,171,L-MMMMx,3.1622776601683795,L8,0.5,14,0.014889428465742854,-0.22477146983146667
8707,JG075A,272,S075_SNV,5.0,False,L8,100000.0,EVAGREEN,JG075A_272,STANDARD,,64.51175,171,L-MMMMx,3.1622776601683795,L8,0.5,15,0.016120052322431654,-0.262842059135437
8708,JG075A,272,S075_SNV,5.0,False,L8,100000.0,EVAGREEN,JG075A_272,STANDARD,,64.51175,171,L-MMMMx,3.1622776601683795,L8,0.5,16,0.017737048913513843,-0.3000759184360504
8709,JG075A,272,S075_SNV,5.0,False,L8,100000.0,EVAGREEN,JG075A_272,STANDARD,,64.51175,171,L-MMMMx,3.1622776601683795,L8,0.5,17,0.02115698982281612,-0.3334053158760071
8710,JG075A,272,S075_SNV,5.0,False,L8,100000.0,EVAGREEN,JG075A_272,STANDARD,,64.51175,171,L-MMMMx,3.1622776601683795,L8,0.5,18,0.02979321035654527,-0.35543832182884216
8711,JG075A,272,S075_SNV,5.0,False,L8,100000.0,EVAGREEN,JG075A_272,STANDARD,,64.51175,171,L-MMMMx,3.1622776601683795,L8,0.5,19,0.04074519019547397,-0.37245631217956543
8712,JG075A,272,S075_SNV,5.0,False,L8,100000.0,EVAGREEN,JG075A_272,STANDARD,,64.51175,171,L-MMMMx,3.1622776601683795,L8,0.5,20,0.05676730069034194,-0.37849441170692444
8713,JG075A,272,S075_SNV,5.0,False,L8,100000.0,EVAGREEN,JG075A_272,STANDARD,,64.51175,171,L-MMMMx,3.1622776601683795,L8,0.5,21,0.08665820516433481,-0.3544982075691223
8714,JG075A,272,S075_SNV,5.0,False,L8,100000.0,EVAGREEN,JG075A_272,STANDARD,,64.51175,171,L-MMMMx,3.1622776601683795,L8,0.5,22,0.13281353567341503,-0.29527971148490906
8715,JG075A,272,S075_SNV,5.0,False,L8,100000.0,EVAGREEN,JG075A_272,STANDARD,,64.51175,171,L-MMMMx,3.1622776601683795,L8,0.5,23,0.19504360131535722,-0.20124971866607666
8716,JG075A,272,S075_SNV,5.0,False,L8,100000.0,EVAGREEN,JG075A_272,STANDARD,,64.51175,171,L-MMMMx,3.1622776601683795,L8,0.5,24,0.2709226044467296,-0.07766154408454895
8717,JG075A,272,S075_SNV,5.0,False,L8,100000.0,EVAGREEN,JG075A_272,STANDARD,,64.51175,171,L-MMMMx,3.1622776601683795,L8,0.5,25,0.35170968077143205,0.056555572897195816
8718,JG075A,272,S075_SNV,5.0,False,L8,100000.0,EVAGREEN,JG075A_272,STANDARD,,64.51175,171,L-MMMMx,3.1622776601683795,L8,0.5,26,0.42883582176723195,0.18284454941749573
8719,JG075A,272,S075_SNV,5.0,False,L8,100000.0,EVAGREEN,JG075A_272,STANDARD,,64.51175,171,L-MMMMx,3.1622776601683795,L8,0.5,27,0.49491111906444074,0.2852017879486084
8720,JG075A,272,S075_SNV,5.0,False,L8,100000.0,EVAGREEN,JG075A_272,STANDARD,,64.51175,171,L-MMMMx,3.1622776601683795,L8,0.5,28,0.5506480970502914,0.36517032980918884
8721,JG075A,272,S075_SNV,5.0,False,L8,100000.0,EVAGREEN,JG075A_272,STANDARD,,64.51175,171,L-MMMMx,3.1622776601683795,L8,0.5,29,0.5928918095929954,0.4159178137779236
8722,JG075A,272,S075_SNV,5.0,False,L8,100000.0,EVAGREEN,JG075A_272,STANDARD,,64.51175,171,L-MMMMx,3.1622776601683795,L8,0.5,30,0.6219663716177712,0.4381461441516876
8723,JG075A,272,S075_SNV,5.0,False,L8,100000.0,EVAGREEN,JG075A_272,STANDARD,,64.51175,171,L-MMMMx,3.1622776601683795,L8,0.5,31,0.6399586032358675,0.4363745450973511
8724,JG075A,272,S075_SNV,5.0,False,L8,100000.0,EVAGREEN,JG075A_272,STANDARD,,64.51175,171,L-MMMMx,3.1622776601683795,L8,0.5,32,0.6553030889465237,0.42886897921562195
8725,JG075A,272,S075_SNV,5.0,False,L8,100000.0,EVAGREEN,JG075A_272,STANDARD,,64.51175,171,L-MMMMx,3.1622776601683795,L8,0.5,33,0.6687239129423898,0.4171975255012512
8726,JG075A,272,S075_SNV,5.0,False,L8,100000.0,EVAGREEN,JG075A_272,STANDARD,,64.51175,171,L-MMMMx,3.1622776601683795,L8,0.5,34,0.6738294936682748,0.3875185549259186
8727,JG075A,272,S075_SNV,5.0,False,L8,100000.0,EVAGREEN,JG075A_272,STANDARD,,64.51175,171,L-MMMMx,3.1622776601683795,L8,0.5,35,0.680147642935721,0.36046552658081055
8728,JG075A,272,S075_SNV,5.0,False,L8,100000.0,EVAGREEN,JG075A_272,STANDARD,,64.51175,171,L-MMMMx,3.1622776601683795,L8,0.5,36,0.6830757966945644,0.3260711133480072
8729,JG075A,272,S075_SNV,5.0,False,L8,100000.0,EVAGREEN,JG075A_272,STANDARD,,64.51175,171,L-MMMMx,3.1622776601683795,L8,0.5,37,0.6872489965435219,0.2943729758262634
8730,JG075A,272,S075_SNV,5.0,False,L8,100000.0,EVAGREEN,JG075A_272,STANDARD,,64.51175,171,L-MMMMx,3.1622776601683795,L8,0.5,38,0.6921553082426931,0.26426246762275696
8731,JG075A,272,S075_SNV,5.0,False,L8,100000.0,EVAGREEN,JG075A_272,STANDARD,,64.51175,171,L-MMMMx,3.1622776601683795,L8,0.5,39,0.694999350655454,0.2296859174966812
8732,JG075A,272,S075_SNV,5.0,False,L8,100000.0,EVAGREEN,JG075A_272,STANDARD,,64.51175,171,L-MMMMx,3.1622776601683795,L8,0.5,40,0.6998496248216987,0.19945405423641205
8733,JG075A,272,S075_SNV,5.0,False,L8,100000.0,EVAGREEN,JG075A_272,STANDARD,,64.51175,171,L-MMMMx,3.1622776601683795,L8,0.5,41,0.7011915530905464,0.1616245061159134
8734,JG075A,272,S075_SNV,5.0,False,L8,100000.0,EVAGREEN,JG075A_272,STANDARD,,64.51175,171,L-MMMMx,3.1622776601683795,L8,0.5,42,0.7000378845099199,0.11839048564434052
8735,JG075A,272,S075_SNV,5.0,False,L8,100000.0,EVAGREEN,JG075A_272,STANDARD,,64.51175,171,L-MMMMx,3.1622776601683795,L8,0.5,43,0.6987933888867306,0.07495976984500885
8736,JG075A,272,S075_SNV,5.0,False,L8,100000.0,EVAGREEN,JG075A_272,STANDARD,,64.51175,171,L-MMMMx,3.1622776601683795,L8,0.5,44,0.7051344375782411,0.04795633256435394
8737,JG075A,272,S075_SNV,5.0,False,L8,100000.0,EVAGREEN,JG075A_272,STANDARD,,64.51175,171,L-MMMMx,3.1622776601683795,L8,0.5,45,0.7083803208459774,0.014249996282160282
8738,JG075A,272,S075_SNV,5.0,False,L8,100000.0,EVAGREEN,JG075A_272,STANDARD,,64.51175,171,L-MMMMx,3.1622776601683795,L8,0.5,46,0.7076780351435424,-0.028006507083773613
8739,JG075A,272,S075_SNV,5.0,False,L8,100000.0,EVAGREEN,JG075A_272,STANDARD,,64.51175,171,L-MMMMx,3.1622776601683795,L8,0.5,47,0.7081298583952735,-0.06776367127895355
8740,JG075A,272,S075_SNV,5.0,False,L8,100000.0,EVAGREEN,JG075A_272,STANDARD,,64.51175,171,L-MMMMx,3.1622776601683795,L8,0.5,48,0.7144321542152906,-0.09485103189945221
8741,JG075A,272,S075_SNV,5.0,False,L8,100000.0,EVAGREEN,JG075A_272,STANDARD,,64.51175,171,L-MMMMx,3.1622776601683795,L8,0.5,49,0.7142309035076482,-0.13602249324321747
8742,JG075A,272,S075_SNV,5.0,False,L8,100000.0,EVAGREEN,JG075A_272,STANDARD,,64.51175,171,L-MMMMx,3.1622776601683795,L8,0.5,50,0.7154698944615913,-0.1740749627351761
8743,JG075A,272,S075_SNV,5.0,False,L8,100000.0,EVAGREEN,JG075A_272,STANDARD,,64.51175,171,L-MMMMx,3.1622776601683795,L8,0.5,51,0.7197956837420544,-0.2054426521062851
8744,JG075A,272,S075_SNV,5.0,False,L8,100000.0,EVAGREEN,JG075A_272,STANDARD,,64.51175,171,L-MMMMx,3.1622776601683795,L8,0.5,52,0.7201382943559401,-0.24543632566928864
8745,JG075A,273,S075_SNV,5.0,False,L9,100000.0,EVAGREEN,JG075A_273,STANDARD,,64.71429,172,L-MMMMx,1.7782794100389228,L9,0.25,3,-0.008587910180256862,0.22933292388916016
8746,JG075A,273,S075_SNV,5.0,False,L9,100000.0,EVAGREEN,JG075A_273,STANDARD,,64.71429,172,L-MMMMx,1.7782794100389228,L9,0.25,4,-0.006534228177870671,0.18555407226085663
8747,JG075A,273,S075_SNV,5.0,False,L9,100000.0,EVAGREEN,JG075A_273,STANDARD,,64.71429,172,L-MMMMx,1.7782794100389228,L9,0.25,5,-0.0043125436700893185,0.1421390324831009
8748,JG075A,273,S075_SNV,5.0,False,L9,100000.0,EVAGREEN,JG075A_273,STANDARD,,64.71429,172,L-MMMMx,1.7782794100389228,L9,0.25,6,-0.0011672857561742813,0.10072410106658936
8749,JG075A,273,S075_SNV,5.0,False,L9,100000.0,EVAGREEN,JG075A_273,STANDARD,,64.71429,172,L-MMMMx,1.7782794100389228,L9,0.25,7,0.0012578513269479996,0.057749662548303604
8750,JG075A,273,S075_SNV,5.0,False,L9,100000.0,EVAGREEN,JG075A_273,STANDARD,,64.71429,172,L-MMMMx,1.7782794100389228,L9,0.25,8,0.004141417264896918,0.015768000856041908
8751,JG075A,273,S075_SNV,5.0,False,L9,100000.0,EVAGREEN,JG075A_273,STANDARD,,64.71429,172,L-MMMMx,1.7782794100389228,L9,0.25,9,0.006772263837751085,-0.026760948821902275
8752,JG075A,273,S075_SNV,5.0,False,L9,100000.0,EVAGREEN,JG075A_273,STANDARD,,64.71429,172,L-MMMMx,1.7782794100389228,L9,0.25,10,0.00843043535479513,-0.07139632850885391
8753,JG075A,273,S075_SNV,5.0,False,L9,100000.0,EVAGREEN,JG075A_273,STANDARD,,64.71429,172,L-MMMMx,1.7782794100389228,L9,0.25,11,0.010031413358370772,-0.11615556478500366
8754,JG075A,273,S075_SNV,5.0,False,L9,100000.0,EVAGREEN,JG075A_273,STANDARD,,64.71429,172,L-MMMMx,1.7782794100389228,L9,0.25,12,0.012952796374041339,-0.15805533528327942
8755,JG075A,273,S075_SNV,5.0,False,L9,100000.0,EVAGREEN,JG075A_273,STANDARD,,64.71429,172,L-MMMMx,1.7782794100389228,L9,0.25,13,0.016012456681177387,-0.19965563714504242
8756,JG075A,273,S075_SNV,5.0,False,L9,100000.0,EVAGREEN,JG075A_273,STANDARD,,64.71429,172,L-MMMMx,1.7782794100389228,L9,0.25,14,0.017929347652794584,-0.24373073875904083
8757,JG075A,273,S075_SNV,5.0,False,L9,100000.0,EVAGREEN,JG075A_273,STANDARD,,64.71429,172,L-MMMMx,1.7782794100389228,L9,0.25,15,0.02064992033436242,-0.28606536984443665
8758,JG075A,273,S075_SNV,5.0,False,L9,100000.0,EVAGREEN,JG075A_273,STANDARD,,64.71429,172,L-MMMMx,1.7782794100389228,L9,0.25,16,0.024438123616237966,-0.32608795166015625
8759,JG075A,273,S075_SNV,5.0,False,L9,100000.0,EVAGREEN,JG075A_273,STANDARD,,64.71429,172,L-MMMMx,1.7782794100389228,L9,0.25,17,0.028876263196016744,-0.3647030293941498
8760,JG075A,273,S075_SNV,5.0,False,L9,100000.0,EVAGREEN,JG075A_273,STANDARD,,64.71429,172,L-MMMMx,1.7782794100389228,L9,0.25,18,0.03697164997630309,-0.39539793133735657
8761,JG075A,273,S075_SNV,5.0,False,L9,100000.0,EVAGREEN,JG075A_273,STANDARD,,64.71429,172,L-MMMMx,1.7782794100389228,L9,0.25,19,0.0487776792487855,-0.41805708408355713
8762,JG075A,273,S075_SNV,5.0,False,L9,100000.0,EVAGREEN,JG075A_273,STANDARD,,64.71429,172,L-MMMMx,1.7782794100389228,L9,0.25,20,0.06803873712813946,-0.42457160353660583
8763,JG075A,273,S075_SNV,5.0,False,L9,100000.0,EVAGREEN,JG075A_273,STANDARD,,64.71429,172,L-MMMMx,1.7782794100389228,L9,0.25,21,0.1014402994606126,-0.40046340227127075
8764,JG075A,273,S075_SNV,5.0,False,L9,100000.0,EVAGREEN,JG075A_273,STANDARD,,64.71429,172,L-MMMMx,1.7782794100389228,L9,0.25,22,0.15203162272846554,-0.3391290009021759
8765,JG075A,273,S075_SNV,5.0,False,L9,100000.0,EVAGREEN,JG075A_273,STANDARD,,64.71429,172,L-MMMMx,1.7782794100389228,L9,0.25,23,0.22225931222488093,-0.23527000844478607
8766,JG075A,273,S075_SNV,5.0,False,L9,100000.0,EVAGREEN,JG075A_273,STANDARD,,64.71429,172,L-MMMMx,1.7782794100389228,L9,0.25,24,0.30752151950669687,-0.09885221719741821
8767,JG075A,273,S075_SNV,5.0,False,L9,100000.0,EVAGREEN,JG075A_273,STANDARD,,64.71429,172,L-MMMMx,1.7782794100389228,L9,0.25,25,0.3984792429175171,0.049899790436029434
8768,JG075A,273,S075_SNV,5.0,False,L9,100000.0,EVAGREEN,JG075A_273,STANDARD,,64.71429,172,L-MMMMx,1.7782794100389228,L9,0.25,26,0.4849356881923042,0.1889038234949112
8769,JG075A,273,S075_SNV,5.0,False,L9,100000.0,EVAGREEN,JG075A_273,STANDARD,,64.71429,172,L-MMMMx,1.7782794100389228,L9,0.25,27,0.5612104770424811,0.30585843324661255
8770,JG075A,273,S075_SNV,5.0,False,L9,100000.0,EVAGREEN,JG075A_273,STANDARD,,64.71429,172,L-MMMMx,1.7782794100389228,L9,0.25,28,0.6241706820132441,0.39397892355918884
8771,JG075A,273,S075_SNV,5.0,False,L9,100000.0,EVAGREEN,JG075A_273,STANDARD,,64.71429,172,L-MMMMx,1.7782794100389228,L9,0.25,29,0.6710113438434809,0.44719088077545166
8772,JG075A,273,S075_SNV,5.0,False,L9,100000.0,EVAGREEN,JG075A_273,STANDARD,,64.71429,172,L-MMMMx,1.7782794100389228,L9,0.25,30,0.7050129151237939,0.47259846329689026
8773,JG075A,273,S075_SNV,5.0,False,L9,100000.0,EVAGREEN,JG075A_273,STANDARD,,64.71429,172,L-MMMMx,1.7782794100389228,L9,0.25,31,0.7291784131147754,0.47670501470565796
8774,JG075A,273,S075_SNV,5.0,False,L9,100000.0,EVAGREEN,JG075A_273,STANDARD,,64.71429,172,L-MMMMx,1.7782794100389228,L9,0.25,32,0.7451759727848052,0.463123083114624
8775,JG075A,273,S075_SNV,5.0,False,L9,100000.0,EVAGREEN,JG075A_273,STANDARD,,64.71429,172,L-MMMMx,1.7782794100389228,L9,0.25,33,0.7571837481851622,0.4409008324146271
8776,JG075A,273,S075_SNV,5.0,False,L9,100000.0,EVAGREEN,JG075A_273,STANDARD,,64.71429,172,L-MMMMx,1.7782794100389228,L9,0.25,34,0.7664797033280528,0.41280585527420044
8777,JG075A,273,S075_SNV,5.0,False,L9,100000.0,EVAGREEN,JG075A_273,STANDARD,,64.71429,172,L-MMMMx,1.7782794100389228,L9,0.25,35,0.7738859055187103,0.3806184232234955
8778,JG075A,273,S075_SNV,5.0,False,L9,100000.0,EVAGREEN,JG075A_273,STANDARD,,64.71429,172,L-MMMMx,1.7782794100389228,L9,0.25,36,0.779224553940481,0.34395352005958557
8779,JG075A,273,S075_SNV,5.0,False,L9,100000.0,EVAGREEN,JG075A_273,STANDARD,,64.71429,172,L-MMMMx,1.7782794100389228,L9,0.25,37,0.7856606132231816,0.30966514348983765
8780,JG075A,273,S075_SNV,5.0,False,L9,100000.0,EVAGREEN,JG075A_273,STANDARD,,64.71429,172,L-MMMMx,1.7782794100389228,L9,0.25,38,0.7905759525799166,0.27208349108695984
8781,JG075A,273,S075_SNV,5.0,False,L9,100000.0,EVAGREEN,JG075A_273,STANDARD,,64.71429,172,L-MMMMx,1.7782794100389228,L9,0.25,39,0.7932669651876322,0.22968482971191406
8782,JG075A,273,S075_SNV,5.0,False,L9,100000.0,EVAGREEN,JG075A_273,STANDARD,,64.71429,172,L-MMMMx,1.7782794100389228,L9,0.25,40,0.7954291992675542,0.18614105880260468
8783,JG075A,273,S075_SNV,5.0,False,L9,100000.0,EVAGREEN,JG075A_273,STANDARD,,64.71429,172,L-MMMMx,1.7782794100389228,L9,0.25,41,0.7996814461668875,0.14712341129779816
8784,JG075A,273,S075_SNV,5.0,False,L9,100000.0,EVAGREEN,JG075A_273,STANDARD,,64.71429,172,L-MMMMx,1.7782794100389228,L9,0.25,42,0.7983070403494871,0.09592068195343018
8785,JG075A,273,S075_SNV,5.0,False,L9,100000.0,EVAGREEN,JG075A_273,STANDARD,,64.71429,172,L-MMMMx,1.7782794100389228,L9,0.25,43,0.7980198067082184,0.04707232490181923
8786,JG075A,273,S075_SNV,5.0,False,L9,100000.0,EVAGREEN,JG075A_273,STANDARD,,64.71429,172,L-MMMMx,1.7782794100389228,L9,0.25,44,0.8006543414094676,0.004551360849291086
8787,JG075A,273,S075_SNV,5.0,False,L9,100000.0,EVAGREEN,JG075A_273,STANDARD,,64.71429,172,L-MMMMx,1.7782794100389228,L9,0.25,45,0.8039221332608039,-0.036598220467567444
8788,JG075A,273,S075_SNV,5.0,False,L9,100000.0,EVAGREEN,JG075A_273,STANDARD,,64.71429,172,L-MMMMx,1.7782794100389228,L9,0.25,46,0.808038635016525,-0.07590983062982559
8789,JG075A,273,S075_SNV,5.0,False,L9,100000.0,EVAGREEN,JG075A_273,STANDARD,,64.71429,172,L-MMMMx,1.7782794100389228,L9,0.25,47,0.8097407888408464,-0.120449960231781
8790,JG075A,273,S075_SNV,5.0,False,L9,100000.0,EVAGREEN,JG075A_273,STANDARD,,64.71429,172,L-MMMMx,1.7782794100389228,L9,0.25,48,0.8104503407066864,-0.1671396791934967
8791,JG075A,273,S075_SNV,5.0,False,L9,100000.0,EVAGREEN,JG075A_273,STANDARD,,64.71429,172,L-MMMMx,1.7782794100389228,L9,0.25,49,0.8127654944982688,-0.21035228669643402
8792,JG075A,273,S075_SNV,5.0,False,L9,100000.0,EVAGREEN,JG075A_273,STANDARD,,64.71429,172,L-MMMMx,1.7782794100389228,L9,0.25,50,0.8166410018343897,-0.2501857876777649
8793,JG075A,273,S075_SNV,5.0,False,L9,100000.0,EVAGREEN,JG075A_273,STANDARD,,64.71429,172,L-MMMMx,1.7782794100389228,L9,0.25,51,0.8183216874486509,-0.2947724163532257
8794,JG075A,273,S075_SNV,5.0,False,L9,100000.0,EVAGREEN,JG075A_273,STANDARD,,64.71429,172,L-MMMMx,1.7782794100389228,L9,0.25,52,0.820267257747041,-0.33878540992736816
8795,JG075A,274,S075_SNV,5.0,False,L10,100000.0,EVAGREEN,JG075A_274,STANDARD,,64.79186,173,L-MMMMx,1.0,L10,0.0,3,-0.009563289404834198,0.25438767671585083
8796,JG075A,274,S075_SNV,5.0,False,L10,100000.0,EVAGREEN,JG075A_274,STANDARD,,64.79186,173,L-MMMMx,1.0,L10,0.0,4,-0.007484396017300239,0.20646323263645172
8797,JG075A,274,S075_SNV,5.0,False,L10,100000.0,EVAGREEN,JG075A_274,STANDARD,,64.79186,173,L-MMMMx,1.0,L10,0.0,5,-0.004156520701141282,0.16124358773231506
8798,JG075A,274,S075_SNV,5.0,False,L10,100000.0,EVAGREEN,JG075A_274,STANDARD,,64.79186,173,L-MMMMx,1.0,L10,0.0,6,-0.0012901843779330856,0.11502443999052048
8799,JG075A,274,S075_SNV,5.0,False,L10,100000.0,EVAGREEN,JG075A_274,STANDARD,,64.79186,173,L-MMMMx,1.0,L10,0.0,7,0.0014848019591338034,0.06860745698213577
8800,JG075A,274,S075_SNV,5.0,False,L10,100000.0,EVAGREEN,JG075A_274,STANDARD,,64.79186,173,L-MMMMx,1.0,L10,0.0,8,0.004570747061920634,0.022863896563649178
8801,JG075A,274,S075_SNV,5.0,False,L10,100000.0,EVAGREEN,JG075A_274,STANDARD,,64.79186,173,L-MMMMx,1.0,L10,0.0,9,0.007281824189038709,-0.023691482841968536
8802,JG075A,274,S075_SNV,5.0,False,L10,100000.0,EVAGREEN,JG075A_274,STANDARD,,64.79186,173,L-MMMMx,1.0,L10,0.0,10,0.009157017291115658,-0.07205705344676971
8803,JG075A,274,S075_SNV,5.0,False,L10,100000.0,EVAGREEN,JG075A_274,STANDARD,,64.79186,173,L-MMMMx,1.0,L10,0.0,11,0.01070256327538169,-0.12113651633262634
8804,JG075A,274,S075_SNV,5.0,False,L10,100000.0,EVAGREEN,JG075A_274,STANDARD,,64.79186,173,L-MMMMx,1.0,L10,0.0,12,0.013428833289619378,-0.1676589846611023
8805,JG075A,274,S075_SNV,5.0,False,L10,100000.0,EVAGREEN,JG075A_274,STANDARD,,64.79186,173,L-MMMMx,1.0,L10,0.0,13,0.016151552792193245,-0.21418915688991547
8806,JG075A,274,S075_SNV,5.0,False,L10,100000.0,EVAGREEN,JG075A_274,STANDARD,,64.79186,173,L-MMMMx,1.0,L10,0.0,14,0.019258883535001707,-0.25988641381263733
8807,JG075A,274,S075_SNV,5.0,False,L10,100000.0,EVAGREEN,JG075A_274,STANDARD,,64.79186,173,L-MMMMx,1.0,L10,0.0,15,0.02254580411196866,-0.3051947355270386
8808,JG075A,274,S075_SNV,5.0,False,L10,100000.0,EVAGREEN,JG075A_274,STANDARD,,64.79186,173,L-MMMMx,1.0,L10,0.0,16,0.025290432198142553,-0.35167744755744934
8809,JG075A,274,S075_SNV,5.0,False,L10,100000.0,EVAGREEN,JG075A_274,STANDARD,,64.79186,173,L-MMMMx,1.0,L10,0.0,17,0.030021227518397534,-0.393858939409256
8810,JG075A,274,S075_SNV,5.0,False,L10,100000.0,EVAGREEN,JG075A_274,STANDARD,,64.79186,173,L-MMMMx,1.0,L10,0.0,18,0.037249271088900505,-0.4306323528289795
8811,JG075A,274,S075_SNV,5.0,False,L10,100000.0,EVAGREEN,JG075A_274,STANDARD,,64.79186,173,L-MMMMx,1.0,L10,0.0,19,0.04919671531431875,-0.45718541741371155
8812,JG075A,274,S075_SNV,5.0,False,L10,100000.0,EVAGREEN,JG075A_274,STANDARD,,64.79186,173,L-MMMMx,1.0,L10,0.0,20,0.06972211314949472,-0.465162068605423
8813,JG075A,274,S075_SNV,5.0,False,L10,100000.0,EVAGREEN,JG075A_274,STANDARD,,64.79186,173,L-MMMMx,1.0,L10,0.0,21,0.10405457009819903,-0.4432380795478821
8814,JG075A,274,S075_SNV,5.0,False,L10,100000.0,EVAGREEN,JG075A_274,STANDARD,,64.79186,173,L-MMMMx,1.0,L10,0.0,22,0.1555618978519721,-0.3841201364994049
8815,JG075A,274,S075_SNV,5.0,False,L10,100000.0,EVAGREEN,JG075A_274,STANDARD,,64.79186,173,L-MMMMx,1.0,L10,0.0,23,0.22851302245796334,-0.2785634696483612
8816,JG075A,274,S075_SNV,5.0,False,L10,100000.0,EVAGREEN,JG075A_274,STANDARD,,64.79186,173,L-MMMMx,1.0,L10,0.0,24,0.32006035099174807,-0.1327347755432129
8817,JG075A,274,S075_SNV,5.0,False,L10,100000.0,EVAGREEN,JG075A_274,STANDARD,,64.79186,173,L-MMMMx,1.0,L10,0.0,25,0.419991400880937,0.031249724328517914
8818,JG075A,274,S075_SNV,5.0,False,L10,100000.0,EVAGREEN,JG075A_274,STANDARD,,64.79186,173,L-MMMMx,1.0,L10,0.0,26,0.5175395345001222,0.19007377326488495
8819,JG075A,274,S075_SNV,5.0,False,L10,100000.0,EVAGREEN,JG075A_274,STANDARD,,64.79186,173,L-MMMMx,1.0,L10,0.0,27,0.6018340209284497,0.32019567489624023
8820,JG075A,274,S075_SNV,5.0,False,L10,100000.0,EVAGREEN,JG075A_274,STANDARD,,64.79186,173,L-MMMMx,1.0,L10,0.0,28,0.6723830730154604,0.4205504357814789
8821,JG075A,274,S075_SNV,5.0,False,L10,100000.0,EVAGREEN,JG075A_274,STANDARD,,64.79186,173,L-MMMMx,1.0,L10,0.0,29,0.7254585434207553,0.48306432366371155
8822,JG075A,274,S075_SNV,5.0,False,L10,100000.0,EVAGREEN,JG075A_274,STANDARD,,64.79186,173,L-MMMMx,1.0,L10,0.0,30,0.7628257795716027,0.5115604400634766
8823,JG075A,274,S075_SNV,5.0,False,L10,100000.0,EVAGREEN,JG075A_274,STANDARD,,64.79186,173,L-MMMMx,1.0,L10,0.0,31,0.7900592499202821,0.5181108117103577
8824,JG075A,274,S075_SNV,5.0,False,L10,100000.0,EVAGREEN,JG075A_274,STANDARD,,64.79186,173,L-MMMMx,1.0,L10,0.0,32,0.8097349194872626,0.5082940459251404
8825,JG075A,274,S075_SNV,5.0,False,L10,100000.0,EVAGREEN,JG075A_274,STANDARD,,64.79186,173,L-MMMMx,1.0,L10,0.0,33,0.8210917127025597,0.48046183586120605
8826,JG075A,274,S075_SNV,5.0,False,L10,100000.0,EVAGREEN,JG075A_274,STANDARD,,64.79186,173,L-MMMMx,1.0,L10,0.0,34,0.831431243041152,0.4504266679286957
8827,JG075A,274,S075_SNV,5.0,False,L10,100000.0,EVAGREEN,JG075A_274,STANDARD,,64.79186,173,L-MMMMx,1.0,L10,0.0,35,0.8415679813647129,0.4199523329734802
8828,JG075A,274,S075_SNV,5.0,False,L10,100000.0,EVAGREEN,JG075A_274,STANDARD,,64.79186,173,L-MMMMx,1.0,L10,0.0,36,0.847880405776143,0.3811960220336914
8829,JG075A,274,S075_SNV,5.0,False,L10,100000.0,EVAGREEN,JG075A_274,STANDARD,,64.79186,173,L-MMMMx,1.0,L10,0.0,37,0.8527103126661765,0.33922919631004333
8830,JG075A,274,S075_SNV,5.0,False,L10,100000.0,EVAGREEN,JG075A_274,STANDARD,,64.79186,173,L-MMMMx,1.0,L10,0.0,38,0.8568817510209751,0.2958363890647888
8831,JG075A,274,S075_SNV,5.0,False,L10,100000.0,EVAGREEN,JG075A_274,STANDARD,,64.79186,173,L-MMMMx,1.0,L10,0.0,39,0.8603093984672221,0.25083279609680176
8832,JG075A,274,S075_SNV,5.0,False,L10,100000.0,EVAGREEN,JG075A_274,STANDARD,,64.79186,173,L-MMMMx,1.0,L10,0.0,40,0.8631571840550705,0.20457348227500916
8833,JG075A,274,S075_SNV,5.0,False,L10,100000.0,EVAGREEN,JG075A_274,STANDARD,,64.79186,173,L-MMMMx,1.0,L10,0.0,41,0.864571113397659,0.1552089899778366
8834,JG075A,274,S075_SNV,5.0,False,L10,100000.0,EVAGREEN,JG075A_274,STANDARD,,64.79186,173,L-MMMMx,1.0,L10,0.0,42,0.8676531777086272,0.10945703089237213
8835,JG075A,274,S075_SNV,5.0,False,L10,100000.0,EVAGREEN,JG075A_274,STANDARD,,64.79186,173,L-MMMMx,1.0,L10,0.0,43,0.8696497212442375,0.06135425344109535
8836,JG075A,274,S075_SNV,5.0,False,L10,100000.0,EVAGREEN,JG075A_274,STANDARD,,64.79186,173,L-MMMMx,1.0,L10,0.0,44,0.8722415397121358,0.01454060710966587
8837,JG075A,274,S075_SNV,5.0,False,L10,100000.0,EVAGREEN,JG075A_274,STANDARD,,64.79186,173,L-MMMMx,1.0,L10,0.0,45,0.8759956140446846,-0.029756054282188416
8838,JG075A,274,S075_SNV,5.0,False,L10,100000.0,EVAGREEN,JG075A_274,STANDARD,,64.79186,173,L-MMMMx,1.0,L10,0.0,46,0.8793575357401316,-0.07490196079015732
8839,JG075A,274,S075_SNV,5.0,False,L10,100000.0,EVAGREEN,JG075A_274,STANDARD,,64.79186,173,L-MMMMx,1.0,L10,0.0,47,0.8797318532488757,-0.12651783227920532
8840,JG075A,274,S075_SNV,5.0,False,L10,100000.0,EVAGREEN,JG075A_274,STANDARD,,64.79186,173,L-MMMMx,1.0,L10,0.0,48,0.8825906481752166,-0.17275331914424896
8841,JG075A,274,S075_SNV,5.0,False,L10,100000.0,EVAGREEN,JG075A_274,STANDARD,,64.79186,173,L-MMMMx,1.0,L10,0.0,49,0.8842311497039802,-0.2216271460056305
8842,JG075A,274,S075_SNV,5.0,False,L10,100000.0,EVAGREEN,JG075A_274,STANDARD,,64.79186,173,L-MMMMx,1.0,L10,0.0,50,0.8855436830390531,-0.2712112069129944
8843,JG075A,274,S075_SNV,5.0,False,L10,100000.0,EVAGREEN,JG075A_274,STANDARD,,64.79186,173,L-MMMMx,1.0,L10,0.0,51,0.8855642705020339,-0.3235931098461151
8844,JG075A,274,S075_SNV,5.0,False,L10,100000.0,EVAGREEN,JG075A_274,STANDARD,,64.79186,173,L-MMMMx,1.0,L10,0.0,52,0.8880178116784668,-0.3707062304019928
8845,JG075A,275,S075_SNV,5.0,False,L11,100000.0,EVAGREEN,JG075A_275,STANDARD,,64.03712,174,L-MMMMx,0.5623413251903491,L11,-0.25,3,-0.009207918279551959,0.23680202662944794
8846,JG075A,275,S075_SNV,5.0,False,L11,100000.0,EVAGREEN,JG075A_275,STANDARD,,64.03712,174,L-MMMMx,0.5623413251903491,L11,-0.25,4,-0.00709957491155063,0.1894242912530899
8847,JG075A,275,S075_SNV,5.0,False,L11,100000.0,EVAGREEN,JG075A_275,STANDARD,,64.03712,174,L-MMMMx,0.5623413251903491,L11,-0.25,5,-0.0045571058034448025,0.1429866999387741
8848,JG075A,275,S075_SNV,5.0,False,L11,100000.0,EVAGREEN,JG075A_275,STANDARD,,64.03712,174,L-MMMMx,0.5623413251903491,L11,-0.25,6,-0.0006498365257731435,0.09950472414493561
8849,JG075A,275,S075_SNV,5.0,False,L11,100000.0,EVAGREEN,JG075A_275,STANDARD,,64.03712,174,L-MMMMx,0.5623413251903491,L11,-0.25,7,0.0010082248978859772,0.05115186423063278
8850,JG075A,275,S075_SNV,5.0,False,L11,100000.0,EVAGREEN,JG075A_275,STANDARD,,64.03712,174,L-MMMMx,0.5623413251903491,L11,-0.25,8,0.003960076257834469,0.0056008328683674335
8851,JG075A,275,S075_SNV,5.0,False,L11,100000.0,EVAGREEN,JG075A_275,STANDARD,,64.03712,174,L-MMMMx,0.5623413251903491,L11,-0.25,9,0.006217623685755057,-0.041453782469034195
8852,JG075A,275,S075_SNV,5.0,False,L11,100000.0,EVAGREEN,JG075A_275,STANDARD,,64.03712,174,L-MMMMx,0.5623413251903491,L11,-0.25,10,0.010328510678845031,-0.08449479937553406
8853,JG075A,275,S075_SNV,5.0,False,L11,100000.0,EVAGREEN,JG075A_275,STANDARD,,64.03712,174,L-MMMMx,0.5623413251903491,L11,-0.25,11,0.013629881012583358,-0.129288911819458
8854,JG075A,275,S075_SNV,5.0,False,L11,100000.0,EVAGREEN,JG075A_275,STANDARD,,64.03712,174,L-MMMMx,0.5623413251903491,L11,-0.25,12,0.016657228911243993,-0.17467644810676575
8855,JG075A,275,S075_SNV,5.0,False,L11,100000.0,EVAGREEN,JG075A_275,STANDARD,,64.03712,174,L-MMMMx,0.5623413251903491,L11,-0.25,13,0.01843055810891932,-0.22277969121932983
8856,JG075A,275,S075_SNV,5.0,False,L11,100000.0,EVAGREEN,JG075A_275,STANDARD,,64.03712,174,L-MMMMx,0.5623413251903491,L11,-0.25,14,0.021870921341125137,-0.26727280020713806
8857,JG075A,275,S075_SNV,5.0,False,L11,100000.0,EVAGREEN,JG075A_275,STANDARD,,64.03712,174,L-MMMMx,0.5623413251903491,L11,-0.25,15,0.02584097137155013,-0.3106188178062439
8858,JG075A,275,S075_SNV,5.0,False,L11,100000.0,EVAGREEN,JG075A_275,STANDARD,,64.03712,174,L-MMMMx,0.5623413251903491,L11,-0.25,16,0.028641526897265793,-0.35649749636650085
8859,JG075A,275,S075_SNV,5.0,False,L11,100000.0,EVAGREEN,JG075A_275,STANDARD,,64.03712,174,L-MMMMx,0.5623413251903491,L11,-0.25,17,0.03413934283029147,-0.3965349793434143
8860,JG075A,275,S075_SNV,5.0,False,L11,100000.0,EVAGREEN,JG075A_275,STANDARD,,64.03712,174,L-MMMMx,0.5623413251903491,L11,-0.25,18,0.04128355028817425,-0.43300700187683105
8861,JG075A,275,S075_SNV,5.0,False,L11,100000.0,EVAGREEN,JG075A_275,STANDARD,,64.03712,174,L-MMMMx,0.5623413251903491,L11,-0.25,19,0.054769136717722336,-0.4557461440563202
8862,JG075A,275,S075_SNV,5.0,False,L11,100000.0,EVAGREEN,JG075A_275,STANDARD,,64.03712,174,L-MMMMx,0.5623413251903491,L11,-0.25,20,0.078533922310924,-0.45622462034225464
8863,JG075A,275,S075_SNV,5.0,False,L11,100000.0,EVAGREEN,JG075A_275,STANDARD,,64.03712,174,L-MMMMx,0.5623413251903491,L11,-0.25,21,0.11691107260503229,-0.425058513879776
8864,JG075A,275,S075_SNV,5.0,False,L11,100000.0,EVAGREEN,JG075A_275,STANDARD,,64.03712,174,L-MMMMx,0.5623413251903491,L11,-0.25,22,0.17466160355446403,-0.35193735361099243
8865,JG075A,275,S075_SNV,5.0,False,L11,100000.0,EVAGREEN,JG075A_275,STANDARD,,64.03712,174,L-MMMMx,0.5623413251903491,L11,-0.25,23,0.25286085229647165,-0.23453238606452942
8866,JG075A,275,S075_SNV,5.0,False,L11,100000.0,EVAGREEN,JG075A_275,STANDARD,,64.03712,174,L-MMMMx,0.5623413251903491,L11,-0.25,24,0.34819071430280824,-0.08002930879592896
8867,JG075A,275,S075_SNV,5.0,False,L11,100000.0,EVAGREEN,JG075A_275,STANDARD,,64.03712,174,L-MMMMx,0.5623413251903491,L11,-0.25,25,0.4472240076846284,0.08249393105506897
8868,JG075A,275,S075_SNV,5.0,False,L11,100000.0,EVAGREEN,JG075A_275,STANDARD,,64.03712,174,L-MMMMx,0.5623413251903491,L11,-0.25,26,0.5403107720198158,0.23213934898376465
8869,JG075A,275,S075_SNV,5.0,False,L11,100000.0,EVAGREEN,JG075A_275,STANDARD,,64.03712,174,L-MMMMx,0.5623413251903491,L11,-0.25,27,0.6240828102899828,0.3616127669811249
8870,JG075A,275,S075_SNV,5.0,False,L11,100000.0,EVAGREEN,JG075A_275,STANDARD,,64.03712,174,L-MMMMx,0.5623413251903491,L11,-0.25,28,0.6892066805546719,0.45070165395736694
8871,JG075A,275,S075_SNV,5.0,False,L11,100000.0,EVAGREEN,JG075A_275,STANDARD,,64.03712,174,L-MMMMx,0.5623413251903491,L11,-0.25,29,0.7366708012237375,0.5015465617179871
8872,JG075A,275,S075_SNV,5.0,False,L11,100000.0,EVAGREEN,JG075A_275,STANDARD,,64.03712,174,L-MMMMx,0.5623413251903491,L11,-0.25,30,0.7690542199324266,0.5197325944900513
8873,JG075A,275,S075_SNV,5.0,False,L11,100000.0,EVAGREEN,JG075A_275,STANDARD,,64.03712,174,L-MMMMx,0.5623413251903491,L11,-0.25,31,0.7929678242587003,0.5195764303207397
8874,JG075A,275,S075_SNV,5.0,False,L11,100000.0,EVAGREEN,JG075A_275,STANDARD,,64.03712,174,L-MMMMx,0.5623413251903491,L11,-0.25,32,0.8091776439748649,0.5027368664741516
8875,JG075A,275,S075_SNV,5.0,False,L11,100000.0,EVAGREEN,JG075A_275,STANDARD,,64.03712,174,L-MMMMx,0.5623413251903491,L11,-0.25,33,0.8221532503220954,0.47889333963394165
8876,JG075A,275,S075_SNV,5.0,False,L11,100000.0,EVAGREEN,JG075A_275,STANDARD,,64.03712,174,L-MMMMx,0.5623413251903491,L11,-0.25,34,0.8318893588179153,0.4480343163013458
8877,JG075A,275,S075_SNV,5.0,False,L11,100000.0,EVAGREEN,JG075A_275,STANDARD,,64.03712,174,L-MMMMx,0.5623413251903491,L11,-0.25,35,0.8388278843094124,0.4111168384552002
8878,JG075A,275,S075_SNV,5.0,False,L11,100000.0,EVAGREEN,JG075A_275,STANDARD,,64.03712,174,L-MMMMx,0.5623413251903491,L11,-0.25,36,0.8455801317936168,0.3737959563732147
8879,JG075A,275,S075_SNV,5.0,False,L11,100000.0,EVAGREEN,JG075A_275,STANDARD,,64.03712,174,L-MMMMx,0.5623413251903491,L11,-0.25,37,0.8501352455948781,0.33171695470809937
8880,JG075A,275,S075_SNV,5.0,False,L11,100000.0,EVAGREEN,JG075A_275,STANDARD,,64.03712,174,L-MMMMx,0.5623413251903491,L11,-0.25,38,0.8521983956283679,0.28424134850502014
8881,JG075A,275,S075_SNV,5.0,False,L11,100000.0,EVAGREEN,JG075A_275,STANDARD,,64.03712,174,L-MMMMx,0.5623413251903491,L11,-0.25,39,0.853864328729049,0.23590552806854248
8882,JG075A,275,S075_SNV,5.0,False,L11,100000.0,EVAGREEN,JG075A_275,STANDARD,,64.03712,174,L-MMMMx,0.5623413251903491,L11,-0.25,40,0.8580965386323262,0.19312724471092224
8883,JG075A,275,S075_SNV,5.0,False,L11,100000.0,EVAGREEN,JG075A_275,STANDARD,,64.03712,174,L-MMMMx,0.5623413251903491,L11,-0.25,41,0.8621390576333778,0.14993816614151
8884,JG075A,275,S075_SNV,5.0,False,L11,100000.0,EVAGREEN,JG075A_275,STANDARD,,64.03712,174,L-MMMMx,0.5623413251903491,L11,-0.25,42,0.863494857668726,0.10093072801828384
8885,JG075A,275,S075_SNV,5.0,False,L11,100000.0,EVAGREEN,JG075A_275,STANDARD,,64.03712,174,L-MMMMx,0.5623413251903491,L11,-0.25,43,0.8669614781732364,0.05649448558688164
8886,JG075A,275,S075_SNV,5.0,False,L11,100000.0,EVAGREEN,JG075A_275,STANDARD,,64.03712,174,L-MMMMx,0.5623413251903491,L11,-0.25,44,0.8697483821192215,0.01058624591678381
8887,JG075A,275,S075_SNV,5.0,False,L11,100000.0,EVAGREEN,JG075A_275,STANDARD,,64.03712,174,L-MMMMx,0.5623413251903491,L11,-0.25,45,0.8692218054591264,-0.042497679591178894
8888,JG075A,275,S075_SNV,5.0,False,L11,100000.0,EVAGREEN,JG075A_275,STANDARD,,64.03712,174,L-MMMMx,0.5623413251903491,L11,-0.25,46,0.8713720393600916,-0.08978468924760818
8889,JG075A,275,S075_SNV,5.0,False,L11,100000.0,EVAGREEN,JG075A_275,STANDARD,,64.03712,174,L-MMMMx,0.5623413251903491,L11,-0.25,47,0.873165020226976,-0.13784538209438324
8890,JG075A,275,S075_SNV,5.0,False,L11,100000.0,EVAGREEN,JG075A_275,STANDARD,,64.03712,174,L-MMMMx,0.5623413251903491,L11,-0.25,48,0.8750749202686504,-0.18565285205841064
8891,JG075A,275,S075_SNV,5.0,False,L11,100000.0,EVAGREEN,JG075A_275,STANDARD,,64.03712,174,L-MMMMx,0.5623413251903491,L11,-0.25,49,0.8766841552760954,-0.2341114580631256
8892,JG075A,275,S075_SNV,5.0,False,L11,100000.0,EVAGREEN,JG075A_275,STANDARD,,64.03712,174,L-MMMMx,0.5623413251903491,L11,-0.25,50,0.8800400218353714,-0.2787875533103943
8893,JG075A,275,S075_SNV,5.0,False,L11,100000.0,EVAGREEN,JG075A_275,STANDARD,,64.03712,174,L-MMMMx,0.5623413251903491,L11,-0.25,51,0.880937613202663,-0.32878729701042175
8894,JG075A,275,S075_SNV,5.0,False,L11,100000.0,EVAGREEN,JG075A_275,STANDARD,,64.03712,174,L-MMMMx,0.5623413251903491,L11,-0.25,52,0.8844726016992116,-0.3730754852294922
8895,JG075A,276,S075_SNV,5.0,False,L12,100000.0,EVAGREEN,JG075A_276,STANDARD,,20.769848,175,L-MMMMx,0.3162277660168379,L12,-0.5000000000000001,3,-0.008720211465171896,0.0028057056479156017
8896,JG075A,276,S075_SNV,5.0,False,L12,100000.0,EVAGREEN,JG075A_276,STANDARD,,20.769848,175,L-MMMMx,0.3162277660168379,L12,-0.5000000000000001,4,-0.00651087117817523,0.0014195776311680675
8897,JG075A,276,S075_SNV,5.0,False,L12,100000.0,EVAGREEN,JG075A_276,STANDARD,,20.769848,175,L-MMMMx,0.3162277660168379,L12,-0.5000000000000001,5,-0.004624132032354299,-0.0006651763687841594
8898,JG075A,276,S075_SNV,5.0,False,L12,100000.0,EVAGREEN,JG075A_276,STANDARD,,20.769848,175,L-MMMMx,0.3162277660168379,L12,-0.5000000000000001,6,-0.0028418439854807193,-0.0029761299956589937
8899,JG075A,276,S075_SNV,5.0,False,L12,100000.0,EVAGREEN,JG075A_276,STANDARD,,20.769848,175,L-MMMMx,0.3162277660168379,L12,-0.5000000000000001,7,0.0013466588439812008,-7.617735536769032e-05
8900,JG075A,276,S075_SNV,5.0,False,L12,100000.0,EVAGREEN,JG075A_276,STANDARD,,20.769848,175,L-MMMMx,0.3162277660168379,L12,-0.5000000000000001,8,0.004309808537557595,0.00017014669720083475
8901,JG075A,276,S075_SNV,5.0,False,L12,100000.0,EVAGREEN,JG075A_276,STANDARD,,20.769848,175,L-MMMMx,0.3162277660168379,L12,-0.5000000000000001,9,0.007263944335243275,0.0003969502286054194
8902,JG075A,276,S075_SNV,5.0,False,L12,100000.0,EVAGREEN,JG075A_276,STANDARD,,20.769848,175,L-MMMMx,0.3162277660168379,L12,-0.5000000000000001,10,0.009776646944400074,-0.0003322153352200985
8903,JG075A,276,S075_SNV,5.0,False,L12,100000.0,EVAGREEN,JG075A_276,STANDARD,,20.769848,175,L-MMMMx,0.3162277660168379,L12,-0.5000000000000001,11,0.01195500970521354,-0.001785428263247013
8904,JG075A,276,S075_SNV,5.0,False,L12,100000.0,EVAGREEN,JG075A_276,STANDARD,,20.769848,175,L-MMMMx,0.3162277660168379,L12,-0.5000000000000001,12,0.014994949534774944,-0.001372807309962809
8905,JG075A,276,S075_SNV,5.0,False,L12,100000.0,EVAGREEN,JG075A_276,STANDARD,,20.769848,175,L-MMMMx,0.3162277660168379,L12,-0.5000000000000001,13,0.01810477114041733,-0.0008088501053862274
8906,JG075A,276,S075_SNV,5.0,False,L12,100000.0,EVAGREEN,JG075A_276,STANDARD,,20.769848,175,L-MMMMx,0.3162277660168379,L12,-0.5000000000000001,14,0.021040191062665803,-0.0006225777324289083
8907,JG075A,276,S075_SNV,5.0,False,L12,100000.0,EVAGREEN,JG075A_276,STANDARD,,20.769848,175,L-MMMMx,0.3162277660168379,L12,-0.5000000000000001,15,0.0242686382905646,0.0001982755056815222
8908,JG075A,276,S075_SNV,5.0,False,L12,100000.0,EVAGREEN,JG075A_276,STANDARD,,20.769848,175,L-MMMMx,0.3162277660168379,L12,-0.5000000000000001,16,0.02871133298414464,0.0036487069446593523
8909,JG075A,276,S075_SNV,5.0,False,L12,100000.0,EVAGREEN,JG075A_276,STANDARD,,20.769848,175,L-MMMMx,0.3162277660168379,L12,-0.5000000000000001,17,0.03413281291639812,0.009218798950314522
8910,JG075A,276,S075_SNV,5.0,False,L12,100000.0,EVAGREEN,JG075A_276,STANDARD,,20.769848,175,L-MMMMx,0.3162277660168379,L12,-0.5000000000000001,18,0.043126217675842494,0.022524261847138405
8911,JG075A,276,S075_SNV,5.0,False,L12,100000.0,EVAGREEN,JG075A_276,STANDARD,,20.769848,175,L-MMMMx,0.3162277660168379,L12,-0.5000000000000001,19,0.05775311470355918,0.04802963510155678
8912,JG075A,276,S075_SNV,5.0,False,L12,100000.0,EVAGREEN,JG075A_276,STANDARD,,20.769848,175,L-MMMMx,0.3162277660168379,L12,-0.5000000000000001,20,0.08246167583902822,0.09536788612604141
8913,JG075A,276,S075_SNV,5.0,False,L12,100000.0,EVAGREEN,JG075A_276,STANDARD,,20.769848,175,L-MMMMx,0.3162277660168379,L12,-0.5000000000000001,21,0.1237231627247799,0.17855320870876312
8914,JG075A,276,S075_SNV,5.0,False,L12,100000.0,EVAGREEN,JG075A_276,STANDARD,,20.769848,175,L-MMMMx,0.3162277660168379,L12,-0.5000000000000001,22,0.18437077357516005,0.30372118949890137
8915,JG075A,276,S075_SNV,5.0,False,L12,100000.0,EVAGREEN,JG075A_276,STANDARD,,20.769848,175,L-MMMMx,0.3162277660168379,L12,-0.5000000000000001,23,0.26683261799468394,0.4761301279067993
8916,JG075A,276,S075_SNV,5.0,False,L12,100000.0,EVAGREEN,JG075A_276,STANDARD,,20.769848,175,L-MMMMx,0.3162277660168379,L12,-0.5000000000000001,24,0.3637092370125208,0.6797557473182678
8917,JG075A,276,S075_SNV,5.0,False,L12,100000.0,EVAGREEN,JG075A_276,STANDARD,,20.769848,175,L-MMMMx,0.3162277660168379,L12,-0.5000000000000001,25,0.46733705762740524,0.8980017900466919
8918,JG075A,276,S075_SNV,5.0,False,L12,100000.0,EVAGREEN,JG075A_276,STANDARD,,20.769848,175,L-MMMMx,0.3162277660168379,L12,-0.5000000000000001,26,0.5641088126961012,1.101400375366211
8919,JG075A,276,S075_SNV,5.0,False,L12,100000.0,EVAGREEN,JG075A_276,STANDARD,,20.769848,175,L-MMMMx,0.3162277660168379,L12,-0.5000000000000001,27,0.6439534345991554,1.2681413888931274
8920,JG075A,276,S075_SNV,5.0,False,L12,100000.0,EVAGREEN,JG075A_276,STANDARD,,20.769848,175,L-MMMMx,0.3162277660168379,L12,-0.5000000000000001,28,0.7078295614858,1.4003010988235474
8921,JG075A,276,S075_SNV,5.0,False,L12,100000.0,EVAGREEN,JG075A_276,STANDARD,,20.769848,175,L-MMMMx,0.3162277660168379,L12,-0.5000000000000001,29,0.7586777326206824,1.5042473077774048
8922,JG075A,276,S075_SNV,5.0,False,L12,100000.0,EVAGREEN,JG075A_276,STANDARD,,20.769848,175,L-MMMMx,0.3162277660168379,L12,-0.5000000000000001,30,0.7930111253631585,1.5724291801452637
8923,JG075A,276,S075_SNV,5.0,False,L12,100000.0,EVAGREEN,JG075A_276,STANDARD,,20.769848,175,L-MMMMx,0.3162277660168379,L12,-0.5000000000000001,31,0.8154538820668377,1.6148606538772583
8924,JG075A,276,S075_SNV,5.0,False,L12,100000.0,EVAGREEN,JG075A_276,STANDARD,,20.769848,175,L-MMMMx,0.3162277660168379,L12,-0.5000000000000001,32,0.8326396796403601,1.6459075212478638
8925,JG075A,276,S075_SNV,5.0,False,L12,100000.0,EVAGREEN,JG075A_276,STANDARD,,20.769848,175,L-MMMMx,0.3162277660168379,L12,-0.5000000000000001,33,0.8461972396203028,1.6690971851348877
8926,JG075A,276,S075_SNV,5.0,False,L12,100000.0,EVAGREEN,JG075A_276,STANDARD,,20.769848,175,L-MMMMx,0.3162277660168379,L12,-0.5000000000000001,34,0.8554422215259733,1.6829473972320557
8927,JG075A,276,S075_SNV,5.0,False,L12,100000.0,EVAGREEN,JG075A_276,STANDARD,,20.769848,175,L-MMMMx,0.3162277660168379,L12,-0.5000000000000001,35,0.8600153906423623,1.6866804361343384
8928,JG075A,276,S075_SNV,5.0,False,L12,100000.0,EVAGREEN,JG075A_276,STANDARD,,20.769848,175,L-MMMMx,0.3162277660168379,L12,-0.5000000000000001,36,0.866244914734944,1.6940003633499146
8929,JG075A,276,S075_SNV,5.0,False,L12,100000.0,EVAGREEN,JG075A_276,STANDARD,,20.769848,175,L-MMMMx,0.3162277660168379,L12,-0.5000000000000001,37,0.8718242272961603,1.6999123096466064
8930,JG075A,276,S075_SNV,5.0,False,L12,100000.0,EVAGREEN,JG075A_276,STANDARD,,20.769848,175,L-MMMMx,0.3162277660168379,L12,-0.5000000000000001,38,0.8761857969267239,1.703187108039856
8931,JG075A,276,S075_SNV,5.0,False,L12,100000.0,EVAGREEN,JG075A_276,STANDARD,,20.769848,175,L-MMMMx,0.3162277660168379,L12,-0.5000000000000001,39,0.8789121495110003,1.7029205560684204
8932,JG075A,276,S075_SNV,5.0,False,L12,100000.0,EVAGREEN,JG075A_276,STANDARD,,20.769848,175,L-MMMMx,0.3162277660168379,L12,-0.5000000000000001,40,0.8800203495236527,1.6991498470306396
8933,JG075A,276,S075_SNV,5.0,False,L12,100000.0,EVAGREEN,JG075A_276,STANDARD,,20.769848,175,L-MMMMx,0.3162277660168379,L12,-0.5000000000000001,41,0.8844924529126809,1.7026638984680176
8934,JG075A,276,S075_SNV,5.0,False,L12,100000.0,EVAGREEN,JG075A_276,STANDARD,,20.769848,175,L-MMMMx,0.3162277660168379,L12,-0.5000000000000001,42,0.888190489712303,1.704501748085022
8935,JG075A,276,S075_SNV,5.0,False,L12,100000.0,EVAGREEN,JG075A_276,STANDARD,,20.769848,175,L-MMMMx,0.3162277660168379,L12,-0.5000000000000001,43,0.8892831665576811,1.7006973028182983
8936,JG075A,276,S075_SNV,5.0,False,L12,100000.0,EVAGREEN,JG075A_276,STANDARD,,20.769848,175,L-MMMMx,0.3162277660168379,L12,-0.5000000000000001,44,0.8897823299649299,1.6956076622009277
8937,JG075A,276,S075_SNV,5.0,False,L12,100000.0,EVAGREEN,JG075A_276,STANDARD,,20.769848,175,L-MMMMx,0.3162277660168379,L12,-0.5000000000000001,45,0.8918852237103775,1.69399094581604
8938,JG075A,276,S075_SNV,5.0,False,L12,100000.0,EVAGREEN,JG075A_276,STANDARD,,20.769848,175,L-MMMMx,0.3162277660168379,L12,-0.5000000000000001,46,0.8952254570089943,1.6950539350509644
8939,JG075A,276,S075_SNV,5.0,False,L12,100000.0,EVAGREEN,JG075A_276,STANDARD,,20.769848,175,L-MMMMx,0.3162277660168379,L12,-0.5000000000000001,47,0.8953519543082727,1.689157247543335
8940,JG075A,276,S075_SNV,5.0,False,L12,100000.0,EVAGREEN,JG075A_276,STANDARD,,20.769848,175,L-MMMMx,0.3162277660168379,L12,-0.5000000000000001,48,0.8971272101401843,1.686830997467041
8941,JG075A,276,S075_SNV,5.0,False,L12,100000.0,EVAGREEN,JG075A_276,STANDARD,,20.769848,175,L-MMMMx,0.3162277660168379,L12,-0.5000000000000001,49,0.8986382418482763,1.6839326620101929
8942,JG075A,276,S075_SNV,5.0,False,L12,100000.0,EVAGREEN,JG075A_276,STANDARD,,20.769848,175,L-MMMMx,0.3162277660168379,L12,-0.5000000000000001,50,0.899851581043532,1.6803895235061646
8943,JG075A,277,S075_SNV,5.0,False,L13,100000.0,EVAGREEN,JG075A_277,STANDARD,,63.344646,176,L-MMMMx,0.1778279410038923,L13,-0.75,3,-0.008490286591383985,0.2437008023262024
8944,JG075A,277,S075_SNV,5.0,False,L13,100000.0,EVAGREEN,JG075A_277,STANDARD,,63.344646,176,L-MMMMx,0.1778279410038923,L13,-0.75,4,-0.006788999752468786,0.19414466619491577
8945,JG075A,277,S075_SNV,5.0,False,L13,100000.0,EVAGREEN,JG075A_277,STANDARD,,63.344646,176,L-MMMMx,0.1778279410038923,L13,-0.75,5,-0.0042623152834265435,0.14637601375579834
8946,JG075A,277,S075_SNV,5.0,False,L13,100000.0,EVAGREEN,JG075A_277,STANDARD,,63.344646,176,L-MMMMx,0.1778279410038923,L13,-0.75,6,-0.001662363666716883,0.0987660214304924
8947,JG075A,277,S075_SNV,5.0,False,L13,100000.0,EVAGREEN,JG075A_277,STANDARD,,63.344646,176,L-MMMMx,0.1778279410038923,L13,-0.75,7,0.0017522239517434271,0.05292021483182907
8948,JG075A,277,S075_SNV,5.0,False,L13,100000.0,EVAGREEN,JG075A_277,STANDARD,,63.344646,176,L-MMMMx,0.1778279410038923,L13,-0.75,8,0.00417438851347274,0.00492520909756422
8949,JG075A,277,S075_SNV,5.0,False,L13,100000.0,EVAGREEN,JG075A_277,STANDARD,,63.344646,176,L-MMMMx,0.1778279410038923,L13,-0.75,9,0.006705641857989359,-0.04283355176448822
8950,JG075A,277,S075_SNV,5.0,False,L13,100000.0,EVAGREEN,JG075A_277,STANDARD,,63.344646,176,L-MMMMx,0.1778279410038923,L13,-0.75,10,0.00857171097079067,-0.09203284233808517
8951,JG075A,277,S075_SNV,5.0,False,L13,100000.0,EVAGREEN,JG075A_277,STANDARD,,63.344646,176,L-MMMMx,0.1778279410038923,L13,-0.75,11,0.011594338615572656,-0.13872748613357544
8952,JG075A,277,S075_SNV,5.0,False,L13,100000.0,EVAGREEN,JG075A_277,STANDARD,,63.344646,176,L-MMMMx,0.1778279410038923,L13,-0.75,12,0.014300915675581933,-0.18610656261444092
8953,JG075A,277,S075_SNV,5.0,False,L13,100000.0,EVAGREEN,JG075A_277,STANDARD,,63.344646,176,L-MMMMx,0.1778279410038923,L13,-0.75,13,0.01668490535608859,-0.23418423533439636
8954,JG075A,277,S075_SNV,5.0,False,L13,100000.0,EVAGREEN,JG075A_277,STANDARD,,63.344646,176,L-MMMMx,0.1778279410038923,L13,-0.75,14,0.018463670414644577,-0.28357258439064026
8955,JG075A,277,S075_SNV,5.0,False,L13,100000.0,EVAGREEN,JG075A_277,STANDARD,,63.344646,176,L-MMMMx,0.1778279410038923,L13,-0.75,15,0.021064310115010018,-0.3311810791492462
8956,JG075A,277,S075_SNV,5.0,False,L13,100000.0,EVAGREEN,JG075A_277,STANDARD,,63.344646,176,L-MMMMx,0.1778279410038923,L13,-0.75,16,0.025051287003367194,-0.37578731775283813
8957,JG075A,277,S075_SNV,5.0,False,L13,100000.0,EVAGREEN,JG075A_277,STANDARD,,63.344646,176,L-MMMMx,0.1778279410038923,L13,-0.75,17,0.03131916487892212,-0.41545405983924866
8958,JG075A,277,S075_SNV,5.0,False,L13,100000.0,EVAGREEN,JG075A_277,STANDARD,,63.344646,176,L-MMMMx,0.1778279410038923,L13,-0.75,18,0.040289353695820485,-0.449268639087677
8959,JG075A,277,S075_SNV,5.0,False,L13,100000.0,EVAGREEN,JG075A_277,STANDARD,,63.344646,176,L-MMMMx,0.1778279410038923,L13,-0.75,19,0.05546567176100411,-0.4696432054042816
8960,JG075A,277,S075_SNV,5.0,False,L13,100000.0,EVAGREEN,JG075A_277,STANDARD,,63.344646,176,L-MMMMx,0.1778279410038923,L13,-0.75,20,0.08088788574090158,-0.46782922744750977
8961,JG075A,277,S075_SNV,5.0,False,L13,100000.0,EVAGREEN,JG075A_277,STANDARD,,63.344646,176,L-MMMMx,0.1778279410038923,L13,-0.75,21,0.12089185846069658,-0.43443694710731506
8962,JG075A,277,S075_SNV,5.0,False,L13,100000.0,EVAGREEN,JG075A_277,STANDARD,,63.344646,176,L-MMMMx,0.1778279410038923,L13,-0.75,22,0.1823655825482058,-0.35454970598220825
8963,JG075A,277,S075_SNV,5.0,False,L13,100000.0,EVAGREEN,JG075A_277,STANDARD,,63.344646,176,L-MMMMx,0.1778279410038923,L13,-0.75,23,0.2647111133065567,-0.2294624298810959
8964,JG075A,277,S075_SNV,5.0,False,L13,100000.0,EVAGREEN,JG075A_277,STANDARD,,63.344646,176,L-MMMMx,0.1778279410038923,L13,-0.75,24,0.363492513023669,-0.06878156960010529
8965,JG075A,277,S075_SNV,5.0,False,L13,100000.0,EVAGREEN,JG075A_277,STANDARD,,63.344646,176,L-MMMMx,0.1778279410038923,L13,-0.75,25,0.46562713705881914,0.0991610437631607
8966,JG075A,277,S075_SNV,5.0,False,L13,100000.0,EVAGREEN,JG075A_277,STANDARD,,63.344646,176,L-MMMMx,0.1778279410038923,L13,-0.75,26,0.5617851215065597,0.254160612821579
8967,JG075A,277,S075_SNV,5.0,False,L13,100000.0,EVAGREEN,JG075A_277,STANDARD,,63.344646,176,L-MMMMx,0.1778279410038923,L13,-0.75,27,0.6452891374311275,0.3817567229270935
8968,JG075A,277,S075_SNV,5.0,False,L13,100000.0,EVAGREEN,JG075A_277,STANDARD,,63.344646,176,L-MMMMx,0.1778279410038923,L13,-0.75,28,0.7085205024089603,0.46545031666755676
8969,JG075A,277,S075_SNV,5.0,False,L13,100000.0,EVAGREEN,JG075A_277,STANDARD,,63.344646,176,L-MMMMx,0.1778279410038923,L13,-0.75,29,0.7561515796962642,0.5153598785400391
8970,JG075A,277,S075_SNV,5.0,False,L13,100000.0,EVAGREEN,JG075A_277,STANDARD,,63.344646,176,L-MMMMx,0.1778279410038923,L13,-0.75,30,0.7901722521788617,0.5357946753501892
8971,JG075A,277,S075_SNV,5.0,False,L13,100000.0,EVAGREEN,JG075A_277,STANDARD,,63.344646,176,L-MMMMx,0.1778279410038923,L13,-0.75,31,0.8162839810285427,0.5391018986701965
8972,JG075A,277,S075_SNV,5.0,False,L13,100000.0,EVAGREEN,JG075A_277,STANDARD,,63.344646,176,L-MMMMx,0.1778279410038923,L13,-0.75,32,0.8370905298454703,0.530920147895813
8973,JG075A,277,S075_SNV,5.0,False,L13,100000.0,EVAGREEN,JG075A_277,STANDARD,,63.344646,176,L-MMMMx,0.1778279410038923,L13,-0.75,33,0.8499587951423991,0.505547285079956
8974,JG075A,277,S075_SNV,5.0,False,L13,100000.0,EVAGREEN,JG075A_277,STANDARD,,63.344646,176,L-MMMMx,0.1778279410038923,L13,-0.75,34,0.8541783443064098,0.4614446759223938
8975,JG075A,277,S075_SNV,5.0,False,L13,100000.0,EVAGREEN,JG075A_277,STANDARD,,63.344646,176,L-MMMMx,0.1778279410038923,L13,-0.75,35,0.8584482061473311,0.41745105385780334
8976,JG075A,277,S075_SNV,5.0,False,L13,100000.0,EVAGREEN,JG075A_277,STANDARD,,63.344646,176,L-MMMMx,0.1778279410038923,L13,-0.75,36,0.866734494857077,0.3821554183959961
8977,JG075A,277,S075_SNV,5.0,False,L13,100000.0,EVAGREEN,JG075A_277,STANDARD,,63.344646,176,L-MMMMx,0.1778279410038923,L13,-0.75,37,0.8733295289876088,0.34319719672203064
8978,JG075A,277,S075_SNV,5.0,False,L13,100000.0,EVAGREEN,JG075A_277,STANDARD,,63.344646,176,L-MMMMx,0.1778279410038923,L13,-0.75,38,0.8763524731508725,0.2965032458305359
8979,JG075A,277,S075_SNV,5.0,False,L13,100000.0,EVAGREEN,JG075A_277,STANDARD,,63.344646,176,L-MMMMx,0.1778279410038923,L13,-0.75,39,0.8789178692063889,0.24881842732429504
8980,JG075A,277,S075_SNV,5.0,False,L13,100000.0,EVAGREEN,JG075A_277,STANDARD,,63.344646,176,L-MMMMx,0.1778279410038923,L13,-0.75,40,0.8831925751562469,0.20483528077602386
8981,JG075A,277,S075_SNV,5.0,False,L13,100000.0,EVAGREEN,JG075A_277,STANDARD,,63.344646,176,L-MMMMx,0.1778279410038923,L13,-0.75,41,0.8851724945907335,0.1558825522661209
8982,JG075A,277,S075_SNV,5.0,False,L13,100000.0,EVAGREEN,JG075A_277,STANDARD,,63.344646,176,L-MMMMx,0.1778279410038923,L13,-0.75,42,0.8835052403694332,0.0990314930677414
8983,JG075A,277,S075_SNV,5.0,False,L13,100000.0,EVAGREEN,JG075A_277,STANDARD,,63.344646,176,L-MMMMx,0.1778279410038923,L13,-0.75,43,0.8834357714435457,0.04564059525728226
8984,JG075A,277,S075_SNV,5.0,False,L13,100000.0,EVAGREEN,JG075A_277,STANDARD,,63.344646,176,L-MMMMx,0.1778279410038923,L13,-0.75,44,0.8875016302422014,0.0012051801895722747
8985,JG075A,277,S075_SNV,5.0,False,L13,100000.0,EVAGREEN,JG075A_277,STANDARD,,63.344646,176,L-MMMMx,0.1778279410038923,L13,-0.75,45,0.8919769263393923,-0.04234355688095093
8986,JG075A,277,S075_SNV,5.0,False,L13,100000.0,EVAGREEN,JG075A_277,STANDARD,,63.344646,176,L-MMMMx,0.1778279410038923,L13,-0.75,46,0.8940987561470469,-0.09098896384239197
8987,JG075A,277,S075_SNV,5.0,False,L13,100000.0,EVAGREEN,JG075A_277,STANDARD,,63.344646,176,L-MMMMx,0.1778279410038923,L13,-0.75,47,0.8965668296502899,-0.1388845443725586
8988,JG075A,277,S075_SNV,5.0,False,L13,100000.0,EVAGREEN,JG075A_277,STANDARD,,63.344646,176,L-MMMMx,0.1778279410038923,L13,-0.75,48,0.897337483344763,-0.1904560774564743
8989,JG075A,277,S075_SNV,5.0,False,L13,100000.0,EVAGREEN,JG075A_277,STANDARD,,63.344646,176,L-MMMMx,0.1778279410038923,L13,-0.75,49,0.896432075347142,-0.245657280087471
8990,JG075A,277,S075_SNV,5.0,False,L13,100000.0,EVAGREEN,JG075A_277,STANDARD,,63.344646,176,L-MMMMx,0.1778279410038923,L13,-0.75,50,0.8970170015012472,-0.29763102531433105
8991,JG075A,278,S075_SNV,5.0,False,L14,100000.0,EVAGREEN,JG075A_278,STANDARD,,20.619053,177,L-MMMMx,0.1,L14,-1.0,3,-0.010892907857080015,-0.0010913931764662266
8992,JG075A,278,S075_SNV,5.0,False,L14,100000.0,EVAGREEN,JG075A_278,STANDARD,,20.619053,177,L-MMMMx,0.1,L14,-1.0,4,-0.007193481128473159,0.0005255421856418252
8993,JG075A,278,S075_SNV,5.0,False,L14,100000.0,EVAGREEN,JG075A_278,STANDARD,,20.619053,177,L-MMMMx,0.1,L14,-1.0,5,-0.004076310789387048,0.0008815412293188274
8994,JG075A,278,S075_SNV,5.0,False,L14,100000.0,EVAGREEN,JG075A_278,STANDARD,,20.619053,177,L-MMMMx,0.1,L14,-1.0,6,-0.0015538098689719451,-5.0277663831366226e-05
8995,JG075A,278,S075_SNV,5.0,False,L14,100000.0,EVAGREEN,JG075A_278,STANDARD,,20.619053,177,L-MMMMx,0.1,L14,-1.0,7,0.0014471431406529829,5.404078183346428e-05
8996,JG075A,278,S075_SNV,5.0,False,L14,100000.0,EVAGREEN,JG075A_278,STANDARD,,20.619053,177,L-MMMMx,0.1,L14,-1.0,8,0.004241547198485973,-0.00028894381830468774
8997,JG075A,278,S075_SNV,5.0,False,L14,100000.0,EVAGREEN,JG075A_278,STANDARD,,20.619053,177,L-MMMMx,0.1,L14,-1.0,9,0.007958107210121744,0.0013650953769683838
8998,JG075A,278,S075_SNV,5.0,False,L14,100000.0,EVAGREEN,JG075A_278,STANDARD,,20.619053,177,L-MMMMx,0.1,L14,-1.0,10,0.010069712094651467,-0.0004565612762235105
8999,JG075A,278,S075_SNV,5.0,False,L14,100000.0,EVAGREEN,JG075A_278,STANDARD,,20.619053,177,L-MMMMx,0.1,L14,-1.0,11,0.013000384239675061,-0.0005044433055445552
9000,JG075A,278,S075_SNV,5.0,False,L14,100000.0,EVAGREEN,JG075A_278,STANDARD,,20.619053,177,L-MMMMx,0.1,L14,-1.0,12,0.015919895667801907,-0.0005764949601143599
9001,JG075A,278,S075_SNV,5.0,False,L14,100000.0,EVAGREEN,JG075A_278,STANDARD,,20.619053,177,L-MMMMx,0.1,L14,-1.0,13,0.018851737555040327,-0.0006218437920324504
9002,JG075A,278,S075_SNV,5.0,False,L14,100000.0,EVAGREEN,JG075A_278,STANDARD,,20.619053,177,L-MMMMx,0.1,L14,-1.0,14,0.02191910439912111,-0.0003736993530765176
9003,JG075A,278,S075_SNV,5.0,False,L14,100000.0,EVAGREEN,JG075A_278,STANDARD,,20.619053,177,L-MMMMx,0.1,L14,-1.0,15,0.02556967718816761,0.0011374377645552158
9004,JG075A,278,S075_SNV,5.0,False,L14,100000.0,EVAGREEN,JG075A_278,STANDARD,,20.619053,177,L-MMMMx,0.1,L14,-1.0,16,0.030458029903923017,0.005329114850610495
9005,JG075A,278,S075_SNV,5.0,False,L14,100000.0,EVAGREEN,JG075A_278,STANDARD,,20.619053,177,L-MMMMx,0.1,L14,-1.0,17,0.036814615524381054,0.012700402177870274
9006,JG075A,278,S075_SNV,5.0,False,L14,100000.0,EVAGREEN,JG075A_278,STANDARD,,20.619053,177,L-MMMMx,0.1,L14,-1.0,18,0.0462764538750071,0.026796434074640274
9007,JG075A,278,S075_SNV,5.0,False,L14,100000.0,EVAGREEN,JG075A_278,STANDARD,,20.619053,177,L-MMMMx,0.1,L14,-1.0,19,0.06181145618827554,0.05404452979564667
9008,JG075A,278,S075_SNV,5.0,False,L14,100000.0,EVAGREEN,JG075A_278,STANDARD,,20.619053,177,L-MMMMx,0.1,L14,-1.0,20,0.08846425273984246,0.10536935180425644
9009,JG075A,278,S075_SNV,5.0,False,L14,100000.0,EVAGREEN,JG075A_278,STANDARD,,20.619053,177,L-MMMMx,0.1,L14,-1.0,21,0.13230462212076383,0.19391563534736633
9010,JG075A,278,S075_SNV,5.0,False,L14,100000.0,EVAGREEN,JG075A_278,STANDARD,,20.619053,177,L-MMMMx,0.1,L14,-1.0,22,0.19757004495511996,0.3288600742816925
9011,JG075A,278,S075_SNV,5.0,False,L14,100000.0,EVAGREEN,JG075A_278,STANDARD,,20.619053,177,L-MMMMx,0.1,L14,-1.0,23,0.2848998610525151,0.5115872621536255
9012,JG075A,278,S075_SNV,5.0,False,L14,100000.0,EVAGREEN,JG075A_278,STANDARD,,20.619053,177,L-MMMMx,0.1,L14,-1.0,24,0.3870192646771994,0.7263427972793579
9013,JG075A,278,S075_SNV,5.0,False,L14,100000.0,EVAGREEN,JG075A_278,STANDARD,,20.619053,177,L-MMMMx,0.1,L14,-1.0,25,0.4931795083788153,0.9498491883277893
9014,JG075A,278,S075_SNV,5.0,False,L14,100000.0,EVAGREEN,JG075A_278,STANDARD,,20.619053,177,L-MMMMx,0.1,L14,-1.0,26,0.5912925311560495,1.1559284925460815
9015,JG075A,278,S075_SNV,5.0,False,L14,100000.0,EVAGREEN,JG075A_278,STANDARD,,20.619053,177,L-MMMMx,0.1,L14,-1.0,27,0.6783618663047126,1.3380916118621826
9016,JG075A,278,S075_SNV,5.0,False,L14,100000.0,EVAGREEN,JG075A_278,STANDARD,,20.619053,177,L-MMMMx,0.1,L14,-1.0,28,0.7485497019957853,1.4836959838867188
9017,JG075A,278,S075_SNV,5.0,False,L14,100000.0,EVAGREEN,JG075A_278,STANDARD,,20.619053,177,L-MMMMx,0.1,L14,-1.0,29,0.7979247135469897,1.5842281579971313
9018,JG075A,278,S075_SNV,5.0,False,L14,100000.0,EVAGREEN,JG075A_278,STANDARD,,20.619053,177,L-MMMMx,0.1,L14,-1.0,30,0.831378570237302,1.6502814292907715
9019,JG075A,278,S075_SNV,5.0,False,L14,100000.0,EVAGREEN,JG075A_278,STANDARD,,20.619053,177,L-MMMMx,0.1,L14,-1.0,31,0.8576780083082799,1.700840950012207
9020,JG075A,278,S075_SNV,5.0,False,L14,100000.0,EVAGREEN,JG075A_278,STANDARD,,20.619053,177,L-MMMMx,0.1,L14,-1.0,32,0.8760118596997977,1.7341502904891968
9021,JG075A,278,S075_SNV,5.0,False,L14,100000.0,EVAGREEN,JG075A_278,STANDARD,,20.619053,177,L-MMMMx,0.1,L14,-1.0,33,0.8885255142038838,1.7548552751541138
9022,JG075A,278,S075_SNV,5.0,False,L14,100000.0,EVAGREEN,JG075A_278,STANDARD,,20.619053,177,L-MMMMx,0.1,L14,-1.0,34,0.8957807783638094,1.7641727924346924
9023,JG075A,278,S075_SNV,5.0,False,L14,100000.0,EVAGREEN,JG075A_278,STANDARD,,20.619053,177,L-MMMMx,0.1,L14,-1.0,35,0.9029677846250818,1.7733423709869385
9024,JG075A,278,S075_SNV,5.0,False,L14,100000.0,EVAGREEN,JG075A_278,STANDARD,,20.619053,177,L-MMMMx,0.1,L14,-1.0,36,0.9083074238873168,1.77851140499115
9025,JG075A,278,S075_SNV,5.0,False,L14,100000.0,EVAGREEN,JG075A_278,STANDARD,,20.619053,177,L-MMMMx,0.1,L14,-1.0,37,0.9126689935178804,1.781562328338623
9026,JG075A,278,S075_SNV,5.0,False,L14,100000.0,EVAGREEN,JG075A_278,STANDARD,,20.619053,177,L-MMMMx,0.1,L14,-1.0,38,0.9135682362859457,1.7771151065826416
9027,JG075A,278,S075_SNV,5.0,False,L14,100000.0,EVAGREEN,JG075A_278,STANDARD,,20.619053,177,L-MMMMx,0.1,L14,-1.0,39,0.9172936863384141,1.778788447380066
9028,JG075A,278,S075_SNV,5.0,False,L14,100000.0,EVAGREEN,JG075A_278,STANDARD,,20.619053,177,L-MMMMx,0.1,L14,-1.0,40,0.9217594043111166,1.7820647954940796
9029,JG075A,278,S075_SNV,5.0,False,L14,100000.0,EVAGREEN,JG075A_278,STANDARD,,20.619053,177,L-MMMMx,0.1,L14,-1.0,41,0.9222350077339915,1.7767002582550049
9030,JG075A,278,S075_SNV,5.0,False,L14,100000.0,EVAGREEN,JG075A_278,STANDARD,,20.619053,177,L-MMMMx,0.1,L14,-1.0,42,0.9280047818511276,1.7828007936477661
9031,JG075A,278,S075_SNV,5.0,False,L14,100000.0,EVAGREEN,JG075A_278,STANDARD,,20.619053,177,L-MMMMx,0.1,L14,-1.0,43,0.9298812135037848,1.7804697751998901
9032,JG075A,278,S075_SNV,5.0,False,L14,100000.0,EVAGREEN,JG075A_278,STANDARD,,20.619053,177,L-MMMMx,0.1,L14,-1.0,44,0.9303996432533955,1.775197982788086
9033,JG075A,278,S075_SNV,5.0,False,L14,100000.0,EVAGREEN,JG075A_278,STANDARD,,20.619053,177,L-MMMMx,0.1,L14,-1.0,45,0.9311360579051571,1.7703981399536133
9034,JG075A,278,S075_SNV,5.0,False,L14,100000.0,EVAGREEN,JG075A_278,STANDARD,,20.619053,177,L-MMMMx,0.1,L14,-1.0,46,0.9337119128322414,1.769581913948059
9035,JG075A,278,S075_SNV,5.0,False,L14,100000.0,EVAGREEN,JG075A_278,STANDARD,,20.619053,177,L-MMMMx,0.1,L14,-1.0,47,0.9376049250165652,1.771618127822876
9036,JG075A,278,S075_SNV,5.0,False,L14,100000.0,EVAGREEN,JG075A_278,STANDARD,,20.619053,177,L-MMMMx,0.1,L14,-1.0,48,0.9406971179189466,1.7719199657440186
9037,JG075A,278,S075_SNV,5.0,False,L14,100000.0,EVAGREEN,JG075A_278,STANDARD,,20.619053,177,L-MMMMx,0.1,L14,-1.0,49,0.9390926169270534,1.762050747871399
9038,JG075A,278,S075_SNV,5.0,False,L14,100000.0,EVAGREEN,JG075A_278,STANDARD,,20.619053,177,L-MMMMx,0.1,L14,-1.0,50,0.938281228680158,1.7538989782333374
9451,JG075A,296,S075_SNV,4.0,False,M8,10000.0,EVAGREEN,JG075A_296,STANDARD,,23.727137,186,L-MMMMx,3.1622776601683795,M8,0.5,3,-0.006830895446060069,-0.00025566419935785234
9452,JG075A,296,S075_SNV,4.0,False,M8,10000.0,EVAGREEN,JG075A_296,STANDARD,,23.727137,186,L-MMMMx,3.1622776601683795,M8,0.5,4,-0.005206412504802996,-0.0008238442824222147
9453,JG075A,296,S075_SNV,4.0,False,M8,10000.0,EVAGREEN,JG075A_296,STANDARD,,23.727137,186,L-MMMMx,3.1622776601683795,M8,0.5,5,-0.00282756969004157,0.0002416196948615834
9454,JG075A,296,S075_SNV,4.0,False,M8,10000.0,EVAGREEN,JG075A_296,STANDARD,,23.727137,186,L-MMMMx,3.1622776601683795,M8,0.5,6,-0.000612821065510477,0.0009517208090983331
9455,JG075A,296,S075_SNV,4.0,False,M8,10000.0,EVAGREEN,JG075A_296,STANDARD,,23.727137,186,L-MMMMx,3.1622776601683795,M8,0.5,7,0.0019294003324792702,0.002370998030528426
9456,JG075A,296,S075_SNV,4.0,False,M8,10000.0,EVAGREEN,JG075A_296,STANDARD,,23.727137,186,L-MMMMx,3.1622776601683795,M8,0.5,8,0.002932846489375858,0.00045789865544065833
9457,JG075A,296,S075_SNV,4.0,False,M8,10000.0,EVAGREEN,JG075A_296,STANDARD,,23.727137,186,L-MMMMx,3.1622776601683795,M8,0.5,9,0.004573292971447019,-7.571075548185036e-05
9458,JG075A,296,S075_SNV,4.0,False,M8,10000.0,EVAGREEN,JG075A_296,STANDARD,,23.727137,186,L-MMMMx,3.1622776601683795,M8,0.5,10,0.006042158913112966,-0.0009808954782783985
9459,JG075A,296,S075_SNV,4.0,False,M8,10000.0,EVAGREEN,JG075A_296,STANDARD,,23.727137,186,L-MMMMx,3.1622776601683795,M8,0.5,11,0.00844929572780005,0.00014584204473067075
9460,JG075A,296,S075_SNV,4.0,False,M8,10000.0,EVAGREEN,JG075A_296,STANDARD,,23.727137,186,L-MMMMx,3.1622776601683795,M8,0.5,12,0.010425361893814298,0.00033905167947523296
9461,JG075A,296,S075_SNV,4.0,False,M8,10000.0,EVAGREEN,JG075A_296,STANDARD,,23.727137,186,L-MMMMx,3.1622776601683795,M8,0.5,13,0.010880047573553493,-0.002762445015832782
9462,JG075A,296,S075_SNV,4.0,False,M8,10000.0,EVAGREEN,JG075A_296,STANDARD,,23.727137,186,L-MMMMx,3.1622776601683795,M8,0.5,14,0.013265771224872715,-0.0016820798628032207
9463,JG075A,296,S075_SNV,4.0,False,M8,10000.0,EVAGREEN,JG075A_296,STANDARD,,23.727137,186,L-MMMMx,3.1622776601683795,M8,0.5,15,0.01566316477499396,-0.0005764423403888941
9464,JG075A,296,S075_SNV,4.0,False,M8,10000.0,EVAGREEN,JG075A_296,STANDARD,,23.727137,186,L-MMMMx,3.1622776601683795,M8,0.5,16,0.017805637092321958,-2.2863056074129418e-05
9465,JG075A,296,S075_SNV,4.0,False,M8,10000.0,EVAGREEN,JG075A_296,STANDARD,,23.727137,186,L-MMMMx,3.1622776601683795,M8,0.5,17,0.019556782472934953,-0.0003167425747960806
9466,JG075A,296,S075_SNV,4.0,False,M8,10000.0,EVAGREEN,JG075A_296,STANDARD,,23.727137,186,L-MMMMx,3.1622776601683795,M8,0.5,18,0.02216357364118306,0.001242367085069418
9467,JG075A,296,S075_SNV,4.0,False,M8,10000.0,EVAGREEN,JG075A_296,STANDARD,,23.727137,186,L-MMMMx,3.1622776601683795,M8,0.5,19,0.02428353186129395,0.0017471897881478071
9468,JG075A,296,S075_SNV,4.0,False,M8,10000.0,EVAGREEN,JG075A_296,STANDARD,,23.727137,186,L-MMMMx,3.1622776601683795,M8,0.5,20,0.029608638796718937,0.009193092584609985
9469,JG075A,296,S075_SNV,4.0,False,M8,10000.0,EVAGREEN,JG075A_296,STANDARD,,23.727137,186,L-MMMMx,3.1622776601683795,M8,0.5,21,0.03796566250627893,0.023204924538731575
9470,JG075A,296,S075_SNV,4.0,False,M8,10000.0,EVAGREEN,JG075A_296,STANDARD,,23.727137,186,L-MMMMx,3.1622776601683795,M8,0.5,22,0.05327315683960039,0.05226871743798256
9471,JG075A,296,S075_SNV,4.0,False,M8,10000.0,EVAGREEN,JG075A_296,STANDARD,,23.727137,186,L-MMMMx,3.1622776601683795,M8,0.5,23,0.079044091616247,0.10399216413497925
9472,JG075A,296,S075_SNV,4.0,False,M8,10000.0,EVAGREEN,JG075A_296,STANDARD,,23.727137,186,L-MMMMx,3.1622776601683795,M8,0.5,24,0.11589141175678726,0.17970266938209534
9473,JG075A,296,S075_SNV,4.0,False,M8,10000.0,EVAGREEN,JG075A_296,STANDARD,,23.727137,186,L-MMMMx,3.1622776601683795,M8,0.5,25,0.17025767205363232,0.29335224628448486
9474,JG075A,296,S075_SNV,4.0,False,M8,10000.0,EVAGREEN,JG075A_296,STANDARD,,23.727137,186,L-MMMMx,3.1622776601683795,M8,0.5,26,0.2419854389663398,0.4445999562740326
9475,JG075A,296,S075_SNV,4.0,False,M8,10000.0,EVAGREEN,JG075A_296,STANDARD,,23.727137,186,L-MMMMx,3.1622776601683795,M8,0.5,27,0.32361836276741907,0.6172983050346375
9476,JG075A,296,S075_SNV,4.0,False,M8,10000.0,EVAGREEN,JG075A_296,STANDARD,,23.727137,186,L-MMMMx,3.1622776601683795,M8,0.5,28,0.404382759854827,0.7881157994270325
9477,JG075A,296,S075_SNV,4.0,False,M8,10000.0,EVAGREEN,JG075A_296,STANDARD,,23.727137,186,L-MMMMx,3.1622776601683795,M8,0.5,29,0.47332676048301986,0.9333349466323853
9478,JG075A,296,S075_SNV,4.0,False,M8,10000.0,EVAGREEN,JG075A_296,STANDARD,,23.727137,186,L-MMMMx,3.1622776601683795,M8,0.5,30,0.529956926100765,1.0518872737884521
9479,JG075A,296,S075_SNV,4.0,False,M8,10000.0,EVAGREEN,JG075A_296,STANDARD,,23.727137,186,L-MMMMx,3.1622776601683795,M8,0.5,31,0.5759768417463877,1.147462010383606
9480,JG075A,296,S075_SNV,4.0,False,M8,10000.0,EVAGREEN,JG075A_296,STANDARD,,23.727137,186,L-MMMMx,3.1622776601683795,M8,0.5,32,0.6101155893843169,1.2173067331314087
9481,JG075A,296,S075_SNV,4.0,False,M8,10000.0,EVAGREEN,JG075A_296,STANDARD,,23.727137,186,L-MMMMx,3.1622776601683795,M8,0.5,33,0.6333569635022401,1.263552188873291
9482,JG075A,296,S075_SNV,4.0,False,M8,10000.0,EVAGREEN,JG075A_296,STANDARD,,23.727137,186,L-MMMMx,3.1622776601683795,M8,0.5,34,0.6478885196586119,1.2909356355667114
9483,JG075A,296,S075_SNV,4.0,False,M8,10000.0,EVAGREEN,JG075A_296,STANDARD,,23.727137,186,L-MMMMx,3.1622776601683795,M8,0.5,35,0.6597518525379477,1.3125407695770264
9484,JG075A,296,S075_SNV,4.0,False,M8,10000.0,EVAGREEN,JG075A_296,STANDARD,,23.727137,186,L-MMMMx,3.1622776601683795,M8,0.5,36,0.668994302295765,1.32846999168396
9485,JG075A,296,S075_SNV,4.0,False,M8,10000.0,EVAGREEN,JG075A_296,STANDARD,,23.727137,186,L-MMMMx,3.1622776601683795,M8,0.5,37,0.6753114607227468,1.3380643129348755
9486,JG075A,296,S075_SNV,4.0,False,M8,10000.0,EVAGREEN,JG075A_296,STANDARD,,23.727137,186,L-MMMMx,3.1622776601683795,M8,0.5,38,0.6784246814616488,1.3407201766967773
9487,JG075A,296,S075_SNV,4.0,False,M8,10000.0,EVAGREEN,JG075A_296,STANDARD,,23.727137,186,L-MMMMx,3.1622776601683795,M8,0.5,39,0.6814900115781084,1.34327232837677
9488,JG075A,296,S075_SNV,4.0,False,M8,10000.0,EVAGREEN,JG075A_296,STANDARD,,23.727137,186,L-MMMMx,3.1622776601683795,M8,0.5,40,0.6856564957305854,1.348209023475647
9489,JG075A,296,S075_SNV,4.0,False,M8,10000.0,EVAGREEN,JG075A_296,STANDARD,,23.727137,186,L-MMMMx,3.1622776601683795,M8,0.5,41,0.6899481560617218,1.353416919708252
9490,JG075A,296,S075_SNV,4.0,False,M8,10000.0,EVAGREEN,JG075A_296,STANDARD,,23.727137,186,L-MMMMx,3.1622776601683795,M8,0.5,42,0.6943580566882674,1.358880877494812
9491,JG075A,296,S075_SNV,4.0,False,M8,10000.0,EVAGREEN,JG075A_296,STANDARD,,23.727137,186,L-MMMMx,3.1622776601683795,M8,0.5,43,0.6970324451948593,1.360586404800415
9492,JG075A,296,S075_SNV,4.0,False,M8,10000.0,EVAGREEN,JG075A_296,STANDARD,,23.727137,186,L-MMMMx,3.1622776601683795,M8,0.5,44,0.6955294503038667,1.3532452583312988
9493,JG075A,296,S075_SNV,4.0,False,M8,10000.0,EVAGREEN,JG075A_296,STANDARD,,23.727137,186,L-MMMMx,3.1622776601683795,M8,0.5,45,0.6963876282393551,1.3510175943374634
9494,JG075A,296,S075_SNV,4.0,False,M8,10000.0,EVAGREEN,JG075A_296,STANDARD,,23.727137,186,L-MMMMx,3.1622776601683795,M8,0.5,46,0.7026965296624675,1.3605940341949463
9495,JG075A,296,S075_SNV,4.0,False,M8,10000.0,EVAGREEN,JG075A_296,STANDARD,,23.727137,186,L-MMMMx,3.1622776601683795,M8,0.5,47,0.7047008898284075,1.3608485460281372
9496,JG075A,296,S075_SNV,4.0,False,M8,10000.0,EVAGREEN,JG075A_296,STANDARD,,23.727137,186,L-MMMMx,3.1622776601683795,M8,0.5,48,0.7051909154847076,1.3578236103057861
9497,JG075A,296,S075_SNV,4.0,False,M8,10000.0,EVAGREEN,JG075A_296,STANDARD,,23.727137,186,L-MMMMx,3.1622776601683795,M8,0.5,49,0.7094594562050097,1.3629813194274902
9498,JG075A,296,S075_SNV,4.0,False,M8,10000.0,EVAGREEN,JG075A_296,STANDARD,,23.727137,186,L-MMMMx,3.1622776601683795,M8,0.5,50,0.7075891897819082,1.3548449277877808
9499,JG075A,296,S075_SNV,4.0,False,M8,10000.0,EVAGREEN,JG075A_296,STANDARD,,23.727137,186,L-MMMMx,3.1622776601683795,M8,0.5,51,0.7090165505174575,1.3538498878479004
9500,JG075A,296,S075_SNV,4.0,False,M8,10000.0,EVAGREEN,JG075A_296,STANDARD,,23.727137,186,L-MMMMx,3.1622776601683795,M8,0.5,52,0.7111875920681735,1.354465365409851
9501,JG075A,296,S075_SNV,4.0,False,M8,10000.0,EVAGREEN,JG075A_296,STANDARD,,23.727137,186,L-MMMMx,3.1622776601683795,M8,0.5,53,0.7138044017344497,1.3560460805892944
9502,JG075A,296,S075_SNV,4.0,False,M8,10000.0,EVAGREEN,JG075A_296,STANDARD,,23.727137,186,L-MMMMx,3.1622776601683795,M8,0.5,54,0.7135540493771309,1.3514177799224854
9503,JG075A,297,S075_SNV,4.0,False,M9,10000.0,EVAGREEN,JG075A_297,STANDARD,,66.79629,187,L-MMMMx,1.7782794100389228,M9,0.25,3,-0.00840442579260666,0.2798137962818146
9504,JG075A,297,S075_SNV,4.0,False,M9,10000.0,EVAGREEN,JG075A_297,STANDARD,,66.79629,187,L-MMMMx,1.7782794100389228,M9,0.25,4,-0.006701996734822867,0.2366810441017151
9505,JG075A,297,S075_SNV,4.0,False,M9,10000.0,EVAGREEN,JG075A_297,STANDARD,,66.79629,187,L-MMMMx,1.7782794100389228,M9,0.25,5,-0.003638593252599377,0.1964956372976303
9506,JG075A,297,S075_SNV,4.0,False,M9,10000.0,EVAGREEN,JG075A_297,STANDARD,,66.79629,187,L-MMMMx,1.7782794100389228,M9,0.25,6,-0.001107161006332255,0.15515819191932678
9507,JG075A,297,S075_SNV,4.0,False,M9,10000.0,EVAGREEN,JG075A_297,STANDARD,,66.79629,187,L-MMMMx,1.7782794100389228,M9,0.25,7,0.00157515422397423,0.11414749920368195
9508,JG075A,297,S075_SNV,4.0,False,M9,10000.0,EVAGREEN,JG075A_297,STANDARD,,66.79629,187,L-MMMMx,1.7782794100389228,M9,0.25,8,0.003631093140751379,0.07178032398223877
9509,JG075A,297,S075_SNV,4.0,False,M9,10000.0,EVAGREEN,JG075A_297,STANDARD,,66.79629,187,L-MMMMx,1.7782794100389228,M9,0.25,9,0.00596644906846753,0.03001824952661991
9510,JG075A,297,S075_SNV,4.0,False,M9,10000.0,EVAGREEN,JG075A_297,STANDARD,,66.79629,187,L-MMMMx,1.7782794100389228,M9,0.25,10,0.008679480353168019,-0.010925926268100739
9511,JG075A,297,S075_SNV,4.0,False,M9,10000.0,EVAGREEN,JG075A_297,STANDARD,,66.79629,187,L-MMMMx,1.7782794100389228,M9,0.25,11,0.010306385348893436,-0.054222218692302704
9512,JG075A,297,S075_SNV,4.0,False,M9,10000.0,EVAGREEN,JG075A_297,STANDARD,,66.79629,187,L-MMMMx,1.7782794100389228,M9,0.25,12,0.012744073077897138,-0.09576267749071121
9513,JG075A,297,S075_SNV,4.0,False,M9,10000.0,EVAGREEN,JG075A_297,STANDARD,,66.79629,187,L-MMMMx,1.7782794100389228,M9,0.25,13,0.015130842616373145,-0.1374134123325348
9514,JG075A,297,S075_SNV,4.0,False,M9,10000.0,EVAGREEN,JG075A_297,STANDARD,,66.79629,187,L-MMMMx,1.7782794100389228,M9,0.25,14,0.017432014548070165,-0.17924951016902924
9515,JG075A,297,S075_SNV,4.0,False,M9,10000.0,EVAGREEN,JG075A_297,STANDARD,,66.79629,187,L-MMMMx,1.7782794100389228,M9,0.25,15,0.019255876609425952,-0.2221192717552185
9516,JG075A,297,S075_SNV,4.0,False,M9,10000.0,EVAGREEN,JG075A_297,STANDARD,,66.79629,187,L-MMMMx,1.7782794100389228,M9,0.25,16,0.021346219708992083,-0.26441195607185364
9517,JG075A,297,S075_SNV,4.0,False,M9,10000.0,EVAGREEN,JG075A_297,STANDARD,,66.79629,187,L-MMMMx,1.7782794100389228,M9,0.25,17,0.022589118978099988,-0.30853983759880066
9518,JG075A,297,S075_SNV,4.0,False,M9,10000.0,EVAGREEN,JG075A_297,STANDARD,,66.79629,187,L-MMMMx,1.7782794100389228,M9,0.25,18,0.02601472969672589,-0.3479408621788025
9519,JG075A,297,S075_SNV,4.0,False,M9,10000.0,EVAGREEN,JG075A_297,STANDARD,,66.79629,187,L-MMMMx,1.7782794100389228,M9,0.25,19,0.030756892158974352,-0.3844907283782959
9520,JG075A,297,S075_SNV,4.0,False,M9,10000.0,EVAGREEN,JG075A_297,STANDARD,,66.79629,187,L-MMMMx,1.7782794100389228,M9,0.25,20,0.03721997936767397,-0.4173137843608856
9521,JG075A,297,S075_SNV,4.0,False,M9,10000.0,EVAGREEN,JG075A_297,STANDARD,,66.79629,187,L-MMMMx,1.7782794100389228,M9,0.25,21,0.04682309505450469,-0.44333675503730774
9522,JG075A,297,S075_SNV,4.0,False,M9,10000.0,EVAGREEN,JG075A_297,STANDARD,,66.79629,187,L-MMMMx,1.7782794100389228,M9,0.25,22,0.06454135928421574,-0.4517855644226074
9523,JG075A,297,S075_SNV,4.0,False,M9,10000.0,EVAGREEN,JG075A_297,STANDARD,,66.79629,187,L-MMMMx,1.7782794100389228,M9,0.25,23,0.09554503264633547,-0.43146345019340515
9524,JG075A,297,S075_SNV,4.0,False,M9,10000.0,EVAGREEN,JG075A_297,STANDARD,,66.79629,187,L-MMMMx,1.7782794100389228,M9,0.25,24,0.1426613683124238,-0.37624767422676086
9525,JG075A,297,S075_SNV,4.0,False,M9,10000.0,EVAGREEN,JG075A_297,STANDARD,,66.79629,187,L-MMMMx,1.7782794100389228,M9,0.25,25,0.20932247251081712,-0.2787057161331177
9526,JG075A,297,S075_SNV,4.0,False,M9,10000.0,EVAGREEN,JG075A_297,STANDARD,,66.79629,187,L-MMMMx,1.7782794100389228,M9,0.25,26,0.2928508741201457,-0.144635871052742
9527,JG075A,297,S075_SNV,4.0,False,M9,10000.0,EVAGREEN,JG075A_297,STANDARD,,66.79629,187,L-MMMMx,1.7782794100389228,M9,0.25,27,0.38387850683039315,0.005674337036907673
9528,JG075A,297,S075_SNV,4.0,False,M9,10000.0,EVAGREEN,JG075A_297,STANDARD,,66.79629,187,L-MMMMx,1.7782794100389228,M9,0.25,28,0.4728473932425479,0.15152610838413239
9529,JG075A,297,S075_SNV,4.0,False,M9,10000.0,EVAGREEN,JG075A_297,STANDARD,,66.79629,187,L-MMMMx,1.7782794100389228,M9,0.25,29,0.5528132830090966,0.2778809666633606
9530,JG075A,297,S075_SNV,4.0,False,M9,10000.0,EVAGREEN,JG075A_297,STANDARD,,66.79629,187,L-MMMMx,1.7782794100389228,M9,0.25,30,0.6177468018112509,0.37168166041374207
9531,JG075A,297,S075_SNV,4.0,False,M9,10000.0,EVAGREEN,JG075A_297,STANDARD,,66.79629,187,L-MMMMx,1.7782794100389228,M9,0.25,31,0.664907284924694,0.4269930422306061
9532,JG075A,297,S075_SNV,4.0,False,M9,10000.0,EVAGREEN,JG075A_297,STANDARD,,66.79629,187,L-MMMMx,1.7782794100389228,M9,0.25,32,0.7002832620224075,0.45678383111953735
9533,JG075A,297,S075_SNV,4.0,False,M9,10000.0,EVAGREEN,JG075A_297,STANDARD,,66.79629,187,L-MMMMx,1.7782794100389228,M9,0.25,33,0.7267232893459342,0.4672229290008545
9534,JG075A,297,S075_SNV,4.0,False,M9,10000.0,EVAGREEN,JG075A_297,STANDARD,,66.79629,187,L-MMMMx,1.7782794100389228,M9,0.25,34,0.7466310357683361,0.46351566910743713
9535,JG075A,297,S075_SNV,4.0,False,M9,10000.0,EVAGREEN,JG075A_297,STANDARD,,66.79629,187,L-MMMMx,1.7782794100389228,M9,0.25,35,0.7602790925106869,0.4462524354457855
9536,JG075A,297,S075_SNV,4.0,False,M9,10000.0,EVAGREEN,JG075A_297,STANDARD,,66.79629,187,L-MMMMx,1.7782794100389228,M9,0.25,36,0.7712274392679132,0.423142671585083
9537,JG075A,297,S075_SNV,4.0,False,M9,10000.0,EVAGREEN,JG075A_297,STANDARD,,66.79629,187,L-MMMMx,1.7782794100389228,M9,0.25,37,0.7750046332112962,0.3845030665397644
9538,JG075A,297,S075_SNV,4.0,False,M9,10000.0,EVAGREEN,JG075A_297,STANDARD,,66.79629,187,L-MMMMx,1.7782794100389228,M9,0.25,38,0.7781190649774323,0.344428151845932
9539,JG075A,297,S075_SNV,4.0,False,M9,10000.0,EVAGREEN,JG075A_297,STANDARD,,66.79629,187,L-MMMMx,1.7782794100389228,M9,0.25,39,0.7828158689650918,0.30778002738952637
9540,JG075A,297,S075_SNV,4.0,False,M9,10000.0,EVAGREEN,JG075A_297,STANDARD,,66.79629,187,L-MMMMx,1.7782794100389228,M9,0.25,40,0.7873292573734666,0.2707347273826599
9541,JG075A,297,S075_SNV,4.0,False,M9,10000.0,EVAGREEN,JG075A_297,STANDARD,,66.79629,187,L-MMMMx,1.7782794100389228,M9,0.25,41,0.7915468248565487,0.23304876685142517
9542,JG075A,297,S075_SNV,4.0,False,M9,10000.0,EVAGREEN,JG075A_297,STANDARD,,66.79629,187,L-MMMMx,1.7782794100389228,M9,0.25,42,0.7949034620695192,0.1934983879327774
9543,JG075A,297,S075_SNV,4.0,False,M9,10000.0,EVAGREEN,JG075A_297,STANDARD,,66.79629,187,L-MMMMx,1.7782794100389228,M9,0.25,43,0.7962526565017719,0.14960068464279175
9544,JG075A,297,S075_SNV,4.0,False,M9,10000.0,EVAGREEN,JG075A_297,STANDARD,,66.79629,187,L-MMMMx,1.7782794100389228,M9,0.25,44,0.7995604122518359,0.10994444787502289
9545,JG075A,297,S075_SNV,4.0,False,M9,10000.0,EVAGREEN,JG075A_297,STANDARD,,66.79629,187,L-MMMMx,1.7782794100389228,M9,0.25,45,0.8024980340417829,0.06948664784431458
9546,JG075A,297,S075_SNV,4.0,False,M9,10000.0,EVAGREEN,JG075A_297,STANDARD,,66.79629,187,L-MMMMx,1.7782794100389228,M9,0.25,46,0.8061269321956723,0.030525876209139824
9547,JG075A,297,S075_SNV,4.0,False,M9,10000.0,EVAGREEN,JG075A_297,STANDARD,,66.79629,187,L-MMMMx,1.7782794100389228,M9,0.25,47,0.8048199035298458,-0.01912415400147438
9548,JG075A,297,S075_SNV,4.0,False,M9,10000.0,EVAGREEN,JG075A_297,STANDARD,,66.79629,187,L-MMMMx,1.7782794100389228,M9,0.25,48,0.8058562125621423,-0.06369944661855698
9549,JG075A,297,S075_SNV,4.0,False,M9,10000.0,EVAGREEN,JG075A_297,STANDARD,,66.79629,187,L-MMMMx,1.7782794100389228,M9,0.25,49,0.8066271965367704,-0.10884932428598404
9550,JG075A,297,S075_SNV,4.0,False,M9,10000.0,EVAGREEN,JG075A_297,STANDARD,,66.79629,187,L-MMMMx,1.7782794100389228,M9,0.25,50,0.8082673677853792,-0.15211689472198486
9551,JG075A,297,S075_SNV,4.0,False,M9,10000.0,EVAGREEN,JG075A_297,STANDARD,,66.79629,187,L-MMMMx,1.7782794100389228,M9,0.25,51,0.8117414746400645,-0.19141288101673126
9552,JG075A,297,S075_SNV,4.0,False,M9,10000.0,EVAGREEN,JG075A_297,STANDARD,,66.79629,187,L-MMMMx,1.7782794100389228,M9,0.25,52,0.815345271502191,-0.23042801022529602
9553,JG075A,297,S075_SNV,4.0,False,M9,10000.0,EVAGREEN,JG075A_297,STANDARD,,66.79629,187,L-MMMMx,1.7782794100389228,M9,0.25,53,0.8178024457603265,-0.27192628383636475
9554,JG075A,297,S075_SNV,4.0,False,M9,10000.0,EVAGREEN,JG075A_297,STANDARD,,66.79629,187,L-MMMMx,1.7782794100389228,M9,0.25,54,0.8186400362328339,-0.31693190336227417
9555,JG075A,298,S075_SNV,4.0,False,M10,10000.0,EVAGREEN,JG075A_298,STANDARD,,66.37829,188,L-MMMMx,1.0,M10,0.0,3,-0.008152662863793441,0.28398045897483826
9556,JG075A,298,S075_SNV,4.0,False,M10,10000.0,EVAGREEN,JG075A_298,STANDARD,,66.37829,188,L-MMMMx,1.0,M10,0.0,4,-0.0065353084692102445,0.2386035919189453
9557,JG075A,298,S075_SNV,4.0,False,M10,10000.0,EVAGREEN,JG075A_298,STANDARD,,66.37829,188,L-MMMMx,1.0,M10,0.0,5,-0.004285219868118309,0.19459696114063263
9558,JG075A,298,S075_SNV,4.0,False,M10,10000.0,EVAGREEN,JG075A_298,STANDARD,,66.37829,188,L-MMMMx,1.0,M10,0.0,6,-0.0017477049623340942,0.15121279656887054
9559,JG075A,298,S075_SNV,4.0,False,M10,10000.0,EVAGREEN,JG075A_298,STANDARD,,66.37829,188,L-MMMMx,1.0,M10,0.0,7,0.0012931018526335914,0.10891854763031006
9560,JG075A,298,S075_SNV,4.0,False,M10,10000.0,EVAGREEN,JG075A_298,STANDARD,,66.37829,188,L-MMMMx,1.0,M10,0.0,8,0.003519685516044095,0.06486101448535919
9561,JG075A,298,S075_SNV,4.0,False,M10,10000.0,EVAGREEN,JG075A_298,STANDARD,,66.37829,188,L-MMMMx,1.0,M10,0.0,9,0.006649888159570673,0.022760367020964622
9562,JG075A,298,S075_SNV,4.0,False,M10,10000.0,EVAGREEN,JG075A_298,STANDARD,,66.37829,188,L-MMMMx,1.0,M10,0.0,10,0.00925822063520773,-0.020470445975661278
9563,JG075A,298,S075_SNV,4.0,False,M10,10000.0,EVAGREEN,JG075A_298,STANDARD,,66.37829,188,L-MMMMx,1.0,M10,0.0,11,0.01208404259276362,-0.06323026120662689
9564,JG075A,298,S075_SNV,4.0,False,M10,10000.0,EVAGREEN,JG075A_298,STANDARD,,66.37829,188,L-MMMMx,1.0,M10,0.0,12,0.013734122246015697,-0.10853627324104309
9565,JG075A,298,S075_SNV,4.0,False,M10,10000.0,EVAGREEN,JG075A_298,STANDARD,,66.37829,188,L-MMMMx,1.0,M10,0.0,13,0.016191902017768163,-0.15209312736988068
9566,JG075A,298,S075_SNV,4.0,False,M10,10000.0,EVAGREEN,JG075A_298,STANDARD,,66.37829,188,L-MMMMx,1.0,M10,0.0,14,0.018888832144923408,-0.1951320618391037
9567,JG075A,298,S075_SNV,4.0,False,M10,10000.0,EVAGREEN,JG075A_298,STANDARD,,66.37829,188,L-MMMMx,1.0,M10,0.0,15,0.022137302607205395,-0.23697659373283386
9568,JG075A,298,S075_SNV,4.0,False,M10,10000.0,EVAGREEN,JG075A_298,STANDARD,,66.37829,188,L-MMMMx,1.0,M10,0.0,16,0.02498016151607839,-0.27969950437545776
9569,JG075A,298,S075_SNV,4.0,False,M10,10000.0,EVAGREEN,JG075A_298,STANDARD,,66.37829,188,L-MMMMx,1.0,M10,0.0,17,0.027188689864361234,-0.3237961530685425
9570,JG075A,298,S075_SNV,4.0,False,M10,10000.0,EVAGREEN,JG075A_298,STANDARD,,66.37829,188,L-MMMMx,1.0,M10,0.0,18,0.02956387207407391,-0.3675318658351898
9571,JG075A,298,S075_SNV,4.0,False,M10,10000.0,EVAGREEN,JG075A_298,STANDARD,,66.37829,188,L-MMMMx,1.0,M10,0.0,19,0.03407293931709046,-0.4066464304924011
9572,JG075A,298,S075_SNV,4.0,False,M10,10000.0,EVAGREEN,JG075A_298,STANDARD,,66.37829,188,L-MMMMx,1.0,M10,0.0,20,0.040535503582211675,-0.4415305256843567
9573,JG075A,298,S075_SNV,4.0,False,M10,10000.0,EVAGREEN,JG075A_298,STANDARD,,66.37829,188,L-MMMMx,1.0,M10,0.0,21,0.05151437373040824,-0.466634064912796
9574,JG075A,298,S075_SNV,4.0,False,M10,10000.0,EVAGREEN,JG075A_298,STANDARD,,66.37829,188,L-MMMMx,1.0,M10,0.0,22,0.06940121845578533,-0.47677770256996155
9575,JG075A,298,S075_SNV,4.0,False,M10,10000.0,EVAGREEN,JG075A_298,STANDARD,,66.37829,188,L-MMMMx,1.0,M10,0.0,23,0.10009448351910973,-0.45918768644332886
9576,JG075A,298,S075_SNV,4.0,False,M10,10000.0,EVAGREEN,JG075A_298,STANDARD,,66.37829,188,L-MMMMx,1.0,M10,0.0,24,0.14840569021513253,-0.40344420075416565
9577,JG075A,298,S075_SNV,4.0,False,M10,10000.0,EVAGREEN,JG075A_298,STANDARD,,66.37829,188,L-MMMMx,1.0,M10,0.0,25,0.21595772513102937,-0.3060327470302582
9578,JG075A,298,S075_SNV,4.0,False,M10,10000.0,EVAGREEN,JG075A_298,STANDARD,,66.37829,188,L-MMMMx,1.0,M10,0.0,26,0.303632023429854,-0.16504442691802979
9579,JG075A,298,S075_SNV,4.0,False,M10,10000.0,EVAGREEN,JG075A_298,STANDARD,,66.37829,188,L-MMMMx,1.0,M10,0.0,27,0.40146342732845064,-0.002059859922155738
9580,JG075A,298,S075_SNV,4.0,False,M10,10000.0,EVAGREEN,JG075A_298,STANDARD,,66.37829,188,L-MMMMx,1.0,M10,0.0,28,0.49762873298628874,0.15731659531593323
9581,JG075A,298,S075_SNV,4.0,False,M10,10000.0,EVAGREEN,JG075A_298,STANDARD,,66.37829,188,L-MMMMx,1.0,M10,0.0,29,0.5828267558246936,0.2929422855377197
9582,JG075A,298,S075_SNV,4.0,False,M10,10000.0,EVAGREEN,JG075A_298,STANDARD,,66.37829,188,L-MMMMx,1.0,M10,0.0,30,0.653737464681182,0.3976272940635681
9583,JG075A,298,S075_SNV,4.0,False,M10,10000.0,EVAGREEN,JG075A_298,STANDARD,,66.37829,188,L-MMMMx,1.0,M10,0.0,31,0.708460042218336,0.46725526452064514
9584,JG075A,298,S075_SNV,4.0,False,M10,10000.0,EVAGREEN,JG075A_298,STANDARD,,66.37829,188,L-MMMMx,1.0,M10,0.0,32,0.7460938144540862,0.49987566471099854
9585,JG075A,298,S075_SNV,4.0,False,M10,10000.0,EVAGREEN,JG075A_298,STANDARD,,66.37829,188,L-MMMMx,1.0,M10,0.0,33,0.7735686095025206,0.5104957222938538
9586,JG075A,298,S075_SNV,4.0,False,M10,10000.0,EVAGREEN,JG075A_298,STANDARD,,66.37829,188,L-MMMMx,1.0,M10,0.0,34,0.7919280025593409,0.5013754963874817
9587,JG075A,298,S075_SNV,4.0,False,M10,10000.0,EVAGREEN,JG075A_298,STANDARD,,66.37829,188,L-MMMMx,1.0,M10,0.0,35,0.8061413888332802,0.4832766056060791
9588,JG075A,298,S075_SNV,4.0,False,M10,10000.0,EVAGREEN,JG075A_298,STANDARD,,66.37829,188,L-MMMMx,1.0,M10,0.0,36,0.8153844991514071,0.4544140696525574
9589,JG075A,298,S075_SNV,4.0,False,M10,10000.0,EVAGREEN,JG075A_298,STANDARD,,66.37829,188,L-MMMMx,1.0,M10,0.0,37,0.8229272171393712,0.4218691885471344
9590,JG075A,298,S075_SNV,4.0,False,M10,10000.0,EVAGREEN,JG075A_298,STANDARD,,66.37829,188,L-MMMMx,1.0,M10,0.0,38,0.8299778176967217,0.38825857639312744
9591,JG075A,298,S075_SNV,4.0,False,M10,10000.0,EVAGREEN,JG075A_298,STANDARD,,66.37829,188,L-MMMMx,1.0,M10,0.0,39,0.8345291883228956,0.3492355942726135
9592,JG075A,298,S075_SNV,4.0,False,M10,10000.0,EVAGREEN,JG075A_298,STANDARD,,66.37829,188,L-MMMMx,1.0,M10,0.0,40,0.8385350462267673,0.30903127789497375
9593,JG075A,298,S075_SNV,4.0,False,M10,10000.0,EVAGREEN,JG075A_298,STANDARD,,66.37829,188,L-MMMMx,1.0,M10,0.0,41,0.843039957444503,0.269907683134079
9594,JG075A,298,S075_SNV,4.0,False,M10,10000.0,EVAGREEN,JG075A_298,STANDARD,,66.37829,188,L-MMMMx,1.0,M10,0.0,42,0.8472937456512253,0.23024028539657593
9595,JG075A,298,S075_SNV,4.0,False,M10,10000.0,EVAGREEN,JG075A_298,STANDARD,,66.37829,188,L-MMMMx,1.0,M10,0.0,43,0.8495899633806007,0.1863335520029068
9596,JG075A,298,S075_SNV,4.0,False,M10,10000.0,EVAGREEN,JG075A_298,STANDARD,,66.37829,188,L-MMMMx,1.0,M10,0.0,44,0.850032758974768,0.13841305673122406
9597,JG075A,298,S075_SNV,4.0,False,M10,10000.0,EVAGREEN,JG075A_298,STANDARD,,66.37829,188,L-MMMMx,1.0,M10,0.0,45,0.8516241588538552,0.09297996759414673
9598,JG075A,298,S075_SNV,4.0,False,M10,10000.0,EVAGREEN,JG075A_298,STANDARD,,66.37829,188,L-MMMMx,1.0,M10,0.0,46,0.8540961957189555,0.049453992396593094
9599,JG075A,298,S075_SNV,4.0,False,M10,10000.0,EVAGREEN,JG075A_298,STANDARD,,66.37829,188,L-MMMMx,1.0,M10,0.0,47,0.8572418940064102,0.007386900018900633
9600,JG075A,298,S075_SNV,4.0,False,M10,10000.0,EVAGREEN,JG075A_298,STANDARD,,66.37829,188,L-MMMMx,1.0,M10,0.0,48,0.858549913512701,-0.038659874349832535
9601,JG075A,298,S075_SNV,4.0,False,M10,10000.0,EVAGREEN,JG075A_298,STANDARD,,66.37829,188,L-MMMMx,1.0,M10,0.0,49,0.8607408819660884,-0.08279453217983246
9602,JG075A,298,S075_SNV,4.0,False,M10,10000.0,EVAGREEN,JG075A_298,STANDARD,,66.37829,188,L-MMMMx,1.0,M10,0.0,50,0.8603190041150568,-0.13258758187294006
9603,JG075A,298,S075_SNV,4.0,False,M10,10000.0,EVAGREEN,JG075A_298,STANDARD,,66.37829,188,L-MMMMx,1.0,M10,0.0,51,0.8625742671052402,-0.17658299207687378
9604,JG075A,298,S075_SNV,4.0,False,M10,10000.0,EVAGREEN,JG075A_298,STANDARD,,66.37829,188,L-MMMMx,1.0,M10,0.0,52,0.8660479335863858,-0.2179398387670517
9605,JG075A,298,S075_SNV,4.0,False,M10,10000.0,EVAGREEN,JG075A_298,STANDARD,,66.37829,188,L-MMMMx,1.0,M10,0.0,53,0.8653246200474302,-0.2683856785297394
9606,JG075A,298,S075_SNV,4.0,False,M10,10000.0,EVAGREEN,JG075A_298,STANDARD,,66.37829,188,L-MMMMx,1.0,M10,0.0,54,0.8682307551292886,-0.31097155809402466
9607,JG075A,299,S075_SNV,4.0,False,M11,10000.0,EVAGREEN,JG075A_299,STANDARD,,65.739716,189,L-MMMMx,0.5623413251903491,M11,-0.25,3,-0.009984059441180014,0.2918456792831421
9608,JG075A,299,S075_SNV,4.0,False,M11,10000.0,EVAGREEN,JG075A_299,STANDARD,,65.739716,189,L-MMMMx,0.5623413251903491,M11,-0.25,4,-0.007778228380827826,0.24610529839992523
9609,JG075A,299,S075_SNV,4.0,False,M11,10000.0,EVAGREEN,JG075A_299,STANDARD,,65.739716,189,L-MMMMx,0.5623413251903491,M11,-0.25,5,-0.003993685704001026,0.20378378033638
9610,JG075A,299,S075_SNV,4.0,False,M11,10000.0,EVAGREEN,JG075A_299,STANDARD,,65.739716,189,L-MMMMx,0.5623413251903491,M11,-0.25,6,-0.0013959221933167454,0.1588921695947647
9611,JG075A,299,S075_SNV,4.0,False,M11,10000.0,EVAGREEN,JG075A_299,STANDARD,,65.739716,189,L-MMMMx,0.5623413251903491,M11,-0.25,7,0.0017431429676962752,0.11517280340194702
9612,JG075A,299,S075_SNV,4.0,False,M11,10000.0,EVAGREEN,JG075A_299,STANDARD,,65.739716,189,L-MMMMx,0.5623413251903491,M11,-0.25,8,0.003901661395877055,0.06932996213436127
9613,JG075A,299,S075_SNV,4.0,False,M11,10000.0,EVAGREEN,JG075A_299,STANDARD,,65.739716,189,L-MMMMx,0.5623413251903491,M11,-0.25,9,0.00707122242451423,0.02567664347589016
9614,JG075A,299,S075_SNV,4.0,False,M11,10000.0,EVAGREEN,JG075A_299,STANDARD,,65.739716,189,L-MMMMx,0.5623413251903491,M11,-0.25,10,0.010435868931238053,-0.017554203048348427
9615,JG075A,299,S075_SNV,4.0,False,M11,10000.0,EVAGREEN,JG075A_299,STANDARD,,65.739716,189,L-MMMMx,0.5623413251903491,M11,-0.25,11,0.012007727234501098,-0.06466751545667648
9616,JG075A,299,S075_SNV,4.0,False,M11,10000.0,EVAGREEN,JG075A_299,STANDARD,,65.739716,189,L-MMMMx,0.5623413251903491,M11,-0.25,12,0.013177964869558674,-0.11265058070421219
9617,JG075A,299,S075_SNV,4.0,False,M11,10000.0,EVAGREEN,JG075A_299,STANDARD,,65.739716,189,L-MMMMx,0.5623413251903491,M11,-0.25,13,0.016323608110320947,-0.15635569393634796
9618,JG075A,299,S075_SNV,4.0,False,M11,10000.0,EVAGREEN,JG075A_299,STANDARD,,65.739716,189,L-MMMMx,0.5623413251903491,M11,-0.25,14,0.0196776030820533,-0.19960960745811462
9619,JG075A,299,S075_SNV,4.0,False,M11,10000.0,EVAGREEN,JG075A_299,STANDARD,,65.739716,189,L-MMMMx,0.5623413251903491,M11,-0.25,15,0.02169498179076056,-0.24575810134410858
9620,JG075A,299,S075_SNV,4.0,False,M11,10000.0,EVAGREEN,JG075A_299,STANDARD,,65.739716,189,L-MMMMx,0.5623413251903491,M11,-0.25,16,0.024126614383593398,-0.29100948572158813
9621,JG075A,299,S075_SNV,4.0,False,M11,10000.0,EVAGREEN,JG075A_299,STANDARD,,65.739716,189,L-MMMMx,0.5623413251903491,M11,-0.25,17,0.02681881049519688,-0.33569657802581787
9622,JG075A,299,S075_SNV,4.0,False,M11,10000.0,EVAGREEN,JG075A_299,STANDARD,,65.739716,189,L-MMMMx,0.5623413251903491,M11,-0.25,18,0.03063679403769457,-0.3779456913471222
9623,JG075A,299,S075_SNV,4.0,False,M11,10000.0,EVAGREEN,JG075A_299,STANDARD,,65.739716,189,L-MMMMx,0.5623413251903491,M11,-0.25,19,0.03593055188176224,-0.41699883341789246
9624,JG075A,299,S075_SNV,4.0,False,M11,10000.0,EVAGREEN,JG075A_299,STANDARD,,65.739716,189,L-MMMMx,0.5623413251903491,M11,-0.25,20,0.04323147727308539,-0.45170527696609497
9625,JG075A,299,S075_SNV,4.0,False,M11,10000.0,EVAGREEN,JG075A_299,STANDARD,,65.739716,189,L-MMMMx,0.5623413251903491,M11,-0.25,21,0.05504804798717434,-0.47663259506225586
9626,JG075A,299,S075_SNV,4.0,False,M11,10000.0,EVAGREEN,JG075A_299,STANDARD,,65.739716,189,L-MMMMx,0.5623413251903491,M11,-0.25,22,0.07507579619914423,-0.483777791261673
9627,JG075A,299,S075_SNV,4.0,False,M11,10000.0,EVAGREEN,JG075A_299,STANDARD,,65.739716,189,L-MMMMx,0.5623413251903491,M11,-0.25,23,0.10970481720348958,-0.4593023955821991
9628,JG075A,299,S075_SNV,4.0,False,M11,10000.0,EVAGREEN,JG075A_299,STANDARD,,65.739716,189,L-MMMMx,0.5623413251903491,M11,-0.25,24,0.16339290224919822,-0.39355266094207764
9629,JG075A,299,S075_SNV,4.0,False,M11,10000.0,EVAGREEN,JG075A_299,STANDARD,,65.739716,189,L-MMMMx,0.5623413251903491,M11,-0.25,25,0.2386099964270568,-0.28117960691452026
9630,JG075A,299,S075_SNV,4.0,False,M11,10000.0,EVAGREEN,JG075A_299,STANDARD,,65.739716,189,L-MMMMx,0.5623413251903491,M11,-0.25,26,0.33130114018351714,-0.1309647113084793
9631,JG075A,299,S075_SNV,4.0,False,M11,10000.0,EVAGREEN,JG075A_299,STANDARD,,65.739716,189,L-MMMMx,0.5623413251903491,M11,-0.25,27,0.4302294595228115,0.03275743126869202
9632,JG075A,299,S075_SNV,4.0,False,M11,10000.0,EVAGREEN,JG075A_299,STANDARD,,65.739716,189,L-MMMMx,0.5623413251903491,M11,-0.25,28,0.5263285990563098,0.1903526932001114
9633,JG075A,299,S075_SNV,4.0,False,M11,10000.0,EVAGREEN,JG075A_299,STANDARD,,65.739716,189,L-MMMMx,0.5623413251903491,M11,-0.25,29,0.6112852421482671,0.32381772994995117
9634,JG075A,299,S075_SNV,4.0,False,M11,10000.0,EVAGREEN,JG075A_299,STANDARD,,65.739716,189,L-MMMMx,0.5623413251903491,M11,-0.25,30,0.6795736917159255,0.42118608951568604
9635,JG075A,299,S075_SNV,4.0,False,M11,10000.0,EVAGREEN,JG075A_299,STANDARD,,65.739716,189,L-MMMMx,0.5623413251903491,M11,-0.25,31,0.7321894121457747,0.4846135079860687
9636,JG075A,299,S075_SNV,4.0,False,M11,10000.0,EVAGREEN,JG075A_299,STANDARD,,65.739716,189,L-MMMMx,0.5623413251903491,M11,-0.25,32,0.7693800585072028,0.5146363377571106
9637,JG075A,299,S075_SNV,4.0,False,M11,10000.0,EVAGREEN,JG075A_299,STANDARD,,65.739716,189,L-MMMMx,0.5623413251903491,M11,-0.25,33,0.7920013866812298,0.5131078362464905
9638,JG075A,299,S075_SNV,4.0,False,M11,10000.0,EVAGREEN,JG075A_299,STANDARD,,65.739716,189,L-MMMMx,0.5623413251903491,M11,-0.25,34,0.8094355549311426,0.5003460049629211
9639,JG075A,299,S075_SNV,4.0,False,M11,10000.0,EVAGREEN,JG075A_299,STANDARD,,65.739716,189,L-MMMMx,0.5623413251903491,M11,-0.25,35,0.8215688367903138,0.4761045277118683
9640,JG075A,299,S075_SNV,4.0,False,M11,10000.0,EVAGREEN,JG075A_299,STANDARD,,65.739716,189,L-MMMMx,0.5623413251903491,M11,-0.25,36,0.8319062753545926,0.44797399640083313
9641,JG075A,299,S075_SNV,4.0,False,M11,10000.0,EVAGREEN,JG075A_299,STANDARD,,65.739716,189,L-MMMMx,0.5623413251903491,M11,-0.25,37,0.8376270579154371,0.40984559059143066
9642,JG075A,299,S075_SNV,4.0,False,M11,10000.0,EVAGREEN,JG075A_299,STANDARD,,65.739716,189,L-MMMMx,0.5623413251903491,M11,-0.25,38,0.8453996508911241,0.3761606216430664
9643,JG075A,299,S075_SNV,4.0,False,M11,10000.0,EVAGREEN,JG075A_299,STANDARD,,65.739716,189,L-MMMMx,0.5623413251903491,M11,-0.25,39,0.8505869209086233,0.33687686920166016
9644,JG075A,299,S075_SNV,4.0,False,M11,10000.0,EVAGREEN,JG075A_299,STANDARD,,65.739716,189,L-MMMMx,0.5623413251903491,M11,-0.25,40,0.8532476578354845,0.29212161898612976
9645,JG075A,299,S075_SNV,4.0,False,M11,10000.0,EVAGREEN,JG075A_299,STANDARD,,65.739716,189,L-MMMMx,0.5623413251903491,M11,-0.25,41,0.8573496272643956,0.2504875361919403
9646,JG075A,299,S075_SNV,4.0,False,M11,10000.0,EVAGREEN,JG075A_299,STANDARD,,65.739716,189,L-MMMMx,0.5623413251903491,M11,-0.25,42,0.861514019642559,0.20898860692977905
9647,JG075A,299,S075_SNV,4.0,False,M11,10000.0,EVAGREEN,JG075A_299,STANDARD,,65.739716,189,L-MMMMx,0.5623413251903491,M11,-0.25,43,0.8637723652475203,0.16336196660995483
9648,JG075A,299,S075_SNV,4.0,False,M11,10000.0,EVAGREEN,JG075A_299,STANDARD,,65.739716,189,L-MMMMx,0.5623413251903491,M11,-0.25,44,0.8635975369522598,0.11246601492166519
9649,JG075A,299,S075_SNV,4.0,False,M11,10000.0,EVAGREEN,JG075A_299,STANDARD,,65.739716,189,L-MMMMx,0.5623413251903491,M11,-0.25,45,0.8653497832667221,0.0657433569431305
9650,JG075A,299,S075_SNV,4.0,False,M11,10000.0,EVAGREEN,JG075A_299,STANDARD,,65.739716,189,L-MMMMx,0.5623413251903491,M11,-0.25,46,0.8673865108878298,0.019636763259768486
9651,JG075A,299,S075_SNV,4.0,False,M11,10000.0,EVAGREEN,JG075A_299,STANDARD,,65.739716,189,L-MMMMx,0.5623413251903491,M11,-0.25,47,0.8677558741942523,-0.030080676078796387
9652,JG075A,299,S075_SNV,4.0,False,M11,10000.0,EVAGREEN,JG075A_299,STANDARD,,65.739716,189,L-MMMMx,0.5623413251903491,M11,-0.25,48,0.8690816187355161,-0.07772697508335114
9653,JG075A,299,S075_SNV,4.0,False,M11,10000.0,EVAGREEN,JG075A_299,STANDARD,,65.739716,189,L-MMMMx,0.5623413251903491,M11,-0.25,49,0.871637546759929,-0.12270918488502502
9654,JG075A,299,S075_SNV,4.0,False,M11,10000.0,EVAGREEN,JG075A_299,STANDARD,,65.739716,189,L-MMMMx,0.5623413251903491,M11,-0.25,50,0.8758947478615839,-0.16400711238384247
9655,JG075A,299,S075_SNV,4.0,False,M11,10000.0,EVAGREEN,JG075A_299,STANDARD,,65.739716,189,L-MMMMx,0.5623413251903491,M11,-0.25,51,0.8768825057111288,-0.212385356426239
9656,JG075A,299,S075_SNV,4.0,False,M11,10000.0,EVAGREEN,JG075A_299,STANDARD,,65.739716,189,L-MMMMx,0.5623413251903491,M11,-0.25,52,0.878283664221066,-0.259868323802948
9657,JG075A,299,S075_SNV,4.0,False,M11,10000.0,EVAGREEN,JG075A_299,STANDARD,,65.739716,189,L-MMMMx,0.5623413251903491,M11,-0.25,53,0.8809554104864197,-0.30459973216056824
9658,JG075A,299,S075_SNV,4.0,False,M11,10000.0,EVAGREEN,JG075A_299,STANDARD,,65.739716,189,L-MMMMx,0.5623413251903491,M11,-0.25,54,0.8812440753416924,-0.3544919192790985
9659,JG075A,300,S075_SNV,4.0,False,M12,10000.0,EVAGREEN,JG075A_300,STANDARD,,22.886099,190,L-MMMMx,0.3162277660168379,M12,-0.5000000000000001,3,-0.008133456728751492,0.0022242001723498106
9660,JG075A,300,S075_SNV,4.0,False,M12,10000.0,EVAGREEN,JG075A_300,STANDARD,,22.886099,190,L-MMMMx,0.3162277660168379,M12,-0.5000000000000001,4,-0.005979369559313933,0.0012078008148819208
9661,JG075A,300,S075_SNV,4.0,False,M12,10000.0,EVAGREEN,JG075A_300,STANDARD,,22.886099,190,L-MMMMx,0.3162277660168379,M12,-0.5000000000000001,5,-0.00412020880641665,-0.00044729214278049767
9662,JG075A,300,S075_SNV,4.0,False,M12,10000.0,EVAGREEN,JG075A_300,STANDARD,,22.886099,190,L-MMMMx,0.3162277660168379,M12,-0.5000000000000001,6,-0.0021274634925863047,-0.0018130938988178968
9663,JG075A,300,S075_SNV,4.0,False,M12,10000.0,EVAGREEN,JG075A_300,STANDARD,,22.886099,190,L-MMMMx,0.3162277660168379,M12,-0.5000000000000001,7,0.0010535197247368124,-0.0006056439597159624
9664,JG075A,300,S075_SNV,4.0,False,M12,10000.0,EVAGREEN,JG075A_300,STANDARD,,22.886099,190,L-MMMMx,0.3162277660168379,M12,-0.5000000000000001,8,0.003734156030923195,-0.00048174685798585415
9665,JG075A,300,S075_SNV,4.0,False,M12,10000.0,EVAGREEN,JG075A_300,STANDARD,,22.886099,190,L-MMMMx,0.3162277660168379,M12,-0.5000000000000001,9,0.0062493495029139175,-0.0007161332760006189
9666,JG075A,300,S075_SNV,4.0,False,M12,10000.0,EVAGREEN,JG075A_300,STANDARD,,22.886099,190,L-MMMMx,0.3162277660168379,M12,-0.5000000000000001,10,0.009323473328494454,0.0002599016297608614
9667,JG075A,300,S075_SNV,4.0,False,M12,10000.0,EVAGREEN,JG075A_300,STANDARD,,22.886099,190,L-MMMMx,0.3162277660168379,M12,-0.5000000000000001,11,0.012130276653804594,0.0006570264231413603
9668,JG075A,300,S075_SNV,4.0,False,M12,10000.0,EVAGREEN,JG075A_300,STANDARD,,22.886099,190,L-MMMMx,0.3162277660168379,M12,-0.5000000000000001,12,0.01445299936560063,5.8247323977411725e-06
9669,JG075A,300,S075_SNV,4.0,False,M12,10000.0,EVAGREEN,JG075A_300,STANDARD,,22.886099,190,L-MMMMx,0.3162277660168379,M12,-0.5000000000000001,13,0.016562333574066283,-0.001107491785660386
9670,JG075A,300,S075_SNV,4.0,False,M12,10000.0,EVAGREEN,JG075A_300,STANDARD,,22.886099,190,L-MMMMx,0.3162277660168379,M12,-0.5000000000000001,14,0.019432206647265186,-0.0005737829487770796
9671,JG075A,300,S075_SNV,4.0,False,M12,10000.0,EVAGREEN,JG075A_300,STANDARD,,22.886099,190,L-MMMMx,0.3162277660168379,M12,-0.5000000000000001,15,0.02182104043670853,-0.0010818142909556627
9672,JG075A,300,S075_SNV,4.0,False,M12,10000.0,EVAGREEN,JG075A_300,STANDARD,,22.886099,190,L-MMMMx,0.3162277660168379,M12,-0.5000000000000001,16,0.02463893567054984,-0.0006606687675230205
9673,JG075A,300,S075_SNV,4.0,False,M12,10000.0,EVAGREEN,JG075A_300,STANDARD,,22.886099,190,L-MMMMx,0.3162277660168379,M12,-0.5000000000000001,17,0.027987866346575654,0.0009104887139983475
9674,JG075A,300,S075_SNV,4.0,False,M12,10000.0,EVAGREEN,JG075A_300,STANDARD,,22.886099,190,L-MMMMx,0.3162277660168379,M12,-0.5000000000000001,18,0.03121709798984204,0.002222425537183881
9675,JG075A,300,S075_SNV,4.0,False,M12,10000.0,EVAGREEN,JG075A_300,STANDARD,,22.886099,190,L-MMMMx,0.3162277660168379,M12,-0.5000000000000001,19,0.035848781740318525,0.006571517325937748
9676,JG075A,300,S075_SNV,4.0,False,M12,10000.0,EVAGREEN,JG075A_300,STANDARD,,22.886099,190,L-MMMMx,0.3162277660168379,M12,-0.5000000000000001,20,0.04367416449407693,0.01783689297735691
9677,JG075A,300,S075_SNV,4.0,False,M12,10000.0,EVAGREEN,JG075A_300,STANDARD,,22.886099,190,L-MMMMx,0.3162277660168379,M12,-0.5000000000000001,21,0.057980689771662604,0.04313785210251808
9678,JG075A,300,S075_SNV,4.0,False,M12,10000.0,EVAGREEN,JG075A_300,STANDARD,,22.886099,190,L-MMMMx,0.3162277660168379,M12,-0.5000000000000001,22,0.08162563871537369,0.08866213262081146
9679,JG075A,300,S075_SNV,4.0,False,M12,10000.0,EVAGREEN,JG075A_300,STANDARD,,22.886099,190,L-MMMMx,0.3162277660168379,M12,-0.5000000000000001,23,0.11979798779017571,0.1656469851732254
9680,JG075A,300,S075_SNV,4.0,False,M12,10000.0,EVAGREEN,JG075A_300,STANDARD,,22.886099,190,L-MMMMx,0.3162277660168379,M12,-0.5000000000000001,24,0.1794569049972392,0.2891632318496704
9681,JG075A,300,S075_SNV,4.0,False,M12,10000.0,EVAGREEN,JG075A_300,STANDARD,,22.886099,190,L-MMMMx,0.3162277660168379,M12,-0.5000000000000001,25,0.2596687984324023,0.45718905329704285
9682,JG075A,300,S075_SNV,4.0,False,M12,10000.0,EVAGREEN,JG075A_300,STANDARD,,22.886099,190,L-MMMMx,0.3162277660168379,M12,-0.5000000000000001,26,0.35520811310355827,0.658407986164093
9683,JG075A,300,S075_SNV,4.0,False,M12,10000.0,EVAGREEN,JG075A_300,STANDARD,,22.886099,190,L-MMMMx,0.3162277660168379,M12,-0.5000000000000001,27,0.4565555694364965,0.8722050786018372
9684,JG075A,300,S075_SNV,4.0,False,M12,10000.0,EVAGREEN,JG075A_300,STANDARD,,22.886099,190,L-MMMMx,0.3162277660168379,M12,-0.5000000000000001,28,0.5528953731094403,1.0751575231552124
9685,JG075A,300,S075_SNV,4.0,False,M12,10000.0,EVAGREEN,JG075A_300,STANDARD,,22.886099,190,L-MMMMx,0.3162277660168379,M12,-0.5000000000000001,29,0.6362884149020038,1.2500724792480469
9686,JG075A,300,S075_SNV,4.0,False,M12,10000.0,EVAGREEN,JG075A_300,STANDARD,,22.886099,190,L-MMMMx,0.3162277660168379,M12,-0.5000000000000001,30,0.7017768043641789,1.3862130641937256
9687,JG075A,300,S075_SNV,4.0,False,M12,10000.0,EVAGREEN,JG075A_300,STANDARD,,22.886099,190,L-MMMMx,0.3162277660168379,M12,-0.5000000000000001,31,0.7512381841758566,1.4876455068588257
9688,JG075A,300,S075_SNV,4.0,False,M12,10000.0,EVAGREEN,JG075A_300,STANDARD,,22.886099,190,L-MMMMx,0.3162277660168379,M12,-0.5000000000000001,32,0.7868443665414478,1.5590730905532837
9689,JG075A,300,S075_SNV,4.0,False,M12,10000.0,EVAGREEN,JG075A_300,STANDARD,,22.886099,190,L-MMMMx,0.3162277660168379,M12,-0.5000000000000001,33,0.8106103356385375,1.6048593521118164
9690,JG075A,300,S075_SNV,4.0,False,M12,10000.0,EVAGREEN,JG075A_300,STANDARD,,22.886099,190,L-MMMMx,0.3162277660168379,M12,-0.5000000000000001,34,0.8270306539066782,1.6347379684448242
9691,JG075A,300,S075_SNV,4.0,False,M12,10000.0,EVAGREEN,JG075A_300,STANDARD,,22.886099,190,L-MMMMx,0.3162277660168379,M12,-0.5000000000000001,35,0.8388462062569566,1.65464448928833
9692,JG075A,300,S075_SNV,4.0,False,M12,10000.0,EVAGREEN,JG075A_300,STANDARD,,22.886099,190,L-MMMMx,0.3162277660168379,M12,-0.5000000000000001,36,0.8504432232381594,1.6740777492523193
9693,JG075A,300,S075_SNV,4.0,False,M12,10000.0,EVAGREEN,JG075A_300,STANDARD,,22.886099,190,L-MMMMx,0.3162277660168379,M12,-0.5000000000000001,37,0.8571032124657969,1.6828193664550781
9694,JG075A,300,S075_SNV,4.0,False,M12,10000.0,EVAGREEN,JG075A_300,STANDARD,,22.886099,190,L-MMMMx,0.3162277660168379,M12,-0.5000000000000001,38,0.8608594886660442,1.6852726936340332
9695,JG075A,300,S075_SNV,4.0,False,M12,10000.0,EVAGREEN,JG075A_300,STANDARD,,22.886099,190,L-MMMMx,0.3162277660168379,M12,-0.5000000000000001,39,0.8656980929334869,1.6900697946548462
9696,JG075A,300,S075_SNV,4.0,False,M12,10000.0,EVAGREEN,JG075A_300,STANDARD,,22.886099,190,L-MMMMx,0.3162277660168379,M12,-0.5000000000000001,40,0.8707355258541034,1.6952975988388062
9697,JG075A,300,S075_SNV,4.0,False,M12,10000.0,EVAGREEN,JG075A_300,STANDARD,,22.886099,190,L-MMMMx,0.3162277660168379,M12,-0.5000000000000001,41,0.8720063337962898,1.6923683881759644
9698,JG075A,300,S075_SNV,4.0,False,M12,10000.0,EVAGREEN,JG075A_300,STANDARD,,22.886099,190,L-MMMMx,0.3162277660168379,M12,-0.5000000000000001,42,0.872739005272964,1.6882737874984741
9699,JG075A,300,S075_SNV,4.0,False,M12,10000.0,EVAGREEN,JG075A_300,STANDARD,,22.886099,190,L-MMMMx,0.3162277660168379,M12,-0.5000000000000001,43,0.8765036485704656,1.690745234489441
9700,JG075A,300,S075_SNV,4.0,False,M12,10000.0,EVAGREEN,JG075A_300,STANDARD,,22.886099,190,L-MMMMx,0.3162277660168379,M12,-0.5000000000000001,44,0.8794061505706215,1.6913495063781738
9701,JG075A,300,S075_SNV,4.0,False,M12,10000.0,EVAGREEN,JG075A_300,STANDARD,,22.886099,190,L-MMMMx,0.3162277660168379,M12,-0.5000000000000001,45,0.8827764393633228,1.6929669380187988
9702,JG075A,300,S075_SNV,4.0,False,M12,10000.0,EVAGREEN,JG075A_300,STANDARD,,22.886099,190,L-MMMMx,0.3162277660168379,M12,-0.5000000000000001,46,0.8854426809594302,1.6930596828460693
9703,JG075A,300,S075_SNV,4.0,False,M12,10000.0,EVAGREEN,JG075A_300,STANDARD,,22.886099,190,L-MMMMx,0.3162277660168379,M12,-0.5000000000000001,47,0.8881699142907861,1.693284511566162
9704,JG075A,300,S075_SNV,4.0,False,M12,10000.0,EVAGREEN,JG075A_300,STANDARD,,22.886099,190,L-MMMMx,0.3162277660168379,M12,-0.5000000000000001,48,0.8913308054653604,1.694448471069336
9705,JG075A,300,S075_SNV,4.0,False,M12,10000.0,EVAGREEN,JG075A_300,STANDARD,,22.886099,190,L-MMMMx,0.3162277660168379,M12,-0.5000000000000001,49,0.892536878497211,1.6913790702819824
9706,JG075A,300,S075_SNV,4.0,False,M12,10000.0,EVAGREEN,JG075A_300,STANDARD,,22.886099,190,L-MMMMx,0.3162277660168379,M12,-0.5000000000000001,50,0.8934113502536682,1.6875914335250854
9707,JG075A,300,S075_SNV,4.0,False,M12,10000.0,EVAGREEN,JG075A_300,STANDARD,,22.886099,190,L-MMMMx,0.3162277660168379,M12,-0.5000000000000001,51,0.8950599986929163,1.6854804754257202
9708,JG075A,300,S075_SNV,4.0,False,M12,10000.0,EVAGREEN,JG075A_300,STANDARD,,22.886099,190,L-MMMMx,0.3162277660168379,M12,-0.5000000000000001,52,0.8966635088443452,1.6832717657089233
9709,JG075A,300,S075_SNV,4.0,False,M12,10000.0,EVAGREEN,JG075A_300,STANDARD,,22.886099,190,L-MMMMx,0.3162277660168379,M12,-0.5000000000000001,53,0.8973899049980787,1.6791635751724243
9710,JG075A,300,S075_SNV,4.0,False,M12,10000.0,EVAGREEN,JG075A_300,STANDARD,,22.886099,190,L-MMMMx,0.3162277660168379,M12,-0.5000000000000001,54,0.9003002236285643,1.679784893989563
9711,JG075A,301,S075_SNV,4.0,False,M13,10000.0,EVAGREEN,JG075A_301,STANDARD,,65.583954,191,L-MMMMx,0.1778279410038923,M13,-0.75,3,-0.009668242804850269,0.2907532751560211
9712,JG075A,301,S075_SNV,4.0,False,M13,10000.0,EVAGREEN,JG075A_301,STANDARD,,65.583954,191,L-MMMMx,0.1778279410038923,M13,-0.75,4,-0.007038455880826002,0.24518442153930664
9713,JG075A,301,S075_SNV,4.0,False,M13,10000.0,EVAGREEN,JG075A_301,STANDARD,,65.583954,191,L-MMMMx,0.1778279410038923,M13,-0.75,5,-0.004649209241189189,0.19909466803073883
9714,JG075A,301,S075_SNV,4.0,False,M13,10000.0,EVAGREEN,JG075A_301,STANDARD,,65.583954,191,L-MMMMx,0.1778279410038923,M13,-0.75,6,-0.0016080033377011507,0.15441679954528809
9715,JG075A,301,S075_SNV,4.0,False,M13,10000.0,EVAGREEN,JG075A_301,STANDARD,,65.583954,191,L-MMMMx,0.1778279410038923,M13,-0.75,7,0.00155891544969783,0.11001116782426834
9716,JG075A,301,S075_SNV,4.0,False,M13,10000.0,EVAGREEN,JG075A_301,STANDARD,,65.583954,191,L-MMMMx,0.1778279410038923,M13,-0.75,8,0.004286038687668687,0.06465311348438263
9717,JG075A,301,S075_SNV,4.0,False,M13,10000.0,EVAGREEN,JG075A_301,STANDARD,,65.583954,191,L-MMMMx,0.1778279410038923,M13,-0.75,9,0.007155044775461307,0.019602328538894653
9718,JG075A,301,S075_SNV,4.0,False,M13,10000.0,EVAGREEN,JG075A_301,STANDARD,,65.583954,191,L-MMMMx,0.1778279410038923,M13,-0.75,10,0.009963912351738788,-0.025578698143363
9719,JG075A,301,S075_SNV,4.0,False,M13,10000.0,EVAGREEN,JG075A_301,STANDARD,,65.583954,191,L-MMMMx,0.1778279410038923,M13,-0.75,11,0.012319208943799433,-0.0717419758439064
9720,JG075A,301,S075_SNV,4.0,False,M13,10000.0,EVAGREEN,JG075A_301,STANDARD,,65.583954,191,L-MMMMx,0.1778279410038923,M13,-0.75,12,0.014984913834655396,-0.1172330379486084
9721,JG075A,301,S075_SNV,4.0,False,M13,10000.0,EVAGREEN,JG075A_301,STANDARD,,65.583954,191,L-MMMMx,0.1778279410038923,M13,-0.75,13,0.017668687802312136,-0.16268496215343475
9722,JG075A,301,S075_SNV,4.0,False,M13,10000.0,EVAGREEN,JG075A_301,STANDARD,,65.583954,191,L-MMMMx,0.1778279410038923,M13,-0.75,14,0.020322158565768335,-0.2082025110721588
9723,JG075A,301,S075_SNV,4.0,False,M13,10000.0,EVAGREEN,JG075A_301,STANDARD,,65.583954,191,L-MMMMx,0.1778279410038923,M13,-0.75,15,0.023324418934339244,-0.25296473503112793
9724,JG075A,301,S075_SNV,4.0,False,M13,10000.0,EVAGREEN,JG075A_301,STANDARD,,65.583954,191,L-MMMMx,0.1778279410038923,M13,-0.75,16,0.02528253987861076,-0.29998815059661865
9725,JG075A,301,S075_SNV,4.0,False,M13,10000.0,EVAGREEN,JG075A_301,STANDARD,,65.583954,191,L-MMMMx,0.1778279410038923,M13,-0.75,17,0.02824472625506906,-0.34483712911605835
9726,JG075A,301,S075_SNV,4.0,False,M13,10000.0,EVAGREEN,JG075A_301,STANDARD,,65.583954,191,L-MMMMx,0.1778279410038923,M13,-0.75,18,0.032602222430390466,-0.3866644501686096
9727,JG075A,301,S075_SNV,4.0,False,M13,10000.0,EVAGREEN,JG075A_301,STANDARD,,65.583954,191,L-MMMMx,0.1778279410038923,M13,-0.75,19,0.03824665522878967,-0.4257047474384308
9728,JG075A,301,S075_SNV,4.0,False,M13,10000.0,EVAGREEN,JG075A_301,STANDARD,,65.583954,191,L-MMMMx,0.1778279410038923,M13,-0.75,20,0.04631336268230312,-0.45949938893318176
9729,JG075A,301,S075_SNV,4.0,False,M13,10000.0,EVAGREEN,JG075A_301,STANDARD,,65.583954,191,L-MMMMx,0.1778279410038923,M13,-0.75,21,0.05924094079036014,-0.4827673137187958
9730,JG075A,301,S075_SNV,4.0,False,M13,10000.0,EVAGREEN,JG075A_301,STANDARD,,65.583954,191,L-MMMMx,0.1778279410038923,M13,-0.75,22,0.08136016055909163,-0.4861297607421875
9731,JG075A,301,S075_SNV,4.0,False,M13,10000.0,EVAGREEN,JG075A_301,STANDARD,,65.583954,191,L-MMMMx,0.1778279410038923,M13,-0.75,23,0.11813047037687704,-0.45776379108428955
9732,JG075A,301,S075_SNV,4.0,False,M13,10000.0,EVAGREEN,JG075A_301,STANDARD,,65.583954,191,L-MMMMx,0.1778279410038923,M13,-0.75,24,0.1749911715426545,-0.38589000701904297
9733,JG075A,301,S075_SNV,4.0,False,M13,10000.0,EVAGREEN,JG075A_301,STANDARD,,65.583954,191,L-MMMMx,0.1778279410038923,M13,-0.75,25,0.2533758175448754,-0.26740387082099915
9734,JG075A,301,S075_SNV,4.0,False,M13,10000.0,EVAGREEN,JG075A_301,STANDARD,,65.583954,191,L-MMMMx,0.1778279410038923,M13,-0.75,26,0.34802420149852786,-0.11369696259498596
9735,JG075A,301,S075_SNV,4.0,False,M13,10000.0,EVAGREEN,JG075A_301,STANDARD,,65.583954,191,L-MMMMx,0.1778279410038923,M13,-0.75,27,0.4504505179570361,0.056853871792554855
9736,JG075A,301,S075_SNV,4.0,False,M13,10000.0,EVAGREEN,JG075A_301,STANDARD,,65.583954,191,L-MMMMx,0.1778279410038923,M13,-0.75,28,0.5476545547016392,0.21609532833099365
9737,JG075A,301,S075_SNV,4.0,False,M13,10000.0,EVAGREEN,JG075A_301,STANDARD,,65.583954,191,L-MMMMx,0.1778279410038923,M13,-0.75,29,0.6328946882597777,0.3494277000427246
9738,JG075A,301,S075_SNV,4.0,False,M13,10000.0,EVAGREEN,JG075A_301,STANDARD,,65.583954,191,L-MMMMx,0.1778279410038923,M13,-0.75,30,0.6987090091880224,0.4406914710998535
9739,JG075A,301,S075_SNV,4.0,False,M13,10000.0,EVAGREEN,JG075A_301,STANDARD,,65.583954,191,L-MMMMx,0.1778279410038923,M13,-0.75,31,0.749103155203475,0.498561292886734
9740,JG075A,301,S075_SNV,4.0,False,M13,10000.0,EVAGREEN,JG075A_301,STANDARD,,65.583954,191,L-MMMMx,0.1778279410038923,M13,-0.75,32,0.7829448708888773,0.5205851197242737
9741,JG075A,301,S075_SNV,4.0,False,M13,10000.0,EVAGREEN,JG075A_301,STANDARD,,65.583954,191,L-MMMMx,0.1778279410038923,M13,-0.75,33,0.8077125796953972,0.5229582190513611
9742,JG075A,301,S075_SNV,4.0,False,M13,10000.0,EVAGREEN,JG075A_301,STANDARD,,65.583954,191,L-MMMMx,0.1778279410038923,M13,-0.75,34,0.8272287239476218,0.5139585137367249
9743,JG075A,301,S075_SNV,4.0,False,M13,10000.0,EVAGREEN,JG075A_301,STANDARD,,65.583954,191,L-MMMMx,0.1778279410038923,M13,-0.75,35,0.8383197517317105,0.48671334981918335
9744,JG075A,301,S075_SNV,4.0,False,M13,10000.0,EVAGREEN,JG075A_301,STANDARD,,65.583954,191,L-MMMMx,0.1778279410038923,M13,-0.75,36,0.8468795124096093,0.4539864957332611
9745,JG075A,301,S075_SNV,4.0,False,M13,10000.0,EVAGREEN,JG075A_301,STANDARD,,65.583954,191,L-MMMMx,0.1778279410038923,M13,-0.75,37,0.8546802892918371,0.4196159541606903
9746,JG075A,301,S075_SNV,4.0,False,M13,10000.0,EVAGREEN,JG075A_301,STANDARD,,65.583954,191,L-MMMMx,0.1778279410038923,M13,-0.75,38,0.8602041147870513,0.380314439535141
9747,JG075A,301,S075_SNV,4.0,False,M13,10000.0,EVAGREEN,JG075A_301,STANDARD,,65.583954,191,L-MMMMx,0.1778279410038923,M13,-0.75,39,0.8637276535715677,0.3366811275482178
9748,JG075A,301,S075_SNV,4.0,False,M13,10000.0,EVAGREEN,JG075A_301,STANDARD,,65.583954,191,L-MMMMx,0.1778279410038923,M13,-0.75,40,0.8688594365230649,0.2965306043624878
9749,JG075A,301,S075_SNV,4.0,False,M13,10000.0,EVAGREEN,JG075A_301,STANDARD,,65.583954,191,L-MMMMx,0.1778279410038923,M13,-0.75,41,0.8715441738078397,0.2510807514190674
9750,JG075A,301,S075_SNV,4.0,False,M13,10000.0,EVAGREEN,JG075A_301,STANDARD,,65.583954,191,L-MMMMx,0.1778279410038923,M13,-0.75,42,0.8731597942316103,0.2033156454563141
9751,JG075A,301,S075_SNV,4.0,False,M13,10000.0,EVAGREEN,JG075A_301,STANDARD,,65.583954,191,L-MMMMx,0.1778279410038923,M13,-0.75,43,0.8756687123806604,0.15748503804206848
9752,JG075A,301,S075_SNV,4.0,False,M13,10000.0,EVAGREEN,JG075A_301,STANDARD,,65.583954,191,L-MMMMx,0.1778279410038923,M13,-0.75,44,0.8781920527631355,0.11168567836284637
9753,JG075A,301,S075_SNV,4.0,False,M13,10000.0,EVAGREEN,JG075A_301,STANDARD,,65.583954,191,L-MMMMx,0.1778279410038923,M13,-0.75,45,0.8795478527984837,0.0633578822016716
9754,JG075A,301,S075_SNV,4.0,False,M13,10000.0,EVAGREEN,JG075A_301,STANDARD,,65.583954,191,L-MMMMx,0.1778279410038923,M13,-0.75,46,0.8808252663437656,0.014860338531434536
9755,JG075A,301,S075_SNV,4.0,False,M13,10000.0,EVAGREEN,JG075A_301,STANDARD,,65.583954,191,L-MMMMx,0.1778279410038923,M13,-0.75,47,0.8830200880656253,-0.03165046498179436
9756,JG075A,301,S075_SNV,4.0,False,M13,10000.0,EVAGREEN,JG075A_301,STANDARD,,65.583954,191,L-MMMMx,0.1778279410038923,M13,-0.75,48,0.8858650112254656,-0.0767534077167511
9757,JG075A,301,S075_SNV,4.0,False,M13,10000.0,EVAGREEN,JG075A_301,STANDARD,,65.583954,191,L-MMMMx,0.1778279410038923,M13,-0.75,49,0.8881352469159988,-0.1231008991599083
9758,JG075A,301,S075_SNV,4.0,False,M13,10000.0,EVAGREEN,JG075A_301,STANDARD,,65.583954,191,L-MMMMx,0.1778279410038923,M13,-0.75,50,0.8884910687360755,-0.17359425127506256
9759,JG075A,301,S075_SNV,4.0,False,M13,10000.0,EVAGREEN,JG075A_301,STANDARD,,65.583954,191,L-MMMMx,0.1778279410038923,M13,-0.75,51,0.8897322615577171,-0.22217023372650146
9760,JG075A,301,S075_SNV,4.0,False,M13,10000.0,EVAGREEN,JG075A_301,STANDARD,,65.583954,191,L-MMMMx,0.1778279410038923,M13,-0.75,52,0.8915014622534577,-0.26960277557373047
9761,JG075A,301,S075_SNV,4.0,False,M13,10000.0,EVAGREEN,JG075A_301,STANDARD,,65.583954,191,L-MMMMx,0.1778279410038923,M13,-0.75,53,0.8928632073315919,-0.31791767477989197
9762,JG075A,301,S075_SNV,4.0,False,M13,10000.0,EVAGREEN,JG075A_301,STANDARD,,65.583954,191,L-MMMMx,0.1778279410038923,M13,-0.75,54,0.8955777799236814,-0.36330291628837585
9763,JG075A,302,S075_SNV,4.0,False,M14,10000.0,EVAGREEN,JG075A_302,STANDARD,,65.27981,192,L-MMMMx,0.1,M14,-1.0,3,-0.008576696136876793,0.328441321849823
9764,JG075A,302,S075_SNV,4.0,False,M14,10000.0,EVAGREEN,JG075A_302,STANDARD,,65.27981,192,L-MMMMx,0.1,M14,-1.0,4,-0.006453641540314897,0.27780744433403015
9765,JG075A,302,S075_SNV,4.0,False,M14,10000.0,EVAGREEN,JG075A_302,STANDARD,,65.27981,192,L-MMMMx,0.1,M14,-1.0,5,-0.004321050104283895,0.22719423472881317
9766,JG075A,302,S075_SNV,4.0,False,M14,10000.0,EVAGREEN,JG075A_302,STANDARD,,65.27981,192,L-MMMMx,0.1,M14,-1.0,6,-0.0017076395712671843,0.17762227356433868
9767,JG075A,302,S075_SNV,4.0,False,M14,10000.0,EVAGREEN,JG075A_302,STANDARD,,65.27981,192,L-MMMMx,0.1,M14,-1.0,7,0.0012901344918680416,0.12888270616531372
9768,JG075A,302,S075_SNV,4.0,False,M14,10000.0,EVAGREEN,JG075A_302,STANDARD,,65.27981,192,L-MMMMx,0.1,M14,-1.0,8,0.004032175383496201,0.07958931475877762
9769,JG075A,302,S075_SNV,4.0,False,M14,10000.0,EVAGREEN,JG075A_302,STANDARD,,65.27981,192,L-MMMMx,0.1,M14,-1.0,9,0.006436573625233283,0.02956472523510456
9770,JG075A,302,S075_SNV,4.0,False,M14,10000.0,EVAGREEN,JG075A_302,STANDARD,,65.27981,192,L-MMMMx,0.1,M14,-1.0,10,0.009300143852145245,-0.019465479999780655
9771,JG075A,302,S075_SNV,4.0,False,M14,10000.0,EVAGREEN,JG075A_302,STANDARD,,65.27981,192,L-MMMMx,0.1,M14,-1.0,11,0.012009665910201257,-0.06882929056882858
9772,JG075A,302,S075_SNV,4.0,False,M14,10000.0,EVAGREEN,JG075A_302,STANDARD,,65.27981,192,L-MMMMx,0.1,M14,-1.0,12,0.01416654669928128,-0.11938990652561188
9773,JG075A,302,S075_SNV,4.0,False,M14,10000.0,EVAGREEN,JG075A_302,STANDARD,,65.27981,192,L-MMMMx,0.1,M14,-1.0,13,0.01674011718862835,-0.16904813051223755
9774,JG075A,302,S075_SNV,4.0,False,M14,10000.0,EVAGREEN,JG075A_302,STANDARD,,65.27981,192,L-MMMMx,0.1,M14,-1.0,14,0.01924695732503791,-0.21885088086128235
9775,JG075A,302,S075_SNV,4.0,False,M14,10000.0,EVAGREEN,JG075A_302,STANDARD,,65.27981,192,L-MMMMx,0.1,M14,-1.0,15,0.021617446804218166,-0.26894891262054443
9776,JG075A,302,S075_SNV,4.0,False,M14,10000.0,EVAGREEN,JG075A_302,STANDARD,,65.27981,192,L-MMMMx,0.1,M14,-1.0,16,0.024468122343420818,-0.3180070221424103
9777,JG075A,302,S075_SNV,4.0,False,M14,10000.0,EVAGREEN,JG075A_302,STANDARD,,65.27981,192,L-MMMMx,0.1,M14,-1.0,17,0.028025046946915707,-0.365535706281662
9778,JG075A,302,S075_SNV,4.0,False,M14,10000.0,EVAGREEN,JG075A_302,STANDARD,,65.27981,192,L-MMMMx,0.1,M14,-1.0,18,0.03246720493524424,-0.4111473262310028
9779,JG075A,302,S075_SNV,4.0,False,M14,10000.0,EVAGREEN,JG075A_302,STANDARD,,65.27981,192,L-MMMMx,0.1,M14,-1.0,19,0.037850454939582605,-0.4547208845615387
9780,JG075A,302,S075_SNV,4.0,False,M14,10000.0,EVAGREEN,JG075A_302,STANDARD,,65.27981,192,L-MMMMx,0.1,M14,-1.0,20,0.04734183960238783,-0.48939788341522217
9781,JG075A,302,S075_SNV,4.0,False,M14,10000.0,EVAGREEN,JG075A_302,STANDARD,,65.27981,192,L-MMMMx,0.1,M14,-1.0,21,0.06184361549813754,-0.5132243633270264
9782,JG075A,302,S075_SNV,4.0,False,M14,10000.0,EVAGREEN,JG075A_302,STANDARD,,65.27981,192,L-MMMMx,0.1,M14,-1.0,22,0.08705037672373729,-0.5138680934906006
9783,JG075A,302,S075_SNV,4.0,False,M14,10000.0,EVAGREEN,JG075A_302,STANDARD,,65.27981,192,L-MMMMx,0.1,M14,-1.0,23,0.12865710270293984,-0.4789959788322449
9784,JG075A,302,S075_SNV,4.0,False,M14,10000.0,EVAGREEN,JG075A_302,STANDARD,,65.27981,192,L-MMMMx,0.1,M14,-1.0,24,0.1891503351043093,-0.4032232165336609
9785,JG075A,302,S075_SNV,4.0,False,M14,10000.0,EVAGREEN,JG075A_302,STANDARD,,65.27981,192,L-MMMMx,0.1,M14,-1.0,25,0.27286253761976975,-0.2771673798561096
9786,JG075A,302,S075_SNV,4.0,False,M14,10000.0,EVAGREEN,JG075A_302,STANDARD,,65.27981,192,L-MMMMx,0.1,M14,-1.0,26,0.3744838787710545,-0.11232743412256241
9787,JG075A,302,S075_SNV,4.0,False,M14,10000.0,EVAGREEN,JG075A_302,STANDARD,,65.27981,192,L-MMMMx,0.1,M14,-1.0,27,0.48169380785123544,0.0646151602268219
9788,JG075A,302,S075_SNV,4.0,False,M14,10000.0,EVAGREEN,JG075A_302,STANDARD,,65.27981,192,L-MMMMx,0.1,M14,-1.0,28,0.5825925235472205,0.22789017856121063
9789,JG075A,302,S075_SNV,4.0,False,M14,10000.0,EVAGREEN,JG075A_302,STANDARD,,65.27981,192,L-MMMMx,0.1,M14,-1.0,29,0.670495155526379,0.3630208373069763
9790,JG075A,302,S075_SNV,4.0,False,M14,10000.0,EVAGREEN,JG075A_302,STANDARD,,65.27981,192,L-MMMMx,0.1,M14,-1.0,30,0.739305007365041,0.456804096698761
9791,JG075A,302,S075_SNV,4.0,False,M14,10000.0,EVAGREEN,JG075A_302,STANDARD,,65.27981,192,L-MMMMx,0.1,M14,-1.0,31,0.7922650999029348,0.5162630677223206
9792,JG075A,302,S075_SNV,4.0,False,M14,10000.0,EVAGREEN,JG075A_302,STANDARD,,65.27981,192,L-MMMMx,0.1,M14,-1.0,32,0.8313301962360916,0.5456309914588928
9793,JG075A,302,S075_SNV,4.0,False,M14,10000.0,EVAGREEN,JG075A_302,STANDARD,,65.27981,192,L-MMMMx,0.1,M14,-1.0,33,0.8583081398383606,0.5488229393959045
9794,JG075A,302,S075_SNV,4.0,False,M14,10000.0,EVAGREEN,JG075A_302,STANDARD,,65.27981,192,L-MMMMx,0.1,M14,-1.0,34,0.8764681537750822,0.5329188108444214
9795,JG075A,302,S075_SNV,4.0,False,M14,10000.0,EVAGREEN,JG075A_302,STANDARD,,65.27981,192,L-MMMMx,0.1,M14,-1.0,35,0.8882783115494993,0.5032633543014526
9796,JG075A,302,S075_SNV,4.0,False,M14,10000.0,EVAGREEN,JG075A_302,STANDARD,,65.27981,192,L-MMMMx,0.1,M14,-1.0,36,0.8964148732557475,0.46565234661102295
9797,JG075A,302,S075_SNV,4.0,False,M14,10000.0,EVAGREEN,JG075A_302,STANDARD,,65.27981,192,L-MMMMx,0.1,M14,-1.0,37,0.9039692611425136,0.4267805814743042
9798,JG075A,302,S075_SNV,4.0,False,M14,10000.0,EVAGREEN,JG075A_302,STANDARD,,65.27981,192,L-MMMMx,0.1,M14,-1.0,38,0.9098698262009403,0.3843272924423218
9799,JG075A,302,S075_SNV,4.0,False,M14,10000.0,EVAGREEN,JG075A_302,STANDARD,,65.27981,192,L-MMMMx,0.1,M14,-1.0,39,0.9117332668341765,0.33313122391700745
9800,JG075A,302,S075_SNV,4.0,False,M14,10000.0,EVAGREEN,JG075A_302,STANDARD,,65.27981,192,L-MMMMx,0.1,M14,-1.0,40,0.9152068232219371,0.2854219973087311
9801,JG075A,302,S075_SNV,4.0,False,M14,10000.0,EVAGREEN,JG075A_302,STANDARD,,65.27981,192,L-MMMMx,0.1,M14,-1.0,41,0.919627953373745,0.23976485431194305
9802,JG075A,302,S075_SNV,4.0,False,M14,10000.0,EVAGREEN,JG075A_302,STANDARD,,65.27981,192,L-MMMMx,0.1,M14,-1.0,42,0.923955394054982,0.1939048022031784
9803,JG075A,302,S075_SNV,4.0,False,M14,10000.0,EVAGREEN,JG075A_302,STANDARD,,65.27981,192,L-MMMMx,0.1,M14,-1.0,43,0.9244832918356961,0.13981646299362183
9804,JG075A,302,S075_SNV,4.0,False,M14,10000.0,EVAGREEN,JG075A_302,STANDARD,,65.27981,192,L-MMMMx,0.1,M14,-1.0,44,0.9278982785426768,0.09198040515184402
9805,JG075A,302,S075_SNV,4.0,False,M14,10000.0,EVAGREEN,JG075A_302,STANDARD,,65.27981,192,L-MMMMx,0.1,M14,-1.0,45,0.9292800606168673,0.039741236716508865
9806,JG075A,302,S075_SNV,4.0,False,M14,10000.0,EVAGREEN,JG075A_302,STANDARD,,65.27981,192,L-MMMMx,0.1,M14,-1.0,46,0.931371064276743,-0.010962042026221752
9807,JG075A,302,S075_SNV,4.0,False,M14,10000.0,EVAGREEN,JG075A_302,STANDARD,,65.27981,192,L-MMMMx,0.1,M14,-1.0,47,0.9336393182863475,-0.061281464993953705
9808,JG075A,302,S075_SNV,4.0,False,M14,10000.0,EVAGREEN,JG075A_302,STANDARD,,65.27981,192,L-MMMMx,0.1,M14,-1.0,48,0.9352385347957644,-0.11304976046085358
9809,JG075A,302,S075_SNV,4.0,False,M14,10000.0,EVAGREEN,JG075A_302,STANDARD,,65.27981,192,L-MMMMx,0.1,M14,-1.0,49,0.9364518739910199,-0.16565370559692383
9810,JG075A,302,S075_SNV,4.0,False,M14,10000.0,EVAGREEN,JG075A_302,STANDARD,,65.27981,192,L-MMMMx,0.1,M14,-1.0,50,0.937770022088724,-0.21803069114685059
9811,JG075A,302,S075_SNV,4.0,False,M14,10000.0,EVAGREEN,JG075A_302,STANDARD,,65.27981,192,L-MMMMx,0.1,M14,-1.0,51,0.9401872324481316,-0.26802754402160645
9812,JG075A,302,S075_SNV,4.0,False,M14,10000.0,EVAGREEN,JG075A_302,STANDARD,,65.27981,192,L-MMMMx,0.1,M14,-1.0,52,0.9418406149029315,-0.31967851519584656
9813,JG075A,302,S075_SNV,4.0,False,M14,10000.0,EVAGREEN,JG075A_302,STANDARD,,65.27981,192,L-MMMMx,0.1,M14,-1.0,53,0.9451413246763603,-0.3677620589733124
